LSOA21CD,LSOA21NM,MSOA21CD,MSOA21NM,log_total_GVA_2023,log_gva_per_worker_2023,is_swindon,Urban_rura_Urban,LU_pct_micro_2025_msoa,LU_pct_large_2025_msoa,log_enterprises_per_1k_residents_2025,turnover_diversity_1-HHI_2025_msoa,LU_diversity_1-HHI_2025,share_enterprises_kibs_2025_msoa,emp_rate,full_time_share,log_Mid-2024 population,IMD_decile,GVA_2025_predicted,log_GVA_2025_predicted,gva_2025_imputed
E01015471,Swindon 028A,E02006849,Swindon 028,2.7765807435093186,12.145797025305598,Swindon,1.0,0.8448275862068966,0.0,4.667658055889029,0.7708333333333334,0.8961111111111111,0.4583333333333333,0.035149385,0.375,7.7306140660637395,10,13.858,2.699,0
E01015473,Swindon 008A,E02003219,Swindon 008,6.207099982931871,10.785581146580652,Swindon,0.0,0.8202247191011236,0.0112359550561797,5.864769761722492,0.8165685595567866,0.9216639313218028,0.4052287581699346,2.0,0.2195121951219512,7.686162303492906,7,512.133,6.241,0
E01015475,Swindon 015A,E02003226,Swindon 015,4.612086215029821,10.950262539222262,Swindon,1.0,0.8235294117647058,0.0117647058823529,4.830697421734289,0.8303850156087409,0.9058956916099772,0.2903225806451613,0.7016840417000801,0.1428571428571428,7.822044008185619,4,118.778,4.786,0
E01015477,Swindon 015C,E02003226,Swindon 015,3.035241406648704,11.28004718455912,Swindon,1.0,0.8235294117647058,0.0117647058823529,5.149616614450773,0.8303850156087409,0.9058956916099772,0.2903225806451613,0.1381978993919292,0.5,7.501082124259871,4,15.385,2.796,0
E01015478,Swindon 021A,E02003232,Swindon 021,5.274070779473495,12.975200191047264,Swindon,1.0,0.8955223880597015,0.0,5.205737629016313,0.7657550535077289,0.9048442906574394,0.4067796610169492,0.2765826674861709,0.3333333333333333,7.395107546562485,7,71.289,4.281,0
E01015480,Swindon 015D,E02003226,Swindon 015,2.6520440643124705,10.978355343825374,Swindon,1.0,0.8235294117647058,0.0117647058823529,4.648581817495157,0.8303850156087409,0.9058956916099772,0.2903225806451613,0.075075075,0.4444444444444444,8.005700678662542,4,10.772,2.466,0
E01015481,Swindon 013A,E02003224,Swindon 013,2.8244100022184053,10.87497959919544,Swindon,1.0,0.9117647058823528,0.0,4.464880613031461,0.7471383975026015,0.8494809688581314,0.2666666666666666,0.1718213058419244,0.3333333333333333,7.465655310134056,8,13.85,2.698,0
E01015482,Swindon 013B,E02003224,Swindon 013,4.36655760376995,12.12904271630703,Swindon,1.0,0.9117647058823528,0.0,4.779268938041047,0.7471383975026015,0.8494809688581314,0.2666666666666666,0.3304484657749803,0.0476190476190476,7.148345743900068,9,202.109,5.314,0
E01015483,Swindon 013C,E02003224,Swindon 013,2.110213200346589,11.479034258068626,Swindon,1.0,0.9117647058823528,0.0,4.707088793849674,0.7471383975026015,0.8494809688581314,0.2666666666666666,0.054864667,0.3333333333333333,7.221105098182496,9,5.294,1.84,0
E01015484,Swindon 013D,E02003224,Swindon 013,4.36655760376995,13.56412312701874,Swindon,1.0,0.9117647058823528,0.0,4.640529407077457,0.7471383975026015,0.8494809688581314,0.2666666666666666,0.068399453,0.5,7.288244401020124,9,202.109,5.314,0
E01015485,Swindon 013E,E02003224,Swindon 013,2.4238288002794097,12.052247190589346,Swindon,1.0,0.9117647058823528,0.0,4.742516317496052,0.7471383975026015,0.8494809688581314,0.2666666666666666,0.045489006823351,0.25,7.1853870155804165,9,7.804,2.175,0
E01015486,Swindon 013F,E02003224,Swindon 013,2.5677147609753157,11.698250839117575,Swindon,1.0,0.9117647058823528,0.0,4.635125184748289,0.7471383975026015,0.8494809688581314,0.2666666666666666,0.068027211,0.5,7.293697720601438,7,9.921,2.391,0
E01015487,Swindon 023A,E02003234,Swindon 023,2.184589534756338,11.632240025655909,Swindon,1.0,0.6938775510204082,0.020408163,4.797113749265418,0.8348765432098765,0.9072,0.3611111111111111,0.046728972,0.2857142857142857,7.312553498102598,9,4.559,1.715,0
E01015488,Swindon 023B,E02003234,Swindon 023,4.070034793004519,10.106191286357554,Swindon,1.0,0.6938775510204082,0.020408163,4.798438735342274,0.8348765432098765,0.9072,0.3611111111111111,1.570855614973262,0.2553191489361702,7.311218384419629,3,78.218,4.372,0
E01015489,Swindon 023C,E02003234,Swindon 023,2.802632843588158,11.0341313120349,Swindon,1.0,0.6938775510204082,0.020408163,4.8273662824145545,0.8348765432098765,0.9072,0.3611111111111111,0.1720578114246387,0.6,7.282073658093465,8,13.972,2.706,0
E01015490,Swindon 023D,E02003234,Swindon 023,1.812542008410584,11.643182474872171,Swindon,1.0,0.6938775510204082,0.020408163,4.9783239892439095,0.8348765432098765,0.9072,0.3611111111111111,0.0360576923076923,0.5555555555555556,7.130098510125578,7,4.118,1.633,0
E01015491,Swindon 023E,E02003234,Swindon 023,5.167570664499794,11.304155729900453,Swindon,1.0,0.6938775510204082,0.020408163,4.872774521258329,0.8348765432098765,0.9072,0.3611111111111111,1.5489913544668588,0.1860465116279069,7.236339342754344,3,148.39,5.007,0
E01015492,Swindon 023F,E02003234,Swindon 023,4.416379751045544,11.19421433961753,Swindon,1.0,0.6938775510204082,0.020408163,4.892999306451313,0.8348765432098765,0.9072,0.3611111111111111,0.8272058823529411,0.2,7.215975002651466,3,82.509,4.425,0
E01015494,Swindon 019A,E02003230,Swindon 019,3.846267744362679,10.550136939436491,Swindon,1.0,0.7969924812030075,0.0,5.192085509095697,0.8097506925207756,0.8989349112426035,0.2978723404255319,0.456621005,0.5,7.874358824729881,4,58.743,4.09,0
E01015496,Swindon 019C,E02003230,Swindon 019,3.098063204651453,10.28124945755235,Swindon,1.0,0.7969924812030075,0.0,5.442163529238335,0.8097506925207756,0.8989349112426035,0.2978723404255319,0.3546966731898239,0.3103448275862069,7.623153068476902,6,23.276,3.189,0
E01015497,Swindon 019D,E02003230,Swindon 019,2.539236994333048,10.856450882078112,Swindon,1.0,0.7969924812030075,0.0,5.615800647659523,0.8097506925207756,0.8989349112426035,0.2978723404255319,0.1310425160163075,0.3333333333333333,7.4489161025442,6,9.326,2.335,0
E01015498,Swindon 021B,E02003232,Swindon 021,2.2979744804363627,11.913273056454289,Swindon,1.0,0.8955223880597015,0.0,5.127045271527956,0.7657550535077289,0.9048442906574394,0.4067796610169492,0.0340715502555366,0.3333333333333333,7.474204806496124,8,8.678,2.27,0
E01015501,Swindon 022A,E02003233,Swindon 022,6.019570838655752,12.091988927431547,Swindon,1.0,0.7671232876712328,0.02739726,5.298158916265166,0.8415637860082306,0.9290123456790124,0.2962962962962963,1.694915254237288,0.1304347826086956,7.213768308118642,9,349.988,5.861,0
E01015502,Swindon 022B,E02003233,Swindon 022,2.0090190773832903,12.279327754099118,Swindon,1.0,0.7671232876712328,0.02739726,5.155045922719535,0.8415637860082306,0.9290123456790124,0.2962962962962963,0.019144863,0.3333333333333333,7.357556200910353,3,5.014,1.794,0
E01015503,Swindon 022C,E02003233,Swindon 022,8.135360719687952,13.49526183116618,Swindon,1.0,0.7671232876712328,0.02739726,5.343160256399924,0.8415637860082306,0.9290123456790124,0.2962962962962963,2.0,0.1489361702127659,7.168579897264035,3,2487.72,7.82,0
E01015506,Swindon 007A,E02003218,Swindon 007,2.800143089759132,11.25462094856243,Swindon,1.0,0.92,0.0,4.2646537103011495,0.756198347,0.8582230623818525,0.1904761904761904,0.1336005344021376,0.5,7.311886164077165,2,12.539,2.606,0
E01015507,Swindon 007B,E02003218,Swindon 007,1.9714386491281808,12.23579810055104,Swindon,1.0,0.92,0.0,4.1747624340343465,0.756198347,0.8582230623818525,0.1904761904761904,0.0182926829268292,0.1666666666666666,7.403061091090091,1,3.285,1.455,0
E01015508,Swindon 010A,E02003221,Swindon 010,2.0286744246261827,10.958271369195964,Swindon,1.0,0.7555555555555555,0.0,5.388875633907146,0.841308594,0.918646694,0.1940298507462686,0.07482108,0.3478260869565217,7.338238150065589,2,3.958,1.601,0
E01015509,Swindon 010B,E02003221,Swindon 010,6.561576485792391,11.986318797221353,Swindon,1.0,0.7555555555555555,0.0,5.177932264240113,0.841308594,0.918646694,0.1940298507462686,2.0,0.2045454545454545,7.550135342488429,5,868.797,6.768,0
E01015510,Swindon 010C,E02003221,Swindon 010,3.6604799795922394,10.704719915827976,Swindon,1.0,0.7555555555555555,0.0,5.0081299400374535,0.841308594,0.918646694,0.1940298507462686,0.3771073646850044,0.5882352941176471,7.720905251936779,3,31.374,3.477,0
E01015511,Swindon 010D,E02003221,Swindon 010,2.3192455338871527,11.477363188411577,Swindon,1.0,0.7555555555555555,0.0,5.164418008294474,0.841308594,0.918646694,0.1940298507462686,0.049325026,0.4736842105263157,7.563719668414366,5,5.801,1.917,0
E01015512,Swindon 028C,E02006849,Swindon 028,2.4970822257181338,11.398378437786077,Swindon,1.0,0.8448275862068966,0.0,4.984310354418311,0.7708333333333334,0.8961111111111111,0.4583333333333333,0.075574365,0.4,7.411556287811163,10,9.916,2.39,0
E01015513,Swindon 004A,E02003215,Swindon 004,2.204531152518657,11.585689439125026,Swindon,1.0,0.8888888888888888,0.0,4.355722146787147,0.7334593572778827,0.8834019204389575,0.3043478260869565,0.050167224,0.4666666666666667,7.310550158534422,9,11.652,2.538,0
E01015514,Swindon 004B,E02003215,Swindon 004,2.033790196260747,11.155211635712307,Swindon,1.0,0.8888888888888888,0.0,4.564778539583967,0.7334593572778827,0.8834019204389575,0.3043478260869565,0.078512397,0.4736842105263157,7.099201743553092,9,5.352,1.849,0
E01015515,Swindon 004C,E02003215,Swindon 004,1.8330613485851608,12.766262554340948,Swindon,1.0,0.8888888888888888,0.0,4.394792747106478,0.7334593572778827,0.8834019204389575,0.3043478260869565,0.0104384133611691,0.3333333333333333,7.271008538280992,10,4.418,1.69,0
E01015516,Swindon 004D,E02003215,Swindon 004,3.27143032360309,10.784872287561706,Swindon,1.0,0.8888888888888888,0.0,4.494569723346911,0.7334593572778827,0.8834019204389575,0.3043478260869565,0.4041570438799076,0.5714285714285714,7.170119543449628,5,19.551,3.023,0
E01015517,Swindon 004E,E02003215,Swindon 004,2.106326870461218,11.617710199513304,Swindon,1.0,0.8888888888888888,0.0,4.473484435441523,0.7334593572778827,0.8834019204389575,0.3043478260869565,0.0489826676714393,0.5384615384615384,7.191429330036379,9,5.185,1.822,0
E01015518,Swindon 028D,E02006849,Swindon 028,2.252238718557307,11.456835891481573,Swindon,1.0,0.8448275862068966,0.0,5.11236059964793,0.7708333333333334,0.8961111111111111,0.4583333333333333,0.061898211829436,0.4444444444444444,7.282761179605593,10,7.885,2.184,0
E01015519,Swindon 001A,E02003212,Swindon 001,2.8408896877483216,11.585627449185973,Swindon,0.0,0.8870967741935484,0.0,5.186634756545455,0.7927272727272727,0.9120685311161502,0.3703703703703703,0.098814229,0.5,7.325807502595773,3,15.755,2.819,0
E01015520,Swindon 001B,E02003212,Swindon 001,3.874985507325583,11.272606083305911,Swindon,0.0,0.8870967741935484,0.0,5.331716759642874,0.7927272727272727,0.9120685311161502,0.3703703703703703,0.4573170731707317,0.5,7.180069874302796,7,42.466,3.772,0
E01015521,Swindon 001C,E02003212,Swindon 001,4.555486122409602,12.43350963350711,Swindon,0.0,0.8870967741935484,0.0,5.167817665139707,0.7927272727272727,0.9120685311161502,0.3703703703703703,0.24240465416936,0.2,7.344719054149673,9,63.637,4.169,0
E01015522,Swindon 001D,E02003212,Swindon 001,2.0563008492381933,12.179587123065597,Swindon,0.0,0.8870967741935484,0.0,5.333234941337586,0.7927272727272727,0.9120685311161502,0.3703703703703703,0.0267175572519083,0.5714285714285714,7.1785454837637,6,5.022,1.795,0
E01015523,Swindon 001E,E02003212,Swindon 001,3.094943923624939,11.247361815196118,Swindon,0.0,0.8870967741935484,0.0,5.101933697719972,0.7927272727272727,0.9120685311161502,0.3703703703703703,0.1663641863278886,0.2727272727272727,7.410951875583635,8,15.917,2.828,0
E01015524,Swindon 001F,E02003212,Swindon 001,1.7879187698421173,13.117754774087144,Swindon,0.0,0.8870967741935484,0.0,5.5008599231751285,0.7927272727272727,0.9120685311161502,0.3703703703703703,0.009033424,0.5,7.010311867307229,6,3.56,1.517,0
E01015525,Swindon 026A,E02006847,Swindon 026,2.131322163556825,12.131623846070656,Swindon,1.0,0.9555555555555556,0.0,4.972050209507223,0.730124392,0.8730864197530864,0.4545454545454545,0.0260586319218241,0.25,7.336936913707618,9,5.774,1.913,0
E01015526,Swindon 006A,E02003217,Swindon 006,2.3102555992982654,11.772766769228722,Swindon,1.0,0.9333333333333332,0.0,4.359526356543414,0.7462277091906722,0.8666666666666667,0.25,0.045045045,0.2857142857142857,7.349230824613334,8,6.509,2.016,0
E01015527,Swindon 007C,E02003218,Swindon 007,3.370119426091294,11.223726687346886,Swindon,1.0,0.92,0.0,4.111998639336884,0.756198347,0.8582230623818525,0.1904761904761904,0.2145308924485126,0.2,7.466799475018602,4,23.801,3.211,0
E01015528,Swindon 006B,E02003217,Swindon 006,2.337855707075965,11.73436890524765,Swindon,1.0,0.9333333333333332,0.0,4.019883583842686,0.7462277091906722,0.8666666666666667,0.25,0.0341841385597082,0.3333333333333333,7.693937325509272,2,6.401,2.002,0
E01015529,Swindon 006C,E02003217,Swindon 006,2.740065530534221,10.967387616194118,Swindon,1.0,0.9333333333333332,0.0,4.254824377101007,0.7462277091906722,0.8666666666666667,0.25,0.1446759259259259,0.6,7.455298485683291,5,11.707,2.542,0
E01015530,Swindon 006D,E02003217,Swindon 006,3.0792458737818085,10.9897549074815,Swindon,1.0,0.9333333333333332,0.0,4.023920461064759,0.7462277091906722,0.8666666666666667,0.25,0.160183066361556,0.4285714285714285,7.689828668736484,4,20.54,3.07,0
E01015532,Swindon 021D,E02003232,Swindon 021,3.26472834505029,10.686935350395911,Swindon,1.0,0.8955223880597015,0.0,5.165608708415521,0.7657550535077289,0.9048442906574394,0.4067796610169492,0.3394332939787485,0.391304347826087,7.43543801981455,6,28.906,3.398,0
E01015533,Swindon 024A,E02003235,Swindon 024,2.4986451758985138,11.400081462185671,Swindon,1.0,0.8764044943820225,0.0,5.5700145149918345,0.783207819,0.9056937255397046,0.4,0.081699346,0.4,7.333676395657684,10,8.711,2.273,0
E01015534,Swindon 024B,E02003235,Swindon 024,4.415400964058979,11.128685990811697,Swindon,1.0,0.8764044943820225,0.0,5.152685306477498,0.783207819,0.9056937255397046,0.4,0.5156854318865493,0.4166666666666667,7.752764808851328,7,84.834,4.452,0
E01015535,Swindon 024C,E02003235,Swindon 024,5.873736197456291,13.828498279758229,Swindon,1.0,0.8764044943820225,0.0,5.183495368222391,0.783207819,0.9056937255397046,0.4,0.1551418439716312,0.3571428571428571,7.721791776817535,9,322.738,5.78,0
E01015543,Swindon 003A,E02003214,Swindon 003,2.6393430030924194,11.08246557362274,Swindon,1.0,0.9375,0.0,3.697449186217745,0.7455621301775147,0.8533333333333333,0.25,0.1311475409836065,0.375,7.330405211844402,4,14.025,2.71,0
E01015544,Swindon 003B,E02003214,Swindon 003,2.0483377966285023,13.017745548849112,Swindon,1.0,0.9375,0.0,3.5344999627535785,0.7455621301775147,0.8533333333333333,0.25,0.008319468,0.3333333333333333,7.497761700622568,1,5.018,1.795,0
E01015545,Swindon 003C,E02003214,Swindon 003,2.1229798436943192,12.25568356122628,Swindon,1.0,0.9375,0.0,3.548604577734537,0.7455621301775147,0.8533333333333333,0.25,0.0196961170512099,0.4285714285714285,7.48324441607385,1,4.834,1.764,0
E01015546,Swindon 003D,E02003214,Swindon 003,2.057962510002712,13.028787226635616,Swindon,1.0,0.9375,0.0,3.5016935385871326,0.7455621301775147,0.8533333333333333,0.25,0.008042895,0.3333333333333333,7.531552381407289,1,5.032,1.797,0
E01015547,Swindon 008C,E02003219,Swindon 008,5.758930164641452,10.584109746910537,Swindon,0.0,0.8202247191011236,0.0112359550561797,5.9478446559248175,0.8165685595567866,0.9216639313218028,0.4052287581699346,2.0,0.375,7.602900462204755,9,201.122,5.309,0
E01015548,Swindon 008D,E02003219,Swindon 008,5.758930164641452,13.644356412862216,Swindon,0.0,0.8202247191011236,0.0112359550561797,6.1851460236113285,0.8165685595567866,0.9216639313218028,0.4052287581699346,0.2374920835972134,0.4,7.365180126021013,9,201.122,5.309,0
E01015549,Swindon 009A,E02003220,Swindon 009,6.128614385255216,12.474575721187843,Swindon,1.0,0.7555555555555555,0.0111111111111111,5.159782706928919,0.835820896,0.9091358024691358,0.3134328358208955,0.9043927648578812,0.2857142857142857,7.568379267836522,8,482.431,6.181,0
E01015550,Swindon 009B,E02003220,Swindon 009,3.886787245359885,11.16687483498519,Swindon,1.0,0.7555555555555555,0.0111111111111111,5.012989483218742,0.835820896,0.9091358024691358,0.3134328358208955,0.3009362460989745,0.2592592592592592,7.716015266642587,7,56.9,4.059,0
E01015551,Swindon 009C,E02003220,Swindon 009,6.128614385255216,13.464972022426036,Swindon,1.0,0.7555555555555555,0.0111111111111111,5.321288578443252,0.835820896,0.9091358024691358,0.3134328358208955,0.3951367781155015,0.3846153846153846,7.406103381237015,9,482.431,6.181,0
E01015552,Swindon 009D,E02003220,Swindon 009,5.225268064574461,11.231555132195725,Swindon,1.0,0.7555555555555555,0.0111111111111111,4.97818147451078,0.835820896,0.9091358024691358,0.3134328358208955,1.0546706844597504,0.1836734693877551,7.751045117971802,7,140.152,4.95,0
E01015553,Swindon 009E,E02003220,Swindon 009,2.4840729690394228,11.047726275896393,Swindon,1.0,0.7555555555555555,0.0111111111111111,5.436638889319068,0.835820896,0.9091358024691358,0.3134328358208955,0.1194539249146757,0.2857142857142857,7.290292882446597,8,9.194,2.322,0
E01015554,Swindon 009F,E02003220,Swindon 009,2.5073202446249003,11.227210345686006,Swindon,1.0,0.7555555555555555,0.0111111111111111,5.50340100473387,0.835820896,0.9091358024691358,0.3134328358208955,0.1094890510948905,0.5,7.223295679562314,6,11.251,2.506,0
E01015555,Swindon 005A,E02003216,Swindon 005,2.547646679609186,11.116887920261622,Swindon,1.0,0.8571428571428571,0.0,4.999649883524495,0.7664399092970522,0.895427795,0.2558139534883721,0.119945167923235,0.4285714285714285,7.286191714702382,5,9.45,2.347,0
E01015556,Swindon 005B,E02003216,Swindon 005,3.243021946696279,11.31493377037116,Swindon,1.0,0.8571428571428571,0.0,4.983444959263787,0.7664399092970522,0.895427795,0.2558139534883721,0.2022926500337154,0.3333333333333333,7.302496423727326,8,18.285,2.959,0
E01015557,Swindon 005C,E02003216,Swindon 005,3.2295783480013363,11.146791640825246,Swindon,1.0,0.8571428571428571,0.0,4.7715520152426585,0.7664399092970522,0.895427795,0.2558139534883721,0.1906318082788671,0.4285714285714285,7.515889085215125,8,21.889,3.131,0
E01015558,Swindon 005D,E02003216,Swindon 005,2.204531152518657,11.460527535930606,Swindon,1.0,0.8571428571428571,0.0,4.944704248867798,0.7664399092970522,0.895427795,0.2558139534883721,0.055123217,0.5882352941176471,7.341483852363161,1,8.031,2.201,0
E01015559,Swindon 005E,E02003216,Swindon 005,2.5406566648924924,11.109302230998562,Swindon,1.0,0.8571428571428571,0.0,4.988817077542082,0.7664399092970522,0.895427795,0.2558139534883721,0.1186440677966101,0.4285714285714285,7.297091005160418,6,10.534,2.445,0
E01015560,Swindon 005F,E02003216,Swindon 005,3.0795677794662235,10.99009232436567,Swindon,1.0,0.8571428571428571,0.0,4.601855842340121,0.7664399092970522,0.895427795,0.2558139534883721,0.1606241395135383,0.3571428571428571,7.687080155783135,9,18.156,2.953,0
E01015561,Swindon 014A,E02003225,Swindon 014,5.53287947727086,11.87706349070528,Swindon,1.0,0.75,0.0119047619047619,5.315627733083986,0.8411672978391624,0.9183673469387756,0.4307692307692308,1.0903426791277258,0.2857142857142857,7.381501894506707,8,222.471,5.409,0
E01015564,Swindon 014B,E02003225,Swindon 014,5.53287947727086,10.519776716064545,Swindon,1.0,0.75,0.0119047619047619,5.361953881783861,0.8411672978391624,0.9183673469387756,0.4307692307692308,2.0,0.1176470588235294,7.334981878871814,9,222.471,5.409,0
E01015567,Swindon 014C,E02003225,Swindon 014,3.612808017162641,11.409518595258351,Swindon,1.0,0.75,0.0119047619047619,5.2666406053390284,0.8411672978391624,0.9183673469387756,0.4307692307692308,0.2372479240806643,0.4375,7.430707082545968,7,35.604,3.6,0
E01015568,Swindon 014D,E02003225,Swindon 014,6.257569881960145,12.081607919643128,Swindon,1.0,0.75,0.0119047619047619,5.2490952909364665,0.8411672978391624,0.9183673469387756,0.4307692307692308,1.719114219114219,0.2372881355932203,7.448333860897476,7,621.443,6.434,0
E01015569,Swindon 022D,E02003233,Swindon 022,3.2548605385877107,10.410977619512616,Swindon,1.0,0.7671232876712328,0.02739726,5.233587298521412,0.8415637860082306,0.9290123456790124,0.2962962962962963,0.5179558011049724,0.6666666666666666,7.278628942320682,2,26.198,3.303,0
E01015570,Swindon 022E,E02003233,Swindon 022,3.2548605385877107,12.02039145146976,Swindon,1.0,0.7671232876712328,0.02739726,5.269968004558462,0.8415637860082306,0.9290123456790124,0.2962962962962963,0.1074498567335243,0.5,7.242082359256962,1,26.198,3.303,0
E01015571,Swindon 022F,E02003233,Swindon 022,2.3332112865358066,11.346238502991929,Swindon,1.0,0.7671232876712328,0.02739726,5.133084910781512,0.8415637860082306,0.9290123456790124,0.2962962962962963,0.06866417,0.3181818181818182,7.379632152609552,5,7.635,2.156,0
E01015572,Swindon 016B,E02003227,Swindon 016,2.5253285642869154,11.214011083292794,Swindon,1.0,0.75,0.0,3.8013970103214434,0.7916666666666666,0.8984375,0.25,0.1130561633843909,0.1935483870967742,7.22402480828583,2,10.046,2.402,0
E01015573,Swindon 016C,E02003227,Swindon 016,3.634212052771628,11.43150931455586,Swindon,1.0,0.75,0.0,3.255695807046564,0.7916666666666666,0.8984375,0.25,0.1662510390689942,0.375,7.786136437783072,1,49.586,3.924,0
E01015575,Swindon 016D,E02003227,Swindon 016,3.460032167383048,11.19153411444626,Swindon,1.0,0.75,0.0,3.817215293879956,0.7916666666666666,0.8984375,0.25,0.3150481838398813,0.4117647058823529,7.2078598714324755,1,25.656,3.283,0
E01015578,Swindon 012B,E02003223,Swindon 012,5.31776699036935,10.785542686799689,Swindon,1.0,0.7469135802469136,0.0123456790123456,5.395690552230779,0.8223140495867769,0.9096174363664076,0.2612612612612612,1.660735469,0.1666666666666666,7.835974581721566,6,195.951,5.283,0
E01015579,Swindon 012C,E02003223,Swindon 012,3.307948409442525,11.302368712657668,Swindon,1.0,0.7469135802469136,0.0123456790123456,5.768786313048819,0.8223140495867769,0.9096174363664076,0.2612612612612612,0.1868890166762507,0.3846153846153846,7.461640392208575,7,16.007,2.834,0
E01015580,Swindon 007D,E02003218,Swindon 007,2.4532439692791588,12.266796085993295,Swindon,1.0,0.92,0.0,4.144616736192668,0.756198347,0.8582230623818525,0.1904761904761904,0.029568303,0.4,7.433666540166168,4,6.346,1.994,0
E01015581,Swindon 012D,E02003223,Swindon 012,5.411422812653309,10.979718787358342,Swindon,1.0,0.7469135802469136,0.0123456790123456,5.8606065728499,0.8223140495867769,0.9096174363664076,0.2612612612612612,2.0,0.2105263157894736,7.369600720526409,8,219.221,5.395,0
E01015582,Swindon 012E,E02003223,Swindon 012,4.656442980165514,10.119608407100763,Swindon,1.0,0.7469135802469136,0.0123456790123456,5.516964894660899,0.8223140495867769,0.9096174363664076,0.2612612612612612,1.8758374274229568,0.1666666666666666,7.714231144849085,7,104.348,4.657,0
E01015584,Swindon 025B,E02003236,Swindon 025,2.6381998192011293,10.675777035526446,Swindon,0.0,0.8773584905660378,0.0,5.766667559557448,0.7713580246913581,0.9049483802064792,0.3666666666666666,0.2123142250530785,0.4166666666666667,7.254177846456518,8,16.596,2.868,0
E01015585,Swindon 025C,E02003236,Swindon 025,4.249865731071543,10.673271647634778,Swindon,0.0,0.8773584905660378,0.0,5.0777011713806,0.7713580246913581,0.9049483802064792,0.3666666666666666,0.5667729365922777,0.4375,7.945909598613133,8,49.622,3.924,0
E01015586,Swindon 025D,E02003236,Swindon 025,2.2582151452581054,11.520670103569108,Swindon,0.0,0.8773584905660378,0.0,5.807717195590578,0.7713580246913581,0.9049483802064792,0.3666666666666666,0.062684366,0.5882352941176471,7.213031659834869,10,9.333,2.335,0
E01015587,Swindon 025E,E02003236,Swindon 025,3.3274073076914,11.054298754806654,Swindon,0.0,0.8773584905660378,0.0,5.490656533338119,0.7713580246913581,0.9049483802064792,0.3666666666666666,0.2280042918454935,0.5294117647058824,7.5310163320779155,5,22.79,3.169,0
E01015588,Swindon 025F,E02003236,Swindon 025,2.7833431851376416,11.013583649145524,Swindon,0.0,0.8773584905660378,0.0,5.550103715853559,0.7713580246913581,0.9049483802064792,0.3666666666666666,0.1423690205011389,0.4,7.471363088187097,6,15.12,2.78,0
E01016180,Bracknell Forest 005A,E02003356,Bracknell Forest 005,3.455559296348166,11.18691583332557,Others,1.0,0.8888888888888888,0.0,5.367074916231337,0.7694675284702985,0.8899408284023669,0.5,0.3125,0.2941176470588235,7.215975002651466,8,25.881,3.291,0
E01016181,Bracknell Forest 005B,E02003356,Bracknell Forest 005,4.120109770108127,11.145034798070588,Others,1.0,0.8888888888888888,0.0,4.995094487854222,0.7694675284702985,0.8899408284023669,0.5,0.4425897824987355,0.2,7.589841512182657,10,53.49,3.998,0
E01016182,Bracknell Forest 005C,E02003356,Bracknell Forest 005,3.253895417969241,11.24620472482776,Others,1.0,0.8888888888888888,0.0,5.233753121606942,0.7694675284702985,0.8899408284023669,0.5,0.2090032154340836,0.3846153846153846,7.349873704738337,10,25.619,3.282,0
E01016183,Bracknell Forest 005D,E02003356,Bracknell Forest 005,2.348036355897963,11.409162085908882,Others,1.0,0.8888888888888888,0.0,5.376635099214073,0.7694675284702985,0.8899408284023669,0.5,0.077951002,0.2857142857142857,7.206377291472252,10,8.529,2.254,0
E01016190,Bracknell Forest 003A,E02003354,Bracknell Forest 003,5.212160170096862,12.625279567594836,Others,1.0,0.927536232,0.0,5.286392615900185,0.743260267,0.8638895076854534,0.6031746031746031,0.3745318352059925,0.1666666666666666,7.379632152609552,8,125.461,4.84,0
E01016191,Bracknell Forest 006B,E02003357,Bracknell Forest 006,2.4854065248296515,11.89646983750715,Others,1.0,0.8208955223880597,0.0,5.098011702265247,0.8281807372175981,0.900423257,0.4285714285714285,0.043579314,0.3333333333333333,7.451241684987676,8,14.483,2.74,0
E01016192,Bracknell Forest 014A,E02003365,Bracknell Forest 014,3.0523016250418853,10.827964684213782,Others,1.0,0.8727272727272727,0.0,5.113181279991271,0.770512287,0.8979591836734694,0.3777777777777777,0.2936857562408223,0.4375,7.217443431696533,7,22.044,3.137,0
E01016193,Bracknell Forest 015A,E02003366,Bracknell Forest 015,2.223758312448074,12.52355984910535,Others,1.0,0.88,0.0,5.079571379914148,0.7891156462585034,0.8872,0.4102564102564102,0.024570025,0.1666666666666666,7.108244139731541,8,8.286,2.229,0
E01016194,Bracknell Forest 014B,E02003365,Bracknell Forest 014,2.530278279006827,11.252179556923933,Others,1.0,0.8727272727272727,0.0,5.230843411761095,0.770512287,0.8979591836734694,0.3777777777777777,0.1239669421487603,0.5,7.099201743553092,10,10.732,2.462,0
E01016195,Bracknell Forest 014C,E02003365,Bracknell Forest 014,2.308964699958085,11.925483139039969,Others,1.0,0.8727272727272727,0.0,5.248258315259533,0.770512287,0.8979591836734694,0.3777777777777777,0.0504625735912531,0.3333333333333333,7.081708586105575,9,7.915,2.188,0
E01016196,Bracknell Forest 015B,E02003366,Bracknell Forest 015,5.270565830217193,11.585389785481064,Others,1.0,0.88,0.0,4.448812912173631,0.7891156462585034,0.8872,0.4102564102564102,0.7802340702210663,0.5555555555555556,7.744136627627991,10,203.96,5.323,0
E01016197,Bracknell Forest 015C,E02003366,Bracknell Forest 015,2.6472380617054525,11.224494540770385,Others,1.0,0.88,0.0,4.930997613305354,0.7891156462585034,0.8872,0.4102564102564102,0.1234132581100141,0.4285714285714285,7.257707677160043,7,10.766,2.465,0
E01016198,Bracknell Forest 015D,E02003366,Bracknell Forest 015,4.63704668863535,12.921365295023596,Others,1.0,0.88,0.0,5.138253641042,0.7891156462585034,0.8872,0.4102564102564102,0.2172024326672458,0.4,7.049254841255837,10,33.165,3.531,0
E01016199,Bracknell Forest 015E,E02003366,Bracknell Forest 015,2.7247106419953173,11.64410283906595,Others,1.0,0.88,0.0,5.130510647629573,0.7891156462585034,0.8872,0.4102564102564102,0.1077586206896551,0.4,7.057036981697891,10,12.077,2.571,0
E01016200,Bracknell Forest 008A,E02003359,Bracknell Forest 008,2.789691630139444,11.936629887534313,Others,1.0,0.9696969696969696,0.0,4.76679021535557,0.765625,0.8631772268135904,0.3870967741935484,0.07518797,0.25,7.193685818395112,9,10.149,2.411,0
E01016201,Bracknell Forest 008B,E02003359,Bracknell Forest 008,2.460443177609626,11.399207904060908,Others,1.0,0.9696969696969696,0.0,4.796302542331147,0.765625,0.8631772268135904,0.3870967741935484,0.092951201,0.375,7.163946684342547,9,16.589,2.867,0
E01016202,Bracknell Forest 008C,E02003359,Bracknell Forest 008,2.2057437415444903,12.097874156014104,Others,1.0,0.9696969696969696,0.0,4.857306169433047,0.765625,0.8631772268135904,0.3870967741935484,0.037067545,0.2222222222222222,7.102499355774649,9,6.905,2.067,0
E01016203,Bracknell Forest 008D,E02003359,Bracknell Forest 008,2.8024508765236944,11.39060769866135,Others,1.0,0.9696969696969696,0.0,4.78941297295994,0.765625,0.8631772268135904,0.3870967741935484,0.1346153846153846,0.4285714285714285,7.170888478512505,4,13.97,2.706,0
E01016204,Bracknell Forest 008E,E02003359,Bracknell Forest 008,1.9701845557428863,12.080191101730922,Others,1.0,0.9696969696969696,0.0,4.877119907746193,0.765625,0.8631772268135904,0.3870967741935484,0.0294117647058823,0.2857142857142857,7.0825485693553,7,5.729,1.906,0
E01016205,Bracknell Forest 010A,E02003361,Bracknell Forest 010,3.065491517968844,12.451226190036492,Others,1.0,0.9142857142857144,0.0,4.801260270706307,0.7421875,0.8788927335640139,0.3125,0.060331825,0.4375,7.190676034332207,7,16.08,2.838,0
E01016206,Bracknell Forest 012A,E02003363,Bracknell Forest 012,3.744361463572941,10.790721367967697,Others,1.0,0.868421053,0.0,5.120517144317793,0.7880622837370241,0.8925619834710744,0.4852941176470588,0.4160548213411649,0.2941176470588235,7.622663951323595,10,44.45,3.817,0
E01016207,Bracknell Forest 013A,E02003364,Bracknell Forest 013,5.0476548685715255,9.464135978845384,Others,1.0,0.8541666666666666,0.0,4.376064778323503,0.7448979591836735,0.8967999999999999,0.4651162790697674,2.0,0.1666666666666666,7.915348169263078,8,152.218,5.032,0
E01016208,Bracknell Forest 012B,E02003363,Bracknell Forest 012,4.099232596294876,11.15279666416921,Others,1.0,0.868421053,0.0,5.023287568202313,0.7880622837370241,0.8925619834710744,0.4852941176470588,0.3772747447847314,0.4117647058823529,7.720461694599722,10,60.967,4.127,0
E01016210,Bracknell Forest 009B,E02003360,Bracknell Forest 009,2.803784533365404,11.258497623616252,Others,1.0,0.8375,0.0125,5.529291185008274,0.8227218934911242,0.8972921006248998,0.4153846153846154,0.1544401544401544,0.375,7.16703787691222,4,15.121,2.78,0
E01016212,Bracknell Forest 011A,E02003362,Bracknell Forest 011,2.1111824274638984,11.990958577020724,Others,1.0,0.96,0.0,4.526813048812027,0.7326388888888888,0.8609467455621301,0.4583333333333333,0.03429878,0.2222222222222222,7.180069874302796,6,5.977,1.943,0
E01016213,Bracknell Forest 009D,E02003360,Bracknell Forest 009,3.603130915771458,11.281790343733055,Others,1.0,0.8375,0.0125,5.629563699105475,0.8227218934911242,0.8972921006248998,0.4153846153846154,0.3842869342442357,0.4444444444444444,7.066466970136958,8,20.693,3.077,0
E01016214,Bracknell Forest 009E,E02003360,Bracknell Forest 009,2.5200324517633743,11.423361742607485,Others,1.0,0.8375,0.0125,5.462377526512293,0.8227218934911242,0.8972921006248998,0.4153846153846154,0.090252708,0.4,7.234177179749849,10,10.493,2.442,0
E01016215,Bracknell Forest 009F,E02003360,Bracknell Forest 009,2.0010745126057308,12.45246777163835,Others,1.0,0.8375,0.0125,5.581398758165217,0.8227218934911242,0.8972921006248998,0.4153846153846154,0.020341741,0.2,7.114769448366463,4,5.509,1.873,0
E01016216,Bracknell Forest 011B,E02003362,Bracknell Forest 011,2.397531570303,11.51253538890045,Others,1.0,0.96,0.0,4.527567291310789,0.7326388888888888,0.8609467455621301,0.4583333333333333,0.076277651,0.25,7.179307969504034,6,8.958,2.298,0
E01016217,Bracknell Forest 010B,E02003361,Bracknell Forest 010,3.3828636749736507,10.479250836523088,Others,1.0,0.9142857142857144,0.0,4.769613121689035,0.7421875,0.8788927335640139,0.3125,0.5843681519357194,0.625,7.222566018822171,7,24.242,3.229,0
E01016218,Bracknell Forest 010C,E02003361,Bracknell Forest 010,3.1063787936410545,11.09228385100792,Others,1.0,0.9142857142857144,0.0,4.780537534527994,0.7421875,0.8788927335640139,0.3125,0.2400295420974889,0.4615384615384615,7.2115567333138015,5,19.418,3.016,0
E01016219,Bracknell Forest 011C,E02003362,Bracknell Forest 011,2.569860355668164,11.007435580793755,Others,1.0,0.96,0.0,4.548925572102386,0.7326388888888888,0.8609467455621301,0.4583333333333333,0.1558846453624318,0.5,7.157735484249907,8,10.125,2.409,0
E01016220,Bracknell Forest 011D,E02003362,Bracknell Forest 011,2.120103523398725,11.80043320404501,Others,1.0,0.96,0.0,4.443738920674141,0.7326388888888888,0.8609467455621301,0.4583333333333333,0.038542397,0.2727272727272727,7.2640301428995295,6,6.494,2.014,0
E01016221,Bracknell Forest 011E,E02003362,Bracknell Forest 011,2.195445217436142,11.79861304975316,Others,1.0,0.96,0.0,4.581065564748127,0.7326388888888888,0.8609467455621301,0.4583333333333333,0.048309179,0.1666666666666666,7.125283091510712,7,5.954,1.939,0
E01016222,Bracknell Forest 005E,E02003356,Bracknell Forest 005,2.184139337787564,11.22627206959792,Others,1.0,0.8888888888888888,0.0,5.508427194167607,0.7694675284702985,0.8899408284023669,0.5,0.088983051,0.2857142857142857,7.074116816197362,10,8.145,2.213,0
E01016223,Bracknell Forest 006C,E02003357,Bracknell Forest 006,2.366967351923314,11.073401896325109,Others,1.0,0.8208955223880597,0.0,5.418492620097174,0.8281807372175981,0.900423257,0.4285714285714285,0.1202886928628708,0.5,7.129297548929373,6,8.335,2.234,0
E01016224,Bracknell Forest 006D,E02003357,Bracknell Forest 006,2.9480639798524897,11.41140202276584,Others,1.0,0.8208955223880597,0.0,4.854609784253702,0.8281807372175981,0.900423257,0.4285714285714285,0.090950432,0.5,7.696212639346407,6,19.259,3.009,0
E01016226,Bracknell Forest 006E,E02003357,Bracknell Forest 006,3.2713544165133315,11.121259706373497,Others,1.0,0.8208955223880597,0.0,5.191842280789417,0.8281807372175981,0.900423257,0.4285714285714285,0.239463601532567,0.6,7.356918242356021,6,22.006,3.136,0
E01016227,Bracknell Forest 014D,E02003365,Bracknell Forest 014,2.852496805467238,11.310270580083335,Others,1.0,0.8727272727272727,0.0,5.161794390478471,0.770512287,0.8979591836734694,0.3777777777777777,0.1542020046260601,0.375,7.168579897264035,10,16.971,2.889,0
E01016228,Bracknell Forest 014E,E02003365,Bracknell Forest 014,4.197713095199134,10.827979943282246,Others,1.0,0.8727272727272727,0.0,4.83078581731461,0.770512287,0.8979591836734694,0.3777777777777777,0.7182320441988951,0.4615384615384615,7.501634457883413,10,54.13,4.01,0
E01016229,Bracknell Forest 012C,E02003363,Bracknell Forest 012,2.506341930508065,11.631605875642965,Others,1.0,0.868421053,0.0,5.668586249997473,0.7880622837370241,0.8925619834710744,0.4852941176470588,0.084889643,0.5,7.072421900537371,10,10.338,2.428,0
E01016230,Bracknell Forest 012D,E02003363,Bracknell Forest 012,3.744361463572941,10.851344778626704,Others,1.0,0.868421053,0.0,5.146646858132632,0.7880622837370241,0.8925619834710744,0.4852941176470588,0.4020100502512563,0.375,7.596392304064196,10,44.45,3.817,0
E01016231,Bracknell Forest 010D,E02003361,Bracknell Forest 010,2.645536295712968,11.686963566053942,Others,1.0,0.9142857142857144,0.0,4.406873604009174,0.7421875,0.8788927335640139,0.3125,0.055696203,0.3181818181818182,7.588829878307813,6,10.497,2.442,0
E01016232,Bracknell Forest 010E,E02003361,Bracknell Forest 010,2.388946258642089,11.608446733604849,Others,1.0,0.9142857142857144,0.0,4.709220565441641,0.7421875,0.8788927335640139,0.3125,0.0618556701030927,0.1666666666666666,7.283448228756631,7,15.89,2.827,0
E01016234,Bracknell Forest 013B,E02003364,Bracknell Forest 013,1.984856099189968,11.740546975244024,Others,1.0,0.8541666666666666,0.0,5.373289664237885,0.7448979591836735,0.8967999999999999,0.4651162790697674,0.0499002,0.2,6.910750787961936,9,7.047,2.085,0
E01016235,Bracknell Forest 013C,E02003364,Bracknell Forest 013,2.070274653855019,12.349744326212376,Others,1.0,0.8541666666666666,0.0,5.166100229152207,0.7448979591836735,0.8967999999999999,0.4651162790697674,0.0243111831442463,0.1666666666666666,7.118826249062078,10,7.165,2.1,0
E01016236,Bracknell Forest 013D,E02003364,Bracknell Forest 013,2.9420677489682983,11.287291314687703,Others,1.0,0.8541666666666666,0.0,5.014050872996838,0.7448979591836735,0.8967999999999999,0.4651162790697674,0.1564673157162726,0.5555555555555556,7.271703706887368,6,14.803,2.76,0
E01016237,Bracknell Forest 013E,E02003364,Bracknell Forest 013,2.724972868298118,11.30791473022698,Others,1.0,0.8541666666666666,0.0,5.274120001672639,0.7448979591836735,0.8967999999999999,0.4651162790697674,0.1580849141824751,0.4285714285714285,7.010311867307229,9,13.219,2.655,0
E01016238,Bracknell Forest 003B,E02003354,Bracknell Forest 003,5.212160170096862,13.03074357975554,Others,1.0,0.927536232,0.0,5.14971257830836,0.743260267,0.8638895076854534,0.6031746031746031,0.2176278563656148,0.4375,7.516977224604321,8,125.461,4.84,0
E01016239,Bracknell Forest 004A,E02003355,Bracknell Forest 004,2.381026519300608,11.354603852507427,Others,1.0,0.6923076923076923,0.0192307692307692,5.526730705157596,0.8609374999999999,0.9022528042228296,0.4871794871794871,0.07381258,0.3478260869565217,7.351799869057777,6,9.726,2.373,0
E01016240,Bracknell Forest 004B,E02003355,Bracknell Forest 004,4.320270904645676,11.57132509231288,Others,1.0,0.6923076923076923,0.0192307692307692,5.425910337934429,0.8609374999999999,0.9022528042228296,0.4871794871794871,0.4060324825986079,0.1428571428571428,7.45298232946546,6,46.887,3.869,0
E01016241,Bracknell Forest 004C,E02003355,Bracknell Forest 004,4.320270904645676,12.706298624350886,Others,1.0,0.6923076923076923,0.0192307692307692,5.3929692335994215,0.8609374999999999,0.9022528042228296,0.4871794871794871,0.1262626262626262,0.5555555555555556,7.48605261786314,5,46.887,3.869,0
E01016242,Bracknell Forest 004D,E02003355,Bracknell Forest 004,7.134228480852407,11.789901883226078,Others,1.0,0.6923076923076923,0.0192307692307692,5.108896013697483,0.8609374999999999,0.9022528042228296,0.4871794871794871,2.0,0.1578947368421052,7.771488760117616,4,1244.992,7.128,0
E01016243,Bracknell Forest 003C,E02003354,Bracknell Forest 003,3.2416153118376902,11.025791953461026,Others,1.0,0.927536232,0.0,5.420534999272286,0.743260267,0.8638895076854534,0.6031746031746031,0.2857142857142857,0.625,7.244941546337007,10,23.821,3.212,0
E01016245,Bracknell Forest 003D,E02003354,Bracknell Forest 003,2.976447512142124,11.21819192257168,Others,1.0,0.927536232,0.0,4.909398716986508,0.743260267,0.8638895076854534,0.6031746031746031,0.1067919692439128,0.4,7.758760544157663,10,16.537,2.864,0
E01016246,Bracknell Forest 003E,E02003354,Bracknell Forest 003,2.5628702745888754,11.392901169566564,Others,1.0,0.927536232,0.0,5.332800937611989,0.743260267,0.8638895076854534,0.6031746031746031,0.088293002,0.2592592592592592,7.333023014386481,10,9.263,2.329,0
E01016247,Bracknell Forest 003F,E02003354,Bracknell Forest 003,3.074682076532392,11.32143802955998,Others,1.0,0.927536232,0.0,5.176579132588636,0.743260267,0.8638895076854534,0.6031746031746031,0.1397428731134712,0.3,7.489970898834801,10,19.768,3.033,0
E01016252,Bracknell Forest 001C,E02003352,Bracknell Forest 001,3.4134552790576573,11.20403337531354,Others,0.0,0.918918919,0.0,5.480877390978153,0.7934933544931562,0.8924444444444444,0.4929577464788732,0.2693602693602693,0.375,7.303843225277705,8,53.06,3.99,0
E01016253,Bracknell Forest 001D,E02003352,Bracknell Forest 001,2.537024604050107,11.616178475684512,Others,1.0,0.918918919,0.0,5.564801057872506,0.7934933544931562,0.8924444444444444,0.4929577464788732,0.076923077,0.2857142857142857,7.219642040130735,10,9.577,2.359,0
E01016254,West Berkshire 011A,E02003377,West Berkshire 011,6.826583183790542,11.227740679862354,Others,0.0,0.8121827411167513,0.010152284,6.330943003075961,0.8429065743944637,0.91929394959698,0.4,2.0,0.1020408163265306,7.324489979348532,5,753.83,6.626,0
E01016255,West Berkshire 011B,E02003377,West Berkshire 011,3.843122986773094,10.89175634284851,Others,0.0,0.8121827411167513,0.010152284,6.318510222153073,0.8429065743944637,0.91929394959698,0.4,0.5537459283387622,0.2941176470588235,7.336936913707618,7,47.291,3.877,0
E01016256,West Berkshire 003A,E02003369,West Berkshire 003,3.3248201700643905,10.940391463476807,Others,0.0,0.8736842105263158,0.0,5.514251946705865,0.8090859924283397,0.9006663890045814,0.5476190476190477,0.279576221,0.3684210526315789,7.438383530044307,8,23.782,3.21,0
E01016257,West Berkshire 003B,E02003369,West Berkshire 003,2.973333278610512,10.878443340472396,Others,0.0,0.8736842105263158,0.0,5.771061430059836,0.8090859924283397,0.9006663890045814,0.5476190476190477,0.2665651180502665,0.5,7.180831199044556,9,14.267,2.726,0
E01016258,West Berkshire 005A,E02003371,West Berkshire 005,3.6312238578757694,10.98215900435756,Others,1.0,0.9117647058823528,0.0,4.592286240362852,0.718192628,0.84765625,0.3666666666666666,0.4071661237785016,0.36,7.336936913707618,9,27.939,3.365,0
E01016259,West Berkshire 006A,E02003372,West Berkshire 006,5.930647094200827,11.96027973131018,Others,1.0,0.8301886792452831,0.0188679245283018,4.931909829161754,0.7789115646258503,0.8921324314702741,0.4186046511627907,1.536491677336748,0.375,7.354362330421477,10,203.529,5.321,0
E01016260,West Berkshire 006B,E02003372,West Berkshire 006,2.4482426654164087,11.162720024779892,Others,1.0,0.8301886792452831,0.0188679245283018,4.888393804878293,0.7789115646258503,0.8921324314702741,0.4186046511627907,0.091911765,0.3333333333333333,7.398174092970465,10,8.352,2.236,0
E01016261,West Berkshire 005B,E02003371,West Berkshire 005,2.4343148636719403,11.181365488247945,Others,1.0,0.9117647058823528,0.0,4.537120888207832,0.718192628,0.84765625,0.3666666666666666,0.089340727,0.3103448275862069,7.392647520721623,10,10.045,2.402,0
E01016262,West Berkshire 006C,E02003372,West Berkshire 006,2.85347722597312,11.088170498077638,Others,1.0,0.8301886792452831,0.0188679245283018,5.037114349280136,0.7789115646258503,0.8921324314702741,0.4186046511627907,0.1779359430604982,0.6,7.24850407237061,10,13.633,2.683,0
E01016264,West Berkshire 011C,E02003377,West Berkshire 011,4.168508485191499,11.011893787049774,Others,0.0,0.8121827411167513,0.010152284,6.184261605623856,0.8429065743944637,0.91929394959698,0.4,0.5979498861047836,0.4285714285714285,7.471363088187097,7,49.563,3.923,0
E01016265,West Berkshire 011D,E02003377,West Berkshire 011,3.09874002362822,11.164327339351132,Others,0.0,0.8121827411167513,0.010152284,6.297915218307487,0.8429065743944637,0.91929394959698,0.4,0.1914486279514997,0.4166666666666667,7.357556200910353,8,19.709,3.031,0
E01016266,West Berkshire 011E,E02003377,West Berkshire 011,2.9156062290747062,11.153976508853129,Others,0.0,0.8121827411167513,0.010152284,6.421164295558677,0.8429065743944637,0.91929394959698,0.4,0.1805054151624548,0.4,7.234177179749849,8,15.971,2.832,0
E01016267,West Berkshire 015A,E02003381,West Berkshire 015,3.6013042818579835,11.125763962026094,Others,0.0,0.8125,0.015625,5.212775391168418,0.7933673469387755,0.9040060468631896,0.4727272727272727,0.348605577689243,0.4285714285714285,7.317876198626496,10,40.012,3.714,0
E01016268,West Berkshire 015B,E02003381,West Berkshire 015,2.7463730754213693,11.484947712210994,Others,0.0,0.8125,0.015625,5.072052956179016,0.7933673469387755,0.9040060468631896,0.4727272727272727,0.086455331,0.3333333333333333,7.459338895220296,6,11.84,2.553,0
E01016269,West Berkshire 015C,E02003381,West Berkshire 015,5.278186085251047,11.133522249788584,Others,0.0,0.8125,0.015625,5.263587741325378,0.7933673469387755,0.9040060468631896,0.4727272727272727,1.9916142557651992,0.2105263157894736,7.266827347520591,8,187.341,5.238,0
E01016270,West Berkshire 015D,E02003381,West Berkshire 015,3.4012973766624888,12.315379862705514,Others,0.0,0.8125,0.015625,5.222064385670026,0.7933673469387755,0.9040060468631896,0.4727272727272727,0.087131367,0.2307692307692307,7.30854279753919,10,22.426,3.154,0
E01016271,West Berkshire 008A,E02003374,West Berkshire 008,3.013080911888604,12.173037959397275,Others,1.0,0.9642857142857144,0.0,4.482014351051991,0.7455621301775148,0.8587105624142661,0.48,0.06993007,0.5,7.266128779556451,5,21.487,3.113,0
E01016272,West Berkshire 006D,E02003372,West Berkshire 006,2.519871524823857,10.835408821937984,Others,1.0,0.8301886792452831,0.0188679245283018,4.944704248867798,0.7789115646258503,0.8921324314702741,0.4186046511627907,0.1459143968871595,0.3333333333333333,7.341483852363161,10,10.081,2.405,0
E01016273,West Berkshire 006E,E02003372,West Berkshire 006,2.9465945489924428,11.40985122268544,Others,1.0,0.8301886792452831,0.0188679245283018,4.841486673765259,0.7789115646258503,0.8921324314702741,0.4186046511627907,0.1168907071887784,0.375,7.445417556701687,4,20.124,3.05,0
E01016274,West Berkshire 008B,E02003374,West Berkshire 008,3.013080911888604,12.077728296386011,Others,1.0,0.9642857142857144,0.0,4.477186553300271,0.7455621301775148,0.8587105624142661,0.48,0.076548365,0.3181818181818182,7.271008538280992,8,21.487,3.113,0
E01016275,West Berkshire 008C,E02003374,West Berkshire 008,2.3564101796889534,11.69034753887587,Others,1.0,0.9642857142857144,0.0,4.473067333942986,0.7455621301775148,0.8587105624142661,0.48,0.055440055,0.375,7.275172319452771,8,8.067,2.205,0
E01016276,West Berkshire 008D,E02003374,West Berkshire 008,2.5681749189710104,11.649959466292806,Others,1.0,0.9642857142857144,0.0,4.17495457426964,0.7455621301775148,0.8587105624142661,0.48,0.0537909836065573,0.2857142857142857,7.577121930876679,8,10.317,2.426,0
E01016277,West Berkshire 001A,E02003367,West Berkshire 001,4.49815274282818,10.726908662481852,Others,0.0,0.8651685393258427,0.0112359550561797,5.562231860495719,0.8129858253315043,0.9072830578512396,0.4125,1.264591439688716,0.358974358974359,7.341483852363161,7,88.245,4.491,0
E01016279,West Berkshire 013A,E02003379,West Berkshire 013,5.372886660847761,11.760185066626295,Others,1.0,0.7872340425531915,0.0,4.3801698775956295,0.8205128205128205,0.8865784499054821,0.4358974358974359,0.6773150020218358,0.1044776119402985,7.813591552952433,5,241.66,5.492,0
E01016280,West Berkshire 013B,E02003379,West Berkshire 013,4.978642264860038,11.879497272986272,Others,1.0,0.7872340425531915,0.0,4.6566051815655,0.8205128205128205,0.8865784499054821,0.4358974358974359,0.5347593582887701,0.4,7.534228326274089,5,121.818,4.811,0
E01016281,West Berkshire 013C,E02003379,West Berkshire 013,4.978642264860038,12.98815525368446,Others,1.0,0.7872340425531915,0.0,4.8905323725633245,0.8205128205128205,0.8865784499054821,0.4358974358974359,0.2234258632362897,0.0909090909090909,7.298445101508147,8,121.818,4.811,0
E01016282,West Berkshire 013D,E02003379,West Berkshire 013,3.239932567393811,11.398729057846973,Others,1.0,0.7872340425531915,0.0,4.876521368403716,0.8205128205128205,0.8865784499054821,0.4358974358974359,0.1835781041388518,0.2727272727272727,7.312553498102598,9,26.628,3.319,0
E01016286,West Berkshire 001B,E02003367,West Berkshire 001,4.428576195326862,11.229031360615126,Others,0.0,0.8651685393258427,0.0112359550561797,5.401003874489904,0.8129858253315043,0.9072830578512396,0.4125,0.6067291781577496,0.2727272727272727,7.503289630675082,7,75.575,4.338,0
E01016287,West Berkshire 001C,E02003367,West Berkshire 001,3.608238650950279,11.287040659850634,Others,0.0,0.8651685393258427,0.0112359550561797,5.642948911650676,0.8129858253315043,0.9072830578512396,0.4125,0.3164556962025316,0.3333333333333333,7.260522598089852,6,30.889,3.462,0
E01016288,West Berkshire 001D,E02003367,West Berkshire 001,3.4170707308184456,11.341301343187377,Others,0.0,0.8651685393258427,0.0112359550561797,5.459819541760486,0.8129858253315043,0.9072830578512396,0.4125,0.2047981275599766,0.2857142857142857,7.444248649496705,7,34.693,3.575,0
E01016289,West Berkshire 021A,E02003387,West Berkshire 021,2.3496595003799743,11.747425618600296,Others,1.0,0.9411764705882352,0.0,5.4151053463059045,0.75,0.8680795847750865,0.515625,0.052447552,0.3333333333333333,7.266128779556451,10,9.949,2.393,0
E01016290,West Berkshire 021B,E02003387,West Berkshire 021,3.309995418235685,11.161394411371305,Others,1.0,0.9411764705882352,0.0,5.334898121649717,0.75,0.8680795847750865,0.515625,0.2419354838709677,0.3333333333333333,7.346655163176539,9,25.07,3.261,0
E01016291,West Berkshire 021C,E02003387,West Berkshire 021,3.3162928745717117,11.10339209268611,Others,1.0,0.9411764705882352,0.0,5.1045301245759065,0.75,0.8680795847750865,0.515625,0.2047082906857728,0.4375,7.578145472419466,10,26.996,3.332,0
E01016292,West Berkshire 021D,E02003387,West Berkshire 021,3.056827372913802,11.408069760145574,Others,1.0,0.9411764705882352,0.0,5.2829923299925365,0.75,0.8680795847750865,0.515625,0.1377832210655235,0.4444444444444444,7.3987862754199485,8,16.503,2.862,0
E01016294,West Berkshire 020A,E02003386,West Berkshire 020,2.4571071324302167,12.088701400076566,Others,1.0,0.9130434782608696,0.0,5.336597908829021,0.7299113141628595,0.8772555134773892,0.4354838709677419,0.040026684,0.25,7.313220387090301,10,9.206,2.323,0
E01016295,West Berkshire 020B,E02003386,West Berkshire 020,4.012682488527323,11.54655410639342,Others,1.0,0.9130434782608696,0.0,5.30523263807995,0.7299113141628595,0.8772555134773892,0.4354838709677419,0.3393665158371041,0.6666666666666666,7.344719054149673,2,40.837,3.734,0
E01016296,West Berkshire 010A,E02003376,West Berkshire 010,4.174248798770492,11.710862948088772,Others,0.0,0.86,0.0,5.672666409554601,0.822069943,0.9134948096885812,0.4395604395604395,0.3343949044585987,0.3333333333333333,7.359467638255621,6,60.183,4.114,0
E01016297,West Berkshire 010B,E02003376,West Berkshire 010,2.9934296244913154,11.459218734270976,Others,0.0,0.86,0.0,5.528193027213706,0.822069943,0.9134948096885812,0.4395604395604395,0.1101928374655647,0.5,7.504391559161238,5,15.811,2.822,0
E01016298,West Berkshire 010C,E02003376,West Berkshire 010,5.40062121535596,11.515405115367244,Others,0.0,0.86,0.0,5.912744910305441,0.822069943,0.9134948096885812,0.4395604395604395,1.7828200972447326,0.3181818181818182,7.118826249062078,7,269.133,5.599,0
E01016299,West Berkshire 010D,E02003376,West Berkshire 010,3.4957800241481034,11.0659037175564,Others,0.0,0.86,0.0,5.695784474053611,0.822069943,0.9134948096885812,0.4395604395604395,0.3259452411994785,0.4,7.336285660021297,8,31.206,3.472,0
E01016300,West Berkshire 018A,E02003384,West Berkshire 018,2.8512265974442617,11.4424524169296,Others,0.0,0.9010989010989012,0.0,5.675852658003561,0.787686616,0.8873324477720081,0.5116279069767442,0.1183231913455037,0.4285714285714285,7.299797366758161,5,15.517,2.804,0
E01016301,West Berkshire 018B,E02003384,West Berkshire 018,4.295024348552021,11.476742001367937,Others,0.0,0.9010989010989012,0.0,5.366853680349624,0.787686616,0.8873324477720081,0.5116279069767442,0.3718393653941497,0.3333333333333333,7.609862200913554,7,74.989,4.331,0
E01016302,West Berkshire 018C,E02003384,West Berkshire 018,3.480716875560156,11.27350643365596,Others,0.0,0.9010989010989012,0.0,5.646638737623306,0.787686616,0.8873324477720081,0.5116279069767442,0.262639527,0.375,7.329093736246592,7,35.598,3.6,0
E01016303,West Berkshire 002A,E02003368,West Berkshire 002,3.677869061593884,11.25318276120769,Others,0.0,0.875,0.0,5.736536051806016,0.8178094860615669,0.8910803324099723,0.2954545454545454,0.351123596,0.3,7.261927092702751,6,35.576,3.599,0
E01016304,West Berkshire 002B,E02003368,West Berkshire 002,4.688610193221929,11.491823466584224,Others,0.0,0.875,0.0,5.636725466422773,0.8178094860615669,0.8910803324099723,0.2954545454545454,0.6988564167725541,0.2727272727272727,7.362010551259734,6,96.496,4.58,0
E01016305,West Berkshire 002C,E02003368,West Berkshire 002,3.626525212366961,11.105163630495,Others,0.0,0.875,0.0,5.890692758522452,0.8178094860615669,0.8910803324099723,0.2954545454545454,0.4508196721311475,0.4545454545454545,7.107425474110705,6,44.405,3.816,0
E01016306,West Berkshire 002D,E02003368,West Berkshire 002,2.8980643163758324,11.492091363029791,Others,0.0,0.875,0.0,5.782376169216215,0.8178094860615669,0.8910803324099723,0.2954545454545454,0.1286764705882352,0.4285714285714285,7.215975002651466,4,10.59,2.45,0
E01016309,West Berkshire 022C,E02003375,West Berkshire 009,4.607766811835357,11.205406957243378,Others,0.0,0.7251908396946565,0.015267175572519,5.383027446725711,0.8635636730914906,0.914485767,0.490566037735849,0.5519215044971382,0.2592592592592592,7.802618063442671,7,70.535,4.27,0
E01016310,West Berkshire 012A,E02003378,West Berkshire 012,4.782713679328946,11.122459448826271,Others,1.0,0.8333333333333334,0.0111111111111111,5.244320471666522,0.8089053803339518,0.8911967153725395,0.5945945945945946,0.891492613,0.2857142857142857,7.582738488914411,6,120.025,4.796,0
E01016311,West Berkshire 012B,E02003378,West Berkshire 012,6.812797137205154,12.783361646268371,Others,1.0,0.8333333333333334,0.0111111111111111,5.396281157559491,0.8089053803339518,0.8911967153725395,0.5945945945945946,1.513353115727003,0.3137254901960784,7.430114138561801,9,943.411,6.851,0
E01016312,West Berkshire 020C,E02003386,West Berkshire 020,2.9236453346590903,10.826007414461598,Others,1.0,0.9130434782608696,0.0,5.040461744060506,0.7299113141628595,0.8772555134773892,0.4354838709677419,0.1733531451213472,0.3571428571428571,7.61085279039525,7,14.08,2.713,0
E01016313,West Berkshire 003C,E02003369,West Berkshire 003,4.005677269505934,11.251740647538693,Others,0.0,0.8736842105263158,0.0,5.458959814952323,0.8090859924283397,0.9006663890045814,0.5476190476190477,0.3897550111358575,0.2857142857142857,7.493873886783559,8,46.924,3.87,0
E01016314,West Berkshire 003D,E02003369,West Berkshire 003,4.154215959259491,11.33384265776011,Others,0.0,0.8736842105263158,0.0,5.580926018250602,0.8090859924283397,0.9006663890045814,0.5476190476190477,0.4719949653870359,0.3333333333333333,7.371489295214277,9,64.338,4.18,0
E01016315,West Berkshire 004A,E02003370,West Berkshire 004,3.234434163784053,11.151846962030698,Others,1.0,0.9375,0.0,4.890666773414747,0.777882798,0.8646446355817112,0.4444444444444444,0.2053990610328638,0.4285714285714285,7.4413203897176174,9,24.144,3.225,0
E01016316,West Berkshire 004B,E02003370,West Berkshire 004,2.936194560837795,11.398871716868715,Others,1.0,0.9375,0.0,4.695319205705616,0.777882798,0.8646446355817112,0.4444444444444444,0.096385542,0.375,7.638198244285779,9,16.212,2.846,0
E01016317,West Berkshire 004C,E02003370,West Berkshire 004,2.3854545708163406,10.487659104927658,Others,1.0,0.9375,0.0,5.002816811009584,0.777882798,0.8646446355817112,0.4444444444444444,0.1806833114323258,0.4545454545454545,7.328437352895162,7,8.383,2.239,0
E01016318,West Berkshire 004D,E02003370,West Berkshire 004,2.635407821110098,11.365905412793722,Others,1.0,0.9375,0.0,5.000860904048749,0.777882798,0.8646446355817112,0.4444444444444444,0.098360656,0.5,7.330405211844402,10,11.026,2.487,0
E01016319,West Berkshire 020D,E02003386,West Berkshire 020,3.307472611098843,11.9209083531892,Others,1.0,0.9130434782608696,0.0,5.113463822329435,0.7299113141628595,0.8772555134773892,0.4354838709677419,0.093283582,0.4285714285714285,7.537430036586509,7,23.436,3.196,0
E01016320,West Berkshire 020E,E02003386,West Berkshire 020,2.922462411626216,11.384364556141966,Others,1.0,0.9130434782608696,0.0,5.340589347507845,0.7299113141628595,0.8772555134773892,0.4354838709677419,0.1339584728734092,0.375,7.309212365692763,8,14.422,2.736,0
E01016321,West Berkshire 021E,E02003387,West Berkshire 021,2.7754595973314644,11.420688225511393,Others,1.0,0.9411764705882352,0.0,5.249448602486872,0.75,0.8680795847750865,0.515625,0.097690941,0.2424242424242424,7.432483807917119,6,13.294,2.66,0
E01016322,West Berkshire 021F,E02003387,West Berkshire 021,2.4580491956181176,11.019301048524012,Others,1.0,0.9411764705882352,0.0,5.399220958667153,0.75,0.8680795847750865,0.515625,0.120440467997247,0.2857142857142857,7.282073658093465,10,10.083,2.405,0
E01016323,West Berkshire 012C,E02003378,West Berkshire 012,3.18370450185676,10.69352483300026,Others,1.0,0.8333333333333334,0.0111111111111111,5.445328261700075,0.8089053803339518,0.8911967153725395,0.5945945945945946,0.3273067331670823,0.3333333333333333,7.380879035564116,9,29.5,3.418,0
E01016324,West Berkshire 012D,E02003378,West Berkshire 012,6.812797137205154,12.014710160614646,Others,1.0,0.8333333333333334,0.0111111111111111,5.319573365113367,0.8089053803339518,0.8911967153725395,0.5945945945945946,2.0,0.0909090909090909,7.507141079727608,7,943.411,6.851,0
E01016325,West Berkshire 012E,E02003378,West Berkshire 012,2.625248134341072,11.53727655583406,Others,1.0,0.8333333333333334,0.0111111111111111,5.450306743591483,0.8089053803339518,0.8911967153725395,0.5945945945945946,0.078320802,0.4,7.375882148215011,5,11.455,2.522,0
E01016326,West Berkshire 018D,E02003384,West Berkshire 018,3.969914483843924,11.32862996122426,Others,0.0,0.9010989010989012,0.0,5.749975018284292,0.787686616,0.8873324477720081,0.5116279069767442,0.4552075746540422,0.28,7.2254814727822945,7,46.578,3.862,0
E01016327,West Berkshire 009A,E02003375,West Berkshire 009,5.055258056538531,12.426624842183225,Others,0.0,0.7251908396946565,0.015267175572519,6.06171295748581,0.8635636730914906,0.914485767,0.490566037735849,0.5048465266558966,0.2,7.122059881629142,7,99.383,4.609,0
E01016328,West Berkshire 009B,E02003375,West Berkshire 009,4.144895080820002,11.5475136697346,Others,0.0,0.7251908396946565,0.015267175572519,5.554050282135635,0.8635636730914906,0.914485767,0.490566037735849,0.2912621359223301,0.1666666666666666,7.630946580890459,6,57.831,4.075,0
E01016329,West Berkshire 014A,E02003380,West Berkshire 014,2.2022121188472585,12.499367685763753,Others,1.0,0.926829268,0.0,4.918008231979711,0.7520775623268698,0.874479477,0.2972972972972973,0.0220102714600146,0.1666666666666666,7.218176838403408,10,6.503,2.015,0
E01016330,West Berkshire 016A,E02003382,West Berkshire 016,2.7998390367299417,11.947437917686935,Others,1.0,0.875,0.0,4.979518359222034,0.7758053911900066,0.9149305555555556,0.325,0.072202166,0.5,7.234177179749849,8,13.53,2.676,0
E01016331,West Berkshire 016B,E02003382,West Berkshire 016,2.4946094252493856,11.781342415643854,Others,1.0,0.875,0.0,4.840009193481534,0.7758053911900066,0.9149305555555556,0.325,0.053324969,0.4705882352941176,7.374629015218945,6,8.732,2.275,0
E01016332,West Berkshire 016C,E02003382,West Berkshire 016,3.8703673301593136,11.044749497865403,Others,1.0,0.875,0.0,4.816030399289252,0.7758053911900066,0.9149305555555556,0.325,0.4592774035517452,0.4666666666666667,7.3987862754199485,6,50.167,3.935,0
E01016334,West Berkshire 016D,E02003382,West Berkshire 016,3.2528133758958977,11.864112377173582,Others,1.0,0.875,0.0,4.78670863797946,0.7758053911900066,0.9149305555555556,0.325,0.1040428061831153,0.2857142857142857,7.428333194190806,7,26.024,3.297,0
E01016336,West Berkshire 016E,E02003382,West Berkshire 016,2.5450605726077478,11.779051022964545,Others,1.0,0.875,0.0,5.031034179888152,0.7758053911900066,0.9149305555555556,0.325,0.068441065,0.5,7.182352111885263,3,8.752,2.277,0
E01016339,West Berkshire 011F,E02003377,West Berkshire 011,5.674885619945707,11.031657610600796,Others,1.0,0.8121827411167513,0.010152284,5.6611695184475295,0.8429065743944637,0.91929394959698,0.4,1.584091675092686,0.1489361702127659,7.995643604287271,8,418.73,6.04,0
E01016340,West Berkshire 014B,E02003380,West Berkshire 014,2.875991071941442,11.217403854595856,Others,1.0,0.926829268,0.0,4.519828321000586,0.7520775623268698,0.874479477,0.2972972972972973,0.1104565537555228,0.3333333333333333,7.61972421378267,6,18.355,2.963,0
E01016341,West Berkshire 014C,E02003380,West Berkshire 014,2.551630281830908,11.680818428445384,Others,1.0,0.926829268,0.0,4.968054208700852,0.7520775623268698,0.874479477,0.2972972972972973,0.077160494,0.5,7.167809184316444,7,11.644,2.537,0
E01016342,West Berkshire 014D,E02003380,West Berkshire 014,3.7658173468339937,11.774089601287914,Others,1.0,0.926829268,0.0,4.499643978660703,0.7520775623268698,0.874479477,0.2972972972972973,0.1563251563251563,0.3076923076923077,7.640123172695364,9,41.454,3.748,0
E01016343,West Berkshire 014E,E02003380,West Berkshire 014,2.489147644045255,11.612870342496732,Others,1.0,0.926829268,0.0,4.9209257858068325,0.7520775623268698,0.874479477,0.2972972972972973,0.073583517,0.25,7.215239978730097,10,9.917,2.39,0
E01016344,West Berkshire 009C,E02003375,West Berkshire 009,6.7015733132202975,11.082385596262442,Others,0.0,0.7251908396946565,0.015267175572519,5.810885190394709,0.8635636730914906,0.914485767,0.490566037735849,2.0,0.28,7.373374309910049,6,759.274,6.634,0
E01016345,West Berkshire 009D,E02003375,West Berkshire 009,6.342272815710753,11.690130004766292,Others,0.0,0.7251908396946565,0.015267175572519,5.864933979823319,0.8635636730914906,0.914485767,0.490566037735849,2.0,0.2631578947368421,7.319202458767849,9,507.678,6.232,0
E01016346,West Berkshire 019B,E02003385,West Berkshire 019,5.602425047050412,11.120205047180413,Others,1.0,0.7586206896551724,0.006896552,6.461062382503494,0.8415553526301259,0.9244470868014268,0.4372093023255814,2.0,0.25,7.428927194802272,5,289.916,5.673,0
E01016348,West Berkshire 019D,E02003385,West Berkshire 019,4.58024204566324,10.862525516362943,Others,1.0,0.7586206896551724,0.006896552,6.062522907226947,0.8415553526301259,0.9244470868014268,0.4372093023255814,0.7373455559984058,0.3243243243243243,7.828038032125829,7,78.234,4.372,0
E01016349,West Berkshire 005C,E02003371,West Berkshire 005,3.3564091988720213,11.278516915434857,Others,1.0,0.9117647058823528,0.0,4.823958588381503,0.718192628,0.84765625,0.3666666666666666,0.2880658436213992,0.4285714285714285,7.103322062526113,10,23.99,3.218,0
E01016350,West Berkshire 005D,E02003371,West Berkshire 005,2.31560003007154,11.852805624284446,Others,1.0,0.9117647058823528,0.0,4.610510908858127,0.718192628,0.84765625,0.3666666666666666,0.0431320504313205,0.4615384615384615,7.318539548567902,10,7.629,2.155,0
E01016353,Reading 019C,E02006939,Reading 019,4.023939980455218,10.773910064591911,Others,1.0,0.7275362318840579,0.0144927536231884,6.253426518499546,0.8120506023713909,0.8878638941398865,0.4409448818897638,0.4697712418300653,0.1304347826086956,7.803435056952168,4,50.551,3.943,0
E01016362,Reading 004A,E02003392,Reading 004,4.01551778167613,10.95638559942616,Others,1.0,0.8676470588235294,0.0,5.089921312192478,0.7884977156678312,0.9044995408631772,0.4333333333333333,0.5110274341043571,0.4736842105263157,7.528331766707247,8,46.369,3.858,0
E01016363,Reading 004B,E02003392,Reading 004,2.869942267495692,10.923315138207196,Others,1.0,0.8676470588235294,0.0,5.0614662059436935,0.7884977156678312,0.9044995408631772,0.4333333333333333,0.1568217459487715,0.25,7.5569505720129,2,13.817,2.696,0
E01016364,Reading 003A,E02003391,Reading 003,3.391180715275501,10.818092516475534,Others,1.0,0.9032258064516128,0.0,5.239550244295082,0.7256515775034293,0.8728836334318731,0.5454545454545454,0.3922237380627558,0.6086956521739131,7.290974778142981,10,25.113,3.262,0
E01016365,Reading 004C,E02003392,Reading 004,2.968361076757859,10.947309210188068,Others,1.0,0.8676470588235294,0.0,5.215144638357074,0.7884977156678312,0.9044995408631772,0.4333333333333333,0.1982916412446613,0.3076923076923077,7.402451520818244,9,18.894,2.99,0
E01016366,Reading 004D,E02003392,Reading 004,2.949740689702998,11.094721838077511,Others,1.0,0.8676470588235294,0.0,5.280355714626084,0.7884977156678312,0.9044995408631772,0.4333333333333333,0.1791530944625407,0.2727272727272727,7.336936913707618,7,17.192,2.901,0
E01016367,Reading 004E,E02003392,Reading 004,2.5582345558645145,11.35151012797085,Others,1.0,0.8676470588235294,0.0,5.239719886626619,0.7884977156678312,0.9044995408631772,0.4333333333333333,0.087554722,0.2857142857142857,7.377758908227872,6,11.329,2.512,0
E01016368,Reading 017A,E02003405,Reading 017,2.299781165661311,11.627601456538116,Others,1.0,0.7284768211920529,0.0198675496688741,5.803637870977294,0.8323282950896703,0.9134687075128284,0.4311926605504587,0.048514251,0.4375,7.408530566894626,2,9.31,2.333,0
E01016369,Reading 018A,E02003406,Reading 018,2.377135824258342,11.541369184828875,Others,1.0,0.7083333333333334,0.0138888888888888,4.972575234685083,0.8381344307270233,0.910136878,0.3962264150943396,0.051406926,0.2105263157894736,7.522400231387125,6,8.941,2.297,0
E01016372,Reading 017B,E02003405,Reading 017,2.2787021525307134,11.38100420395923,Others,1.0,0.7284768211920529,0.0198675496688741,5.9250246761709455,0.8323282950896703,0.9134687075128284,0.4311926605504587,0.068493151,0.5,7.2868764117507,2,8.181,2.217,0
E01016374,Reading 014A,E02003402,Reading 014,2.617833693163632,11.346961392088922,Others,1.0,0.8363636363636363,0.0,4.788962311381126,0.7777176852352623,0.9044628099173554,0.3863636363636363,0.081256771,0.5,7.52131798019924,5,13.513,2.675,0
E01016375,Reading 014B,E02003402,Reading 014,1.810744769139136,12.451959593874657,Others,1.0,0.8363636363636363,0.0,5.058542858625315,0.7777176852352623,0.9044628099173554,0.3863636363636363,0.0142146410803127,0.25,7.249925536717988,3,4.444,1.695,0
E01016376,Reading 014C,E02003402,Reading 014,4.048963580181759,11.162282293263216,Others,1.0,0.8363636363636363,0.0,4.73818742175256,0.7777176852352623,0.9044628099173554,0.3863636363636363,0.4117344312918168,0.25,7.572502985020384,4,66.026,4.205,0
E01016377,Reading 017C,E02003405,Reading 017,4.662438593778484,10.77226920838781,Others,1.0,0.7284768211920529,0.0198675496688741,5.659793104171474,0.8323282950896703,0.9134687075128284,0.4311926605504587,1.1548556430446195,0.2045454545454545,7.552762084214147,3,111.08,4.719,0
E01016379,Reading 014D,E02003402,Reading 014,2.377692565480851,11.778369597156942,Others,1.0,0.8363636363636363,0.0,4.627347656396823,0.7777176852352623,0.9044628099173554,0.3863636363636363,0.034514496,0.3333333333333333,7.684324067681155,6,13.643,2.684,0
E01016380,Reading 005A,E02003393,Reading 005,2.811148159105777,11.659372580137322,Others,1.0,0.9090909090909092,0.0,4.971720187262048,0.740524781,0.8786776859504133,0.4285714285714285,0.078947368,0.2592592592592592,7.444833273892193,9,15.227,2.787,0
E01016381,Reading 006A,E02003394,Reading 006,1.886311786169278,11.730729452820942,Others,1.0,0.8163265306122449,0.0,4.850018180834621,0.810232005,0.9096,0.3,0.0285171102661596,0.2222222222222222,7.364547014255642,4,4.779,1.754,0
E01016382,Reading 006B,E02003394,Reading 006,3.765423741753722,10.755130720290705,Others,1.0,0.8163265306122449,0.0,4.61363649209239,0.810232005,0.9096,0.3,0.4493260109835247,0.3333333333333333,7.602900462204755,3,41.45,3.748,0
E01016383,Reading 005B,E02003393,Reading 005,2.843629495344033,11.588536830271456,Others,1.0,0.9090909090909092,0.0,5.06930988173898,0.740524781,0.8786776859504133,0.4285714285714285,0.096774194,0.5,7.346655163176539,7,13.67,2.686,0
E01016384,Reading 005C,E02003393,Reading 005,2.5553651134365616,10.991729588863048,Others,1.0,0.9090909090909092,0.0,4.92521356204226,0.740524781,0.8786776859504133,0.4285714285714285,0.1116071428571428,0.25,7.491645473605133,10,10.77,2.466,0
E01016385,Reading 006C,E02003394,Reading 006,2.604983349281507,10.82227516460887,Others,1.0,0.8163265306122449,0.0,4.731678946054286,0.810232005,0.9096,0.3,0.140607424,0.3,7.483806687665835,7,9.479,2.349,0
E01016386,Reading 002A,E02003390,Reading 002,2.661796816584748,11.24015452411121,Others,1.0,0.9375,0.0,5.347277698943619,0.7377731529656607,0.8355029585798817,0.6935483870967742,0.1180040458530006,0.4285714285714285,7.302496423727326,10,8.352,2.236,0
E01016387,Reading 002B,E02003390,Reading 002,2.2910184566225804,11.212396782606474,Others,1.0,0.9375,0.0,5.314927990364816,0.7377731529656607,0.8355029585798817,0.6935483870967742,0.078328982,0.375,7.334981878871814,10,7.789,2.174,0
E01016388,Reading 013A,E02003401,Reading 013,4.1929825321191005,11.516314331654115,Others,1.0,0.8545454545454545,0.0,4.929099096994715,0.7365702479338843,0.8720661157024794,0.6190476190476191,0.4248366013071895,0.2307692307692307,7.333676395657684,5,15.924,2.829,0
E01016389,Reading 013B,E02003401,Reading 013,2.383796348418869,11.3150962841344,Others,1.0,0.8545454545454545,0.0,4.701306470754721,0.7365702479338843,0.8720661157024794,0.6190476190476191,0.062337662,0.375,7.563200592358071,2,9.391,2.341,0
E01016390,Reading 013C,E02003401,Reading 013,3.739382436287043,11.267451701850591,Others,1.0,0.8545454545454545,0.0,4.795224002767475,0.7365702479338843,0.8720661157024794,0.6190476190476191,0.2998286693318104,0.4285714285714285,7.468513271496337,6,30.075,3.436,0
E01016391,Reading 020E,E02006940,Reading 020,3.676579114151095,10.636684754045715,Others,1.0,0.7252747252747253,0.005494505,5.771950301073245,0.8565041617122473,0.891975214,0.6099290780141844,0.4200726612170753,0.1351351351351351,7.697575346802343,4,109.719,4.707,0
E01016392,Reading 013D,E02003401,Reading 013,3.7890867145309617,11.59026606369489,Others,1.0,0.8545454545454545,0.0,4.451785596705269,0.7365702479338843,0.8720661157024794,0.6190476190476191,0.1614856681469519,0.375,7.815207062189088,5,45.268,3.834,0
E01016393,Reading 013E,E02003401,Reading 013,3.810588107772792,11.5516353010417,Others,1.0,0.8545454545454545,0.0,4.613707109021615,0.7365702479338843,0.8720661157024794,0.6190476190476191,0.2020922491678554,0.4117647058823529,7.651595573857601,6,42.134,3.764,0
E01016396,Reading 006D,E02003394,Reading 006,2.7593768282675506,11.721978205462284,Others,1.0,0.8163265306122449,0.0,4.795592218485271,0.810232005,0.9096,0.3,0.071985603,0.375,7.419380582918692,4,20.591,3.072,0
E01016397,Reading 006E,E02003394,Reading 006,3.5300009490464483,11.263692314705017,Others,1.0,0.8163265306122449,0.0,4.675348327135173,0.810232005,0.9096,0.3,0.2258235919234856,0.4117647058823529,7.540621528657152,2,23.36,3.193,0
E01016401,Reading 012A,E02003400,Reading 012,2.9813797673295905,10.69276943919531,Others,1.0,0.8301886792452831,0.0,5.07417193230122,0.8049382716049382,0.903846153846154,0.4565217391304347,0.2935082872928177,0.4117647058823529,7.278628942320682,7,14.407,2.735,0
E01016402,Reading 010B,E02003398,Reading 010,2.8120497911206948,10.78179360704993,Others,1.0,0.8923076923076924,0.0153846153846153,4.907080512656569,0.7649586776859504,0.9140828402366864,0.3684210526315789,0.1530852567121997,0.5384615384615384,7.66105638236183,6,14.628,2.749,0
E01016403,Reading 012B,E02003400,Reading 012,3.3588812158682075,11.086924761010051,Others,1.0,0.8301886792452831,0.0,4.684222624055172,0.8049382716049382,0.903846153846154,0.4565217391304347,0.1981351981351981,0.4117647058823529,7.671360923190644,8,30.702,3.456,0
E01016404,Reading 010C,E02003398,Reading 010,2.6101433194506165,11.338663343501882,Others,1.0,0.8923076923076924,0.0153846153846153,4.807552627800679,0.7649586776859504,0.9140828402366864,0.3684210526315789,0.063911376,0.5,7.761319180947987,4,13.245,2.656,0
E01016405,Reading 010D,E02003398,Reading 010,2.2113466125597747,11.593346562583722,Others,1.0,0.8923076923076924,0.0153846153846153,4.7816945647619615,0.7649586776859504,0.9140828402366864,0.3684210526315789,0.0311332503113325,0.3333333333333333,7.787382026484701,4,6.373,1.998,0
E01016406,Reading 010E,E02003398,Reading 010,2.306776297612514,10.495957677342496,Others,1.0,0.8923076923076924,0.0153846153846153,5.137208648047646,0.7649586776859504,0.9140828402366864,0.3684210526315789,0.1484560570071258,0.4,7.429520842786462,5,9.696,2.37,0
E01016407,Reading 001A,E02003389,Reading 001,2.8653957718259875,11.00550464433858,Others,1.0,0.912280701754386,0.0,5.026084088395825,0.7352,0.871811224,0.5098039215686274,0.1632047477744807,0.5454545454545454,7.430114138561801,10,15.202,2.785,0
E01016408,Reading 001B,E02003389,Reading 001,2.614105754925668,11.188790806468509,Others,1.0,0.912280701754386,0.0,5.185017650180761,0.7352,0.871811224,0.5098039215686274,0.1218662952646239,0.2857142857142857,7.270312886079025,8,14.703,2.754,0
E01016409,Reading 003B,E02003391,Reading 003,2.753087299576931,10.718942559165988,Others,1.0,0.9032258064516128,0.0,4.996017493835061,0.7256515775034293,0.8728836334318731,0.5454545454545454,0.1735184196476241,0.5384615384615384,7.535830462798367,8,13.256,2.657,0
E01016410,Reading 001C,E02003389,Reading 001,3.1899000526316272,11.0364529575759,Others,1.0,0.912280701754386,0.0,4.9141742225068095,0.7352,0.871811224,0.5098039215686274,0.1988335100742311,0.4,7.54274354536855,9,14.814,2.761,0
E01016411,Reading 001D,E02003389,Reading 001,2.418944894110241,11.440756450982434,Others,1.0,0.912280701754386,0.0,5.045734406590976,0.7352,0.871811224,0.5098039215686274,0.066585956,0.3181818181818182,7.410347097821024,10,11.447,2.521,0
E01016412,Reading 001E,E02003389,Reading 001,2.4193898725361302,11.13109387222154,Others,1.0,0.912280701754386,0.0,5.144318190395032,0.7352,0.871811224,0.5098039215686274,0.1002673796791443,0.5,7.311218384419629,9,9.398,2.342,0
E01016413,Reading 014E,E02003402,Reading 014,2.7541064728608955,11.339060053983811,Others,1.0,0.8363636363636363,0.0,4.818961373917936,0.7777176852352623,0.9044628099173554,0.3863636363636363,0.097710776,0.2857142857142857,7.491087593534876,9,14.324,2.729,0
E01016414,Reading 014F,E02003402,Reading 014,6.062326005032723,10.770546022530056,Others,1.0,0.8363636363636363,0.0,4.776153193897995,0.7777176852352623,0.9044628099173554,0.3863636363636363,2.0,0.3333333333333333,7.534228326274089,8,313.322,5.75,0
E01016416,Reading 012C,E02003400,Reading 012,4.18839637485688,10.985571574606029,Others,1.0,0.8301886792452831,0.0,4.677318567439804,0.8049382716049382,0.903846153846154,0.4565217391304347,0.5092592592592593,0.2727272727272727,7.678326356506885,6,21.809,3.127,0
E01016417,Reading 012D,E02003400,Reading 012,3.103330284152009,11.014985510840145,Others,1.0,0.8301886792452831,0.0,4.8736452776388575,0.8049382716049382,0.903846153846154,0.4565217391304347,0.1975169300225733,0.4285714285714285,7.480428306074208,6,20.198,3.054,0
E01016418,Reading 012E,E02003400,Reading 012,3.0199857653546958,11.36937452004917,Others,1.0,0.8301886792452831,0.0,4.986872146109659,0.8049382716049382,0.903846153846154,0.4565217391304347,0.1423149905123339,0.3333333333333333,7.366445148327599,7,17.654,2.926,0
E01016419,Reading 015A,E02003403,Reading 015,4.212290547564426,11.15643020413564,Others,1.0,0.8775510204081632,0.0,4.563383219859618,0.75125,0.8962932111620159,0.4878048780487805,0.4398148148148148,0.3684210526315789,7.678326356506885,6,53.476,3.998,0
E01016420,Reading 015B,E02003403,Reading 015,2.9901668150811096,12.200218437782947,Others,1.0,0.8775510204081632,0.0,4.871380487793161,0.75125,0.8962932111620159,0.4878048780487805,0.060012634,0.4736842105263157,7.367708572374371,2,21.358,3.107,0
E01016421,Reading 015C,E02003403,Reading 015,4.308729871862411,10.940596708610189,Others,1.0,0.8775510204081632,0.0,5.014859934365999,0.75125,0.8962932111620159,0.4878048780487805,0.948905109,0.3076923076923077,7.223295679562314,5,66.563,4.213,0
E01016422,Reading 015D,E02003403,Reading 015,3.029650491757452,11.49731424145601,Others,1.0,0.8775510204081632,0.0,4.944892722606143,0.75125,0.8962932111620159,0.4878048780487805,0.1360544217687075,0.5,7.293697720601438,4,27.332,3.344,0
E01016423,Reading 015E,E02003403,Reading 015,2.057962510002712,12.04796163393126,Others,1.0,0.8775510204081632,0.0,4.846619588191047,0.75125,0.8962932111620159,0.4878048780487805,0.0246457178065311,0.25,7.392647520721623,3,5.668,1.897,0
E01016424,Reading 015F,E02003403,Reading 015,2.6985384407296147,11.279599895251076,Others,1.0,0.8775510204081632,0.0,4.944892722606143,0.75125,0.8962932111620159,0.4878048780487805,0.119047619047619,0.2857142857142857,7.293697720601438,10,9.352,2.337,0
E01016425,Reading 002C,E02003390,Reading 002,2.4443450380318774,11.00430455189968,Others,1.0,0.9375,0.0,5.201517142992153,0.7377731529656607,0.8355029585798817,0.6935483870967742,0.1019219569015725,0.4285714285714285,7.4489161025442,10,9.418,2.344,0
E01016426,Reading 002D,E02003390,Reading 002,2.9701580224345605,10.949203373081405,Others,1.0,0.9375,0.0,5.397520667532102,0.7377731529656607,0.8355029585798817,0.6935483870967742,0.2304964539007092,0.3076923076923077,7.252053951852814,10,18.046,2.947,0
E01016427,Reading 003C,E02003391,Reading 003,3.1793030497483774,10.900237556892362,Others,1.0,0.9032258064516128,0.0,5.0923056357307095,0.7256515775034293,0.8728836334318731,0.5454545454545454,0.25,0.4117647058823529,7.438971592395862,10,24.439,3.236,0
E01016428,Reading 003D,E02003391,Reading 003,2.808980919680651,11.861859342197231,Others,1.0,0.9032258064516128,0.0,4.974511695636921,0.7256515775034293,0.8728836334318731,0.5454545454545454,0.057471264,0.3181818181818182,7.557472901614746,10,12.637,2.613,0
E01016429,Reading 003E,E02003391,Reading 003,2.418410658499636,11.31233809936938,Others,1.0,0.9032258064516128,0.0,5.141446674398921,0.7256515775034293,0.8728836334318731,0.5454545454545454,0.077255871,0.4,7.389563953677635,10,13.388,2.666,0
E01016430,Reading 002E,E02003390,Reading 002,3.2050608358344728,10.987721973258282,Others,1.0,0.9375,0.0,5.381414077964167,0.7377731529656607,0.8355029585798817,0.6935483870967742,0.2791346824842987,0.5,7.268223021159565,10,21.246,3.102,0
E01016431,Reading 005D,E02003393,Reading 005,3.1230695220151863,10.678974799818294,Others,1.0,0.9090909090909092,0.0,4.979298876690433,0.740524781,0.8786776859504133,0.4285714285714285,0.2946375957572186,0.4,7.437206366871292,9,19.947,3.042,0
E01016432,Reading 005E,E02003393,Reading 005,2.701562534966656,11.28284181536034,Others,1.0,0.9090909090909092,0.0,5.078973590193881,0.740524781,0.8786776859504133,0.4285714285714285,0.1140065146579804,0.5714285714285714,7.336936913707618,9,14.314,2.729,0
E01016437,Reading 018B,E02003406,Reading 018,6.077844057845504,12.128893661497282,Others,1.0,0.7083333333333334,0.0138888888888888,5.22050596395707,0.8381344307270233,0.910136878,0.3962264150943396,1.6319444444444444,0.1489361702127659,7.273092595999522,4,647.7,6.475,0
E01016438,Reading 017D,E02003405,Reading 017,3.058002599280116,11.121624569110269,Others,1.0,0.7284768211920529,0.0198675496688741,5.974747112510131,0.8323282950896703,0.9134687075128284,0.4311926605504587,0.2159827213822894,0.4166666666666667,7.237059026124737,2,20.55,3.07,0
E01016439,Reading 018C,E02003406,Reading 018,6.077844057845504,11.066396605179724,Others,1.0,0.7083333333333334,0.0138888888888888,4.84521344216218,0.8381344307270233,0.910136878,0.3962264150943396,2.0,0.1176470588235294,7.650644551436897,4,647.7,6.475,0
E01016440,Reading 018D,E02003406,Reading 018,2.4402578981191185,10.866299209135672,Others,1.0,0.7083333333333334,0.0138888888888888,5.163473637777164,0.8381344307270233,0.910136878,0.3962264150943396,0.1311475409836065,0.5,7.330405211844402,3,8.394,2.24,0
E01016441,Reading 018E,E02003406,Reading 018,2.915281149156364,11.733445005147912,Others,1.0,0.7083333333333334,0.0138888888888888,5.157623112260568,0.8381344307270233,0.910136878,0.3962264150943396,0.091264668,0.1071428571428571,7.336285660021297,2,16.751,2.876,0
E01016443,Reading 017F,E02003405,Reading 017,2.290714920423558,10.988918908683596,Others,1.0,0.7284768211920529,0.0198675496688741,5.781515737798772,0.8323282950896703,0.9134687075128284,0.4311926605504587,0.088967972,0.3333333333333333,7.430707082545968,2,9.124,2.315,0
E01016444,Slough 004A,E02003410,Slough 004,1.955860479908481,10.454112019009596,Others,1.0,0.9404761904761904,0.0,5.444785253869623,0.7908982748364068,0.8939967550027041,0.25,0.100864553314121,0.2857142857142857,7.459338895220296,3,5.656,1.896,0
E01016445,Slough 004B,E02003410,Slough 004,2.279725798847963,11.669823795118129,Others,1.0,0.9404761904761904,0.0,5.342374061377254,0.7908982748364068,0.8939967550027041,0.25,0.03900156,0.3333333333333333,7.562161631225652,3,7.259,2.111,0
E01016446,Slough 004C,E02003410,Slough 004,2.345261367274482,10.761746548158834,Others,1.0,0.9404761904761904,0.0,5.372855158227256,0.7908982748364068,0.8939967550027041,0.25,0.1072386058981233,0.375,7.531552381407289,4,9.202,2.323,0
E01016447,Slough 004D,E02003410,Slough 004,2.352897906867635,10.903717566392242,Others,1.0,0.9404761904761904,0.0,5.276797296449617,0.7908982748364068,0.8939967550027041,0.25,0.085199611,0.4285714285714285,7.628031126930335,4,9.69,2.369,0
E01016448,Slough 004E,E02003410,Slough 004,3.867569424673841,10.9773545188914,Others,1.0,0.9404761904761904,0.0,5.045110619513409,0.7908982748364068,0.8939967550027041,0.25,0.3085229463941381,0.375,7.860956364876389,4,58.402,4.084,0
E01016449,Slough 004F,E02003410,Slough 004,2.974866080872606,10.746529942668444,Others,1.0,0.9404761904761904,0.0,5.079418784604882,0.7908982748364068,0.8939967550027041,0.25,0.1596806387225549,0.4375,7.826443135456014,3,21.432,3.11,0
E01016450,Slough 001A,E02003407,Slough 001,2.09777249836456,12.093469297102764,Others,1.0,0.9423076923076924,0.0,4.979137020157201,0.7424173834314169,0.8878604485582058,0.3617021276595745,0.024570025,0.25,7.395721608602045,2,6.465,2.01,0
E01016451,Slough 001B,E02003407,Slough 001,2.722478937754331,11.305245659813844,Others,1.0,0.9423076923076924,0.0,4.855464571425569,0.7424173834314169,0.8878604485582058,0.3617021276595745,0.094902386,0.4285714285714285,7.520234556474628,2,11.682,2.54,0
E01016452,Slough 001C,E02003407,Slough 001,2.845490610223448,11.07969339830934,Others,1.0,0.9423076923076924,0.0,4.757711990661949,0.7424173834314169,0.8878604485582058,0.3617021276595745,0.1228501228501228,0.3,7.618742377670413,4,16.808,2.88,0
E01016453,Slough 001D,E02003407,Slough 001,2.832330601612547,11.288856485579515,Others,1.0,0.9423076923076924,0.0,4.917651889468496,0.7424173834314169,0.8878604485582058,0.3617021276595745,0.115473441108545,0.375,7.457609289715606,4,15.916,2.828,0
E01016454,Slough 001E,E02003407,Slough 001,2.1532726898070367,11.240210819640234,Others,1.0,0.9423076923076924,0.0,4.918798842691365,0.7424173834314169,0.8878604485582058,0.3617021276595745,0.0578034682080924,0.25,7.456454555176209,3,6.545,2.021,0
E01016455,Slough 001F,E02003407,Slough 001,2.5863344424181136,11.495260351562662,Others,1.0,0.9423076923076924,0.0,4.699085650734949,0.7424173834314169,0.8878604485582058,0.3617021276595745,0.057897175,0.4,7.67786350067821,4,12.143,2.576,0
E01016456,Slough 016D,E02007069,Slough 016,5.411797826051039,11.062332229244316,Others,1.0,0.8191489361702128,0.0106382978723404,5.188798882003842,0.805625,0.9143253555324315,0.4125,1.5597147950089127,0.3571428571428571,7.716460800176355,2,147.51,5.001,0
E01016457,Slough 016C,E02007069,Slough 016,2.1583682422336365,11.533652501469842,Others,1.0,0.8191489361702128,0.0106382978723404,5.224901604640655,0.805625,0.9143253555324315,0.4125,0.034658041,0.3333333333333333,7.68017564043659,4,6.744,2.047,0
E01016460,Slough 016A,E02007069,Slough 016,3.194009197138073,10.97620066767855,Others,1.0,0.8191489361702128,0.0106382978723404,5.219401474759351,0.805625,0.9143253555324315,0.4125,0.1838235294117647,0.375,7.685703061234547,5,23.904,3.215,0
E01016462,Slough 009A,E02003415,Slough 009,4.262778463730784,11.107575350250071,Others,1.0,0.8503937007874016,0.007874016,5.334714695296177,0.810400188,0.9210738421476844,0.3928571428571428,0.3870254330998894,0.238095238095238,7.906178840394815,3,69.738,4.259,0
E01016463,Slough 009B,E02003415,Slough 009,3.028151059809492,10.630755164324649,Others,1.0,0.8503937007874016,0.007874016,5.589742425278652,0.810400188,0.9210738421476844,0.3928571428571428,0.2261904761904762,0.2631578947368421,7.650168700845001,2,13.745,2.691,0
E01016464,Slough 009C,E02003415,Slough 009,2.5483508223445352,10.66567517920891,Others,1.0,0.8503937007874016,0.007874016,5.477285440542495,0.810400188,0.9210738421476844,0.3928571428571428,0.1169715014887282,0.3636363636363636,7.763021309018518,2,15.245,2.788,0
E01016465,Slough 009D,E02003415,Slough 009,5.555193521933751,11.465832692749,Others,1.0,0.8503937007874016,0.007874016,5.142000915658413,0.810400188,0.9210738421476844,0.3928571428571428,0.8199210446401458,0.1666666666666666,8.099857910737585,3,484.563,6.185,0
E01016467,Slough 006A,E02003412,Slough 006,2.98547989708964,10.96534674763858,Others,1.0,0.922077922,0.0,5.393212139362936,0.7608131487889274,0.9046679815910584,0.3188405797101449,0.2062182741116751,0.3076923076923077,7.3632795869630385,4,23.509,3.199,0
E01016468,Slough 006B,E02003412,Slough 006,2.9342291409599413,10.91129526513667,Others,1.0,0.922077922,0.0,5.162661351698442,0.7608131487889274,0.9046679815910584,0.3188405797101449,0.1635631605435329,0.3076923076923077,7.59488438721652,7,19.811,3.035,0
E01016469,Slough 006C,E02003412,Slough 006,3.2933151706830346,11.144076720099788,Others,1.0,0.922077922,0.0,5.150230109243983,0.7608131487889274,0.9046679815910584,0.3188405797101449,0.1863817097415507,0.4,7.607381425639791,5,31.32,3.476,0
E01016470,Slough 006D,E02003412,Slough 006,2.9342291409599413,10.991336568892574,Others,1.0,0.922077922,0.0,5.2187657523258775,0.7608131487889274,0.9046679815910584,0.3188405797101449,0.1597444089456869,0.5,7.538494999413465,6,19.811,3.035,0
E01016471,Slough 006E,E02003412,Slough 006,2.2623879032426326,11.414104339529349,Others,1.0,0.922077922,0.0,5.382532149958073,0.7608131487889274,0.9046679815910584,0.3188405797101449,0.059635907,0.4736842105263157,7.374001859350161,6,7.967,2.194,0
E01016472,Slough 006F,E02003412,Slough 006,2.2097019655139896,11.164060317694704,Others,1.0,0.922077922,0.0,5.296407080245425,0.7608131487889274,0.9046679815910584,0.3188405797101449,0.066206102,0.3478260869565217,7.460490305825338,5,6.837,2.059,0
E01016473,Slough 008A,E02003412,Slough 006,5.775563455750787,12.58490470659185,Others,1.0,0.922077922,0.0,4.79613555758933,0.7608131487889274,0.9046679815910584,0.3188405797101449,0.3827418232428671,0.1818181818181818,7.963807953231451,6,471.417,6.158,0
E01016479,Slough 014A,E02003420,Slough 014,6.083095238617433,12.550315419625402,Others,1.0,0.75,0.007352941,5.805855467828649,0.8775267538644471,0.8352076124567474,0.25,0.885208452,0.032258064516129,7.468513271496337,5,450.135,6.112,0
E01016480,Slough 014B,E02003420,Slough 014,4.1853880769851335,11.631204223146526,Others,1.0,0.75,0.007352941,5.914655723685513,0.8775267538644471,0.8352076124567474,0.25,0.3662420382165605,0.391304347826087,7.359467638255621,2,49.629,3.925,0
E01016481,Slough 014C,E02003420,Slough 014,3.679889162275804,11.853086344720444,Others,1.0,0.75,0.007352941,5.940394825937291,0.8775267538644471,0.8352076124567474,0.25,0.1797385620915032,0.2727272727272727,7.333676395657684,4,34.973,3.583,0
E01016482,Slough 014D,E02003420,Slough 014,6.083095238617433,10.73729672796834,Others,1.0,0.75,0.007352941,5.608702508900417,0.8775267538644471,0.8352076124567474,0.25,2.0,0.1578947368421052,7.666221925662725,6,450.135,6.112,0
E01016490,Slough 013B,E02003419,Slough 013,5.8887200511293525,12.675921054396516,Others,1.0,0.875,0.0138888888888888,4.918578906558785,0.768888889,0.8982344772862527,0.4333333333333333,0.5092802172928927,0.1111111111111111,7.700747794511798,3,392.52,5.975,0
E01016491,Slough 013C,E02003419,Slough 013,2.819233730062825,10.581800244137618,Others,1.0,0.875,0.0138888888888888,5.082995708413857,0.768888889,0.8982344772862527,0.4333333333333333,0.2136752136752136,0.4375,7.535296702444088,7,20.112,3.05,0
E01016492,Slough 013D,E02003419,Slough 013,4.414191262102954,10.59195367205412,Others,1.0,0.875,0.0138888888888888,5.068241950540398,0.768888889,0.8982344772862527,0.4333333333333333,1.0789473684210529,0.1463414634146341,7.550135342488429,6,108.025,4.692,0
E01016493,Slough 003A,E02003409,Slough 003,2.038489330348406,11.060534204342982,Others,1.0,0.8425925925925926,0.009259259,5.92350702368208,0.8179501385041551,0.9106472180976504,0.425531915,0.083267248,0.2857142857142857,7.140453043101158,7,5.855,1.925,0
E01016494,Slough 003B,E02003409,Slough 003,5.83898330632491,11.4910697887535,Others,1.0,0.8425925925925926,0.009259259,5.449988220131035,0.8179501385041551,0.9106472180976504,0.425531915,1.7258382642998027,0.1428571428571428,7.615298339825815,5,298.984,5.704,0
E01016495,Slough 003C,E02003409,Slough 003,4.05997738491825,11.461168905397194,Others,1.0,0.8425925925925926,0.009259259,5.711999636725121,0.8179501385041551,0.9106472180976504,0.425531915,0.3848620910840282,0.1666666666666666,7.352441100243583,7,54.62,4.019,0
E01016496,Slough 003D,E02003409,Slough 003,2.4399092838572645,11.376735302853278,Others,1.0,0.8425925925925926,0.009259259,5.833581063619128,0.8179501385041551,0.9106472180976504,0.425531915,0.086956522,0.375,7.2305631534092925,4,11.688,2.541,0
E01016497,Slough 003E,E02003409,Slough 003,2.910827766463547,10.88656379839829,Others,1.0,0.8425925925925926,0.009259259,5.835750978729393,0.8179501385041551,0.9106472180976504,0.425531915,0.2360203340595497,0.3846153846153846,7.228388451573604,10,16.4,2.856,0
E01016498,Slough 003F,E02003409,Slough 003,2.1390067790172265,12.14033874354285,Others,1.0,0.8425925925925926,0.009259259,5.634545826107464,0.8179501385041551,0.9106472180976504,0.425531915,0.023738872,0.25,7.430114138561801,4,6.526,2.018,0
E01016499,Slough 003G,E02003409,Slough 003,7.249355061527955,13.475832461479042,Others,1.0,0.8425925925925926,0.009259259,5.7787643871069045,0.8179501385041551,0.9106472180976504,0.425531915,1.3545953360768177,0.1139240506329113,7.285506548522785,3,994.731,6.903,0
E01016500,Slough 012A,E02003418,Slough 012,2.3603821917202623,11.209231785599863,Others,1.0,0.948051948,0.0,5.274678820083467,0.7040720585475699,0.8739612188365651,0.4864864864864865,0.068277311,0.2307692307692307,7.552237287560802,7,11.806,2.55,0
E01016501,Slough 012B,E02003418,Slough 012,2.6651427000909336,11.110221541281334,Others,1.0,0.948051948,0.0,5.31466470176101,0.7040720585475699,0.8739612188365651,0.4864864864864865,0.1093493712411153,0.375,7.512071245835466,4,14.164,2.719,0
E01016502,Slough 012C,E02003418,Slough 012,2.993930651607363,10.831146751147443,Others,1.0,0.948051948,0.0,5.419593686044029,0.7040720585475699,0.8739612188365651,0.4864864864864865,0.2278250303766707,0.3333333333333333,7.40671073017764,6,16.795,2.879,0
E01016503,Slough 012D,E02003418,Slough 012,2.441128902442105,10.749472646860996,Others,1.0,0.948051948,0.0,5.363166186839797,0.7040720585475699,0.8739612188365651,0.4864864864864865,0.1291618828932261,0.3333333333333333,7.463363045520021,5,11.83,2.552,0
E01016504,Slough 012E,E02003418,Slough 012,2.6160811003388065,10.939611562561437,Others,1.0,0.948051948,0.0,5.428708102856821,0.7040720585475699,0.8739612188365651,0.4864864864864865,0.137952176578786,0.3333333333333333,7.397561535524052,6,16.946,2.887,0
E01016505,Slough 012F,E02003418,Slough 012,3.604954219176175,11.08299672941623,Others,1.0,0.948051948,0.0,5.280443306262648,0.7040720585475699,0.8739612188365651,0.4864864864864865,0.2905441098784997,0.2727272727272727,7.546446273746024,5,29.433,3.416,0
E01016506,Slough 010A,E02003416,Slough 010,3.881728732794545,12.115732517608247,Others,1.0,0.8725490196078431,0.0,5.524923284835346,0.7947034857401539,0.8992695117262591,0.425531915,0.1382243487506645,0.1346153846153846,7.540090320145325,6,59.419,4.101,0
E01016507,Slough 010B,E02003416,Slough 010,2.959534985242103,11.01804427269851,Others,1.0,0.8725490196078431,0.0,5.495191107556832,0.7947034857401539,0.8992695117262591,0.425531915,0.1547987616099071,0.25,7.569927655242652,6,20.22,3.055,0
E01016508,Slough 010C,E02003416,Slough 010,5.163596695583724,11.595620037954117,Others,1.0,0.8725490196078431,0.0,5.299501489275918,0.7947034857401539,0.8992695117262591,0.425531915,0.6782534972445952,0.375,7.766416898019655,8,146.218,4.992,0
E01016509,Slough 010D,E02003416,Slough 010,3.1270675063840128,10.734448554859624,Others,1.0,0.8725490196078431,0.0,5.588330289860286,0.7947034857401539,0.8992695117262591,0.425531915,0.2691218130311614,0.3684210526315789,7.476472381163905,6,22.159,3.142,0
E01016510,Slough 010E,E02003416,Slough 010,2.9323663979321712,10.766229817452608,Others,1.0,0.8725490196078431,0.0,5.363081093910864,0.7947034857401539,0.8992695117262591,0.425531915,0.1694532309082693,0.3333333333333333,7.7025561132685825,9,17.129,2.898,0
E01016511,Slough 011A,E02003417,Slough 011,3.892024358921456,10.88454386310167,Others,1.0,0.8516483516483516,0.005494505,5.607468288379043,0.7988153677633981,0.9044760966287436,0.4580645161290322,0.3152364273204903,0.2222222222222222,7.957177323459475,2,60.886,4.125,0
E01016514,Slough 011D,E02003417,Slough 011,3.977885649527849,10.866757285604278,Others,1.0,0.8516483516483516,0.005494505,5.858216254689954,0.7988153677633981,0.9044760966287436,0.4580645161290322,0.4504504504504504,0.3,7.7057128238944275,4,43.753,3.801,0
E01016515,Slough 011E,E02003417,Slough 011,3.069122130782042,11.13328890939415,Others,1.0,0.8516483516483516,0.005494505,5.898549713805252,0.7988153677633981,0.9044760966287436,0.4580645161290322,0.1407129455909943,0.3333333333333333,7.665284718471351,9,27.252,3.341,0
E01016522,Windsor and Maidenhead 017A,E02003437,Windsor and Maidenhead 017,2.858938422035998,10.998656039331951,Others,1.0,0.8629032258064516,0.0,5.7226581403878285,0.8232887720067207,0.8971123829344433,0.5130434782608696,0.145733969263381,0.2727272727272727,7.543273346705446,10,15.258,2.789,0
E01016523,Windsor and Maidenhead 017B,E02003437,Windsor and Maidenhead 017,4.9302636434380185,10.976369873371032,Others,1.0,0.8629032258064516,0.0,5.872912384880812,0.8232887720067207,0.8971123829344433,0.5130434782608696,1.447935921133703,0.2553191489361702,7.392647520721623,9,150.598,5.021,0
E01016524,Windsor and Maidenhead 017C,E02003437,Windsor and Maidenhead 017,4.869002602961302,11.268284692255042,Others,1.0,0.8629032258064516,0.0,5.589395959143117,0.8232887720067207,0.8971123829344433,0.5130434782608696,0.7649513212795549,0.2424242424242424,7.67693714581808,10,104.459,4.658,0
E01016525,Windsor and Maidenhead 005A,E02003425,Windsor and Maidenhead 005,4.595412736532111,11.655546232608543,Others,1.0,0.8142292490118577,0.003952569,6.301086736265483,0.825783566,0.8988111046884032,0.5314009661835749,0.4468980021030494,0.2941176470588235,7.551186867296149,10,179.313,5.195,0
E01016526,Windsor and Maidenhead 006A,E02003426,Windsor and Maidenhead 006,3.924406018473474,11.667884389508286,Others,1.0,0.9404761904761904,0.0,5.371619296665906,0.7623438429506246,0.8520408163265305,0.5609756097560976,0.2220480668756531,0.1764705882352941,7.557472901614746,10,48.808,3.908,0
E01016527,Windsor and Maidenhead 006B,E02003426,Windsor and Maidenhead 006,4.100972548512321,11.589878930320085,Others,1.0,0.9404761904761904,0.0,5.521210734777933,0.7623438429506246,0.8520408163265305,0.5609756097560976,0.3339404978749241,0.3636363636363636,7.4073177104694174,10,56.104,4.045,0
E01016528,Windsor and Maidenhead 005B,E02003425,Windsor and Maidenhead 005,4.273034532782005,11.192083917336856,Others,1.0,0.8142292490118577,0.003952569,6.365020859222351,0.825783566,0.8988111046884032,0.5314009661835749,0.546524664,0.1794871794871795,7.487173694213739,9,98.152,4.597,0
E01016529,Windsor and Maidenhead 005C,E02003425,Windsor and Maidenhead 005,4.1560196125374524,11.40466710381734,Others,1.0,0.8142292490118577,0.003952569,6.070252014615874,0.825783566,0.8988111046884032,0.5314009661835749,0.2920317062995411,0.1428571428571428,7.7823903355874595,5,46.523,3.861,0
E01016530,Windsor and Maidenhead 002A,E02003422,Windsor and Maidenhead 002,3.173501818979884,11.0883365134257,Others,1.0,0.863013699,0.0,6.4399593391227645,0.802349001,0.90494360000834,0.4975609756097561,0.2135448444173276,0.2857142857142857,7.402451520818244,7,22.422,3.154,0
E01016531,Windsor and Maidenhead 002B,E02003422,Windsor and Maidenhead 002,3.978671798375076,10.644419630249129,Others,0.0,0.863013699,0.0,6.533784941174083,0.802349001,0.90494360000834,0.4975609756097561,0.8378016085790885,0.36,7.30854279753919,9,47.618,3.884,0
E01016532,Windsor and Maidenhead 002C,E02003422,Windsor and Maidenhead 002,4.538175317163813,11.435190924760809,Others,1.0,0.863013699,0.0,6.271650812556588,0.802349001,0.90494360000834,0.4975609756097561,0.5154639175257731,0.4,7.57095858316901,10,82.942,4.43,0
E01016533,Windsor and Maidenhead 002D,E02003422,Windsor and Maidenhead 002,3.586265164124135,11.110299892989367,Others,1.0,0.863013699,0.0,6.26856864445129,0.802349001,0.90494360000834,0.4975609756097561,0.2697841726618705,0.3333333333333333,7.574045005372199,10,36.154,3.615,0
E01016534,Windsor and Maidenhead 006C,E02003426,Windsor and Maidenhead 006,3.637717730018004,11.029650155291243,Others,1.0,0.9404761904761904,0.0,5.533992158963646,0.7623438429506246,0.8520408163265305,0.5609756097560976,0.3690036900369003,0.4166666666666667,7.394493107219038,10,30.286,3.443,0
E01016536,Windsor and Maidenhead 005D,E02003425,Windsor and Maidenhead 005,4.659156351341846,10.72450488653819,Others,1.0,0.8142292490118577,0.003952569,6.231665324416046,0.825783566,0.8988111046884032,0.5314009661835749,1.1280039234919077,0.1304347826086956,7.620705086838262,7,110.717,4.716,0
E01016539,Windsor and Maidenhead 009A,E02003429,Windsor and Maidenhead 009,3.653252276470785,11.333278993609246,Others,1.0,0.9185185185185184,0.0,5.984418900206761,0.8167778378703203,0.8979238754325259,0.5348837209302325,0.2764127764127764,0.4444444444444444,7.395721608602045,9,50.48,3.941,0
E01016540,Windsor and Maidenhead 009B,E02003429,Windsor and Maidenhead 009,4.581604687965383,11.142610985259372,Others,1.0,0.9185185185185184,0.0,5.969218010306432,0.8167778378703203,0.8979238754325259,0.5348837209302325,0.8469449485783425,0.3571428571428571,7.410951875583635,9,65.424,4.196,0
E01016541,Windsor and Maidenhead 009C,E02003429,Windsor and Maidenhead 009,3.667425964894764,11.293760174084388,Others,1.0,0.9185185185185184,0.0,6.144974947788786,0.8167778378703203,0.8979238754325259,0.5348837209302325,0.3427128427128427,0.2631578947368421,7.234898420314831,10,62.841,4.156,0
E01016542,Windsor and Maidenhead 009D,E02003429,Windsor and Maidenhead 009,3.002161561318895,11.350627426107,Others,1.0,0.9185185185185184,0.0,6.238507230196599,0.8167778378703203,0.8979238754325259,0.5348837209302325,0.1782884310618066,0.5555555555555556,7.141245122350491,7,13.426,2.669,0
E01016543,Windsor and Maidenhead 009E,E02003429,Windsor and Maidenhead 009,4.02006990951128,10.961021052019149,Others,1.0,0.9185185185185184,0.0,5.798831467262778,0.8167778378703203,0.8979238754325259,0.5348837209302325,0.4844467108618052,0.3684210526315789,7.581719640125308,8,60.999,4.127,0
E01016544,Windsor and Maidenhead 010A,E02003430,Windsor and Maidenhead 010,6.377561633465294,11.451045380390122,Others,1.0,0.7643312101910829,0.006369427,5.606459363346258,0.8338228263096783,0.9011997993904556,0.4545454545454545,2.0,0.36,7.710653323501202,8,730.251,6.595,0
E01016545,Windsor and Maidenhead 012A,E02003432,Windsor and Maidenhead 012,5.143287967426705,10.79244526042836,Others,1.0,0.8602941176470589,0.007352941,5.568210572199924,0.8,0.908641975,0.4873949579831932,1.5350877192982455,0.3571428571428571,7.732369222284388,7,159.37,5.077,0
E01016546,Windsor and Maidenhead 015A,E02003435,Windsor and Maidenhead 015,4.524870778703362,11.77841341707025,Others,1.0,0.9066666666666666,0.0,5.349351519893324,0.7649275937314024,0.8673822714681441,0.5652173913043478,0.4250151791135397,0.3571428571428571,7.4073177104694174,10,71.908,4.289,0
E01016547,Windsor and Maidenhead 012B,E02003432,Windsor and Maidenhead 012,4.514785854249515,11.006086329036595,Others,1.0,0.8602941176470589,0.007352941,5.831312887657432,0.8,0.908641975,0.4873949579831932,0.8566533409480297,0.4,7.468513271496337,8,82.081,4.42,0
E01016550,Windsor and Maidenhead 012C,E02003432,Windsor and Maidenhead 012,3.966530129926807,12.598137416446615,Others,1.0,0.8602941176470589,0.007352941,5.99832985327225,0.8,0.908641975,0.4873949579831932,0.1181634031060094,0.2857142857142857,7.301147805856032,9,46.341,3.857,0
E01016551,Windsor and Maidenhead 013A,E02003433,Windsor and Maidenhead 013,2.6682693310903653,11.401259929196325,Others,1.0,0.9090909090909092,0.0,4.767594881457275,0.7731755424063116,0.9028925619834712,0.4210526315789473,0.092081031,0.3333333333333333,7.396335293800808,10,12.507,2.603,0
E01016552,Windsor and Maidenhead 012D,E02003432,Windsor and Maidenhead 012,6.43130692705238,10.803774072088608,Others,1.0,0.8602941176470589,0.007352941,5.826201213464587,0.8,0.908641975,0.4873949579831932,2.0,0.0476190476190476,7.473637108496206,9,683.472,6.529,0
E01016553,Windsor and Maidenhead 013B,E02003433,Windsor and Maidenhead 013,3.3106889881406527,11.672934190986217,Others,1.0,0.9090909090909092,0.0,4.809879654224001,0.7731755424063116,0.9028925619834712,0.4210526315789473,0.1441383728379244,0.4444444444444444,7.353722330399631,8,20.456,3.066,0
E01016557,Windsor and Maidenhead 013C,E02003433,Windsor and Maidenhead 013,3.1500400838927467,11.505664725033636,Others,1.0,0.9090909090909092,0.0,4.571798329836711,0.7731755424063116,0.9028925619834712,0.4210526315789473,0.1133501259445843,0.5555555555555556,7.593877844605118,8,21.808,3.127,0
E01016558,Windsor and Maidenhead 013D,E02003433,Windsor and Maidenhead 013,4.030410302926009,11.564605327487833,Others,1.0,0.9090909090909092,0.0,4.850746479606905,0.7731755424063116,0.9028925619834712,0.4210526315789473,0.3504672897196261,0.1428571428571428,7.312553498102598,7,56.951,4.06,0
E01016559,Windsor and Maidenhead 008A,E02003428,Windsor and Maidenhead 008,2.8780179855344348,11.470863118197729,Others,1.0,0.8507462686567164,0.0,5.34125615393316,0.817871094,0.8966262975778546,0.532258065,0.1172922252010723,0.2857142857142857,7.30854279753919,10,15.275,2.79,0
E01016560,Windsor and Maidenhead 008B,E02003428,Windsor and Maidenhead 008,3.173627381395032,10.894314820179684,Others,1.0,0.8507462686567164,0.0,5.252016747945628,0.817871094,0.8966262975778546,0.532258065,0.2604166666666667,0.4117647058823529,7.398174092970465,5,32.981,3.526,0
E01016561,Windsor and Maidenhead 008C,E02003428,Windsor and Maidenhead 008,5.400115544609073,11.204745857162914,Others,1.0,0.8507462686567164,0.0,5.138142200664701,0.817871094,0.8966262975778546,0.532258065,1.639344262295082,0.1666666666666666,7.5126175446745105,10,315.884,5.759,0
E01016562,Windsor and Maidenhead 008D,E02003428,Windsor and Maidenhead 008,3.173627381395032,11.242616054588511,Others,1.0,0.8507462686567164,0.0,5.398933691764369,0.817871094,0.8966262975778546,0.532258065,0.2130681818181818,0.1666666666666666,7.25063551189868,10,32.981,3.526,0
E01016563,Windsor and Maidenhead 008E,E02003428,Windsor and Maidenhead 008,3.899241671063413,11.64220658798198,Others,1.0,0.8507462686567164,0.0,5.438602967541876,0.817871094,0.8966262975778546,0.532258065,0.3141167775314116,0.2941176470588235,7.21081845347222,10,35.43,3.595,0
E01016567,Windsor and Maidenhead 010B,E02003430,Windsor and Maidenhead 010,5.5313993674567135,11.256544266215576,Others,1.0,0.7643312101910829,0.006369427,5.2331559363062885,0.8338228263096783,0.9011997993904556,0.4545454545454545,1.0012322858903266,0.3846153846153846,8.085486772102845,9,214.063,5.371,0
E01016568,Windsor and Maidenhead 010C,E02003430,Windsor and Maidenhead 010,2.5700134364185585,11.605430888674649,Others,0.0,0.7643312101910829,0.006369427,6.145778526039355,0.8338228263096783,0.9011997993904556,0.4545454545454545,0.084680523,0.3181818181818182,7.170119543449628,7,11.949,2.561,0
E01016569,Windsor and Maidenhead 010D,E02003430,Windsor and Maidenhead 010,2.7689571360057315,10.998242410876934,Others,0.0,0.7643312101910829,0.006369427,6.288416355531363,0.8338228263096783,0.9011997993904556,0.4545454545454545,0.2220248667850799,0.3,7.027314514039777,6,10.96,2.482,0
E01016570,Windsor and Maidenhead 001A,E02003421,Windsor and Maidenhead 001,2.4585626744483986,12.01025098643126,Others,1.0,0.8679245283018868,0.0,5.032092431502034,0.78,0.8727810650887574,0.58,0.039585871,0.2307692307692307,7.404279118037268,10,11.991,2.564,0
E01016572,Windsor and Maidenhead 001B,E02003421,Windsor and Maidenhead 001,3.758871825933971,10.748423101050973,Others,1.0,0.8679245283018868,0.0,5.274281783598656,0.78,0.8727810650887574,0.58,0.6993006993006993,0.3333333333333333,7.160845906664299,9,40.339,3.722,0
E01016575,Windsor and Maidenhead 016A,E02003436,Windsor and Maidenhead 016,2.9940809108047604,10.974403137513908,Others,1.0,0.9292929292929292,0.0,5.529090909375462,0.7604166666666666,0.905997693,0.4791666666666667,0.1698902247778358,0.3076923076923077,7.5569505720129,9,17.952,2.942,0
E01016576,Windsor and Maidenhead 016B,E02003436,Windsor and Maidenhead 016,3.5624087900599872,11.134545227670822,Others,1.0,0.9292929292929292,0.0,5.5369317732113,0.7604166666666666,0.905997693,0.4791666666666667,0.2634351949420442,0.3,7.549082710812286,8,36.619,3.628,0
E01016578,Windsor and Maidenhead 002E,E02003422,Windsor and Maidenhead 002,5.343534488330686,11.291000401767002,Others,0.0,0.863013699,0.0,6.34419992294694,0.802349001,0.90494360000834,0.4975609756097561,1.441241685144124,0.2307692307692307,7.498315870766981,8,182.115,5.21,0
E01016579,Windsor and Maidenhead 002F,E02003422,Windsor and Maidenhead 002,5.030947595408134,11.74983515996525,Others,0.0,0.863013699,0.0,6.319065503695869,0.802349001,0.90494360000834,0.4975609756097561,0.6486486486486487,0.3333333333333333,7.523481312573497,6,181.618,5.207,0
E01016580,Windsor and Maidenhead 008F,E02003428,Windsor and Maidenhead 008,2.740646456805198,11.584186823222751,Others,1.0,0.8507462686567164,0.0,5.274206977916107,0.817871094,0.8966262975778546,0.532258065,0.084586466,0.2592592592592592,7.375882148215011,5,13.835,2.697,0
E01016581,Windsor and Maidenhead 002G,E02003422,Windsor and Maidenhead 002,3.33797355149512,10.679600855732645,Others,0.0,0.863013699,0.0,6.5486186097176455,0.802349001,0.90494360000834,0.4975609756097561,0.4251700680272108,0.28,7.293697720601438,7,28.263,3.376,0
E01016582,Windsor and Maidenhead 001C,E02003421,Windsor and Maidenhead 001,3.0437602425645727,11.512135152755784,Others,1.0,0.8679245283018868,0.0,5.017677267826133,0.78,0.8727810650887574,0.58,0.120048019207683,0.375,7.418780882750794,8,22.938,3.175,0
E01016583,Windsor and Maidenhead 004A,E02003424,Windsor and Maidenhead 004,3.4853546896688785,11.27829114694052,Others,1.0,0.9148936170212766,0.0,5.423447696650141,0.782608696,0.8730194658216388,0.5842696629213483,0.2028397565922921,0.375,7.587310506022615,10,26.866,3.327,0
E01016584,Windsor and Maidenhead 005E,E02003425,Windsor and Maidenhead 005,3.3635647401886004,11.360036937012037,Others,1.0,0.8142292490118577,0.003952569,6.067342701030235,0.825783566,0.8988111046884032,0.5314009661835749,0.1351913477537437,0.4615384615384615,7.785305182539862,8,23.472,3.198,0
E01016585,Windsor and Maidenhead 004B,E02003424,Windsor and Maidenhead 004,3.3766655894728235,11.105343706572803,Others,1.0,0.9148936170212766,0.0,5.567165454895342,0.782608696,0.8730194658216388,0.5842696629213483,0.2489748096074985,0.4117647058823529,7.443078374348516,10,32.305,3.506,0
E01016586,Windsor and Maidenhead 004C,E02003424,Windsor and Maidenhead 004,3.186187330244668,10.649595840455504,Others,1.0,0.9148936170212766,0.0,5.810645973955398,0.782608696,0.8730194658216388,0.5842696629213483,0.4113687359760658,0.1818181818181818,7.198931240688173,10,47.394,3.879,0
E01016587,Windsor and Maidenhead 016C,E02003436,Windsor and Maidenhead 016,3.0630170203595872,11.309204566810385,Others,1.0,0.9292929292929292,0.0,5.600874214014757,0.7604166666666666,0.905997693,0.4791666666666667,0.1404494382022472,0.4,7.484930283289661,9,17.891,2.939,0
E01016588,Windsor and Maidenhead 016D,E02003436,Windsor and Maidenhead 016,3.3824561908429147,10.686463132140393,Others,1.0,0.9292929292929292,0.0,5.574909851065288,0.7604166666666666,0.905997693,0.4791666666666667,0.3557744937055281,0.3846153846153846,7.510977752014095,6,27.965,3.366,0
E01016589,Windsor and Maidenhead 016E,E02003436,Windsor and Maidenhead 016,4.095427309173338,11.1489271317021,Others,1.0,0.9292929292929292,0.0,5.652572224676695,0.7604166666666666,0.905997693,0.4791666666666667,0.5029585798816568,0.2941176470588235,7.43307534889858,10,73.761,4.314,0
E01016591,Windsor and Maidenhead 004D,E02003424,Windsor and Maidenhead 004,3.7313401053027,11.308002407686212,Others,1.0,0.9148936170212766,0.0,5.14762406461272,0.782608696,0.8730194658216388,0.5842696629213483,0.1921598770176787,0.4,7.864419904994565,10,30.735,3.457,0
E01016592,Windsor and Maidenhead 004E,E02003424,Windsor and Maidenhead 004,4.793233560286093,11.692677055561546,Others,1.0,0.9148936170212766,0.0,5.325463924144085,0.782608696,0.8730194658216388,0.5842696629213483,0.4595588235294117,0.5,7.685703061234547,10,125.443,4.84,0
E01016595,Windsor and Maidenhead 015B,E02003435,Windsor and Maidenhead 015,4.859106729074836,10.904677396677664,Others,1.0,0.9066666666666666,0.0,5.189030116033827,0.7649275937314024,0.8673822714681441,0.5652173913043478,1.2144702842377262,0.7446808510638298,7.568379267836522,9,104.328,4.657,0
E01016596,Windsor and Maidenhead 015C,E02003435,Windsor and Maidenhead 015,4.187303495162183,11.185129480581873,Others,1.0,0.9066666666666666,0.0,5.196251204534617,0.7649275937314024,0.8673822714681441,0.5652173913043478,0.4685059864653826,0.3333333333333333,7.561121589530238,10,55.405,4.033,0
E01016597,Windsor and Maidenhead 015D,E02003435,Windsor and Maidenhead 015,2.9914732166336075,11.339377309095273,Others,1.0,0.9066666666666666,0.0,5.298701020583345,0.7649275937314024,0.8673822714681441,0.5652173913043478,0.1298326601269475,0.3333333333333333,7.458186157340487,10,25.763,3.287,0
E01016598,Windsor and Maidenhead 006D,E02003426,Windsor and Maidenhead 006,3.008006634429379,11.156108952569596,Others,1.0,0.9404761904761904,0.0,5.64537884868485,0.7623438429506246,0.8520408163265305,0.5609756097560976,0.1891334250343879,0.2727272727272727,7.282761179605593,10,17.957,2.942,0
E01016600,Windsor and Maidenhead 001D,E02003421,Windsor and Maidenhead 001,2.890871632937816,11.48447748839049,Others,1.0,0.8679245283018868,0.0,5.392366113205187,0.78,0.8727810650887574,0.58,0.153105861767279,0.4285714285714285,7.042286171939743,10,18.142,2.952,0
E01016601,Windsor and Maidenhead 006E,E02003426,Windsor and Maidenhead 006,2.817801065061329,11.561090036672097,Others,1.0,0.9404761904761904,0.0,5.49554211001467,0.7623438429506246,0.8520408163265305,0.5609756097560976,0.088757396,0.3333333333333333,7.43307534889858,10,14.39,2.734,0
E01016602,Windsor and Maidenhead 006F,E02003426,Windsor and Maidenhead 006,3.320095780225114,11.1718754328806,Others,1.0,0.9404761904761904,0.0,5.545080269360203,0.7623438429506246,0.8520408163265305,0.5609756097560976,0.2332089552238806,0.4,7.383368146992383,10,25.924,3.293,0
E01016603,Windsor and Maidenhead 018A,E02003438,Windsor and Maidenhead 018,3.9394825183242967,11.18427654623784,Others,1.0,0.9,0.00625,5.994787292343854,0.7767895362663496,0.8812942526007674,0.5586206896551724,0.3865267807840972,0.3571428571428571,7.502186486602924,10,46.539,3.862,0
E01016604,Windsor and Maidenhead 018B,E02003438,Windsor and Maidenhead 018,4.4405077844239536,11.336414991081003,Others,1.0,0.9,0.00625,5.800291115455512,0.7767895362663496,0.8812942526007674,0.5586206896551724,0.4543389368468877,0.4,7.697121317282625,10,86.07,4.467,0
E01016605,Windsor and Maidenhead 018C,E02003438,Windsor and Maidenhead 018,3.8405484857694567,11.196605206379829,Others,1.0,0.9,0.00625,6.059647622998968,0.7767895362663496,0.8812942526007674,0.5586206896551724,0.3682969946965232,0.36,7.437206366871292,9,40.693,3.73,0
E01016606,Windsor and Maidenhead 018D,E02003438,Windsor and Maidenhead 018,3.726753106542018,11.465819675562477,Others,1.0,0.9,0.00625,5.993686291215646,0.7767895362663496,0.8812942526007674,0.5586206896551724,0.2344180915609487,0.2941176470588235,7.503289630675082,10,38.089,3.666,0
E01016607,Windsor and Maidenhead 018E,E02003438,Windsor and Maidenhead 018,3.8320919581870174,10.455609396820986,Others,1.0,0.9,0.00625,5.887833135335314,0.7767895362663496,0.8812942526007674,0.5586206896551724,0.6448412698412699,0.4615384615384615,7.6093665379542115,10,36.592,3.627,0
E01016608,Windsor and Maidenhead 018F,E02003438,Windsor and Maidenhead 018,3.997191017798024,10.991785721965876,Others,1.0,0.9,0.00625,5.886844314580328,0.7767895362663496,0.8812942526007674,0.5586206896551724,0.4459861248761149,0.3333333333333333,7.610357618312838,9,52.515,3.98,0
E01016609,Windsor and Maidenhead 017D,E02003437,Windsor and Maidenhead 017,4.263763796430644,11.157364186390248,Others,1.0,0.8629032258064516,0.0,5.707977319332255,0.8232887720067207,0.8971123829344433,0.5130434782608696,0.5221932114882507,0.5,7.557994958530806,8,73.206,4.307,0
E01016611,Wokingham 018B,E02003456,Wokingham 018,3.7989662831358495,11.888052778612288,Others,0.0,0.8526315789473684,0.0,5.015495603606266,0.7962293388429752,0.9079861111111112,0.4044943820224719,0.1009421265141319,0.25,7.997326822998097,8,35.772,3.605,0
E01016612,Wokingham 015A,E02003453,Wokingham 015,3.6682174576658406,11.060960817208011,Others,1.0,0.94,0.0,4.524403371930556,0.7535563244905805,0.8888888888888888,0.52,0.218978102189781,0.3333333333333333,7.916078096302786,10,36.382,3.621,0
E01016619,Wokingham 002A,E02003440,Wokingham 002,3.337831506040336,11.065108700358165,Others,1.0,0.8823529411764706,0.0,5.454024965353567,0.769375,0.8877508650519031,0.5769230769230769,0.2535799522673031,0.2941176470588235,7.424761761823209,10,24.022,3.22,0
E01016620,Wokingham 002B,E02003440,Wokingham 002,2.586786113609171,11.670100546272993,Others,1.0,0.8823529411764706,0.0,5.577892340781595,0.769375,0.8877508650519031,0.5769230769230769,0.070945946,0.2857142857142857,7.300472814267799,10,9.974,2.396,0
E01016622,Wokingham 004A,E02003442,Wokingham 004,3.2267249398116,11.217927465497407,Others,1.0,0.9056603773584906,0.0,5.388021108898466,0.728,0.8550295857988166,0.6,0.2831010452961672,0.4615384615384615,7.046647277848756,10,21.183,3.099,0
E01016625,Wokingham 016A,E02003454,Wokingham 016,3.6543656460820606,11.046743855824865,Others,1.0,0.7913043478260869,0.008695652,5.708452853192161,0.8117913832199546,0.8855954631379962,0.5576923076923077,0.3466204506065858,0.5833333333333334,7.4570320891223805,10,38.555,3.678,0
E01016626,Wokingham 013A,E02003451,Wokingham 013,5.310596666414537,11.317324865344291,Others,1.0,0.8041958041958042,0.006993007,5.512864524936869,0.7912946428571428,0.9038881174370164,0.5350877192982456,1.061065396275444,0.2857142857142857,7.745002803515839,8,181.705,5.208,0
E01016627,Wokingham 010A,E02003448,Wokingham 010,4.192438741887882,10.4698120607314,Others,1.0,0.8521739130434782,0.008695652,5.50413522044096,0.7987312572087658,0.9054741953167827,0.5,0.8705882352941177,0.6756756756756757,7.661997558901893,10,47.183,3.875,0
E01016628,Wokingham 010B,E02003448,Wokingham 010,4.050166247109588,11.297035896928913,Others,1.0,0.8521739130434782,0.008695652,4.990054480285695,0.7987312572087658,0.9054741953167827,0.5,0.1964636542239685,0.4285714285714285,8.1786387885907,10,36.574,3.626,0
E01016629,Wokingham 015B,E02003453,Wokingham 015,2.3791756951557583,11.848996600753091,Others,1.0,0.94,0.0,5.186320368831326,0.7535563244905805,0.8888888888888888,0.52,0.0497866287339971,0.2857142857142857,7.249215057114389,10,8.898,2.292,0
E01016630,Wokingham 015C,E02003453,Wokingham 015,2.410272898410964,12.219684581349991,Others,1.0,0.94,0.0,5.106852362737601,0.7535563244905805,0.8888888888888888,0.52,0.032829941,0.2,7.329093736246592,10,9.201,2.322,0
E01016631,Wokingham 016B,E02003454,Wokingham 016,2.3092627477472862,11.845771905560946,Others,1.0,0.7913043478260869,0.008695652,5.954103006322137,0.8117913832199546,0.8855954631379962,0.5576923076923077,0.04804139,0.3076923076923077,7.21081845347222,9,7.352,2.123,0
E01016632,Wokingham 016C,E02003454,Wokingham 016,2.560091422935765,12.120771553420964,Others,1.0,0.7913043478260869,0.008695652,5.611435754112804,0.8117913832199546,0.8855954631379962,0.5576923076923077,0.0340670859538784,0.2307692307692307,7.554334823725748,10,10.758,2.465,0
E01016633,Wokingham 019A,E02003457,Wokingham 019,2.907884182980796,10.963491829200157,Others,1.0,0.9555555555555556,0.0,5.747799360072976,0.7593079584775086,0.8511551571771241,0.5833333333333334,0.2232142857142857,0.4166666666666667,7.20414929203594,10,18.99,2.995,0
E01016634,Wokingham 016D,E02003454,Wokingham 016,5.811928108269866,10.844904574056107,Others,1.0,0.7913043478260869,0.008695652,5.465077290303066,0.8117913832199546,0.8855954631379962,0.5576923076923077,2.0,0.4615384615384615,7.701200180857446,9,341.242,5.836,0
E01016635,Wokingham 015D,E02003453,Wokingham 015,2.697056659627344,12.268401877022088,Others,1.0,0.94,0.0,5.182790377300405,0.7535563244905805,0.8888888888888888,0.52,0.046066619,0.3076923076923077,7.252762418053187,10,12.831,2.627,0
E01016636,Wokingham 019B,E02003457,Wokingham 019,2.5224432533167263,11.349023008033493,Others,1.0,0.9555555555555556,0.0,5.655102473910082,0.7593079584775086,0.8511551571771241,0.5833333333333334,0.091525424,0.2592592592592592,7.297091005160418,10,11.223,2.503,0
E01016637,Wokingham 019C,E02003457,Wokingham 019,2.494526893164991,11.059125838870145,Others,1.0,0.9555555555555556,0.0,5.968636316646588,0.7593079584775086,0.8511551571771241,0.5833333333333334,0.1624883936861652,0.2857142857142857,6.982862751468942,10,9.346,2.337,0
E01016638,Wokingham 019D,E02003457,Wokingham 019,2.3666860184005696,11.909330681563858,Others,1.0,0.9555555555555556,0.0,5.768029096703351,0.7593079584775086,0.8511551571771241,0.5833333333333334,0.049354594,0.2307692307692307,7.183870715062453,10,9.444,2.346,0
E01016639,Wokingham 019E,E02003457,Wokingham 019,3.123949571354745,11.478390379320938,Others,1.0,0.9555555555555556,0.0,5.606969874794212,0.7593079584775086,0.8511551571771241,0.5833333333333334,0.1453488372093023,0.3333333333333333,7.345364840416867,9,17.23,2.903,0
E01016640,Wokingham 019F,E02003457,Wokingham 019,3.7199662146460337,11.156587731250484,Others,1.0,0.9555555555555556,0.0,5.59927629480429,0.7593079584775086,0.8511551571771241,0.5833333333333334,0.3685897435897436,0.391304347826087,7.353081920515432,10,37.856,3.66,0
E01016643,Wokingham 019G,E02003457,Wokingham 019,2.3499456643538834,11.68320396101186,Others,1.0,0.9555555555555556,0.0,5.762744676379786,0.7593079584775086,0.8511551571771241,0.5833333333333334,0.060422961,0.375,7.1891677384203225,10,8.253,2.225,0
E01016644,Wokingham 011A,E02003449,Wokingham 011,3.1891174027039253,11.664237834889835,Others,1.0,0.9452054794520548,0.0,5.486256718094821,0.757716049,0.8638117283950617,0.6056338028169014,0.1354096140825998,0.5,7.298445101508147,10,17.696,2.928,0
E01016645,Wokingham 011B,E02003449,Wokingham 011,2.9574071592323232,10.861652068463094,Others,1.0,0.9452054794520548,0.0,5.457680004404332,0.757716049,0.8638117283950617,0.6056338028169014,0.2302631578947368,0.2857142857142857,7.327123292259293,10,16.183,2.844,0
E01016646,Wokingham 011C,E02003449,Wokingham 011,2.581428216778622,11.7130951258446,Others,1.0,0.9452054794520548,0.0,5.413478970586294,0.757716049,0.8638117283950617,0.6056338028169014,0.062932662,0.25,7.371489295214277,10,12.252,2.584,0
E01016648,Wokingham 011D,E02003449,Wokingham 011,2.5948068454878586,12.084233448333023,Others,1.0,0.9452054794520548,0.0,5.512907052387391,0.757716049,0.8638117283950617,0.6056338028169014,0.0486787204450625,0.3571428571428571,7.271703706887368,10,13.025,2.641,0
E01016649,Wokingham 011E,E02003449,Wokingham 011,3.499714534837974,11.232477554910576,Others,1.0,0.9452054794520548,0.0,5.514293229970456,0.757716049,0.8638117283950617,0.6056338028169014,0.2959610027855153,0.2941176470588235,7.270312886079025,10,28.421,3.382,0
E01016652,Wokingham 008B,E02003446,Wokingham 008,2.267890123197159,11.879772167390437,Others,1.0,0.8783783783783784,0.0,5.565143208077729,0.7773186409550046,0.8515668981047101,0.640625,0.048780488,0.25,7.115582126184454,10,7.694,2.163,0
E01016653,Wokingham 008C,E02003446,Wokingham 008,3.855198653430385,10.90409456229255,Others,1.0,0.8783783783783784,0.0,5.462152877652118,0.7773186409550046,0.8515668981047101,0.640625,0.6231671554252199,0.5882352941176471,7.21890970761906,10,45.39,3.837,0
E01016656,Wokingham 010C,E02003448,Wokingham 010,4.88419489134869,11.224753748853027,Others,0.0,0.8521739130434782,0.008695652,5.885737811497429,0.7987312572087658,0.9054741953167827,0.5,1.207729468599034,0.2857142857142857,7.27931883541462,8,89.549,4.506,0
E01016657,Wokingham 004B,E02003442,Wokingham 004,2.6341883525037546,10.959132414172585,Others,0.0,0.9056603773584906,0.0,5.201285488865644,0.728,0.8550295857988166,0.6,0.1624548736462094,0.3333333333333333,7.234177179749849,10,13.896,2.701,0
E01016658,Wokingham 004C,E02003442,Wokingham 004,3.08593854144014,12.0263776363381,Others,1.0,0.9056603773584906,0.0,4.447040964381952,0.728,0.8550295857988166,0.6,0.0421869726628417,0.2,7.994294986415977,9,15.885,2.826,0
E01016659,Wokingham 004D,E02003442,Wokingham 004,3.2459850273468187,10.807199502203424,Others,1.0,0.9056603773584906,0.0,5.169490176507108,0.728,0.8550295857988166,0.6,0.3496503496503496,0.4,7.266128779556451,9,20.661,3.076,0
E01016660,Wokingham 004E,E02003442,Wokingham 004,2.4556494687208823,12.007064797539766,Others,1.0,0.9056603773584906,0.0,4.987726858847809,0.728,0.8550295857988166,0.6,0.037856727,0.2307692307692307,7.4489161025442,10,9.214,2.324,0
E01016661,Wokingham 007A,E02003445,Wokingham 007,2.6233633929350164,11.618625357815713,Others,1.0,0.9444444444444444,0.0,5.211078691000774,0.6958861976163014,0.8559670781893004,0.5102040816326531,0.085565476,0.3478260869565217,7.20414929203594,10,10.731,2.462,0
E01016663,Wokingham 007B,E02003445,Wokingham 007,2.4424339881104444,11.561820385557278,Others,1.0,0.9444444444444444,0.0,4.996417998984347,0.6958861976163014,0.8559670781893004,0.5102040816326531,0.059952038,0.25,7.419979923661835,9,9.829,2.382,0
E01016665,Wokingham 008D,E02003446,Wokingham 008,3.19092892281725,11.106517769909384,Others,1.0,0.8783783783783784,0.0,5.3445760214099165,0.7773186409550046,0.8515668981047101,0.640625,0.2280130293159609,0.5,7.336936913707618,10,20.119,3.05,0
E01016666,Wokingham 008E,E02003446,Wokingham 008,2.36255067416148,11.525279886483794,Others,1.0,0.8783783783783784,0.0,5.4376375866970745,0.7773186409550046,0.8515668981047101,0.640625,0.06795422,0.2105263157894736,7.243512974665482,10,11.148,2.497,0
E01016670,Wokingham 014A,E02003452,Wokingham 014,3.6621760712793865,11.4602206485382,Others,1.0,0.9285714285714286,0.0,4.702027401940626,0.7294674556213018,0.8657142857142857,0.5384615384615384,0.1343634531407457,0.375,7.999007213243955,10,29.238,3.409,0
E01016671,Wokingham 013B,E02003451,Wokingham 013,3.855960461491606,10.904872825443134,Others,1.0,0.8041958041958042,0.006993007,5.597932670902778,0.7912946428571428,0.9038881174370164,0.5350877192982456,0.4009433962264151,0.4705882352941176,7.659642954564682,10,43.017,3.785,0
E01016672,Wokingham 014B,E02003452,Wokingham 014,3.425955032787882,11.35048552394942,Others,1.0,0.9285714285714286,0.0,4.702027401940626,0.7294674556213018,0.8657142857142857,0.5384615384615384,0.1175680214981525,0.4285714285714285,7.999007213243955,10,23.801,3.211,0
E01016673,Wokingham 013C,E02003451,Wokingham 013,3.1669507520032814,11.32265714338892,Others,1.0,0.8041958041958042,0.006993007,5.762665425483309,0.7912946428571428,0.9038881174370164,0.5350877192982456,0.1530328324986088,0.3636363636363636,7.494430215031565,3,24.171,3.226,0
E01016674,Wokingham 013D,E02003451,Wokingham 013,2.824647348686024,11.878522038012589,Others,1.0,0.8041958041958042,0.006993007,5.415960684956972,0.7912946428571428,0.9038881174370164,0.5350877192982456,0.043222003929273,0.3181818181818182,7.842278779117352,8,10.877,2.475,0
E01016676,Wokingham 001B,E02003439,Wokingham 001,2.9529291512286817,11.19339490427878,Others,0.0,0.8367346938775511,0.0,5.7000621311916975,0.8213666319805758,0.905213753698602,0.4731182795698925,0.1601537475976938,0.4,7.353722330399631,10,16.417,2.857,0
E01016678,Wokingham 001D,E02003439,Wokingham 001,5.514488668120163,11.858599115988577,Others,0.0,0.8367346938775511,0.0,5.73581375256332,0.8213666319805758,0.905213753698602,0.4731182795698925,1.1620185922974768,0.2857142857142857,7.317876198626496,8,350.8,5.863,0
E01016686,Wokingham 007C,E02003445,Wokingham 007,2.2057437415444903,12.097874156014104,Others,1.0,0.9444444444444444,0.0,5.401418575135897,0.6958861976163014,0.8559670781893004,0.5102040816326531,0.040540541,0.3333333333333333,7.01301578963963,10,7.128,2.095,0
E01016687,Wokingham 007D,E02003445,Wokingham 007,2.3383382626998634,11.498516361178012,Others,1.0,0.9444444444444444,0.0,5.252638919189569,0.6958861976163014,0.8559670781893004,0.5102040816326531,0.073700543,0.2105263157894736,7.162397497355718,10,7.812,2.176,0
E01016688,Wokingham 007E,E02003445,Wokingham 007,3.242826699023987,11.497050115811938,Others,1.0,0.9444444444444444,0.0,4.710987431861166,0.6958861976163014,0.8559670781893004,0.5102040816326531,0.112410071942446,0.4,7.707512194600341,10,16.977,2.889,0
E01016689,Wokingham 007F,E02003445,Wokingham 007,2.9496883350525844,11.189975390433116,Others,1.0,0.9444444444444444,0.0,5.209599820574521,0.6958861976163014,0.8559670781893004,0.5102040816326531,0.1857355126300148,0.5,7.205635176410364,10,13.654,2.685,0
E01016690,Wokingham 017C,E02003455,Wokingham 017,6.665239032937496,13.734239061324985,Others,1.0,0.8867924528301887,0.006289308,5.80206555670882,0.8179555555555555,0.896953125,0.5231788079470199,0.3715034965034965,0.2941176470588235,7.735870319952567,7,832.981,6.726,0
E01016691,Wokingham 017D,E02003455,Wokingham 017,3.4182183659964585,11.148334397086742,Others,0.0,0.8867924528301887,0.006289308,6.274431573813117,0.8179555555555555,0.896953125,0.5231788079470199,0.2982456140350877,0.2941176470588235,7.262628600974241,8,26.46,3.313,0
E01016692,Wokingham 002C,E02003440,Wokingham 002,2.661098346206418,11.703704339437724,Others,0.0,0.8823529411764706,0.0,5.521629486029314,0.769375,0.8877508650519031,0.5769230769230769,0.070242656,0.3181818181818182,7.356918242356021,10,12.414,2.596,0
E01016693,Wokingham 002D,E02003440,Wokingham 002,3.0016149367121465,11.6013640373176,Others,0.0,0.8823529411764706,0.0,5.6821268187342415,0.769375,0.8877508650519031,0.5769230769230769,0.1312828207051763,0.5714285714285714,7.195937226475569,10,14.283,2.727,0
E01016694,Wokingham 002E,E02003440,Wokingham 002,3.932354904400064,10.205169478919554,Others,0.0,0.8823529411764706,0.0,5.51465786754915,0.769375,0.8877508650519031,0.5769230769230769,1.173113506658212,0.3243243243243243,7.363913501405819,10,45.043,3.83,0
E01016695,Wokingham 002F,E02003440,Wokingham 002,3.382388260675101,11.86503198955396,Others,0.0,0.8823529411764706,0.0,5.5241768167367225,0.769375,0.8877508650519031,0.5769230769230769,0.1280409731113956,0.5,7.354362330421477,10,28.925,3.399,0
E01016696,Wokingham 013E,E02003451,Wokingham 013,4.996353797270486,10.798731683699913,Others,1.0,0.8041958041958042,0.006993007,5.647063537484725,0.7912946428571428,0.9038881174370164,0.5350877192982456,1.4866204162537169,0.4166666666666667,7.610357618312838,8,146.314,4.993,0
E01016699,Wokingham 016E,E02003454,Wokingham 016,4.08567374577447,11.027783832135368,Others,1.0,0.7913043478260869,0.008695652,5.704430519328773,0.8117913832199546,0.8855954631379962,0.5576923076923077,0.5466052934407365,0.5263157894736842,7.461065514354283,10,55.795,4.039,0
E01016700,Wokingham 010D,E02003448,Wokingham 010,5.151897559698808,11.438672742215903,Others,1.0,0.8521739130434782,0.008695652,5.576547010488493,0.7987312572087658,0.9054741953167827,0.5,0.9362348178137652,0.1891891891891892,7.589335823170617,10,167.594,5.127,0
E01016705,Wokingham 020A,E02003458,Wokingham 020,5.054869061893463,11.145309938135812,Others,1.0,0.9066666666666666,0.0133333333333333,5.30957918792299,0.7756397540170601,0.8807556080283353,0.5142857142857142,1.2938470385278895,0.2222222222222222,7.461640392208575,4,140.952,4.955,0
E01016706,Wokingham 020B,E02003458,Wokingham 020,2.817024180329872,11.40611469184803,Others,1.0,0.9066666666666666,0.0133333333333333,5.331565069394555,0.7756397540170601,0.8807556080283353,0.5142857142857142,0.102880658,0.1428571428571428,7.43955930913332,10,15.181,2.784,0
E01016707,Wokingham 020C,E02003458,Wokingham 020,2.6629830977329023,11.39557858418448,Others,1.0,0.9066666666666666,0.0133333333333333,5.2631905670419785,0.7756397540170601,0.8807556080283353,0.5142857142857142,0.082327113,0.3333333333333333,7.508238774678663,10,12.564,2.607,0
E01016708,Wokingham 020D,E02003458,Wokingham 020,2.848275804086116,11.439320443238811,Others,1.0,0.9066666666666666,0.0133333333333333,5.3356688831102375,0.7756397540170601,0.8807556080283353,0.5142857142857142,0.1033057851239669,0.2857142857142857,7.43543801981455,10,15.86,2.825,0
E01016709,Wokingham 020E,E02003458,Wokingham 020,3.23072534122535,11.147985850287355,Others,1.0,0.9066666666666666,0.0133333333333333,5.321089834935344,0.7756397540170601,0.8807556080283353,0.5142857142857142,0.2036067481093659,0.4285714285714285,7.450079569807499,10,20.104,3.049,0
E01028422,Cherwell 008A,E02005928,Cherwell 008,5.296771171804792,11.481676657425076,Others,0.0,0.8645833333333334,0.0104166666666666,5.489447829162577,0.7895181741335587,0.9030470914127424,0.4505494505494505,1.086380498145204,0.1463414634146341,7.543273346705446,8,155.817,5.055,0
E01028423,Cherwell 008B,E02005928,Cherwell 008,3.1987547468719786,10.863367646234964,Others,0.0,0.8645833333333334,0.0104166666666666,5.635293420141014,0.7895181741335587,0.9030470914127424,0.4505494505494505,0.2760736196319018,0.3333333333333333,7.396948602621014,9,29.392,3.414,0
E01028426,Cherwell 007A,E02005927,Cherwell 007,2.731441153892786,11.779136168550774,Others,1.0,0.8709677419354839,0.0,4.236240462362513,0.7654320987654322,0.892578125,0.4074074074074074,0.055527511,0.3181818181818182,7.591861714889934,9,13.301,2.66,0
E01028427,Cherwell 007B,E02005927,Cherwell 007,4.040961366212455,10.371395236823,Others,1.0,0.8709677419354839,0.0,4.5168116426027325,0.7654320987654322,0.892578125,0.4074074074074074,1.1737089201877935,0.2857142857142857,7.307872780763706,8,50.714,3.946,0
E01028428,Cherwell 007C,E02005927,Cherwell 007,4.040961366212455,12.828102377858905,Others,1.0,0.8709677419354839,0.0,4.62322136459404,0.7654320987654322,0.892578125,0.4074074074074074,0.1120238984316654,0.3333333333333333,7.200424892944957,10,50.714,3.946,0
E01028429,Cherwell 007D,E02005927,Cherwell 007,3.6880791339431673,11.081337096382857,Others,1.0,0.8709677419354839,0.0,4.733456209626527,0.7654320987654322,0.892578125,0.4074074074074074,0.5008347245409015,0.5,7.089243155027514,9,39.911,3.711,0
E01028430,Cherwell 006A,E02005926,Cherwell 006,4.885117421566486,10.996845150375634,Others,1.0,0.8452380952380952,0.0,5.2053627958104585,0.80755608,0.9068512110726644,0.4266666666666667,1.0633156114064766,0.3181818181818182,7.635303886259415,6,117.532,4.775,0
E01028431,Cherwell 006B,E02005926,Cherwell 006,3.588091800301244,10.978649234782567,Others,1.0,0.8452380952380952,0.0,5.397313593295663,0.80755608,0.9068512110726644,0.4266666666666667,0.3516998827667057,0.3333333333333333,7.442492722794441,9,33.901,3.553,0
E01028432,Cherwell 006C,E02005926,Cherwell 006,3.134189016701007,11.047271220565188,Others,1.0,0.8452380952380952,0.0,5.223309534766223,0.80755608,0.9068512110726644,0.4266666666666667,0.1722440944881889,0.3571428571428571,7.617267813628347,7,21.942,3.133,0
E01028433,Cherwell 006D,E02005926,Cherwell 006,2.8387860230912647,11.177932799909652,Others,1.0,0.8452380952380952,0.0,5.469303654699011,0.80755608,0.9068512110726644,0.4266666666666667,0.1417769376181474,0.4444444444444444,7.370230641807081,10,15.791,2.821,0
E01028434,Cherwell 006E,E02005926,Cherwell 006,3.8279890098181366,11.358119570536754,Others,1.0,0.8452380952380952,0.0,5.112743498979219,0.80755608,0.9068512110726644,0.4266666666666667,0.2311756935270806,0.3333333333333333,7.7284157798410416,9,40.687,3.73,0
E01028435,Cherwell 004A,E02005924,Cherwell 004,5.325626066391274,10.282628241190524,Others,1.0,0.7341772151898734,0.008438819,5.782590737272232,0.8517171717171718,0.9215972222222222,0.2926829268292683,2.0,0.4285714285714285,7.837948916025283,2,184.366,5.222,0
E01028437,Cherwell 004C,E02005924,Cherwell 004,5.886537270921715,11.309919823419676,Others,1.0,0.7341772151898734,0.008438819,6.139354132135717,0.8517171717171718,0.9215972222222222,0.2926829268292683,2.0,0.2045454545454545,7.480428306074208,7,323.179,5.781,0
E01028439,Cherwell 004E,E02005924,Cherwell 004,2.8452581601991564,11.494956809464687,Others,1.0,0.7341772151898734,0.008438819,6.370978985886472,0.8517171717171718,0.9215972222222222,0.2926829268292683,0.1174377224199288,0.2424242424242424,7.24850407237061,9,14.333,2.73,0
E01028440,Cherwell 004F,E02005924,Cherwell 004,2.385086314505789,11.85550858389574,Others,1.0,0.7341772151898734,0.008438819,6.085643800830939,0.8517171717171718,0.9215972222222222,0.2926829268292683,0.037433155,0.3571428571428571,7.534228326274089,6,9.071,2.31,0
E01028441,Cherwell 002A,E02005922,Cherwell 002,3.055273956262307,11.118761260429697,Others,1.0,0.9285714285714286,0.0,4.2917825172778485,0.7562326869806094,0.8851873884592505,0.3783783783783784,0.1169134840218238,0.4166666666666667,7.85049318087114,5,20.366,3.062,0
E01028443,Cherwell 002C,E02005922,Cherwell 002,2.8898160479624417,11.232048334440172,Others,1.0,0.9285714285714286,0.0,4.893551727426549,0.7562326869806094,0.8851873884592505,0.3783783783783784,0.1610594130279169,0.3333333333333333,7.242797922793756,8,15.233,2.787,0
E01028444,Cherwell 002D,E02005922,Cherwell 002,2.450315205018381,11.347307621146507,Others,1.0,0.9285714285714286,0.0,4.819006280770444,0.7562326869806094,0.8851873884592505,0.3783783783783784,0.083001328,0.4,7.317876198626496,9,10.084,2.406,0
E01028445,Cherwell 003A,E02005923,Cherwell 003,5.071410492810714,10.90818001624759,Others,1.0,0.74,0.0,4.771627025121794,0.8414901387874361,0.9152,0.2777777777777778,1.8867924528301887,0.3103448275862069,7.338238150065589,4,160.369,5.084,0
E01028446,Cherwell 003B,E02005923,Cherwell 003,5.081354674308908,12.206027644517643,Others,1.0,0.74,0.0,4.729946112227115,0.8414901387874361,0.9152,0.2777777777777778,0.4990642545227698,0.25,7.38025578842646,5,161.77,5.092,0
E01028447,Cherwell 003C,E02005923,Cherwell 003,2.038098578145453,11.539652030189911,Others,1.0,0.74,0.0,4.930939271079158,0.8414901387874361,0.9152,0.2777777777777778,0.049656226,0.3846153846153846,7.177782416195197,5,6.344,1.994,0
E01028448,Cherwell 003D,E02005923,Cherwell 003,2.408655356721112,11.57605789934676,Others,1.0,0.74,0.0,4.650971468322761,0.8414901387874361,0.9152,0.2777777777777778,0.0547235023041474,0.2105263157894736,7.459914766241105,3,8.824,2.285,0
E01028449,Cherwell 005A,E02005925,Cherwell 005,1.9768549529047348,12.935232675185809,Others,1.0,0.9545454545454546,0.0,4.145873430954077,0.74,0.870748299,0.2105263157894736,0.009816754,0.3333333333333333,7.332369205929062,3,5.684,1.9,0
E01028450,Cherwell 005B,E02005925,Cherwell 005,2.4464256629697188,11.426430792410532,Others,1.0,0.9545454545454546,0.0,4.142658318909139,0.74,0.870748299,0.2105263157894736,0.075016308,0.6521739130434783,7.335633981927201,2,9.966,2.395,0
E01028451,Cherwell 005C,E02005925,Cherwell 005,2.3656537844610286,11.908191560024315,Others,1.0,0.9545454545454546,0.0,4.29679233387509,0.74,0.870748299,0.2105263157894736,0.049580473,0.2307692307692307,7.179307969504034,6,8.546,2.256,0
E01028452,Cherwell 005D,E02005925,Cherwell 005,1.9612209102924048,12.629380946155546,Others,1.0,0.9545454545454546,0.0,4.18196203896904,0.74,0.870748299,0.2105263157894736,0.0135777325186693,0.5,7.295735072749282,3,3.736,1.555,0
E01028453,Cherwell 005E,E02005925,Cherwell 005,1.8498711322852708,11.582274273104217,Others,1.0,0.9545454545454546,0.0,4.180625917631899,0.74,0.870748299,0.2105263157894736,0.033898305,0.4,7.297091005160418,3,4.963,1.786,0
E01028454,Cherwell 005F,E02005925,Cherwell 005,2.604909442182697,11.333013003973294,Others,1.0,0.9545454545454546,0.0,3.9702506036139775,0.74,0.870748299,0.2105263157894736,0.082101806,0.5,7.510977752014095,2,10.23,2.419,0
E01028466,Cherwell 014A,E02005934,Cherwell 014,3.0238337036648657,11.268060196083502,Others,1.0,0.85,0.0,4.6195308618219775,0.7346189164370982,0.8954635108481263,0.3611111111111111,0.1395089285714285,0.4,7.491645473605133,4,13.481,2.673,0
E01028469,Cherwell 014B,E02005934,Cherwell 014,2.883570906665661,11.343216039827036,Others,1.0,0.85,0.0,4.858578380406042,0.7346189164370982,0.8954635108481263,0.3611111111111111,0.1420454545454545,0.375,7.25063551189868,9,18.453,2.968,0
E01028470,Cherwell 014C,E02005934,Cherwell 014,3.538928277350432,11.215730136504524,Others,1.0,0.85,0.0,4.679921062771398,0.7346189164370982,0.8954635108481263,0.3611111111111111,0.2669039145907473,0.3333333333333333,7.430707082545968,8,32.646,3.516,0
E01028471,Cherwell 014D,E02005934,Cherwell 014,2.016767947151777,11.307449911309426,Others,1.0,0.85,0.0,4.882112980085817,0.7346189164370982,0.8954635108481263,0.3611111111111111,0.058181818,0.0625,7.226936018493289,4,6.625,2.031,0
E01028472,Cherwell 014E,E02005934,Cherwell 014,2.0044485626384057,12.119897542142905,Others,1.0,0.85,0.0,5.047540349064353,0.7346189164370982,0.8954635108481263,0.3611111111111111,0.030068729,0.2857142857142857,7.060476365999801,9,5.793,1.916,0
E01028473,Cherwell 014F,E02005934,Cherwell 014,3.6384016166246993,11.212671361343652,Others,1.0,0.85,0.0,4.834905004543567,0.7346189164370982,0.8954635108481263,0.3611111111111111,0.3467406380027739,0.1,7.274479558773871,10,36.054,3.612,0
E01028474,Cherwell 009A,E02005929,Cherwell 009,3.432017524002042,10.904772628556168,Others,0.0,0.9174311926605504,0.0,5.50132716113591,0.7919748520710059,0.8847933884297521,0.4230769230769231,0.2580947911778508,0.3636363636363636,7.664815785285735,6,29.109,3.405,0
E01028476,Cherwell 008D,E02005928,Cherwell 008,3.970122087811792,10.810055937090704,Others,0.0,0.8645833333333334,0.0104166666666666,5.0799202577515965,0.7895181741335587,0.9030470914127424,0.4505494505494505,0.3686797752808989,0.4285714285714285,7.954723334497908,9,39.863,3.71,0
E01028477,Cherwell 011B,E02005931,Cherwell 011,4.480388970090661,11.281453006221517,Others,0.0,0.8905109489051095,0.0,5.455213889071841,0.8110059171597632,0.91725717939155,0.4076923076923077,0.3942652329749104,0.3636363636363636,7.934155233536322,7,86.143,4.468,0
E01028478,Cherwell 011C,E02005931,Cherwell 011,2.254654559236496,10.948716645194592,Others,1.0,0.8905109489051095,0.0,6.133428745956262,0.8110059171597632,0.91725717939155,0.4076923076923077,0.1061571125265392,0.3333333333333333,7.254177846456518,9,7.031,2.083,0
E01028479,Cherwell 001A,E02005921,Cherwell 001,3.0078584533518318,11.251261954917002,Others,0.0,0.8958333333333334,0.0,5.810694607929688,0.7928994082840237,0.9078768673607968,0.391304348,0.1808972503617945,0.3,7.232010331664759,5,13.573,2.679,0
E01028480,Cherwell 001B,E02005921,Cherwell 001,3.2686179167630147,10.830738006646618,Others,0.0,0.8958333333333334,0.0,5.699555646965267,0.7928994082840237,0.9078768673607968,0.391304348,0.3236245954692556,0.4,7.343426229147367,7,22.957,3.176,0
E01028481,Cherwell 010A,E02005930,Cherwell 010,3.525624960037208,10.914348796788698,Others,0.0,0.8813559322033898,0.0,5.9492252475156375,0.7900008416799933,0.9070669347888536,0.4311926605504587,0.4210526315789473,0.4166666666666667,7.262628600974241,8,32.065,3.498,0
E01028482,Cherwell 010B,E02005930,Cherwell 010,2.8137306655709566,11.151300193113736,Others,0.0,0.8813559322033898,0.0,6.030117981955791,0.7900008416799933,0.9070669347888536,0.4311926605504587,0.1712328767123287,0.3333333333333333,7.181591944611865,9,13.864,2.699,0
E01028483,Cherwell 011D,E02005931,Cherwell 011,4.083822734762519,11.71904021416519,Others,0.0,0.8905109489051095,0.0,6.239121846021761,0.8110059171597632,0.91725717939155,0.4076923076923077,0.3737214791502753,0.2631578947368421,7.148345743900068,7,35.508,3.598,0
E01028484,Cherwell 011E,E02005931,Cherwell 011,4.376410895888246,13.014487637728877,Others,0.0,0.8905109489051095,0.0,6.395221665693389,0.8110059171597632,0.91725717939155,0.4076923076923077,0.1609935602575897,0.2857142857142857,6.992096427415888,6,34.728,3.576,0
E01028485,Cherwell 009B,E02005929,Cherwell 009,3.080532875246456,11.432930626521312,Others,0.0,0.9174311926605504,0.0,5.8102230210742345,0.7919748520710059,0.8847933884297521,0.4230769230769231,0.1439539347408829,0.4444444444444444,7.355001921105257,8,17.13,2.898,0
E01028486,Cherwell 009C,E02005929,Cherwell 009,3.603539406946921,10.840384510303233,Others,0.0,0.9174311926605504,0.0,6.027515272671324,0.7919748520710059,0.8847933884297521,0.4230769230769231,0.5568814638027049,0.2857142857142857,7.1372784372603855,7,27.132,3.337,0
E01028487,Cherwell 017A,E02005937,Cherwell 017,3.291903213401678,11.078072739967473,Others,1.0,0.8367346938775511,0.0,5.018587778824132,0.7875,0.9112426035502958,0.3684210526315789,0.3162055335968379,0.375,7.143617602704121,10,21.254,3.103,0
E01028489,Cherwell 017B,E02005937,Cherwell 017,2.826544095149999,11.416236764013505,Others,1.0,0.8367346938775511,0.0,4.948864412529121,0.7875,0.9112426035502958,0.3684210526315789,0.1289609432571849,0.5714285714285714,7.213768308118642,10,15.221,2.786,0
E01028490,Cherwell 017C,E02005937,Cherwell 017,2.186612916741625,10.718242192344569,Others,1.0,0.8367346938775511,0.0,4.98386801178223,0.7875,0.9112426035502958,0.3684210526315789,0.1335877862595419,0.2857142857142857,7.1785454837637,7,6.619,2.031,0
E01028491,Cherwell 017D,E02005937,Cherwell 017,4.761481387349815,11.19065712371887,Others,1.0,0.8367346938775511,0.0,4.747711707573484,0.7875,0.9112426035502958,0.3684210526315789,0.9626955475330926,0.21875,7.416378479192928,10,114.52,4.749,0
E01028492,Cherwell 018A,E02005938,Cherwell 018,3.0485618871985234,10.957568097079989,Others,1.0,0.896551724,0.0,4.442739103577876,0.7751479289940828,0.8751486325802615,0.3333333333333333,0.2177971375233354,0.4285714285714285,7.382746449738912,9,19.906,3.04,0
E01028493,Cherwell 018B,E02005938,Cherwell 018,2.1516459174287594,11.669148501476776,Others,1.0,0.896551724,0.0,4.535564393571947,0.7751479289940828,0.8751486325802615,0.3333333333333333,0.044429255,0.2307692307692307,7.288927694521257,8,8.008,2.198,0
E01028494,Cherwell 017E,E02005937,Cherwell 017,1.8434027023798931,12.085416110325538,Others,1.0,0.8367346938775511,0.0,5.102978577665348,0.7875,0.9112426035502958,0.3684210526315789,0.0258175559380378,0.3333333333333333,7.0587581525186645,5,4.204,1.649,0
E01028495,Cherwell 018C,E02005938,Cherwell 018,2.0954379147644357,12.560809212028614,Others,1.0,0.896551724,0.0,4.634376947858705,0.7751479289940828,0.8751486325802615,0.3333333333333333,0.018882175,0.2,7.1891677384203225,10,4.151,1.639,0
E01028496,Cherwell 018D,E02005938,Cherwell 018,2.243365733334074,11.292766146875527,Others,1.0,0.896551724,0.0,4.554683461522549,0.7751479289940828,0.8751486325802615,0.3333333333333333,0.073170732,0.2857142857142857,7.269616749608169,8,7.404,2.129,0
E01028499,Cherwell 011F,E02005931,Cherwell 011,4.155878574339373,10.43268154820059,Others,1.0,0.8905109489051095,0.0,5.704659928745873,0.8110059171597632,0.91725717939155,0.4076923076923077,0.8517495395948435,0.1891891891891892,7.683863980256429,8,35.336,3.593,0
E01028503,Cherwell 009D,E02005929,Cherwell 009,2.448933989329183,11.386617444671968,Others,0.0,0.9174311926605504,0.0,6.127619748272264,0.7919748520710059,0.8847933884297521,0.4230769230769231,0.1055408970976253,0.375,7.037027614686276,7,11.652,2.538,0
E01028504,Cherwell 009E,E02005929,Cherwell 009,3.3893609398862,10.955968638860549,Others,0.0,0.9174311926605504,0.0,5.894030854677255,0.7919748520710059,0.8847933884297521,0.4230769230769231,0.34794711203897,0.4,7.271008538280992,7,21.651,3.12,0
E01028506,Cherwell 010D,E02005930,Cherwell 010,4.45980909760999,11.260635106078473,Others,0.0,0.8813559322033898,0.0,5.551374364393805,0.7900008416799933,0.9070669347888536,0.4311926605504587,0.5178907721280602,0.2727272727272727,7.661527081358517,8,77.369,4.361,0
E01028507,Cherwell 010E,E02005930,Cherwell 010,3.082001708706166,11.233801816023966,Others,0.0,0.8813559322033898,0.0,5.938781398431377,0.7900008416799933,0.9070669347888536,0.4311926605504587,0.1909722222222222,0.3636363636363636,7.273092595999522,8,19.156,3.004,0
E01028508,Cherwell 001C,E02005921,Cherwell 001,3.3092282808987514,10.87292086780837,Others,0.0,0.8958333333333334,0.0,6.046500713628621,0.7928994082840237,0.9078768673607968,0.391304348,0.458295142,0.3,6.9957661563048505,7,27.444,3.348,0
E01028511,Cherwell 019C,E02005938,Cherwell 018,5.423089256501981,11.314832555272734,Others,1.0,0.896551724,0.0,4.265019675131389,0.7751479289940828,0.8751486325802615,0.3333333333333333,1.4293139293139294,0.1818181818181818,7.562681246721884,9,215.966,5.38,0
E01028513,Oxford 005A,E02005944,Oxford 005,2.8981745699591857,11.35867811380378,Others,1.0,0.9090909090909092,0.0,3.524679670864104,0.7345679012345678,0.8771266540642721,0.2777777777777778,0.073206442,0.5,7.913155185928068,3,66.956,4.219,0
E01028514,Oxford 005B,E02005944,Oxford 005,2.018895041811802,12.696188290481068,Others,1.0,0.9090909090909092,0.0,4.07356970379741,0.7345679012345678,0.8771266540642721,0.2777777777777778,0.0128369704749679,0.25,7.351799869057777,3,5.57,1.883,0
E01028515,Oxford 007A,E02005946,Oxford 007,3.019448800171307,11.26345077190963,Others,1.0,0.8913043478260869,0.0,4.798628164848102,0.7697798929208804,0.9017283950617284,0.4047619047619047,0.1432664756446991,0.5,7.465082736399547,8,13.458,2.671,0
E01028516,Oxford 005C,E02005944,Oxford 005,2.793248824936084,11.24727881937906,Others,1.0,0.9090909090909092,0.0,3.4604870540265606,0.7345679012345678,0.8771266540642721,0.2777777777777778,0.068516615,0.5,7.979338895262328,5,13.924,2.703,0
E01028517,Oxford 017A,E02005956,Oxford 017,2.1247733516779195,12.124189912714858,Others,1.0,0.7692307692307693,0.0,4.225020226286212,0.8235294117647058,0.8998628257887518,0.1578947368421052,0.0283687943262411,0.375,7.252053951852814,3,8.123,2.211,0
E01028518,Oxford 017B,E02005956,Oxford 017,3.145013976269745,11.395053675375332,Others,1.0,0.7692307692307693,0.0,4.0491097547354125,0.8235294117647058,0.8998628257887518,0.1578947368421052,0.1482799525504151,0.4,7.430707082545968,2,21.138,3.097,0
E01028519,Oxford 017C,E02005956,Oxford 017,4.480230351432242,10.845981376885184,Others,1.0,0.7692307692307693,0.0,3.963294560448964,0.8235294117647058,0.8998628257887518,0.1578947368421052,0.9239130434782608,0.4117647058823529,7.518064181233078,4,70.713,4.273,0
E01028520,Oxford 018A,E02005957,Oxford 018,3.047280535434568,11.292690180545192,Others,1.0,0.8,0.0,3.296821750252997,0.76,0.8875739644970414,0.2222222222222222,0.1445922498554077,0.5,7.455876687491824,2,15.5,2.803,0
E01028521,Oxford 008A,E02005947,Oxford 008,7.762413130918424,11.058840725448391,Others,1.0,0.6459854014598541,0.010948905109489,4.4882567580387045,0.8569057422835074,0.8850231765144654,0.4228571428571429,2.0,0.3513513513513513,9.205126804923296,9,1889.706,7.545,0
E01028522,Oxford 008B,E02005947,Oxford 008,5.775817824220395,10.975735642898655,Others,1.0,0.6459854014598541,0.010948905109489,5.316354274911885,0.8569057422835074,0.8850231765144654,0.4228571428571429,1.2737378415933305,0.3636363636363636,8.3707791729607,6,342.73,5.84,0
E01028523,Oxford 010A,E02005949,Oxford 010,4.991010650959955,10.556968868245896,Others,1.0,0.75,0.035714286,3.767766835360646,0.75,0.8905325443786982,0.375,2.0,0.2105263157894736,7.545918151209323,7,114.876,4.753,0
E01028524,Oxford 010B,E02005949,Oxford 010,4.991010650959955,13.9713863204091,Others,1.0,0.75,0.035714286,3.835144407099632,0.75,0.8905325443786982,0.375,0.070781427,0.4,7.477038472319696,3,114.876,4.753,0
E01028525,Oxford 010C,E02005949,Oxford 010,4.991010650959955,14.482211601908835,Others,1.0,0.75,0.035714286,3.632270161626019,0.75,0.8905325443786982,0.375,0.03449862,0.3333333333333333,7.684783943522785,3,114.876,4.753,0
E01028526,Oxford 010D,E02005949,Oxford 010,4.991010650959955,10.187233479430022,Others,1.0,0.75,0.035714286,3.612329774954434,0.75,0.8905325443786982,0.375,2.0,0.4545454545454545,7.705262474866325,8,114.876,4.753,0
E01028527,Oxford 015A,E02005954,Oxford 015,3.166107759329545,11.321777065973317,Others,1.0,0.7654320987654321,0.0123456790123456,5.081543853966803,0.8086734693877551,0.9071980963712076,0.4385964912280701,0.154407636,0.5454545454545454,7.485491608030754,9,25.214,3.266,0
E01028528,Oxford 015B,E02005954,Oxford 015,3.688654428797639,11.081927141063792,Others,1.0,0.7654320987654321,0.0123456790123456,5.1196553830527325,0.8086734693877551,0.9071980963712076,0.4385964912280701,0.3500583430571762,0.5833333333333334,7.44716835960004,5,44.995,3.829,0
E01028529,Oxford 015C,E02005954,Oxford 015,5.599451058922986,11.044900527983945,Others,1.0,0.7654320987654321,0.0123456790123456,5.033622137089981,0.8086734693877551,0.9071980963712076,0.4385964912280701,2.0,0.1860465116279069,7.533693709848633,4,386.277,5.959,0
E01028530,Oxford 015D,E02005954,Oxford 015,2.6264785474083983,11.356283350762888,Others,1.0,0.7654320987654321,0.0123456790123456,4.884432937313414,0.8086734693877551,0.9071980963712076,0.4385964912280701,0.069060773,0.5,7.683863980256429,7,24.364,3.233,0
E01028531,Oxford 019B,E02007116,Oxford 019,3.448748683520378,11.068658524387072,Others,1.0,0.8235294117647058,0.0,4.189950241570552,0.8163265306122449,0.9152249134948096,0.4,0.2058951018638925,0.3684210526315789,7.744136627627991,7,30.954,3.464,0
E01028532,Oxford 019A,E02007116,Oxford 019,3.58900386868668,11.3850466378818,Others,1.0,0.8235294117647058,0.0,3.948638402691403,0.8163265306122449,0.9152249134948096,0.4,0.1356391997287216,0.4375,7.989560449333865,5,28.263,3.376,0
E01028534,Oxford 006A,E02005945,Oxford 006,3.681174849728384,11.161265199216396,Others,1.0,0.8160919540229885,0.0114942528735632,5.694096688616203,0.7796681369460198,0.9031576165940018,0.4428571428571428,0.4653130287648054,0.2727272727272727,7.075808863978387,10,33.2,3.532,0
E01028535,Oxford 006B,E02005945,Oxford 006,3.7532851539311465,10.994012464450176,Others,1.0,0.8160919540229885,0.0114942528735632,5.106013632095778,0.7796681369460198,0.9031576165940018,0.4428571428571428,0.3280224929709466,0.5,7.666221925662725,10,40.64,3.729,0
E01028536,Oxford 006C,E02005945,Oxford 006,4.347797443123222,10.90607917096611,Others,1.0,0.8160919540229885,0.0114942528735632,5.531160847503075,0.7796681369460198,0.9031576165940018,0.4428571428571428,1.0057471264367817,0.2857142857142857,7.239214973779806,10,64.632,4.184,0
E01028537,Oxford 006D,E02005945,Oxford 006,5.816908758529035,10.23681198286661,Others,1.0,0.8160919540229885,0.0114942528735632,5.348083344553874,0.7796681369460198,0.9031576165940018,0.4428571428571428,2.0,0.3333333333333333,7.422971251049421,10,304.631,5.722,0
E01028538,Oxford 005D,E02005944,Oxford 005,2.8981745699591857,12.051819460449432,Others,1.0,0.9090909090909092,0.0,3.9124150854174857,0.7345679012345678,0.8771266540642721,0.2777777777777778,0.0544662309368191,0.5,7.515889085215125,5,66.956,4.219,0
E01028539,Oxford 006E,E02005945,Oxford 006,2.761717342351146,11.213656523266527,Others,1.0,0.8160919540229885,0.0114942528735632,5.11584340817468,0.7796681369460198,0.9031576165940018,0.4428571428571428,0.094652153,0.625,7.656337166430183,8,11.657,2.538,0
E01028540,Oxford 006F,E02005945,Oxford 006,5.816908758529035,12.944828744984216,Others,1.0,0.8160919540229885,0.0114942528735632,5.295940749962641,0.7796681369460198,0.9031576165940018,0.4428571428571428,0.4537719795802609,0.375,7.475339236566737,10,304.631,5.722,0
E01028545,Oxford 014A,E02005953,Oxford 014,2.6470254992644358,11.224265771946,Others,1.0,0.925925925925926,0.0,4.261694461116089,0.7648,0.8735999999999999,0.4166666666666667,0.1019813519813519,0.4285714285714285,7.448333860897476,10,11.542,2.529,0
E01028546,Oxford 014B,E02005953,Oxford 014,3.136927970220768,11.291293270979947,Others,1.0,0.925925925925926,0.0,4.162383929274001,0.7648,0.8735999999999999,0.4166666666666667,0.1448893572181243,0.3636363636363636,7.549082710812286,4,15.776,2.82,0
E01028547,Oxford 014C,E02005953,Oxford 014,2.938526799783212,11.689013746315387,Others,1.0,0.925925925925926,0.0,3.9363296284150215,0.7648,0.8735999999999999,0.4166666666666667,0.062787777,0.5,7.779048644925556,9,17.401,2.912,0
E01028552,Oxford 016A,E02005955,Oxford 016,3.8146527050318695,10.363675306174898,Others,1.0,0.7241379310344828,0.0114942528735632,4.927554477001297,0.8444897959183674,0.8899458316818601,0.5441176470588235,0.5642885933091495,0.4285714285714285,7.816819965764552,2,41.766,3.756,0
E01028553,Oxford 016B,E02005955,Oxford 016,6.410252181610051,11.567171114257206,Others,1.0,0.7241379310344828,0.0114942528735632,4.884493414262716,0.8444897959183674,0.8899458316818601,0.5441176470588235,2.0,0.217391304347826,7.860185057472165,3,727.166,6.591,0
E01028554,Oxford 016C,E02005955,Oxford 016,3.8146527050318695,13.60053931761827,Others,1.0,0.7241379310344828,0.0114942528735632,5.409469976120647,0.8444897959183674,0.8899458316818601,0.5441176470588235,0.035994764,0.4545454545454545,7.332369205929062,5,41.766,3.756,0
E01028555,Oxford 016D,E02005955,Oxford 016,3.23907053215372,10.800004056710833,Others,1.0,0.7241379310344828,0.0114942528735632,5.362393468052045,0.8444897959183674,0.8899458316818601,0.5441176470588235,0.3121098626716604,0.2,7.379632152609552,7,22.169,3.143,0
E01028556,Oxford 020B,E02007021,Oxford 020,3.851444632542213,11.059321247951535,Others,1.0,0.7101449275362319,0.0289855072463768,4.362835390692763,0.8454320987654321,0.9178743961352656,0.4222222222222222,0.2496556473829201,0.3103448275862069,7.974188669286011,7,24.013,3.219,0
E01028557,Oxford 020D,E02007021,Oxford 020,6.970157144095103,11.810117145779632,Others,1.0,0.7101449275362319,0.0289855072463768,4.623517205750983,0.8454320987654321,0.9178743961352656,0.4222222222222222,2.0,0.1139240506329113,7.710653323501202,5,1013.203,6.922,0
E01028558,Oxford 020C,E02007021,Oxford 020,4.128359440809378,10.83757235996854,Others,1.0,0.7101449275362319,0.0289855072463768,4.893583303697947,0.8454320987654321,0.9178743961352656,0.4222222222222222,0.7062978222483814,0.25,7.438383530044307,7,45.746,3.845,0
E01028559,Oxford 020A,E02007021,Oxford 020,2.2009952372324126,12.497999446362185,Others,1.0,0.7101449275362319,0.0289855072463768,4.757408902110458,0.8454320987654321,0.9178743961352656,0.4222222222222222,0.015392509,0.3333333333333333,7.575584651557793,7,8.27,2.227,0
E01028560,Oxford 004A,E02005943,Oxford 004,2.558931285135974,11.50641431335457,Others,1.0,0.8928571428571429,0.0,4.255878157987995,0.7764060356652949,0.8587105624142661,0.4615384615384615,0.064171123,0.375,7.534228326274089,8,10.505,2.443,0
E01028561,Oxford 004B,E02005943,Oxford 004,3.381606731897151,11.458761387157658,Others,1.0,0.8928571428571429,0.0,4.21307914664196,0.7764060356652949,0.8587105624142661,0.4615384615384615,0.1536098310291858,0.5,7.577633832602728,10,20.932,3.088,0
E01028562,Oxford 004C,E02005943,Oxford 004,2.3112474660726985,11.70487551865614,Others,1.0,0.8928571428571429,0.0,4.210560146029295,0.7764060356652949,0.8587105624142661,0.4615384615384615,0.038304392,0.4666666666666667,7.580189417944541,8,9.991,2.397,0
E01028563,Oxford 004D,E02005943,Oxford 004,2.8059026012697146,11.037611762205596,Others,1.0,0.8928571428571429,0.0,4.391414941618645,0.7764060356652949,0.8587105624142661,0.4615384615384615,0.1533742331288343,0.5,7.396948602621014,10,13.032,2.641,0
E01028565,Oxford 003A,E02005942,Oxford 003,2.4338764786752214,11.840123879949545,Others,1.0,0.8214285714285714,0.0,5.278736665843841,0.8057944771389769,0.878188776,0.5833333333333334,0.06097561,0.3333333333333333,7.115582126184454,10,10.524,2.444,0
E01028567,Oxford 017D,E02005956,Oxford 017,2.514465452029545,11.802965197133336,Others,1.0,0.7692307692307693,0.0,3.8914079269707615,0.8235294117647058,0.8998628257887518,0.1578947368421052,0.042929293,0.4117647058823529,7.591357046698551,3,9.651,2.366,0
E01028568,Oxford 018B,E02005957,Oxford 018,3.0707933627758703,11.22205163761701,Others,1.0,0.8,0.0,3.4741911955315503,0.76,0.8875739644970414,0.2222222222222222,0.1911049339819319,0.4545454545454545,7.272398392570047,1,26.101,3.3,0
E01028569,Oxford 018C,E02005957,Oxford 018,2.483655867886348,11.27041158576213,Others,1.0,0.8,0.0,3.412304525260037,0.76,0.8875739644970414,0.2222222222222222,0.091264668,0.2857142857142857,7.336285660021297,1,9.199,2.322,0
E01028570,Oxford 018D,E02005957,Oxford 018,2.2669579153508947,12.28419504906089,Others,1.0,0.8,0.0,3.119020975196805,0.76,0.8875739644970414,0.2222222222222222,0.0192215281114848,0.25,7.641084249174914,7,7.977,2.195,0
E01028571,Oxford 007B,E02005946,Oxford 007,3.204655189228229,10.987299183175711,Others,1.0,0.8913043478260869,0.0,4.852356322372027,0.7697798929208804,0.9017283950617284,0.4047619047619047,0.2419842710223835,0.25,7.410951875583635,9,35.175,3.588,0
E01028572,Oxford 007C,E02005946,Oxford 007,3.204655189228229,11.680437906110477,Others,1.0,0.8913043478260869,0.0,4.725803256540437,0.7697798929208804,0.9017283950617284,0.4047619047619047,0.1064962726304579,0.375,7.538494999413465,10,35.175,3.588,0
E01028573,Oxford 007D,E02005946,Oxford 007,2.868807579980324,11.1044307723017,Others,1.0,0.8913043478260869,0.0,4.754180475050073,0.7697798929208804,0.9017283950617284,0.4047619047619047,0.136986301,0.5,7.509883061154913,10,14.003,2.708,0
E01028574,Oxford 007E,E02005946,Oxford 007,2.27469988950451,11.733215806893858,Others,1.0,0.8913043478260869,0.0,4.994831365249128,0.7697798929208804,0.9017283950617284,0.4047619047619047,0.048882682,0.2857142857142857,7.267525427828172,5,8.584,2.26,0
E01028575,Oxford 015E,E02005954,Oxford 015,3.166107759329545,10.947089119421747,Others,1.0,0.7654320987654321,0.0123456790123456,5.25826008626621,0.8086734693877551,0.9071980963712076,0.4385964912280701,0.2682763246143528,0.4375,7.307872780763706,7,25.214,3.266,0
E01028576,Oxford 016E,E02005955,Oxford 016,2.0541237336955462,12.1770902557025,Others,1.0,0.7241379310344828,0.0114942528735632,5.265972675989309,0.8444897959183674,0.8899458316818601,0.5441176470588235,0.0198300283286118,0.2857142857142857,7.476472381163905,3,5.778,1.914,0
E01028577,Oxford 016F,E02005955,Oxford 016,2.8531889667684487,12.22728848945144,Others,1.0,0.7241379310344828,0.0114942528735632,4.998039349281168,0.8444897959183674,0.8899458316818601,0.5441176470588235,0.034617049,0.375,7.7458682297922685,2,18.21,2.955,0
E01028578,Oxford 015F,E02005954,Oxford 015,2.7778871606909896,11.552487300306074,Others,1.0,0.7654320987654321,0.0123456790123456,5.20690721504906,0.8086734693877551,0.9071980963712076,0.4385964912280701,0.092356688,0.3103448275862069,7.359467638255621,8,14.228,2.723,0
E01028579,Oxford 011A,E02005950,Oxford 011,3.607669398688393,11.13230696456322,Others,1.0,0.7961165048543689,0.0,5.575951367267356,0.8122711778815807,0.8833210059171598,0.3977272727272727,0.3138075313807531,0.4285714285714285,7.422971251049421,6,39.74,3.707,0
E01028580,Oxford 011B,E02005950,Oxford 011,3.7220240527062383,11.158696595274128,Others,1.0,0.7961165048543689,0.0,5.5008599231751285,0.8122711778815807,0.8833210059171598,0.3977272727272727,0.3187361419068736,0.391304347826087,7.498315870766981,6,32.633,3.516,0
E01028581,Oxford 011C,E02005950,Oxford 011,2.2125509702900645,11.663691238788015,Others,1.0,0.7961165048543689,0.0,5.565290472657755,0.8122711778815807,0.8833210059171598,0.3977272727272727,0.041395624,0.2857142857142857,7.433666540166168,9,7.191,2.103,0
E01028582,Oxford 011D,E02005950,Oxford 011,3.573300238261778,10.809286292599587,Others,1.0,0.7961165048543689,0.0,5.954840459801967,0.8122711778815807,0.8833210059171598,0.3977272727272727,0.6118881118881119,0.3571428571428571,7.0431599159883405,4,33.668,3.546,0
E01028584,Oxford 003C,E02005942,Oxford 003,3.8841994966935474,11.687475232831051,Others,1.0,0.8214285714285714,0.0,4.584658216258953,0.8057944771389769,0.878188776,0.5833333333333334,0.1616161616161616,0.375,7.814399633804487,10,51.567,3.962,0
E01028586,Oxford 011E,E02005953,Oxford 014,2.629079141231216,11.35908640325167,Others,1.0,0.925925925925926,0.0,4.3003727813170425,0.7648,0.8735999999999999,0.4166666666666667,0.090909091,0.3333333333333333,7.409136443920128,7,12.321,2.589,0
E01028587,Oxford 011F,E02005950,Oxford 011,4.04039862989232,10.98171720362935,Others,1.0,0.7961165048543689,0.0,5.439322390339799,0.8122711778815807,0.8833210059171598,0.3977272727272727,0.495049504950495,0.4736842105263157,7.560080465021827,6,32.105,3.5,0
E01028588,Oxford 011G,E02005950,Oxford 011,4.497195144322792,10.805981320296008,Others,1.0,0.7961165048543689,0.0,5.414219682636715,0.8122711778815807,0.8833210059171598,0.3977272727272727,0.9146341463414634,0.4444444444444444,7.585281078639126,7,82.787,4.428,0
E01028591,Oxford 002C,E02005941,Oxford 002,4.477813973347077,11.037689887205635,Others,1.0,0.8518518518518519,0.0,5.8771097808544965,0.8162064282480761,0.8846187439951088,0.5698924731182796,1.0711553175210409,0.2857142857142857,7.176254532017144,10,83.765,4.44,0
E01028592,Oxford 002D,E02005941,Oxford 002,4.787066652443949,11.126849032946042,Others,1.0,0.8518518518518519,0.0,5.542738408443582,0.8162064282480761,0.8846187439951088,0.5698924731182796,0.9573304157549234,0.2857142857142857,7.511524648390866,10,97.137,4.586,0
E01028594,Oxford 001A,E02005940,Oxford 001,4.262200889105471,11.512449637496577,Others,1.0,0.8863636363636364,0.0,4.8760482905186295,0.7596785975164353,0.8685776095186588,0.5476190476190477,0.4337050805452292,0.3571428571428571,7.387090235656757,10,92.24,4.535,0
E01028596,Oxford 001C,E02005940,Oxford 001,3.181672275870657,10.791486016617371,Others,1.0,0.8863636363636364,0.0,4.999698511947672,0.7596785975164353,0.8685776095186588,0.5476190476190477,0.3333333333333333,0.3684210526315789,7.262628600974241,10,18.529,2.972,0
E01028597,Oxford 001D,E02005940,Oxford 001,2.797220357361309,11.251508751434526,Others,1.0,0.8863636363636364,0.0,4.9003242732785735,0.7596785975164353,0.8685776095186588,0.5476190476190477,0.1269841269841269,0.25,7.362645270417825,6,14.134,2.717,0
E01028598,South Oxfordshire 005A,E02005962,South Oxfordshire 005,4.064108697492137,11.347590810330573,Others,0.0,0.9469026548672568,0.0,5.36758069538104,0.7644137698846898,0.8995075407817791,0.4454545454545454,0.2618308766485648,0.3333333333333333,7.855157005881344,8,45.559,3.841,0
E01028599,South Oxfordshire 011A,E02005968,South Oxfordshire 011,4.812834550453841,11.874957738639264,Others,0.0,0.8229166666666666,0.0104166666666666,5.119641737434589,0.8196539792387543,0.8999893718779892,0.4705882352941176,0.3325508607198748,0.4117647058823529,7.846589975291186,8,50.763,3.947,0
E01028601,South Oxfordshire 011B,E02005968,South Oxfordshire 011,4.488096898400948,11.815336796560349,Others,0.0,0.8229166666666666,0.0104166666666666,5.583355673014041,0.8196539792387543,0.8999893718779892,0.4705882352941176,0.4052369077306733,0.2307692307692307,7.380879035564116,9,85.627,4.462,0
E01028602,South Oxfordshire 011C,E02005968,South Oxfordshire 011,4.488096898400948,15.584251738527923,Others,0.0,0.8229166666666666,0.0104166666666666,5.942283220653673,0.8196539792387543,0.8999893718779892,0.4705882352941176,0.0134048257372654,0.3333333333333333,7.02108396428914,10,85.627,4.462,0
E01028604,South Oxfordshire 006A,E02005963,South Oxfordshire 006,3.3438507148096024,11.01419125929813,Others,0.0,0.8404255319148937,0.0106382978723404,5.546065925739428,0.7990362811791383,0.9101403349932096,0.4337349397590361,0.2767527675276753,0.2222222222222222,7.394493107219038,5,18.982,2.995,0
E01028605,South Oxfordshire 006B,E02005963,South Oxfordshire 006,2.8571021903844613,11.315157219987247,Others,0.0,0.8404255319148937,0.0106382978723404,5.608646259199665,0.7990362811791383,0.9101403349932096,0.4337349397590361,0.1309757694826457,0.375,7.331714969726466,5,20.848,3.084,0
E01028607,South Oxfordshire 006C,E02005963,South Oxfordshire 006,3.1647997146695297,11.153359532962822,Others,0.0,0.8404255319148937,0.0106382978723404,5.445373136235637,0.7990362811791383,0.9101403349932096,0.4337349397590361,0.1806559199555308,0.3846153846153846,7.495541943884256,9,21.036,3.093,0
E01028608,South Oxfordshire 012A,E02005969,South Oxfordshire 012,2.9245584540994662,10.90107889881216,Others,0.0,0.832,0.008,5.912308731308961,0.8230224684518314,0.9037540942302849,0.4690265486725664,0.2120026092628832,0.3076923076923077,7.335633981927201,9,13.644,2.684,0
E01028611,South Oxfordshire 018A,E02005975,South Oxfordshire 018,3.0853901454845265,10.69081868085298,Others,0.0,0.903846153846154,0.0,5.9634020386534425,0.7915825273674142,0.8998020548590819,0.4848484848484848,0.3722570532915361,0.3684210526315789,7.152268856032539,9,20.691,3.077,0
E01028613,South Oxfordshire 005B,E02005962,South Oxfordshire 005,3.82811952120544,11.69472188390343,Others,0.0,0.9469026548672568,0.0,5.971013415335152,0.7644137698846898,0.8995075407817791,0.4454545454545454,0.2665245202558635,0.4,7.249925536717988,9,41.479,3.749,0
E01028614,South Oxfordshire 005C,E02005962,South Oxfordshire 005,3.2348672772862463,11.71190746265729,Others,0.0,0.9469026548672568,0.0,5.260117858806466,0.7644137698846898,0.8995075407817791,0.4454545454545454,0.069637883,0.25,7.96311205897929,7,17.82,2.935,0
E01028615,South Oxfordshire 005D,E02005962,South Oxfordshire 005,3.208259672405012,11.365743928995988,Others,0.0,0.9469026548672568,0.0,5.64665063372083,0.7644137698846898,0.8995075407817791,0.4454545454545454,0.1411704312114989,0.2727272727272727,7.575071699507561,9,20.998,3.091,0
E01028616,South Oxfordshire 005E,E02005962,South Oxfordshire 005,2.8554351880152686,11.446918437533467,Others,0.0,0.9469026548672568,0.0,5.698629505725646,0.7644137698846898,0.8995075407817791,0.4454545454545454,0.094645754,0.4285714285714285,7.52294091807237,9,15.701,2.815,0
E01028617,South Oxfordshire 012B,E02005969,South Oxfordshire 012,5.080577936630082,11.314280323525349,Others,0.0,0.832,0.008,5.575619438141149,0.8230224684518314,0.9037540942302849,0.4690265486725664,0.9073987901349464,0.2307692307692307,7.673223121121708,10,153.606,5.041,0
E01028619,South Oxfordshire 015B,E02005972,South Oxfordshire 015,3.2476187604004125,11.607395898346802,Others,0.0,0.9245283018867924,0.0,5.578137142340147,0.792368126,0.8969384122463511,0.4444444444444444,0.1198083067092651,0.3333333333333333,7.538494999413465,8,23.121,3.183,0
E01028622,South Oxfordshire 010B,E02005967,South Oxfordshire 010,3.1064235553966184,11.354691459705334,Others,1.0,0.7926829268292683,0.0,4.943228846174385,0.7571560480147738,0.9083878643664486,0.3448275862068966,0.1200192030724916,0.3,7.642044402873258,10,15.573,2.808,0
E01028623,South Oxfordshire 010C,E02005967,South Oxfordshire 010,5.029326192539745,11.01424248665062,Others,1.0,0.7926829268292683,0.0,5.189960914559893,0.7571560480147738,0.9083878643664486,0.3448275862068966,1.5384615384615383,0.5,7.3938782901077555,7,152.357,5.033,0
E01028624,South Oxfordshire 010D,E02005967,South Oxfordshire 010,3.938918068890791,10.932390443232215,Others,1.0,0.7926829268292683,0.0,4.830738570413275,0.7571560480147738,0.9083878643664486,0.3448275862068966,0.3857693956279469,0.4444444444444444,7.755338812846501,10,43.772,3.802,0
E01028625,South Oxfordshire 009A,E02005966,South Oxfordshire 009,4.9354303101887,11.025058340429334,Others,1.0,0.7735849056603774,0.0,4.78379074445332,0.8108641975308643,0.8927514792899408,0.3695652173913043,1.1597938144329898,0.2222222222222222,7.57095858316901,10,120.227,4.798,0
E01028626,South Oxfordshire 009B,E02005966,South Oxfordshire 009,2.555209773630424,11.502380057093845,Others,1.0,0.7735849056603774,0.0,5.004620244841256,0.8108641975308643,0.8927514792899408,0.3695652173913043,0.0772698,0.375,7.348587530927593,10,12.215,2.581,0
E01028627,South Oxfordshire 009C,E02005966,South Oxfordshire 009,2.685940915514109,12.048839720461636,Others,1.0,0.7735849056603774,0.0,5.106256669152178,0.8108641975308643,0.8927514792899408,0.3695652173913043,0.057061341,0.375,7.246368080102461,9,9.766,2.376,0
E01028628,South Oxfordshire 009D,E02005966,South Oxfordshire 009,3.3222263217911614,11.174085761442834,Others,1.0,0.7735849056603774,0.0,4.61425993902661,0.8108641975308643,0.8927514792899408,0.3695652173913043,0.1629018245004344,0.6,7.741967899820685,10,23.219,3.187,0
E01028629,South Oxfordshire 009E,E02005966,South Oxfordshire 009,2.6862135064930355,12.049132244713984,Others,1.0,0.7735849056603774,0.0,5.085214025337739,0.8108641975308643,0.8927514792899408,0.3695652173913043,0.0558659217877094,0.375,7.267525427828172,9,10.97,2.482,0
E01028634,South Oxfordshire 014A,E02005971,South Oxfordshire 014,2.520756302681697,11.752649901604658,Others,1.0,0.9,0.0,4.67562131129123,0.7904,0.8511966701352758,0.2592592592592592,0.070866142,0.1666666666666666,7.147559271189454,10,9.252,2.327,0
E01028635,South Oxfordshire 014B,E02005971,South Oxfordshire 014,3.256710963171222,10.923715788066618,Others,1.0,0.9,0.0,4.413061763240724,0.7904,0.8511966701352758,0.2592592592592592,0.2717391304347826,0.3333333333333333,7.412764017426562,7,20.581,3.072,0
E01028636,South Oxfordshire 014C,E02005971,South Oxfordshire 014,2.691175283877365,11.138173832018008,Others,1.0,0.9,0.0,4.625442351971146,0.7904,0.8511966701352758,0.2592592592592592,0.1497005988023952,0.625,7.198183577101943,6,10.465,2.439,0
E01028637,South Oxfordshire 014D,E02005971,South Oxfordshire 014,3.063764683945818,11.309988870964506,Others,1.0,0.9,0.0,4.119656764809514,0.7904,0.8511966701352758,0.2592592592592592,0.1121076233183856,0.3,7.710205194432532,10,17.428,2.914,0
E01028638,South Oxfordshire 002A,E02005959,South Oxfordshire 002,3.5249183086519142,11.38361752196549,Others,0.0,0.9014084507042254,0.0,5.389429573523424,0.8108710180441078,0.8981047100769375,0.3768115942028985,0.2370417193426043,0.4,7.367077059881012,7,26.972,3.331,0
E01028639,South Oxfordshire 002B,E02005959,South Oxfordshire 002,3.889040929036222,11.246135622060873,Others,0.0,0.9014084507042254,0.0,5.487919288893682,0.8108710180441078,0.8981047100769375,0.3768115942028985,0.4361479413817167,0.36,7.268223021159565,9,36.88,3.634,0
E01028640,South Oxfordshire 002C,E02005959,South Oxfordshire 002,3.0896323687470426,11.154787546644238,Others,0.0,0.9014084507042254,0.0,5.474116782705943,0.8108710180441078,0.8981047100769375,0.3768115942028985,0.2064693737095664,0.3333333333333333,7.282073658093465,8,21.093,3.095,0
E01028641,South Oxfordshire 006D,E02005963,South Oxfordshire 006,2.9980795166223397,11.145663507019131,Others,0.0,0.8404255319148937,0.0106382978723404,5.801782102050937,0.7990362811791383,0.9101403349932096,0.4337349397590361,0.2186009538950715,0.3636363636363636,7.138073034044347,8,16.403,2.857,0
E01028642,South Oxfordshire 018B,E02005975,South Oxfordshire 018,3.309191735866131,11.160560268333766,Others,0.0,0.903846153846154,0.0,5.8202279638614,0.7915825273674142,0.8998020548590819,0.4848484848484848,0.2545824847250509,0.2,7.295735072749282,9,21.451,3.111,0
E01028643,South Oxfordshire 018C,E02005975,South Oxfordshire 018,4.465252731521554,11.831450466276255,Others,0.0,0.903846153846154,0.0,5.851163593946388,0.7915825273674142,0.8998020548590819,0.4848484848484848,0.4376750700280112,0.2,7.264730177929867,8,158.775,5.074,0
E01028644,South Oxfordshire 015C,E02005972,South Oxfordshire 015,3.1872200254641894,11.102649517595406,Others,0.0,0.9245283018867924,0.0,5.691527899981246,0.792368126,0.8969384122463511,0.4444444444444444,0.2088305489260143,0.2857142857142857,7.424761761823209,9,22.054,3.138,0
E01028645,South Oxfordshire 018D,E02005975,South Oxfordshire 018,3.223743956265061,11.007186880252794,Others,0.0,0.903846153846154,0.0,5.746541557760432,0.7915825273674142,0.8998020548590819,0.4848484848484848,0.2522068095838587,0.375,7.369600720526409,10,24.87,3.253,0
E01028646,South Oxfordshire 004A,E02005961,South Oxfordshire 004,4.687367493919466,11.585878484708818,Others,0.0,0.8617021276595744,0.0,5.875151064902534,0.8034072471606274,0.9124754306856284,0.3953488372093023,0.8257638315441783,0.2,7.10002716662926,6,84.976,4.454,0
E01028647,South Oxfordshire 004B,E02005961,South Oxfordshire 004,4.696390194251753,11.455224039275896,Others,0.0,0.8617021276595744,0.0,5.585734579962349,0.8034072471606274,0.9124754306856284,0.3953488372093023,0.7103150092649784,0.217391304347826,7.390181428226429,7,101.836,4.633,0
E01028649,South Oxfordshire 015E,E02005972,South Oxfordshire 015,3.376392262743184,11.230222089324812,Others,0.0,0.9245283018867924,0.0,5.768786313048819,0.792368126,0.8969384122463511,0.4444444444444444,0.241779497098646,0.3333333333333333,7.347299700743164,8,23.665,3.205,0
E01028653,South Oxfordshire 017A,E02005974,South Oxfordshire 017,4.835964396232824,11.093910283651082,Others,1.0,0.8725490196078431,0.0,5.642015025979096,0.7931301939058173,0.8722,0.59375,1.1124121779859484,0.2105263157894736,7.443663683115591,8,142.073,4.963,0
E01028654,South Oxfordshire 017B,E02005974,South Oxfordshire 017,2.625248134341072,11.35495695092421,Others,1.0,0.8725490196078431,0.0,5.71586970059198,0.7931301939058173,0.8722,0.59375,0.094577554,0.3333333333333333,7.369600720526409,10,11.91,2.558,0
E01028655,South Oxfordshire 017C,E02005974,South Oxfordshire 017,5.032259790192918,12.03883606946899,Others,1.0,0.8725490196078431,0.0,5.612698523253497,0.7931301939058173,0.8722,0.59375,0.511654349,0.3333333333333333,7.473069088032197,9,109.74,4.707,0
E01028656,South Oxfordshire 017D,E02005974,South Oxfordshire 017,3.1200715478095984,11.592115501530744,Others,1.0,0.8725490196078431,0.0,5.854573479824507,0.7931301939058173,0.8722,0.59375,0.144927536231884,0.5,7.2305631534092925,10,15.78,2.82,0
E01028657,South Oxfordshire 006E,E02005963,South Oxfordshire 006,4.176078147248771,12.1922908030328,Others,1.0,0.8404255319148937,0.0106382978723404,5.849675635220256,0.7990362811791383,0.9101403349932096,0.4337349397590361,0.2710592160133444,0.3076923076923077,7.090076835776092,8,64.285,4.179,0
E01028658,South Oxfordshire 006F,E02005963,South Oxfordshire 006,4.389573088429283,9.873909274495176,Others,0.0,0.8404255319148937,0.0106382978723404,5.762926117892162,0.7990362811791383,0.9101403349932096,0.4337349397590361,2.0,0.1463414634146341,7.1770187659099,8,70.537,4.27,0
E01028659,South Oxfordshire 020A,E02005977,South Oxfordshire 020,3.435727624558978,10.908606343566468,Others,0.0,0.9076923076923076,0.0,5.268053885699086,0.7700312174817898,0.876464844,0.4426229508196721,0.3481012658227848,0.3636363636363636,7.365812837209472,9,27.643,3.355,0
E01028663,South Oxfordshire 020B,E02005977,South Oxfordshire 020,3.2137024660942037,11.284404983843194,Others,0.0,0.9076923076923076,0.0,5.234015310824423,0.7700312174817898,0.876464844,0.4426229508196721,0.1834862385321101,0.4166666666666667,7.400009517162692,8,20.993,3.091,0
E01028664,South Oxfordshire 020C,E02005977,South Oxfordshire 020,3.229974011534234,11.14720359830882,Others,0.0,0.9076923076923076,0.0,5.291629465792857,0.7700312174817898,0.876464844,0.4426229508196721,0.2268308489954633,0.4285714285714285,7.342131730584722,10,24.519,3.239,0
E01028665,South Oxfordshire 020D,E02005977,South Oxfordshire 020,2.469793011977952,10.580161149289548,Others,0.0,0.9076923076923076,0.0,5.386998176647878,0.7700312174817898,0.876464844,0.4426229508196721,0.1961483594864479,0.2727272727272727,7.246368080102461,10,9.419,2.344,0
E01028670,South Oxfordshire 003A,E02005960,South Oxfordshire 003,3.4097936608875123,11.893387245554468,Others,1.0,0.7934782608695652,0.0,5.616671466158063,0.8357634994391925,0.9071368192247312,0.4375,0.136986301,0.375,7.2868764117507,10,32.57,3.514,0
E01028671,South Oxfordshire 003B,E02005960,South Oxfordshire 003,3.941426455797388,11.117267113052447,Others,1.0,0.7934782608695652,0.0,5.496013651660416,0.8357634994391925,0.9071368192247312,0.4375,0.4550970873786408,0.4666666666666667,7.407924322559599,8,47.019,3.872,0
E01028672,South Oxfordshire 003C,E02005960,South Oxfordshire 003,5.031450480476841,11.057202053002776,Others,1.0,0.7934782608695652,0.0,4.992510556088477,0.8357634994391925,0.9071368192247312,0.4375,0.8778346744696416,0.1666666666666666,7.913886714856082,9,124.102,4.829,0
E01028673,South Oxfordshire 003D,E02005960,South Oxfordshire 003,4.757702413971294,11.251383195905264,Others,1.0,0.7934782608695652,0.0,5.18129393838051,0.8357634994391925,0.9071368192247312,0.4375,0.6634232640424591,0.1666666666666666,7.724004656676065,8,124.462,4.832,0
E01028674,South Oxfordshire 012C,E02005969,South Oxfordshire 012,4.748863520737904,11.810445893456436,Others,0.0,0.832,0.008,6.005682475867499,0.8230224684518314,0.9037540942302849,0.4690265486725664,0.6088825214899714,0.1764705882352941,7.242082359256962,10,89.208,4.502,0
E01028675,South Oxfordshire 012D,E02005969,South Oxfordshire 012,2.2248397443691927,11.751586760124953,Others,0.0,0.832,0.008,5.995021290224204,0.8230224684518314,0.9037540942302849,0.4690265486725664,0.046066619,0.2307692307692307,7.252762418053187,7,6.408,2.003,0
E01028676,South Oxfordshire 012E,E02005969,South Oxfordshire 012,3.884918987736087,10.771931674953064,Others,0.0,0.832,0.008,5.500644984941316,0.8230224684518314,0.9037540942302849,0.4690265486725664,0.4315925766076823,0.2,7.748460023899697,7,44.515,3.818,0
E01028677,South Oxfordshire 012F,E02005969,South Oxfordshire 012,4.143245831330262,10.852700356552464,Others,0.0,0.832,0.008,5.959604638338092,0.8230224684518314,0.9037540942302849,0.4690265486725664,0.8207934336525308,0.4166666666666667,7.288244401020124,7,64.708,4.185,0
E01028678,South Oxfordshire 008A,E02005965,South Oxfordshire 008,3.353861160005861,10.73688930773122,Others,0.0,0.9,0.0,5.588199030507664,0.7842515523847272,0.9092286327483904,0.4302325581395348,0.3715170278637771,0.3333333333333333,7.38770923908104,6,31.76,3.489,0
E01028679,South Oxfordshire 008B,E02005965,South Oxfordshire 008,3.835401106776704,10.944488383578978,Others,0.0,0.9,0.0,5.290430515906429,0.7842515523847272,0.9092286327483904,0.4302325581395348,0.3673094582185491,0.375,7.68662133494462,7,41.771,3.756,0
E01028680,South Oxfordshire 008C,E02005965,South Oxfordshire 008,3.5406984204397127,11.274710824955674,Others,0.0,0.9,0.0,5.382771951279904,0.7842515523847272,0.9092286327483904,0.4302325581395348,0.2141057934508816,0.2941176470588235,7.593877844605118,9,31.59,3.484,0
E01028681,South Oxfordshire 004C,E02005961,South Oxfordshire 004,2.771087596113514,11.105874099420692,Others,0.0,0.8617021276595744,0.0,5.8105939495472825,0.8034072471606274,0.9124754306856284,0.3953488372093023,0.1741486068111455,0.4444444444444444,7.164720378771857,10,15.305,2.791,0
E01028682,South Oxfordshire 004D,E02005961,South Oxfordshire 004,3.6290232869605705,11.063278785059143,Others,0.0,0.8617021276595744,0.0,5.848342060888316,0.8034072471606274,0.9124754306856284,0.3953488372093023,0.4622186495176849,0.391304347826087,7.126890808898808,8,34.001,3.555,0
E01028683,South Oxfordshire 002D,E02005959,South Oxfordshire 002,3.487803120836334,11.28081684727037,Others,0.0,0.9014084507042254,0.0,5.429230202163755,0.8108710180441078,0.8981047100769375,0.3768115942028985,0.2631578947368421,0.375,7.327123292259293,9,17.342,2.909,0
E01028684,South Oxfordshire 004E,E02005961,South Oxfordshire 004,2.8601988782587955,10.999993078081904,Others,0.0,0.8617021276595744,0.0,5.733415457434661,0.8034072471606274,0.9124754306856284,0.3953488372093023,0.1969914040114613,0.3636363636363636,7.242082359256962,10,14.998,2.772,0
E01028685,South Oxfordshire 018E,E02005975,South Oxfordshire 018,2.6329673949778543,11.363276304750231,Others,0.0,0.903846153846154,0.0,5.9634020386534425,0.7915825273674142,0.8998020548590819,0.4848484848484848,0.1175548589341692,0.3333333333333333,7.152268856032539,9,11.834,2.552,0
E01028686,South Oxfordshire 018F,E02005975,South Oxfordshire 018,4.465252731521554,11.91483149343842,Others,0.0,0.903846153846154,0.0,5.815501112924046,0.7915825273674142,0.8998020548590819,0.4848484848484848,0.3885135135135135,0.391304347826087,7.300472814267799,9,158.775,5.074,0
E01028690,Vale of White Horse 008A,E02005985,Vale of White Horse 008,2.376021411067228,12.181989971889216,Others,1.0,0.8787878787878788,0.0,4.364621841787211,0.7456,0.8778696051423324,0.4166666666666667,0.032341527,0.3,7.344072850573066,7,9.528,2.354,0
E01028691,Vale of White Horse 008B,E02005985,Vale of White Horse 008,2.6040221306781626,11.788808863909182,Others,1.0,0.8787878787878788,0.0,4.200466015018897,0.7456,0.8778696051423324,0.4166666666666667,0.052026286966046,0.4736842105263157,7.510430556378006,6,12.48,2.601,0
E01028692,Vale of White Horse 008C,E02005985,Vale of White Horse 008,2.084055879230581,11.854676600795852,Others,1.0,0.8787878787878788,0.0,4.44304663061823,0.7456,0.8778696051423324,0.4166666666666667,0.035014006,0.4,7.264730177929867,2,6.197,1.974,0
E01028693,Vale of White Horse 004A,E02005981,Vale of White Horse 004,2.743867693967604,11.70541185106306,Others,1.0,0.9393939393939394,0.0,4.6098541592500375,0.7596253902185224,0.87890625,0.4666666666666667,0.079575597,0.375,7.319202458767849,10,11.691,2.541,0
E01028694,Vale of White Horse 004B,E02005981,Vale of White Horse 004,2.462064407539368,11.745817579550348,Others,1.0,0.9393939393939394,0.0,4.687708397760832,0.7596253902185224,0.87890625,0.4666666666666667,0.06097561,0.4117647058823529,7.240649694255466,10,9.342,2.336,0
E01028696,Vale of White Horse 006B,E02005983,Vale of White Horse 006,3.696971624011272,11.177466714598282,Others,1.0,0.7528089887640449,0.0112359550561797,6.1599698329111305,0.8380190311418685,0.9256790123456792,0.364963503649635,0.3793103448275862,0.4545454545454545,7.280008252884188,10,31.356,3.477,0
E01028697,Vale of White Horse 006C,E02005983,Vale of White Horse 006,3.1102210000386887,11.26335743292922,Others,1.0,0.7528089887640449,0.0112359550561797,6.053675015578352,0.8380190311418685,0.9256790123456792,0.364963503649635,0.1704897706137631,0.3636363636363636,7.3864708488298945,6,18.132,2.951,0
E01028698,Vale of White Horse 006D,E02005983,Vale of White Horse 006,5.974892994264215,11.0083176499914,Others,1.0,0.7528089887640449,0.0112359550561797,6.204298467267766,0.8380190311418685,0.9256790123456792,0.364963503649635,2.0,0.2307692307692307,7.23561914106675,10,339.04,5.829,0
E01028700,Vale of White Horse 006E,E02005983,Vale of White Horse 006,3.746511366946653,10.987075636184905,Others,1.0,0.7528089887640449,0.0112359550561797,6.004796181918667,0.8380190311418685,0.9256790123456792,0.364963503649635,0.4132231404958678,0.4285714285714285,7.43543801981455,6,38.787,3.684,0
E01028701,Vale of White Horse 004C,E02005981,Vale of White Horse 004,2.273259263612217,12.291222290571854,Others,1.0,0.9393939393939394,0.0,4.556201613969925,0.7596253902185224,0.87890625,0.4666666666666667,0.025125628,0.375,7.373374309910049,9,7.666,2.159,0
E01028702,Vale of White Horse 008D,E02005985,Vale of White Horse 008,3.98935434836447,11.040959440898442,Others,1.0,0.8787878787878788,0.0,4.604452698655603,0.7456,0.8778696051423324,0.4166666666666667,0.7007419620774938,0.5882352941176471,7.101675971619444,9,42.681,3.777,0
E01028703,Vale of White Horse 006F,E02005983,Vale of White Horse 006,4.085875467130721,10.75355728202792,Others,1.0,0.7528089887640449,0.0112359550561797,5.995418707405915,0.8380190311418685,0.9256790123456792,0.364963503649635,0.7309941520467836,0.28,7.444833273892193,6,57.737,4.073,0
E01028704,Vale of White Horse 008E,E02005985,Vale of White Horse 008,3.455874942952851,11.247865570554728,Others,1.0,0.8787878787878788,0.0,4.177016471897528,0.7456,0.8778696051423324,0.4166666666666667,0.213903743315508,0.375,7.534228326274089,7,25.737,3.286,0
E01028705,Vale of White Horse 004D,E02005981,Vale of White Horse 004,2.027885054765434,12.483405094922263,Others,1.0,0.9393939393939394,0.0,4.8811030350479845,0.7596253902185224,0.87890625,0.4666666666666667,0.021795989537925,0.4,7.045776576879511,10,8.02,2.199,0
E01028706,Vale of White Horse 004E,E02005981,Vale of White Horse 004,2.2975725511705014,11.564522330922328,Others,1.0,0.9393939393939394,0.0,4.700586068450937,0.7596253902185224,0.87890625,0.4666666666666667,0.061773256,0.5882352941176471,7.227662498728654,10,8.164,2.215,0
E01028707,Vale of White Horse 004F,E02005981,Vale of White Horse 004,2.3570732782781154,10.551663517451033,Others,1.0,0.9393939393939394,0.0,4.688419409998097,0.7596253902185224,0.87890625,0.4666666666666667,0.1794687724335965,0.3,7.239932591320469,10,9.678,2.368,0
E01028712,Vale of White Horse 015A,E02005992,Vale of White Horse 015,3.877886943498464,11.45788832904032,Others,0.0,0.7707317073170732,0.009756098,5.988929314161129,0.8425142857142858,0.8891507210858705,0.4942528735632184,0.2287282708142726,0.4,7.690286020676768,7,28.64,3.389,0
E01028713,Vale of White Horse 016E,E02006886,Vale of White Horse 016,3.574281964214713,11.503433414804707,Others,0.0,0.8426966292134831,0.005617978,5.767509414630733,0.8136639118457301,0.913517056271652,0.3795180722891566,0.1344086021505376,0.3571428571428571,7.865187954187467,7,40.569,3.727,0
E01028715,Vale of White Horse 016F,E02006886,Vale of White Horse 016,3.960984583476808,11.137208461573117,Others,0.0,0.8426966292134831,0.005617978,5.813741411807858,0.8136639118457301,0.913517056271652,0.3795180722891566,0.3016894609814964,0.4,7.818832443803404,9,43.107,3.787,0
E01028716,Vale of White Horse 009A,E02005986,Vale of White Horse 009,3.733398605718426,10.973644025687223,Others,0.0,0.8426966292134831,0.0,4.9349314839846405,0.8299951930780324,0.9183183941421538,0.3544303797468354,0.2446696959105208,0.5,7.959275960116396,7,32.595,3.514,0
E01028717,Vale of White Horse 009B,E02005986,Vale of White Horse 009,3.555290916999556,10.987459129140056,Others,0.0,0.8426966292134831,0.0,5.508576779199775,0.8299951930780324,0.9183183941421538,0.3544303797468354,0.357809583074051,0.391304347826087,7.382746449738912,6,31.676,3.487,0
E01028718,Vale of White Horse 009C,E02005986,Vale of White Horse 009,3.4584594938289506,10.887634394086254,Others,0.0,0.8426966292134831,0.0,5.589910585347254,0.8299951930780324,0.9183183941421538,0.3544303797468354,0.388251181634031,0.391304347826087,7.301147805856032,5,32.423,3.509,0
E01028719,Vale of White Horse 009D,E02005986,Vale of White Horse 009,3.0322570482363638,11.633583095176643,Others,0.0,0.8426966292134831,0.0,5.3170020845201496,0.8299951930780324,0.9183183941421538,0.3544303797468354,0.089835729,0.4285714285714285,7.575071699507561,9,19.373,3.014,0
E01028720,Vale of White Horse 016G,E02006886,Vale of White Horse 016,5.314845029153641,11.11907267219023,Others,0.0,0.8426966292134831,0.005617978,5.655061776341542,0.8136639118457301,0.913517056271652,0.3795180722891566,1.0291595197255574,0.3333333333333333,7.977968093128549,7,215.458,5.377,0
E01028721,Vale of White Horse 011A,E02005988,Vale of White Horse 011,2.589641970051908,11.5396582713719,Others,1.0,0.8823529411764706,0.0,5.233312567153235,0.7744726879394267,0.9060650887573964,0.3555555555555555,0.09942005,0.1666666666666666,7.0967213784947605,10,8.719,2.274,0
E01028722,Vale of White Horse 011B,E02005988,Vale of White Horse 011,4.227257013341842,11.764677205023808,Others,1.0,0.8823529411764706,0.0,4.860836054292217,0.7744726879394267,0.9060650887573964,0.3555555555555555,0.2989749430523918,0.4285714285714285,7.471363088187097,8,64.847,4.187,0
E01028723,Vale of White Horse 011C,E02005988,Vale of White Horse 011,4.227257013341842,10.766161702327656,Others,1.0,0.8823529411764706,0.0,4.517608003798178,0.7744726879394267,0.9060650887573964,0.3555555555555555,0.5739025372533226,0.1228070175438596,7.81762544305337,7,64.847,4.187,0
E01028724,Vale of White Horse 011D,E02005988,Vale of White Horse 011,2.2515023027647296,12.149154790988812,Others,1.0,0.8823529411764706,0.0,5.2390980068880655,0.7744726879394267,0.9060650887573964,0.3555555555555555,0.0375,0.3333333333333333,7.090909822079984,9,7.164,2.1,0
E01028725,Vale of White Horse 011E,E02005988,Vale of White Horse 011,3.505947711194287,11.587206993490744,Others,1.0,0.8823529411764706,0.0,4.017201686373225,0.7744726879394267,0.9060650887573964,0.3555555555555555,0.072727273,0.4166666666666667,8.325063693631197,6,26.828,3.326,0
E01028726,Vale of White Horse 007A,E02005984,Vale of White Horse 007,4.292115603201173,10.923754303633537,Others,0.0,0.9043478260869564,0.0,5.138840188081304,0.7905058496759532,0.8929845422116528,0.4311926605504587,0.4043545878693623,0.3846153846153846,8.075893630298857,9,68.981,4.248,0
E01028728,Vale of White Horse 015C,E02005992,Vale of White Horse 015,2.74238721350666,11.193009415184726,Others,1.0,0.7707317073170732,0.009756098,6.509159435532073,0.8425142857142858,0.8891507210858705,0.4942528735632184,0.1540832049306625,0.375,7.1693500166706,7,13.627,2.683,0
E01028729,Vale of White Horse 015D,E02005992,Vale of White Horse 015,5.871545794931808,10.859575188999456,Others,0.0,0.7707317073170732,0.009756098,6.120453409445022,0.8425142857142858,0.8891507210858705,0.4942528735632184,2.0,0.1176470588235294,7.558516743045645,9,260.4,5.566,0
E01028730,Vale of White Horse 015E,E02005992,Vale of White Horse 015,4.792893792071041,10.796258544959716,Others,0.0,0.7707317073170732,0.009756098,6.272035275975271,0.8425142857142858,0.8891507210858705,0.4942528735632184,1.488456865127582,0.1836734693877551,7.40671073017764,8,92.381,4.537,0
E01028731,Vale of White Horse 010B,E02005987,Vale of White Horse 010,3.6191273659234775,11.19287170448714,Others,0.0,0.824,0.008,5.524095664475288,0.8208161865569273,0.9025754422476588,0.4363636363636363,0.226963231956423,0.3,7.698029170272805,7,34.388,3.566,0
E01028732,Vale of White Horse 010C,E02005987,Vale of White Horse 010,5.446125115310116,12.349562413529965,Others,1.0,0.824,0.008,5.554859471644959,0.8208161865569273,0.9025754422476588,0.4363636363636363,0.4681647940074906,0.3,7.667158255319148,8,161.427,5.09,0
E01028733,Vale of White Horse 002A,E02005979,Vale of White Horse 002,3.5598237449445747,11.036575924774557,Others,1.0,0.83,0.0,5.662360284316347,0.7889041304679165,0.8985839233652644,0.4814814814814814,0.3895184135977337,0.2727272727272727,7.253470382684528,8,27.356,3.345,0
E01028734,Vale of White Horse 002B,E02005979,Vale of White Horse 002,2.741291534882012,11.074056956950256,Others,1.0,0.83,0.0,5.551617570076021,0.7889041304679165,0.8985839233652644,0.4814814814814814,0.1425855513307984,0.4444444444444444,7.364547014255642,10,11.999,2.565,0
E01028735,Vale of White Horse 002C,E02005979,Vale of White Horse 002,2.7125069218191515,11.448717555841151,Others,1.0,0.83,0.0,5.501159853113744,0.7889041304679165,0.8985839233652644,0.4814814814814814,0.090361446,0.5,7.415175109613295,9,13.493,2.674,0
E01028737,Vale of White Horse 007C,E02005984,Vale of White Horse 007,4.1249707557638615,11.23958670036721,Others,0.0,0.9043478260869564,0.0,5.425984514197839,0.7905058496759532,0.8929845422116528,0.4311926605504587,0.332088003,0.5625,7.787382026484701,8,52.362,3.977,0
E01028738,Vale of White Horse 003A,E02005980,Vale of White Horse 003,4.376423466203447,12.015975356990731,Others,1.0,0.8556701030927835,0.0,5.259137581190048,0.8011614695114254,0.894748264,0.4269662921348314,0.204213241616509,0.3684210526315789,7.752335163302292,10,75.388,4.336,0
E01028739,Vale of White Horse 003B,E02005980,Vale of White Horse 003,4.291664194593491,11.408797522714949,Others,0.0,0.8556701030927835,0.0,5.136227452823172,0.8011614695114254,0.894748264,0.4269662921348314,0.303951368,0.25,7.87587915949631,8,61.446,4.134,0
E01028740,Vale of White Horse 002D,E02005979,Vale of White Horse 002,2.7570943012811324,11.431861819650498,Others,1.0,0.83,0.0,5.495774942067952,0.7889041304679165,0.8985839233652644,0.4814814814814814,0.095865788,0.21875,7.4205789054108,10,12.647,2.614,0
E01028741,Vale of White Horse 002E,E02005979,Vale of White Horse 002,3.4059858983939524,11.403945586802092,Others,1.0,0.83,0.0,5.243251273721793,0.7889041304679165,0.8985839233652644,0.4814814814814814,0.1510925151092515,0.4615384615384615,7.674152921281675,10,32.225,3.503,0
E01028742,Vale of White Horse 002F,E02005979,Vale of White Horse 002,5.272840571567009,11.239373418636507,Others,1.0,0.83,0.0,5.224470449592129,0.7889041304679165,0.8985839233652644,0.4814814814814814,1.1633211678832116,0.3137254901960784,7.693025748417888,9,173.034,5.159,0
E01028743,Vale of White Horse 003C,E02005980,Vale of White Horse 003,4.376423466203447,11.559220455288823,Others,0.0,0.8556701030927835,0.0,5.524893537363807,0.8011614695114254,0.894748264,0.4269662921348314,0.4211117349803481,0.4,7.485491608030754,9,75.388,4.336,0
E01028744,Vale of White Horse 003D,E02005980,Vale of White Horse 003,3.0504571732432377,11.033664347877092,Others,0.0,0.8556701030927835,0.0,5.554408940077992,0.8011614695114254,0.894748264,0.4269662921348314,0.18796992481203,0.2307692307692307,7.455876687491824,8,17.96,2.942,0
E01028745,Vale of White Horse 016A,E02006886,Vale of White Horse 016,4.788366360192707,12.604054826240096,Others,0.0,0.8426966292134831,0.005617978,5.882220056428242,0.8136639118457301,0.913517056271652,0.3795180722891566,0.1723395088323998,0.4375,7.7501841622578365,9,101.402,4.629,0
E01028746,Vale of White Horse 016B,E02006886,Vale of White Horse 016,3.3887536114378136,11.386116917798796,Others,0.0,0.8426966292134831,0.005617978,6.123136182107622,0.8136639118457301,0.913517056271652,0.3795180722891566,0.1782775644541963,0.3076923076923077,7.508787170634276,8,23.762,3.209,0
E01028747,Vale of White Horse 016C,E02006886,Vale of White Horse 016,4.592652161429119,10.594166894567609,Others,0.0,0.8426966292134831,0.005617978,6.229921264554688,0.8136639118457301,0.913517056271652,0.3795180722891566,1.4957264957264955,0.1836734693877551,7.40184157874383,8,92.402,4.537,0
E01028748,Vale of White Horse 016D,E02006886,Vale of White Horse 016,3.305677179804743,12.255514977944038,Others,0.0,0.8426966292134831,0.005617978,6.296044385267871,0.8136639118457301,0.913517056271652,0.3795180722891566,0.081539465,0.4,7.335633981927201,7,23.806,3.211,0
E01028749,Vale of White Horse 009E,E02005986,Vale of White Horse 009,3.948219920739964,10.999033379707368,Others,0.0,0.8426966292134831,0.0,4.855941464135624,0.8299951930780324,0.9183183941421538,0.3544303797468354,0.2743705616526791,0.1764705882352941,8.038834757787749,7,50.416,3.94,0
E01028750,Vale of White Horse 003E,E02005980,Vale of White Horse 003,2.966457930849996,11.861583047896062,Others,1.0,0.8556701030927835,0.0,5.795108291482724,0.8011614695114254,0.894748264,0.4269662921348314,0.095729013,0.2307692307692307,7.214504414151143,7,17.787,2.933,0
E01028751,Vale of White Horse 003F,E02005980,Vale of White Horse 003,3.2565568918358894,11.248972939884329,Others,1.0,0.8556701030927835,0.0,5.4526507972993485,0.8011614695114254,0.894748264,0.4269662921348314,0.1697127937336814,0.3076923076923077,7.557994958530806,9,25.559,3.279,0
E01028752,Vale of White Horse 003G,E02005980,Vale of White Horse 003,3.873801792607949,11.230575816507567,Others,1.0,0.8556701030927835,0.0,5.608880885771635,0.8011614695114254,0.894748264,0.4269662921348314,0.3817959682345754,0.28,7.401231264413015,10,44.831,3.825,0
E01028753,Vale of White Horse 010D,E02005987,Vale of White Horse 010,6.524462048103176,11.949151065475274,Others,0.0,0.824,0.008,5.7438426622752505,0.8208161865569273,0.9025754422476588,0.4363636363636363,2.0,0.0909090909090909,7.477604243197589,6,605.485,6.408,0
E01028754,Vale of White Horse 010E,E02005987,Vale of White Horse 010,3.5387539955362985,11.333332183047432,Others,0.0,0.824,0.008,5.704576501009559,0.8208161865569273,0.9025754422476588,0.4363636363636363,0.2176278563656148,0.25,7.516977224604321,9,29.857,3.429,0
E01028757,Vale of White Horse 015F,E02005992,Vale of White Horse 015,3.436178350557401,11.515199543958117,Others,1.0,0.7707317073170732,0.009756098,5.898692201526773,0.8425142857142858,0.8891507210858705,0.4942528735632184,0.1253656498119515,0.4166666666666667,7.780720886117918,6,38.861,3.685,0
E01028762,West Oxfordshire 012A,E02006004,West Oxfordshire 012,3.760222894182072,10.93212434424182,Others,0.0,0.8571428571428571,0.008928571,5.614330493179793,0.8166513621059075,0.9161594026458892,0.3838383838383838,0.4141358365543898,0.4,7.502186486602924,6,35.63,3.601,0
E01028763,West Oxfordshire 003A,E02005995,West Oxfordshire 003,3.924998458950536,11.035973753609069,Others,0.0,0.898989899,0.0,5.393003787693901,0.8073130193905818,0.9033772064075094,0.422680412,0.3610108303249097,0.375,7.703910209616311,9,41.141,3.741,0
E01028764,West Oxfordshire 015A,E02006007,West Oxfordshire 015,3.254783363206619,11.104029478122603,Others,0.0,0.8953488372093024,0.0116279069767441,5.458959814952323,0.7870315288518739,0.902629145197516,0.369047619047619,0.2087973273942093,0.3333333333333333,7.493873886783559,8,23.334,3.192,0
E01028765,West Oxfordshire 015B,E02006007,West Oxfordshire 015,3.534124425037787,11.210782296034113,Others,0.0,0.8953488372093024,0.0116279069767441,4.993791521900678,0.7870315288518739,0.902629145197516,0.369047619047619,0.1569584931984653,0.3333333333333333,7.961370201719511,6,28.125,3.372,0
E01028767,West Oxfordshire 012C,E02006004,West Oxfordshire 012,4.425074150882573,10.79017619887909,Others,0.0,0.8571428571428571,0.008928571,5.435582263198221,0.8166513621059075,0.9161594026458892,0.3838383838383838,0.7844946931241348,0.4117647058823529,7.681560362559537,6,67.373,4.225,0
E01028772,West Oxfordshire 013D,E02006005,West Oxfordshire 013,3.159338112152005,12.377594649141624,Others,1.0,0.8936170212765957,0.0,4.347404788929218,0.8075,0.8872793119058398,0.4,0.036231884057971,0.2105263157894736,7.872073979866873,8,19.446,3.018,0
E01028776,West Oxfordshire 003B,E02005995,West Oxfordshire 003,3.776478158593005,10.82360272660525,Others,0.0,0.898989899,0.0,5.551988582506092,0.8073130193905818,0.9033772064075094,0.422680412,0.4499735309687665,0.2941176470588235,7.544332108053688,5,40.393,3.723,0
E01028777,West Oxfordshire 005A,E02005997,West Oxfordshire 005,3.2887003504350094,11.074746031189092,Others,0.0,0.9066666666666666,0.0,5.635966085622818,0.7930612244897959,0.8947269656595984,0.4714285714285714,0.3192338387869114,0.375,7.134093721192866,9,22.74,3.167,0
E01028778,West Oxfordshire 005B,E02005997,West Oxfordshire 005,2.549679518464042,11.678702580809489,Others,0.0,0.9066666666666666,0.0,5.466081934858957,0.7930612244897959,0.8947269656595984,0.4714285714285714,0.067294751,0.5,7.304515946460155,7,12.053,2.569,0
E01028779,West Oxfordshire 005C,E02005997,West Oxfordshire 005,2.573756613318837,11.3683240454791,Others,0.0,0.9066666666666666,0.0,5.717990705597629,0.7930612244897959,0.8947269656595984,0.4714285714285714,0.121317157712305,0.2857142857142857,7.051855622955894,8,12.304,2.588,0
E01028784,West Oxfordshire 007A,E02005999,West Oxfordshire 007,4.553834785450931,11.18865707296787,Others,1.0,0.8651685393258427,0.0,4.9246997592901804,0.8044708956307156,0.908395062,0.3614457831325301,0.4280540006585446,0.2307692307692307,8.018954683155718,8,106.129,4.674,0
E01028785,West Oxfordshire 011A,E02006003,West Oxfordshire 011,3.248667609675937,11.240766387556032,Others,0.0,0.8333333333333334,0.0,5.324042956652895,0.8317159763313609,0.9153687370988928,0.328125,0.2074026802807913,0.4615384615384615,7.357556200910353,9,17.927,2.941,0
E01028786,West Oxfordshire 011B,E02006003,West Oxfordshire 011,3.1257512548777258,11.112554666496376,Others,0.0,0.8333333333333334,0.0,5.350428478463106,0.8317159763313609,0.9153687370988928,0.328125,0.2129750982961992,0.4615384615384615,7.331060305218632,9,17.458,2.915,0
E01028787,West Oxfordshire 011C,E02006003,West Oxfordshire 011,5.680479729086366,11.751916004257945,Others,0.0,0.8333333333333334,0.0,5.264283180082056,0.8317159763313609,0.9153687370988928,0.328125,1.3822115384615383,0.1304347826086956,7.417580402414544,5,239.137,5.481,0
E01028788,West Oxfordshire 006A,E02005998,West Oxfordshire 006,4.021307810978127,10.648630376932342,Others,0.0,0.8372093023255814,0.0,5.323652820712097,0.8152126578603571,0.9010380622837372,0.4337349397590361,0.6394490900147565,0.2307692307692307,7.617759576608505,9,48.063,3.893,0
E01028789,West Oxfordshire 006B,E02005998,West Oxfordshire 006,3.304906721343869,12.338096407685576,Others,0.0,0.8372093023255814,0.0,5.296137959872842,0.8152126578603571,0.9010380622837372,0.4337349397590361,0.055023923,0.3478260869565217,7.645397699428633,10,19.661,3.028,0
E01028790,West Oxfordshire 006C,E02005998,West Oxfordshire 006,4.23636482224253,10.69132228509033,Others,0.0,0.8372093023255814,0.0,5.506436078595961,0.8152126578603571,0.9010380622837372,0.4337349397590361,0.9160756501182034,0.1935483870967742,7.434257382133135,8,68.078,4.235,0
E01028791,West Oxfordshire 006D,E02005998,West Oxfordshire 006,3.1364937162622333,10.916151535317873,Others,0.0,0.8372093023255814,0.0,5.527254602914687,0.8152126578603571,0.9010380622837372,0.4337349397590361,0.2414001207000603,0.375,7.41336733569524,10,16.996,2.89,0
E01028792,West Oxfordshire 007B,E02005999,West Oxfordshire 007,3.922012939457494,11.002156910282835,Others,0.0,0.8651685393258427,0.0,5.902621318199733,0.8044708956307156,0.908395062,0.3614457831325301,0.7255936675461742,0.2727272727272727,7.037027614686276,9,43.031,3.785,0
E01028793,West Oxfordshire 007C,E02005999,West Oxfordshire 007,3.3122933055561488,11.232771177986743,Others,0.0,0.8651685393258427,0.0,5.549133692868179,0.8044708956307156,0.908395062,0.3614457831325301,0.215916101,0.3571428571428571,7.3914152346753585,8,24.045,3.221,0
E01028794,West Oxfordshire 007D,E02005999,West Oxfordshire 007,3.1808000560159706,10.844642156047724,Others,0.0,0.8651685393258427,0.0,5.540567734390874,0.8044708956307156,0.908395062,0.3614457831325301,0.2752293577981651,0.3333333333333333,7.400009517162692,7,19.697,3.03,0
E01028795,West Oxfordshire 002A,E02005994,West Oxfordshire 002,4.518620520575084,10.977174015938033,Others,0.0,0.8962264150943396,0.0,5.747188757154471,0.8244,0.9067283730865076,0.3529411764705882,0.9491733006736068,0.1935483870967742,7.3987862754199485,6,65.707,4.2,0
E01028796,West Oxfordshire 002B,E02005994,West Oxfordshire 002,3.5340368683082666,11.2106921083083,Others,0.0,0.8962264150943396,0.0,5.899967750916808,0.8244,0.9067283730865076,0.3529411764705882,0.3211991434689507,0.4444444444444444,7.245655067594535,6,27.421,3.347,0
E01028797,West Oxfordshire 002C,E02005994,West Oxfordshire 002,4.88252158026383,11.281907430527214,Others,0.0,0.8962264150943396,0.0,6.063626767126295,0.8244,0.9067283730865076,0.3529411764705882,1.3877207737594617,0.0909090909090909,7.081708586105575,6,117.558,4.775,0
E01028798,West Oxfordshire 003C,E02005995,West Oxfordshire 003,3.5034831752029056,11.430516984872153,Others,0.0,0.898989899,0.0,5.332029596398549,0.8073130193905818,0.9033772064075094,0.422680412,0.1485568760611205,0.3571428571428571,7.7651449029361315,8,25.112,3.262,0
E01028799,West Oxfordshire 005D,E02005997,West Oxfordshire 005,3.852357923106411,11.20867217857783,Others,0.0,0.9066666666666666,0.0,5.025974601786092,0.7930612244897959,0.8947269656595984,0.4714285714285714,0.2702118460873324,0.28,7.746732907753622,8,34.931,3.582,0
E01028800,West Oxfordshire 011D,E02006003,West Oxfordshire 011,4.026476058396859,11.51408025249184,Others,0.0,0.8333333333333334,0.0,5.240653439705224,0.8317159763313609,0.9153687370988928,0.328125,0.3227699530516432,0.1818181818181818,7.4413203897176174,7,53.882,4.005,0
E01028801,West Oxfordshire 015C,E02006007,West Oxfordshire 015,4.632639427977637,12.2237701173642,Others,0.0,0.8953488372093024,0.0116279069767441,5.59927629480429,0.7870315288518739,0.902629145197516,0.369047619047619,0.3205128205128205,0.3,7.353081920515432,8,99.629,4.611,0
E01028802,West Oxfordshire 015D,E02006007,West Oxfordshire 015,3.3609307884336004,10.877742563929434,Others,0.0,0.8953488372093024,0.0116279069767441,5.553106642698985,0.7870315288518739,0.902629145197516,0.369047619047619,0.32129743,0.3333333333333333,7.399398083331354,8,25.617,3.282,0
E01028804,West Oxfordshire 004B,E02005996,West Oxfordshire 004,2.930820349376848,11.526725518978145,Others,0.0,0.9047619047619048,0.0,5.807252937131862,0.7886980609418283,0.8986625514403292,0.4947368421052631,0.1222067039106145,0.2857142857142857,7.267525427828172,9,14.488,2.74,0
E01028806,West Oxfordshire 002D,E02005994,West Oxfordshire 002,3.3228393652102275,11.110184143983656,Others,0.0,0.8962264150943396,0.0,5.58636219237351,0.8244,0.9067283730865076,0.3529411764705882,0.208441896821261,0.375,7.560080465021827,8,25.747,3.286,0
E01028809,West Oxfordshire 009A,E02006001,West Oxfordshire 009,2.496752872071682,11.249601326177636,Others,1.0,0.7777777777777778,0.0,5.192706282635897,0.8448,0.9053497942386832,0.34,0.1037938439513242,0.3103448275862069,7.242797922793756,2,9.089,2.311,0
E01028820,West Oxfordshire 009B,E02006001,West Oxfordshire 009,5.395598330353919,11.04605976441542,Others,1.0,0.7777777777777778,0.0,4.1231480863319865,0.8448,0.9053497942386832,0.34,0.85054678,0.1428571428571428,8.32263709695394,9,195.726,5.282,0
E01028821,West Oxfordshire 009C,E02006001,West Oxfordshire 009,2.590692075158907,11.723113454244212,Others,1.0,0.7777777777777778,0.0,5.199850443064784,0.8448,0.9053497942386832,0.34,0.072098053,0.5,7.23561914106675,9,11.391,2.517,0
E01028822,West Oxfordshire 009D,E02006001,West Oxfordshire 009,3.785121018227024,12.056208598284751,Others,1.0,0.7777777777777778,0.0,5.135321375738837,0.8448,0.9053497942386832,0.34,0.1689189189189189,0.6,7.300472814267799,10,22.995,3.178,0
E01028823,West Oxfordshire 004D,E02005996,West Oxfordshire 004,3.663048694079415,10.49605246594424,Others,0.0,0.9047619047619048,0.0,5.873462271002257,0.7886980609418283,0.8986625514403292,0.4947368421052631,0.7835820895522388,0.4285714285714285,7.201170883281678,9,36.114,3.614,0
E01028824,West Oxfordshire 004E,E02005996,West Oxfordshire 004,3.711374531941307,11.02518140064756,Others,0.0,0.9047619047619048,0.0,5.523881527597346,0.7886980609418283,0.8986625514403292,0.4947368421052631,0.3415659485023647,0.3076923076923077,7.55171221535131,9,51.611,3.963,0
E01028825,West Oxfordshire 004F,E02005996,West Oxfordshire 004,4.536559384360298,11.53891696264132,Others,0.0,0.9047619047619048,0.0,5.629832442343911,0.7886980609418283,0.8986625514403292,0.4947368421052631,0.5260081823495032,0.4444444444444444,7.445417556701687,10,79.096,4.383,0
E01032554,Oxford 002F,E02005941,Oxford 002,5.0533307326238734,12.242364393963896,Others,1.0,0.8518518518518519,0.0,5.2821344958106735,0.8162064282480761,0.8846187439951088,0.5698924731182796,0.3157894736842105,0.3333333333333333,7.773173680482536,10,106.224,4.675,0
E01032555,Oxford 002G,E02005941,Oxford 002,2.8947510436998773,11.488584469126872,Others,1.0,0.8518518518518519,0.0,5.498511996089978,0.8162064282480761,0.8846187439951088,0.5698924731182796,0.091575092,0.4285714285714285,7.555905093611346,5,17.453,2.915,0
E01032700,Swindon 026B,E02006847,Swindon 026,2.2302294308019053,12.019990024793984,Swindon,1.0,0.9555555555555556,0.0,4.811238025708716,0.730124392,0.8730864197530864,0.4545454545454545,0.0277008310249307,0.3,7.498869733976931,10,10.132,2.41,0
E01032701,Swindon 027A,E02006848,Swindon 027,2.408115594203509,11.52417198510996,Swindon,1.0,0.9523809523809524,0.0,5.08704382493146,0.7375,0.8786848072562359,0.4390243902439024,0.078492936,0.5,7.150701457592526,8,10.119,2.409,0
E01032702,Swindon 027B,E02006848,Swindon 027,2.6116861328191265,11.374229626518073,Swindon,1.0,0.9523809523809524,0.0,4.979955685456334,0.7375,0.8786848072562359,0.4390243902439024,0.102184637,0.3103448275862069,7.258412150595307,9,11.652,2.538,0
E01032703,Swindon 026C,E02006847,Swindon 026,2.1652751420294387,10.56064479536292,Swindon,1.0,0.9555555555555556,0.0,4.899722907860309,0.730124392,0.8730864197530864,0.4545454545454545,0.1211387038158691,0.625,7.409741954080923,9,8.733,2.276,0
E01032704,Swindon 027C,E02006848,Swindon 027,2.696180028531723,11.277071115502164,Swindon,1.0,0.9523809523809524,0.0,4.648025814751353,0.7375,0.8786848072562359,0.4390243902439024,0.088250126,0.4285714285714285,7.592870287844818,8,17.589,2.923,0
E01032705,Swindon 026D,E02006847,Swindon 026,2.180982271234797,11.70228183472607,Swindon,1.0,0.9555555555555556,0.0,4.906358202163042,0.730124392,0.8730864197530864,0.4545454545454545,0.0396341463414634,0.3076923076923077,7.403061091090091,8,8.236,2.223,0
E01032706,Swindon 021E,E02003232,Swindon 021,2.2726412166209737,11.661928633349085,Swindon,1.0,0.8955223880597015,0.0,5.195400470010734,0.7657550535077289,0.9048442906574394,0.4067796610169492,0.045620438,0.3333333333333333,7.405495663199472,8,6.451404248566484,2.0084025043699767,1
E01032707,Swindon 021F,E02003232,Swindon 021,3.735953861499865,10.976261751376672,Swindon,1.0,0.8955223880597015,0.0,4.950713983307251,0.7657550535077289,0.9048442906574394,0.4067796610169492,0.3328578221588207,0.4285714285714285,7.651595573857601,10,19.642,3.027,0
E01032708,Swindon 012F,E02003223,Swindon 012,4.3186740766706055,11.03071699203273,Swindon,1.0,0.7469135802469136,0.0123456790123456,5.70980764722756,0.8223140495867769,0.9096174363664076,0.2612612612612612,0.6504065040650406,0.25,7.520776415062797,8,63.881,4.173,0
E01032709,Swindon 026E,E02006847,Swindon 026,2.24855120450156,11.452714160504186,Swindon,1.0,0.9555555555555556,0.0,5.004271435774469,0.730124392,0.8730864197530864,0.4545454545454545,0.060565276,0.1666666666666666,7.304515946460155,7,8.872,2.29,0
E01032710,Swindon 028E,E02006849,Swindon 028,4.514041252576989,10.940796082576597,Swindon,1.0,0.8448275862068966,0.0,5.148563805020855,0.7708333333333334,0.8961111111111111,0.4583333333333333,1.1412268188302426,0.625,7.246368080102461,10,79.069,4.383,0
E01032711,Swindon 027D,E02006848,Swindon 027,2.408115594203509,11.747313558789244,Swindon,1.0,0.9523809523809524,0.0,4.7832921855275385,0.7375,0.8786848072562359,0.4390243902439024,0.0462427745664739,0.4375,7.456454555176209,8,10.119,2.409,0
E01032712,Swindon 027E,E02006848,Swindon 027,3.0396056079979608,11.38999043053045,Swindon,1.0,0.9523809523809524,0.0,4.443249201313969,0.7375,0.8786848072562359,0.4390243902439024,0.092250923,0.3333333333333333,7.799753318287247,8,17.033,2.892,0
E01032713,Swindon 026F,E02006847,Swindon 026,3.153504957426533,10.762081149634872,Swindon,1.0,0.9555555555555556,0.0,4.642501984705214,0.730124392,0.8730864197530864,0.4545454545454545,0.2219626168224299,0.5263157894736842,7.669028288589683,8,23.381,3.194,0
E01032714,Swindon 019E,E02003230,Swindon 019,4.824538620507287,10.71265257535124,Swindon,1.0,0.7969924812030075,0.0,5.285263457336296,0.8097506925207756,0.8989349112426035,0.2978723404255319,1.1491851232762222,0.4545454545454545,7.780720886117918,3,122.875,4.819,0
E01032715,Swindon 019F,E02003230,Swindon 019,4.061029045690827,10.481427284017158,Swindon,1.0,0.7969924812030075,0.0,5.732018794507643,0.8097506925207756,0.8989349112426035,0.2978723404255319,1.0471204188481675,0.375,7.332369205929062,4,48.202,3.896,0
E01032716,Swindon 012G,E02003223,Swindon 012,4.934488321516387,10.8604830192257,Swindon,1.0,0.7469135802469136,0.0123456790123456,5.776844351188397,0.8223140495867769,0.9096174363664076,0.2612612612612612,1.536231884057971,0.3396226415094339,7.453561871643373,5,105.356,4.667,0
E01032724,Bracknell Forest 006F,E02003357,Bracknell Forest 006,4.33284952064901,11.780780646788,Others,1.0,0.8208955223880597,0.0,4.950747708551079,0.8281807372175981,0.900423257,0.4285714285714285,0.2880761523046092,0.217391304347826,7.599401333415815,5,71.197,4.279,0
E01032726,Bracknell Forest 009H,E02003360,Bracknell Forest 009,4.501619143357185,10.250854309403236,Others,1.0,0.8375,0.0125,5.193856850032594,0.8227218934911242,0.8972921006248998,0.4153846153846154,1.7364939360529217,0.0476190476190476,7.503840746698951,6,112.279,4.73,0
E01032728,Bracknell Forest 006G,E02003357,Bracknell Forest 006,5.1151934879800285,11.401751386559551,Others,1.0,0.8208955223880597,0.0,4.926183510673342,0.8281807372175981,0.900423257,0.4285714285714285,0.9042033235581622,0.1891891891891892,7.624130585661289,6,169.007,5.136,0
E01032729,Slough 009F,E02003415,Slough 009,4.005440486116094,10.972790246646618,Others,1.0,0.8503937007874016,0.007874016,5.589268127186458,0.810400188,0.9210738421476844,0.3928571428571428,0.4402665397429795,0.1351351351351351,7.650644551436897,3,137.072,4.928,0
E01032730,Slough 009G,E02003415,Slough 009,5.081037838194396,10.952958365332076,Others,1.0,0.8503937007874016,0.007874016,5.506078768537932,0.810400188,0.9210738421476844,0.3928571428571428,1.2259194395796849,0.2857142857142857,7.734121303328305,3,166.406,5.12,0
E01032731,Slough 013E,E02003419,Slough 013,2.7170099424736818,10.6062561555508,Others,1.0,0.875,0.0138888888888888,5.278413173626102,0.768888889,0.8982344772862527,0.4333333333333333,0.2275682704811443,0.4285714285714285,7.338888133838879,5,13.112,2.647,0
E01032732,Slough 013F,E02003419,Slough 013,2.3513752571634776,11.125174670694983,Others,1.0,0.875,0.0138888888888888,5.121977881431629,0.768888889,0.8982344772862527,0.4333333333333333,0.077777778,0.2857142857142857,7.496097345175956,4,10.215,2.417,0
E01032733,Windsor and Maidenhead 005G,E02003425,Windsor and Maidenhead 005,5.674710620502856,11.43163673000426,Others,1.0,0.8142292490118577,0.003952569,6.406147167733033,0.825783566,0.8988111046884032,0.5314009661835749,1.8399532710280373,0.2857142857142857,7.44600149832412,5,282.168,5.646,0
E01032734,Windsor and Maidenhead 005H,E02003425,Windsor and Maidenhead 005,6.649389908270528,11.723276175725683,Others,1.0,0.8142292490118577,0.003952569,6.262484484431533,0.825783566,0.8988111046884032,0.5314009661835749,2.0,0.28,7.589841512182657,5,951.916,6.86,0
E01032941,Cherwell 004G,E02005924,Cherwell 004,5.621204890228884,11.24441255850868,Others,1.0,0.7341772151898734,0.008438819,6.271650812556588,0.8517171717171718,0.9215972222222222,0.2926829268292683,2.0,0.1666666666666666,7.347943823148687,3,261.631,5.571,0
E01032942,Cherwell 004H,E02005924,Cherwell 004,4.388952594744615,10.753609572488369,Others,1.0,0.7341772151898734,0.008438819,6.195531774468051,0.8517171717171718,0.9215972222222222,0.2926829268292683,1.0149253731343284,0.2647058823529412,7.424165281042028,4,91.615,4.528,0
E01032943,Cherwell 002E,E02005922,Cherwell 002,2.6764219256440334,12.1031591335154,Others,1.0,0.9285714285714286,0.0,4.331000090892103,0.7562326869806094,0.8851873884592505,0.3783783783783784,0.0304136253041362,0.3333333333333333,7.810758116529357,8,11.119,2.495,0
E01032944,Cherwell 002F,E02005922,Cherwell 002,2.1456973374569013,11.924776804291822,Others,1.0,0.9285714285714286,0.0,4.905704101188396,0.7562326869806094,0.8851873884592505,0.3783783783783784,0.036231884057971,0.2,7.2305631534092925,8,7.109,2.093,0
E01032949,West Oxfordshire 013E,E02006005,West Oxfordshire 013,3.3111632589581745,11.791208504576163,Others,1.0,0.8936170212765957,0.0,4.96104892359856,0.8075,0.8872793119058398,0.4,0.141743444365698,0.375,7.252762418053187,9,24.862,3.253,0
E01032950,West Oxfordshire 013F,E02006005,West Oxfordshire 013,3.3139677990492284,12.304941636761436,Others,1.0,0.8936170212765957,0.0,4.742328450065083,0.8075,0.8872793119058398,0.4,0.06822058,0.1666666666666666,7.473069088032197,9,28.401,3.381,0
E01032951,West Oxfordshire 013G,E02006005,West Oxfordshire 013,4.698551233485398,12.027945204201798,Others,1.0,0.8936170212765957,0.0,4.62257452307909,0.8075,0.8872793119058398,0.4,0.327455919,0.3076923076923077,7.593877844605118,9,100.773,4.623,0
E01032953,West Oxfordshire 013H,E02006005,West Oxfordshire 013,4.482663511495295,12.988491355343616,Others,1.0,0.8936170212765957,0.0,4.384622272989232,0.8075,0.8872793119058398,0.4,0.079207921,0.25,7.834392302910435,9,86.54,4.472,0
E01033305,Vale of White Horse 006G,E02005983,Vale of White Horse 006,4.793051259987278,11.077314697318318,Others,1.0,0.7528089887640449,0.0112359550561797,6.282867263474901,0.8380190311418685,0.9256790123456792,0.364963503649635,1.4430577223088925,0.3243243243243243,7.1569563646156364,5,118.832,4.786,0
E01033306,Vale of White Horse 006H,E02005983,Vale of White Horse 006,4.522071145818377,10.701083186610182,Others,1.0,0.7528089887640449,0.0112359550561797,5.941489817351755,0.8380190311418685,0.9256790123456792,0.364963503649635,1.1357340720221607,0.3902439024390244,7.498869733976931,5,85.352,4.458,0
E01033415,Reading 019B,E02006939,Reading 019,8.391245994505578,11.77242159311491,Others,1.0,0.7275362318840579,0.0144927536231884,6.020708417534373,0.8120506023713909,0.8878638941398865,0.4409448818897638,2.0,0.1764705882352941,8.036573409707312,5,3073.162,8.031,0
E01033417,Reading 010F,E02006939,Reading 019,3.664612375970938,11.144271263167372,Others,1.0,0.7275362318840579,0.0144927536231884,7.0044462604954,0.8120506023713909,0.8878638941398865,0.4409448818897638,0.4766031195840554,0.1818181818181818,7.051855622955894,6,39.857,3.71,0
E01033418,Reading 019A,E02003398,Reading 010,5.404536013905513,11.474886279624938,Others,1.0,0.8923076923076924,0.0153846153846153,4.906613075112404,0.7649586776859504,0.9140828402366864,0.3684210526315789,1.0828625235404896,0.3478260869565217,7.661527081358517,7,156.654,5.06,0
E01033420,Reading 020B,E02006940,Reading 020,6.38494816295056,11.276124913249973,Others,1.0,0.7252747252747253,0.005494505,6.215191497616882,0.8565041617122473,0.891975214,0.6099290780141844,2.0,0.3333333333333333,7.253470382684528,5,454.584,6.122,0
E01033421,Reading 010G,E02003398,Reading 010,5.251739253987455,10.930484837452298,Others,1.0,0.8923076923076924,0.0153846153846153,4.778407021183273,0.7649586776859504,0.9140828402366864,0.3684210526315789,1.406702523789822,0.1176470588235294,7.790696031174738,3,126.399,4.847,0
E01033422,Reading 019D,E02006939,Reading 019,3.6686767467964168,11.406268030244949,Others,1.0,0.7275362318840579,0.0144927536231884,6.74448712000389,0.8120506023713909,0.8878638941398865,0.4409448818897638,0.2839011356045424,0.4117647058823529,7.311886164077165,4,46.789,3.867,0
E01033423,Reading 020A,E02006939,Reading 019,3.7680602519883775,10.703763552803387,Others,1.0,0.7275362318840579,0.0144927536231884,6.432495239238761,0.8120506023713909,0.8878638941398865,0.4409448818897638,0.4643206256109481,0.3684210526315789,7.624130585661289,6,33.713,3.547,0
E01033838,Reading 020C,E02006940,Reading 020,5.756319578525264,13.130912727341869,Others,1.0,0.7252747252747253,0.005494505,6.049533946927293,0.8565041617122473,0.891975214,0.6099290780141844,0.3749250149970006,0.28,7.419380582918692,7,570.0229869560745,6.347429466211859,1
E01033839,Reading 020D,E02006940,Reading 020,5.756319578525264,12.360806805893205,Others,1.0,0.7252747252747253,0.005494505,5.910672167408025,0.8565041617122473,0.891975214,0.6099290780141844,0.7045929018789144,0.2592592592592592,7.558516743045645,6,570.0229869560745,6.347429466211859,1
E01033841,Swindon 008F,E02003219,Swindon 008,5.758930164641452,12.768889336850052,Swindon,1.0,0.8202247191011236,0.0112359550561797,5.883729178762214,0.8165685595567866,0.9216639313218028,0.4052287581699346,0.4213483146067415,0.3333333333333333,7.667158255319148,7,243.00636745480503,5.497194321078954,1
E01033843,Swindon 008H,E02003219,Swindon 008,5.758930164641452,14.049821125412418,Swindon,1.0,0.8202247191011236,0.0112359550561797,6.274344595811539,0.8165685595567866,0.9216639313218028,0.4052287581699346,0.1731301939058172,0.4,7.275864600546533,7,243.00636745480503,5.497194321078954,1
E01033845,Swindon 015E,E02003226,Swindon 015,3.035241406648704,8.699984334906796,Swindon,1.0,0.8235294117647058,0.0117647058823529,5.172410357250461,0.8303850156087409,0.9058956916099772,0.2903225806451613,1.8665158371040724,0.2424242424242424,7.478169694159785,4,18.388705905524404,2.9646907267243052,1
E01033846,Swindon 015F,E02003226,Swindon 015,3.035241406648704,11.017686706767956,Swindon,1.0,0.8235294117647058,0.0117647058823529,5.133265083359221,0.8303850156087409,0.9058956916099772,0.2903225806451613,0.176726481783578,0.3076923076923077,7.517520850603031,2,18.388705905524404,2.9646907267243052,1
E01033847,Swindon 024E,E02003235,Swindon 024,4.415400964058979,11.388965723763922,Swindon,1.0,0.8764044943820225,0.0,5.404303862221776,0.783207819,0.9056937255397046,0.4,0.5118981737686774,0.1351351351351351,7.4999765409521215,9,74.32023349045997,4.3217488037637,1
E01033848,Swindon 024F,E02003235,Swindon 024,4.415400964058979,12.920433222489317,Swindon,1.0,0.8764044943820225,0.0,5.293404327212137,0.783207819,0.9056937255397046,0.4,0.099009901,0.5,7.611347717403621,7,74.32023349045997,4.3217488037637,1
E01033849,Swindon 025G,E02003236,Swindon 025,2.7833431851376416,10.751224327575212,Swindon,1.0,0.8773584905660378,0.0,4.958783880885504,0.7713580246913581,0.9049483802064792,0.3666666666666666,0.1021370207416719,0.4615384615384615,8.065579427282092,8,14.9614465028475,2.7701762209252343,1
E01033850,Swindon 025H,E02003236,Swindon 025,2.7833431851376416,10.138137978436104,Swindon,0.0,0.8773584905660378,0.0,5.356446944848238,0.7713580246913581,0.9049483802064792,0.3666666666666666,0.2812939521800281,0.5,7.665753431861699,8,14.9614465028475,2.7701762209252343,1
E01033852,West Berkshire 019E,E02003385,West Berkshire 019,5.216621835380643,10.529728240457636,Others,1.0,0.7586206896551724,0.006896552,6.545842096799163,0.8415553526301259,0.9244470868014268,0.4372093023255814,2.0,0.1836734693877551,7.344072850573066,6,172.6628076857876,5.157115532219111,1
E01033853,West Berkshire 019F,E02003385,West Berkshire 019,5.216621835380643,12.224302140677734,Others,1.0,0.7586206896551724,0.006896552,6.35320994785982,0.8415553526301259,0.9244470868014268,0.4372093023255814,0.48,0.5,7.53689712956617,9,172.6628076857876,5.157115532219111,1
E01033854,West Berkshire 019G,E02003385,West Berkshire 019,5.216621835380643,11.713479790025245,Others,1.0,0.7586206896551724,0.006896552,6.103102640022285,0.8415553526301259,0.9244470868014268,0.4372093023255814,0.6226650062266501,0.1666666666666666,7.787382026484701,8,172.6628076857876,5.157115532219111,1
E01033855,West Berkshire 019H,E02003385,West Berkshire 019,5.216621835380643,10.460737278246532,Others,1.0,0.7586206896551724,0.006896552,6.665081876584933,0.8415553526301259,0.9244470868014268,0.4372093023255814,2.0,0.3333333333333333,7.224753405767971,5,172.6628076857876,5.157115532219111,1
E01033856,West Berkshire 019I,E02003385,West Berkshire 019,5.216621835380643,12.40662287919164,Others,1.0,0.7586206896551724,0.006896552,6.827580915987188,0.8415553526301259,0.9244470868014268,0.4372093023255814,0.6432246998284734,0.4666666666666667,7.062191632286556,6,172.6628076857876,5.157115532219111,1
E01033857,Reading 017G,E02003405,Reading 017,2.299781165661311,8.247710459179382,Others,1.0,0.7284768211920529,0.0198675496688741,5.497078689554221,0.8323282950896703,0.9134687075128284,0.4311926605504587,1.0477039679001336,0.2553191489361702,7.716015266642587,3,9.098387488961613,2.312375756542812,1
E01033858,Reading 017H,E02003405,Reading 017,2.299781165661311,6.331056911065438,Others,1.0,0.7284768211920529,0.0198675496688741,5.441815010407117,0.8323282950896703,0.9134687075128284,0.4311926605504587,2.0,0.1875,7.771488760117616,4,9.098387488961613,2.312375756542812,1
E01033859,Reading 017I,E02003405,Reading 017,2.299781165661311,9.957577374170208,Others,1.0,0.7284768211920529,0.0198675496688741,5.916183763609122,0.8323282950896703,0.9134687075128284,0.4311926605504587,0.2885268160217243,0.4705882352941176,7.295735072749282,8,9.098387488961613,2.312375756542812,1
E01033860,Swindon 028F,E02006849,Swindon 028,2.646564792248224,10.604742163499791,Swindon,1.0,0.8448275862068966,0.0,4.873132060178759,0.7708333333333334,0.8961111111111111,0.4583333333333333,0.1756756756756756,0.4615384615384615,7.523481312573497,6,11.833928498395712,2.5520923280486394,1
E01033861,Swindon 028G,E02006849,Swindon 028,2.646564792248224,9.58621645516388,Swindon,1.0,0.8448275862068966,0.0,4.7943040660903815,0.7708333333333334,0.8961111111111111,0.4583333333333333,0.4493260109835247,0.3333333333333333,7.602900462204755,10,11.833928498395712,2.5520923280486394,1
E01034751,West Oxfordshire 004I,E02005996,West Oxfordshire 004,3.687503507934005,11.956206453762618,Others,0.0,0.9047619047619048,0.0,5.734769248580966,0.7886980609418283,0.8986625514403292,0.4947368421052631,0.1623376623376623,0.3,7.340186835320115,7,38.13597135943307,3.6670420276829763,1
E01035234,Bracknell Forest 001F,E02003352,Bracknell Forest 001,3.0683319659683344,9.979812426448513,Others,1.0,0.918918919,0.0,5.726960062968907,0.7934933544931562,0.8924444444444444,0.4929577464788732,0.8189655172413793,0.2631578947368421,7.057036981697891,9,26.957498862266913,3.3306854592251116,1
E01035235,Bracknell Forest 001G,E02003352,Bracknell Forest 001,3.0683319659683344,11.537920470859529,Others,1.0,0.918918919,0.0,5.284976560009175,0.7934933544931562,0.8924444444444444,0.4929577464788732,0.1106194690265486,0.375,7.500529485395295,10,26.957498862266913,3.3306854592251116,1
E01035245,Bracknell Forest 009I,E02003360,Bracknell Forest 009,2.803784533365404,11.856328820599357,Others,1.0,0.8375,0.0125,5.25549251231519,0.8227218934911242,0.8972921006248998,0.4153846153846154,0.064516129,0.3181818181818182,7.441906728051625,10,14.244967138860725,2.724249424902357,1
E01035246,Bracknell Forest 009J,E02003360,Bracknell Forest 009,2.803784533365404,11.546176471754126,Others,1.0,0.8375,0.0125,5.164688079989202,0.8227218934911242,0.8972921006248998,0.4153846153846154,0.080299786,0.5,7.533158807455563,9,14.244967138860725,2.724249424902357,1
E01035247,Slough 011F,E02003417,Slough 011,3.892024358921456,9.39295355291035,Others,1.0,0.8516483516483516,0.005494505,5.95286246376243,0.7988153677633981,0.9044760966287436,0.4580645161290322,1.9811788013868248,0.375,7.61085279039525,3,54.90723421862057,4.023693785358869,1
E01035248,Slough 011G,E02003417,Slough 011,3.892024358921456,10.61792092769728,Others,1.0,0.8516483516483516,0.005494505,6.095502760337734,0.7988153677633981,0.9044760966287436,0.4580645161290322,0.6714285714285714,0.1489361702127659,7.467942332285852,3,54.90723421862057,4.023693785358869,1
E01035249,Slough 011H,E02003417,Slough 011,3.892024358921456,12.745280373952722,Others,1.0,0.8516483516483516,0.005494505,6.341276815376991,0.7988153677633981,0.9044760966287436,0.4580645161290322,0.1023391812865497,0.2857142857142857,7.221835825288449,9,54.90723421862057,4.023693785358869,1
E01035250,Slough 011I,E02003417,Slough 011,3.892024358921456,12.165464169879808,Others,1.0,0.8516483516483516,0.005494505,6.047096740917722,0.7988153677633981,0.9044760966287436,0.4580645161290322,0.1360914534567229,0.3,7.516433302915632,8,54.90723421862057,4.023693785358869,1
E01035254,Slough 016B,E02007069,Slough 016,3.194009197138073,9.342140693991428,Others,1.0,0.8191489361702128,0.0106382978723404,5.275345258941577,0.805625,0.9143253555324315,0.4125,0.9965969859017988,0.1463414634146341,7.629489916393995,5,19.989508469122693,3.044022716174963,1
E01035255,West Oxfordshire 012D,E02006004,West Oxfordshire 012,4.146913292894882,11.395415249237962,Others,0.0,0.8571428571428571,0.008928571,6.091709057121252,0.8166513621059075,0.9161594026458892,0.3838383838383838,0.6238859180035651,0.3571428571428571,7.023758954738443,7,51.833371354598874,3.967143024294371,1
E01035256,Wokingham 001E,E02003439,Wokingham 001,4.89569197263225,11.424387782703258,Others,0.0,0.8367346938775511,0.0,5.205579897874356,0.8213666319805758,0.905213753698602,0.4731182795698925,0.5653021442495126,0.3103448275862069,7.850103545175582,8,154.12251354367515,5.044215214668994,1
E01035257,Wokingham 008H,E02003446,Wokingham 008,2.860170249163043,9.56926972933601,Others,1.0,0.8783783783783784,0.0,4.698719984427266,0.7773186409550046,0.8515668981047101,0.640625,0.3910234614076844,0.3043478260869565,7.9868449011613825,10,16.021444566709555,2.8344739942033637,1
E01035258,Wokingham 008I,E02003446,Wokingham 008,2.860170249163043,11.96276313306489,Others,1.0,0.8783783783783784,0.0,5.4164987044464015,0.7773186409550046,0.8515668981047101,0.640625,0.073529412,0.2857142857142857,7.264730177929867,10,16.021444566709555,2.8344739942033637,1
E01035261,Wokingham 014F,E02003452,Wokingham 014,3.5510244423902493,11.815966482641734,Others,1.0,0.9285714285714286,0.0,5.02819066768266,0.7294674556213018,0.8657142857142857,0.5384615384615384,0.1166588894073728,0.3,7.670428522190693,9,26.57985666983343,3.317085675463814,1
E01035262,Wokingham 014G,E02003452,Wokingham 014,3.5510244423902493,11.345967284798988,Others,1.0,0.9285714285714286,0.0,5.10029772270964,0.7294674556213018,0.8657142857142857,0.5384615384615384,0.2007024586051179,0.375,7.597897950521784,10,26.57985666983343,3.317085675463814,1
E01035263,Wokingham 017E,E02003455,Wokingham 017,6.010244592922358,14.407198799339612,Others,1.0,0.8867924528301887,0.006289308,5.95281011994954,0.8179555555555555,0.896953125,0.5231788079470199,0.1143873919674631,0.3333333333333333,7.584773077612199,10,398.3379539154247,5.989808060680139,1
E01035264,Wokingham 017F,E02003455,Wokingham 017,6.010244592922358,11.266897533016872,Others,1.0,0.8867924528301887,0.006289308,5.9831861406611,0.8179555555555555,0.896953125,0.5231788079470199,2.0,0.1346153846153846,7.554334823725748,9,398.3379539154247,5.989808060680139,1
E01035265,Wokingham 017G,E02003455,Wokingham 017,6.010244592922358,13.896373544501712,Others,1.0,0.8867924528301887,0.006289308,5.520518134207397,0.8179555555555555,0.896953125,0.5231788079470199,0.1235584843492586,0.3333333333333333,8.01829613851552,10,398.3379539154247,5.989808060680139,1
E01035266,Wokingham 017H,E02003455,Wokingham 017,6.010244592922358,14.119516911351893,Others,1.0,0.8867924528301887,0.006289308,6.0648667201059245,0.8179555555555555,0.896953125,0.5231788079470199,0.1706484641638225,0.25,7.472500744737558,9,398.3379539154247,5.989808060680139,1
E01035267,Wokingham 018E,E02003456,Wokingham 018,3.7989662831358495,10.907234978898025,Others,0.0,0.8526315789473684,0.0,5.5895931834641015,0.7962293388429752,0.9079861111111112,0.4044943820224719,0.4793289394847214,0.375,7.4205789054108,7,35.772,3.604736686001508,1
E01035268,Wokingham 018F,E02003456,Wokingham 018,3.7989662831358495,13.67980652114242,Others,0.0,0.8526315789473684,0.0,5.737354344937117,0.7962293388429752,0.9079861111111112,0.4044943820224719,0.034746352,0.2,7.272398392570047,7,35.772,3.604736686001508,1
E01035269,Wokingham 018G,E02003456,Wokingham 018,3.7989662831358495,10.18333560997596,Others,1.0,0.8526315789473684,0.0,4.710131660872287,0.7962293388429752,0.9079861111111112,0.4044943820224719,0.4081127875340094,0.2424242424242424,8.304989580140361,7,35.772,3.604736686001508,1
E01035565,West Oxfordshire 012E,E02006004,West Oxfordshire 012,4.146913292894882,10.184351487415292,Others,1.0,0.8571428571428571,0.008928571,5.040735165127467,0.8166513621059075,0.9161594026458892,0.3838383838383838,0.7291343468817871,0.1489361702127659,8.07837810362652,10,51.833371354598874,3.967143024294371,1
E01035723,Cherwell 001E,E02005921,Cherwell 001,3.2686179167630147,11.118415133585586,Others,0.0,0.8958333333333334,0.0,5.9163972065592425,0.7928994082840237,0.9078768673607968,0.391304348,0.3016894609814964,0.4,7.126087273299125,6,22.36470609247268,3.1512265971078417,1
E01035724,Cherwell 001F,E02005921,Cherwell 001,3.2686179167630147,11.21639415719782,Others,1.0,0.8958333333333334,0.0,5.122338104975845,0.7928994082840237,0.9078768673607968,0.391304348,0.1232330554548749,0.1176470588235294,7.9229859587111955,8,22.36470609247268,3.1512265971078417,1
E01035725,Cherwell 004I,E02005924,Cherwell 004,4.963169752227207,10.85232819575887,Others,1.0,0.7341772151898734,0.008438819,6.253172974511044,0.8517171717171718,0.9215972222222222,0.2926829268292683,1.739405439595193,0.3636363636363636,7.366445148327599,7,135.1291487987265,4.913604058648934,1
E01035726,Cherwell 004J,E02005924,Cherwell 004,4.963169752227207,13.0678846640754,Others,1.0,0.7341772151898734,0.008438819,6.147269148554917,0.8517171717171718,0.9215972222222222,0.2926829268292683,0.1706484641638225,0.3333333333333333,7.472500744737558,6,135.1291487987265,4.913604058648934,1
E01035727,Cherwell 008E,E02005928,Cherwell 008,3.970122087811792,11.146522403582338,Others,1.0,0.8645833333333334,0.0104166666666666,5.467010203378728,0.7895181741335587,0.9030470914127424,0.4505494505494505,0.38860103626943,0.3333333333333333,7.565793282428515,9,48.55202983919449,3.903023225410083,1
E01035728,Cherwell 008F,E02005928,Cherwell 008,3.970122087811792,12.7559487756574,Others,1.0,0.8645833333333334,0.0104166666666666,5.467526283850506,0.7895181741335587,0.9030470914127424,0.4505494505494505,0.077760498,0.5,7.5652752818989315,8,48.55202983919449,3.903023225410083,1
E01035729,Cherwell 008G,E02005928,Cherwell 008,3.970122087811792,12.789850231162864,Others,1.0,0.8645833333333334,0.0104166666666666,5.617121529138903,0.7895181741335587,0.9030470914127424,0.4505494505494505,0.087349398,0.3103448275862069,7.415175109613295,10,48.55202983919449,3.903023225410083,1
E01035730,Cherwell 010F,E02005930,Cherwell 010,3.3282144174752357,13.195188097971387,Others,0.0,0.8813559322033898,0.0,5.557489938014999,0.7900008416799933,0.9070669347888536,0.4311926605504587,0.0236854571293225,0.3,7.655390644826152,6,24.75838604562293,3.248760245764913,1
E01035731,Cherwell 010G,E02005930,Cherwell 010,3.3282144174752357,12.130480894075095,Others,0.0,0.8813559322033898,0.0,5.833713644248232,0.7900008416799933,0.9070669347888536,0.4311926605504587,0.090625,0.3103448275862069,7.378383712996714,8,24.75838604562293,3.248760245764913,1
E01035733,Cherwell 011G,E02005931,Cherwell 011,4.155878574339373,12.02867295644899,Others,1.0,0.8905109489051095,0.0,5.610183281423795,0.8110059171597632,0.91725717939155,0.4076923076923077,0.157035176,0.3333333333333333,7.77863014732581,8,43.01320873925174,3.784489787487029,1
E01035734,Cherwell 011H,E02005931,Cherwell 011,4.155878574339373,13.455784774467416,Others,1.0,0.8905109489051095,0.0,6.161357784214072,0.8110059171597632,0.91725717939155,0.4076923076923077,0.065502183,0.5555555555555556,7.226209010100671,7,43.01320873925174,3.784489787487029,1
E01035740,Oxford 003E,E02005942,Oxford 003,3.401713914902556,9.464732774479987,Others,1.0,0.8214285714285714,0.0,4.483672213983257,0.8057944771389769,0.878188776,0.5833333333333334,0.8208682962422473,0.4444444444444444,7.91644286012226,10,30.38408441750255,3.446300898729741,1
E01035741,Oxford 008F,E02005947,Oxford 008,7.197801305092429,13.84244478384098,Others,1.0,0.6459854014598541,0.010948905109489,5.90399054318681,0.8569057422835074,0.8850231765144654,0.4228571428571429,0.5430242272347535,0.3846153846153846,7.781138509845015,10,1249.0940365670513,7.13097405672041,1
E01035742,Oxford 008G,E02005947,Oxford 008,7.197801305092429,13.517022757800614,Others,1.0,0.6459854014598541,0.010948905109489,5.939181216233795,0.8569057422835074,0.8850231765144654,0.4228571428571429,0.7788836001730852,0.4444444444444444,7.7458682297922685,10,1249.0940365670513,7.13097405672041,1
E01035743,Oxford 019C,E02007116,Oxford 019,3.521333202902136,12.365199901228086,Others,1.0,0.8235294117647058,0.0,4.5196017472112855,0.8163265306122449,0.9152249134948096,0.4,0.084745763,0.2857142857142857,7.410347097821024,5,29.860997341021807,3.4294931646571793,1
E01035744,Oxford 019D,E02007116,Oxford 019,3.521333202902136,10.591479802576275,Others,1.0,0.8235294117647058,0.0,4.677807922030026,0.8163265306122449,0.9152249134948096,0.4,0.5859375,0.1515151515151515,7.25063551189868,6,29.860997341021807,3.4294931646571793,1
E01035745,South Oxfordshire 010E,E02005967,South Oxfordshire 010,3.938918068890791,14.04588867657391,Others,1.0,0.7926829268292683,0.0,4.940373067773987,0.7571560480147738,0.9083878643664486,0.3448275862068966,0.019147917663954,0.25,7.644919344958857,5,43.68693500728526,3.799681177180684,1
E01035746,South Oxfordshire 010F,E02005967,South Oxfordshire 010,3.938918068890791,12.906456081129736,Others,1.0,0.7926829268292683,0.0,4.975200760779619,0.7571560480147738,0.9083878643664486,0.3448275862068966,0.0619732275656916,0.4,7.609862200913554,7,43.68693500728526,3.799681177180684,1
E01035747,South Oxfordshire 011E,E02005968,South Oxfordshire 011,4.488096898400948,10.642633021746018,Others,0.0,0.8229166666666666,0.0104166666666666,5.693600826429134,0.8196539792387543,0.8999893718779892,0.4705882352941176,1.4623955431754874,0.2857142857142857,7.270312886079025,9,69.27532682394056,4.252420767424835,1
E01035748,South Oxfordshire 011F,E02005968,South Oxfordshire 011,4.488096898400948,11.815336796560349,Others,0.0,0.8229166666666666,0.0104166666666666,5.294912135286084,0.8196539792387543,0.8999893718779892,0.4705882352941176,0.3033131124591693,0.2307692307692307,7.670428522190693,7,69.27532682394056,4.252420767424835,1
E01035749,South Oxfordshire 015F,E02005972,South Oxfordshire 015,3.2476187604004125,11.65285786804364,Others,1.0,0.9245283018867924,0.0,4.980641662127475,0.792368126,0.8969384122463511,0.4444444444444444,0.062792056,0.1860465116279069,8.138856750696325,10,22.437227164304304,3.1543256626731897,1
E01035750,South Oxfordshire 015G,E02005972,South Oxfordshire 015,3.2476187604004125,12.081850440707386,Others,1.0,0.9245283018867924,0.0,6.006534546486346,0.792368126,0.8969384122463511,0.4444444444444444,0.1145662847790507,0.2857142857142857,7.109062135687172,9,22.437227164304304,3.1543256626731897,1
E01035751,South Oxfordshire 015H,E02005972,South Oxfordshire 015,3.2476187604004125,11.607395898346802,Others,0.0,0.9245283018867924,0.0,5.572846580865041,0.792368126,0.8969384122463511,0.4444444444444444,0.1191737288135593,0.4444444444444444,7.543802867501509,8,22.437227164304304,3.1543256626731897,1
E01035752,South Oxfordshire 015I,E02005972,South Oxfordshire 015,3.2476187604004125,10.86019160596143,Others,0.0,0.9245283018867924,0.0,5.738404425527109,0.792368126,0.8969384122463511,0.4444444444444444,0.2970606629143214,0.2631578947368421,7.377758908227872,8,22.437227164304304,3.1543256626731897,1
E01035753,Vale of White Horse 007D,E02005984,Vale of White Horse 007,4.212031296945402,10.943609000653664,Others,0.0,0.9043478260869564,0.0,5.402299348354284,0.7905058496759532,0.8929845422116528,0.4311926605504587,0.4762869882448318,0.1489361702127659,7.811163385025279,7,60.40087686869262,4.117424116300186,1
E01035754,Vale of White Horse 007E,E02005984,Vale of White Horse 007,4.212031296945402,12.847831414397106,Others,0.0,0.9043478260869564,0.0,5.56506890855686,0.7905058496759532,0.8929845422116528,0.4311926605504587,0.08353222,0.2857142857142857,7.647786045440933,10,60.40087686869262,4.117424116300186,1
E01035755,Vale of White Horse 010F,E02005987,Vale of White Horse 010,4.902169963484951,12.23325483946639,Others,0.0,0.824,0.008,5.804314152384495,0.8208161865569273,0.9025754422476588,0.4363636363636363,0.3908598917618761,0.2307692307692307,7.416979621381154,7,114.52418914092873,4.749479937826082,1
E01035756,Vale of White Horse 010G,E02005987,Vale of White Horse 010,4.902169963484951,13.699588165237746,Others,0.0,0.824,0.008,5.832898191926031,0.8208161865569273,0.9025754422476588,0.4363636363636363,0.092821782,0.3333333333333333,7.388327859577107,9,114.52418914092873,4.749479937826082,1
E01035759,Vale of White Horse 015G,E02005992,Vale of White Horse 015,3.877886943498464,8.749986038177994,Others,1.0,0.7707317073170732,0.009756098,6.305330337083893,0.8425142857142858,0.8891507210858705,0.4942528735632184,2.0,0.2,7.373374309910049,9,41.11336800393504,3.740365220071103,1
E01035760,Vale of White Horse 015H,E02005992,Vale of White Horse 015,3.877886943498464,10.7400596299169,Others,1.0,0.7707317073170732,0.009756098,6.167915732334905,0.8425142857142858,0.8891507210858705,0.4942528735632184,0.5610290093048714,0.2195121951219512,7.510977752014095,9,41.11336800393504,3.740365220071103,1
E01035761,Vale of White Horse 015I,E02005992,Vale of White Horse 015,3.877886943498464,12.767213935961424,Others,1.0,0.7707317073170732,0.009756098,6.100347623635454,0.8425142857142858,0.8891507210858705,0.4942528735632184,0.069053708,0.2592592592592592,7.578656850594762,9,41.11336800393504,3.740365220071103,1
E01035762,West Oxfordshire 004H,E02005996,West Oxfordshire 004,3.687503507934005,11.693844115073697,Others,0.0,0.9047619047619048,0.0,5.721907812058986,0.7886980609418283,0.8986625514403292,0.4947368421052631,0.2083333333333333,0.3846153846153846,7.353081920515432,8,38.13597135943307,3.6670420276829763,1
