LSOA21CD,MSOA21CD,log_voa_2023,rv_growth_pct,business_diversity,share_micro_small,voa_asset_per_worker,log_enterprise_density,diverse_asset_per_worker,high_skill_ratio,creative_asset,ft_share,log_GVA_2025_predicted
E01015471,E02006849,11.833714368540948,9.103386853652644,0.8961111111111111,0.9655172413793104,1701.4871777777778,1.7347759911251985,1524.721565419753,0.4028966364911603,7.396071480338091,0.37499999999999994,2.699
E01015473,E02003219,16.268274056597637,2.9818794139868965,0.9216639313218028,0.9606741573033708,1133.588370890645,1.9264025006709966,1044.7875144157497,0.3920539666154311,8.931601442837918,0.21951219512195122,6.241
E01015475,E02003226,14.70764454868331,13.140404833780549,0.9058956916099772,0.9647058823529411,1393.6783232438606,1.7631366195772553,1262.5271885168304,0.2244094456711071,4.981621544004138,0.14285714285714282,4.786
E01015477,E02003226,13.53689131440145,15.772389800292546,0.9058956916099772,0.9647058823529411,3015.247073705179,1.8163897407615677,2731.499333209113,0.28027949916905587,4.585076093418499,0.5,2.796
E01015478,E02003232,14.753777684945355,4.880264749,0.9048442906574394,0.9701492540597015,5666.403851441242,1.8254742881451103,5127.2131735359335,0.35600706202099397,8.002048913868666,0.3333333333333333,4.281
E01015479,E02003228,15.175216106792922,-24.26059684,0.912,0.9400000000000001,1730.3621643713905,1.6916391470589476,1578.0902939067082,0.31268263720513023,7.032417226143144,0.4444444444444445,4.792
E01015480,E02003226,14.531360109457898,10.720651400972688,0.9058956916099772,0.9647058823529411,9052.756911504424,1.7314045078980635,8200.853483324301,0.1952191209160172,4.92191229842024,0.4444444444444445,2.466
E01015481,E02003224,13.226807918525536,15.557417116560112,0.8494809688581314,0.9999999998823528,1844.0063581395348,1.6983422756499829,1566.4483076929264,0.31426055862412916,4.849829570126029,0.3333333333333333,2.698
E01015482,E02003224,11.096896852541963,17.90153265450911,0.8494809688581314,0.9999999998823528,156.68679232779098,1.7542771933770736,133.10244815388472,0.29314720339352673,4.068862179265386,0.047619047619047616,5.314
E01015483,E02003224,11.982625538147483,17.484360954009954,0.8494809688581314,0.9999999998823528,2104.6110315789474,1.7417090501946482,1787.8270181751957,0.3090676829821772,4.39362936398741,0.3333333333333333,1.84
E01015484,E02003224,12.74035301594897,-11.8367142,0.8494809688581314,0.9999999998823528,3378.643473267327,1.7299779276078782,2870.093331097331,0.29916566820762563,4.671462772514621,0.5,5.314
E01015485,E02003224,13.586062184337383,8.928744767857959,0.8494809688581314,0.9999999998823528,13032.311624590162,1.7478974971088252,11070.700705317939,0.31690928983198935,4.98155613425704,0.25,2.175
E01015486,E02003224,11.843523360672156,9.404269829110907,0.8494809688581314,0.9999999998823528,1378.0099316831684,1.7290193628169896,1170.5932118623452,0.31198101459260486,4.342625232246457,0.5,2.391
E01015487,E02003234,11.148958219140242,8.919449874354454,0.9072,0.8979591836734694,978.7379657746478,1.7573601642567562,887.9110825507605,0.3163596915069684,4.6453992629301935,0.28571428571428575,1.715
E01015488,E02003234,12.662481196251559,-2.818446614,0.9072,0.8979591836734694,134.2739317311782,1.757588697754299,121.81331086652487,0.2815964476577796,5.276033837399252,0.2553191489361702,4.372
E01015489,E02003234,12.667808068420221,-3.758361584,0.9072,0.8979591836734694,1264.3987330677292,1.7625651457039042,1147.0625306390439,0.3856287358045683,5.278253367471896,0.6,2.706
E01015490,E02003234,13.586062184337383,8.928744767857959,0.9072,0.8979591836734694,17281.97845869565,1.7881402593225384,15678.210857728693,0.31242157603635984,5.66085924951216,0.5555555555555556,1.633
E01015491,E02003234,14.561379968172327,-7.982543913,0.9072,0.8979591836734694,980.1360264993026,1.7703271833733263,889.1794032401673,0.24886877437296542,6.067241659876861,0.18604651162790695,5.007
E01015492,E02003234,14.772218549920751,8.019774811835427,0.9072,0.8979591836734694,2311.822277087034,1.7737650881655118,2097.285169773357,0.23542600537915506,6.1550910690324105,0.2,4.425
E01015493,E02003228,13.358090017988124,-4.304149031,0.912,0.9400000000000001,324.4044686827268,1.710277827984814,295.85687543864685,0.33956185078452567,6.190334403792774,0.23076923076923075,4.185
E01015494,E02003230,16.042667570105944,-10.95536496,0.8989349112426035,0.9624060150375939,7721.451474604497,1.8232719458005524,6941.082295987663,0.2920040447053308,5.973333668013632,0.5,4.09
E01015496,E02003230,14.048955717832357,11.922377137324949,0.8989349112426035,0.9624060150375939,1739.590311294766,1.8628644354421935,1563.7784620822536,0.35700325257514887,5.230994148762159,0.3103448275862069,3.189
E01015497,E02003230,13.544790923155093,13.835241620968048,0.8989349112426035,0.9624060150375939,3375.351050884956,1.889460825414261,3034.220897339896,0.41845139441119406,5.04327321462745,0.3333333333333333,2.335
E01015498,E02003232,11.553879701626107,-27.65583257,0.9048442906574394,0.9701492540597015,1707.859718032787,1.8127126225734025,1545.3471151057918,0.3963317328712904,6.26651102461077,0.3333333333333333,2.27
E01015499,E02003229,10.348950644721173,18.90319891806284,0.8854166666666667,1.0,124.39545928286852,1.6949367819373466,110.1418129067065,0.4208144731448988,5.399452510289306,0.4,3.378
E01015500,E02003229,13.586062184337383,8.928744767857959,0.8854166666666667,1.0,25644.226099999996,1.6881259776319864,22705.825192708333,0.30357142421301037,7.0883802700890675,0.3333333333333333,1.706
E01015501,E02003233,14.65969623309441,1.357203368284578,0.9290123456790124,0.9315068493150684,1010.9004154715342,1.8402573551749026,939.1389662250981,0.35671818687197887,5.429517122282396,0.13043478260869565,5.861
E01015502,E02003233,10.403061157504673,13.070951369605169,0.9290123456790124,0.9315068493150684,1063.2054283870968,1.8172722206515624,987.730968964556,0.25199202793952685,3.852985613120022,0.3333333333333333,1.794
E01015503,E02003233,14.858038029810274,-4.326831233,0.9290123456790124,0.9315068493150684,603.35584450117,1.8473771074122067,560.5250283791735,0.2351543906770161,5.502977046977284,0.14893617021276595,7.82
E01015504,E02003229,11.969181479823735,18.49835883402084,0.8854166666666667,1.0,1252.4954952380951,1.7099437498957715,1108.9803864087303,0.40561797180842074,6.244790337299339,0.4,3.378
E01015505,E02003229,10.402977841858117,15.164785265564102,0.8854166666666667,1.0,646.2082800000001,1.6859443783083905,572.1635812500001,0.2847619006895384,5.427640613143364,0.2,1.817
E01015506,E02003218,13.930066744048132,15.65754985116375,0.8582230623818525,1.0,5578.9783333333335,1.6610153714002909,4788.007870195337,0.2147177386952374,3.316682558106697,0.5,2.606
E01015507,E02003218,10.401743891164084,14.474061242530285,0.8582230623818525,1.0,1061.8057832258064,1.6437934316309057,911.266210934813,0.16257088594880667,2.4766056883724,0.16666666666666669,1.455
E01015508,E02003221,10.355369893542676,17.722217149585173,0.918646694,0.9555555555555555,270.89949379310343,1.8545582957721387,248.860924379308,0.2013752425391577,2.4729241495087733,0.3478260869565218,1.601
E01015509,E02003221,16.324022768740477,4.861870190697713,0.918646694,0.9555555555555555,2791.7826698477616,1.8209836304091096,2564.6619200221394,0.24283559229722756,3.8982740874492383,0.20454545454545453,6.768
E01015510,E02003221,15.39510574892958,8.152353117666598,0.918646694,0.9555555555555555,5702.690809635722,1.7931135420637498,5238.758059176039,0.22574508237901453,3.676443157719483,0.588235294117647,3.477
E01015511,E02003221,12.705692820495898,15.071439985694424,0.918646694,0.9555555555555555,3433.521175,1.818793729612576,3154.192876192745,0.2306536405391517,3.0341952952967257,0.4736842105263158,1.917
E01015512,E02006849,11.852346016037854,9.766445573217606,0.8961111111111111,0.9655172413793104,1114.3839134920634,1.7891411033677764,998.6118069237211,0.41819771923272947,7.4077162600236575,0.4,2.39
E01015513,E02003215,12.275038027239285,-29.52726288,0.8834019204389575,0.9629629628888888,2819.4582065789473,1.6781655494831087,2490.714794289221,0.314901588839945,4.269578444257141,0.4666666666666667,2.538
E01015514,E02003215,12.928522018711202,1.3649617141358996,0.8834019204389575,0.9629629628888888,4290.555108333333,1.7164571887126505,3790.2846224508457,0.3001555151649419,4.496877223899548,0.4736842105263158,1.849
E01015515,E02003215,11.09552358477576,15.27645720863639,0.8834019204389575,0.9629629628888888,4117.163285625,1.6854341822366021,3637.109953281893,0.3530726200294374,3.859312551226351,0.3333333333333333,1.69
E01015516,E02003215,12.721663988594536,2.6045877695850903,0.8834019204389575,0.9629629628888888,636.738969201521,1.703760281486156,562.4964282109459,0.3569364094846764,4.424926604728533,0.5714285714285715,3.023
E01015517,E02003215,11.069217557886809,19.149689983454746,0.8834019204389575,0.9629629628888888,972.1860843939394,1.6999154219376267,858.8310539776364,0.3251366061276465,3.850162628830194,0.5384615384615384,1.822
E01015518,E02006849,10.575290616455437,-5.140117205,0.8961111111111111,0.9655172413793104,430.26683824175825,1.8103130487573649,385.5668944910867,0.3544668538386666,6.609556635284647,0.4444444444444445,2.184
E01015519,E02003212,13.589928459308833,-19.58446544,0.9120685311161502,1.0,5285.102905960265,1.8223912807906713,4820.376044236876,0.3371958224982241,6.291633551512948,0.5,2.819
E01015520,E02003212,15.011893763308514,9.533992751125195,0.9120685311161502,1.0,5504.375093178036,1.8455714094394529,5020.367305947213,0.49869790814724413,6.9499508224624895,0.5,3.772
E01015521,E02003212,14.573606192971399,-7.27580106,0.9120685311161502,1.0,5676.082545212766,1.8193450744005575,5176.976269506226,0.4358407005061331,6.74703991009082,0.2,4.169
E01015522,E02003212,11.500840493477014,16.09389468878508,0.9120685311161502,1.0,2744.3826625,1.8458111547993765,2503.065063807004,0.3692688911556103,5.32446319611007,0.5714285714285715,1.795
E01015523,E02003212,14.29094910127184,8.206837445,0.9120685311161502,1.0,5828.690347826087,1.8086057205717248,5316.165043872622,0.5547045851539752,6.616180145299941,0.2727272727272727,2.828
E01015524,E02003212,13.586062184337383,8.928744767857959,0.9120685311161502,1.0,72270.09173636363,1.871934464024361,65915.2764136146,0.27050359281370534,6.289843609394961,0.5,1.517
E01015525,E02006847,11.516260615168708,11.59840198804397,0.8730864197530864,0.9777777777777779,2447.1480926829267,1.7870902871277403,2136.5717668461307,0.3352883625154679,6.54332989498222,0.25,1.913
E01015526,E02003217,11.880045148907922,-20.30899058,0.8666666666666667,1.0000000003333331,2033.1840577464789,1.6788756048616504,1762.0928500469483,0.28436018538487456,3.960015045675959,0.28571428571428575,2.016
E01015527,E02003218,11.100801363445985,13.062573057568937,0.8582230623818525,1.0,176.1255547074468,1.631590450904792,151.15501292472752,0.23475045831475239,2.643047943677615,0.2,3.211
E01015528,E02003217,12.339842405367975,15.526368323371614,0.8666666666666667,1.0000000003333331,3008.2226184210526,1.6134067429651504,2607.126269298246,0.25428571030069397,4.113280797676044,0.3333333333333333,2.002
E01015529,E02003217,13.952897857889074,16.039996713492382,0.8666666666666667,1.0000000003333331,4570.802394422311,1.6591465836184043,3961.3620751660033,0.24055299156059384,4.650965947978725,0.6,2.542
E01015530,E02003217,13.09808642897364,16.025379709961435,0.8666666666666667,1.0000000003333331,1390.3324307692308,1.6142105972461385,1204.9547733333334,0.22846714964087064,4.366028805291851,0.42857142857142855,3.07
E01015532,E02003232,14.904733514826486,3.322324627039976,0.9048442906574394,0.9701492540597015,5159.657692708333,1.8189868679004493,4668.686804993872,0.48976108503191956,8.083923262278772,0.391304347826087,3.398
E01015533,E02003235,12.850456786065324,-20.60660138,0.9056937255397046,0.9887640449438202,3023.5056674603175,1.882516041777463,2738.370112152546,0.5670454446865962,6.425228393032662,0.4,2.273
E01015534,E02003235,15.746889153862565,9.472640529591882,0.9056937255397046,0.9887640449438202,5744.391042464613,1.81688862172061,5202.658924206683,0.4904667906553831,7.873444576931282,0.41666666666666663,4.452
E01015535,E02003235,13.286831408928043,10.309568479515685,0.9056937255397046,0.9887640449438202,1679.150834188034,1.8218837051453385,1520.7963747588633,0.479882947457089,6.643415704464021,0.35714285714285715,5.78
E01015537,E02003231,11.070408489752943,15.744995214148329,0.875,0.9565217391304348,319.6056894029851,1.6214651285946597,279.65497822761193,0.18300653319364354,3.162973854215125,0.37499999999999994,2.595
E01015538,E02003231,12.352500015807575,-2.868041581,0.875,0.9565217391304348,3261.0868873239438,1.6158393783305927,2853.4510264084506,0.19772172192937032,3.5292857188021625,0.42857142857142855,2.236
E01015539,E02003231,11.143692969268345,11.658549712239353,0.875,0.9565217391304348,4320.341723125,1.6384038225217046,3780.2990077343748,0.20340501484637766,3.1839122769338117,0.3333333333333333,1.723
E01015540,E02003231,12.528905076498681,-17.84791992,0.875,0.9565217391304348,2877.1435687499998,1.6180113091810355,2517.50062265625,0.19191918912316644,3.5796871647139072,0.5263157894736842,2.339
E01015541,E02003231,13.606820626518683,-2.128013046,0.875,0.9565217391304348,2940.745879710145,1.6161484387839742,2573.1526447463766,0.19568822246734824,3.8876630361481936,0.36363636363636365,2.732
E01015542,E02003231,11.573354294444123,8.598009606,0.875,0.9565217391304348,2309.3086760869564,1.6496688233355787,2020.645091576087,0.1834496481570245,3.306672655555462,0.22222222222222224,1.622
E01015543,E02003214,11.75228150556401,16.862481561220626,0.8533333333333333,1.0,632.050139800995,1.5470196350501157,539.3494526301823,0.2092050175832882,3.9174271646039096,0.37499999999999994,2.71
E01015544,E02003214,12.711868237269416,14.647046267847186,0.8533333333333333,1.0,20728.7416125,1.5117148156914768,17688.526176,0.160250668856867,4.237289408185849,0.3333333333333333,1.795
E01015545,E02003214,12.585646795109865,15.577654935122837,0.8533333333333333,1.0,8120.316708333333,1.5148204997128354,6929.336924444444,0.15341440343669419,4.19521559417474,0.42857142857142855,1.764
E01015546,E02003214,11.98402733717633,16.40111769876891,0.8533333333333333,1.0,10010.9259625,1.5044536678856724,8542.656821333332,0.14050303329143185,3.9946757750641013,0.3333333333333333,1.797
E01015547,E02003219,13.982324987527836,6.3845324647058135,0.9216639313218028,0.9606741573033708,147.67328921384828,1.938431490029433,136.10514428805698,0.5395051789255477,7.67657058138783,0.37499999999999994,5.309
E01015548,E02003219,14.328582881608934,0.5379503461897941,0.9216639313218028,0.9606741573033708,4442.591425531915,1.9720158427220114,4094.576278512277,0.5955734307935341,7.866672954608826,0.4,5.309
E01015549,E02003220,15.151673925542157,2.359925909925879,0.9091358024691358,0.9444444444444443,2172.711770988007,1.8180415020740548,1975.2900594513192,0.2620967701035706,5.8797540656333265,0.28571428571428575,6.181
E01015550,E02003220,14.22375199317389,13.81669298891113,0.9091358024691358,0.9444444444444443,2225.1024807692306,1.7939220430485416,2022.9203294301994,0.24617625235125032,5.5196649572454275,0.25925925925925924,4.059
E01015551,E02003220,12.655312762277372,-2.821777097,0.9091358024691358,0.9444444444444443,481.44881843317967,1.8439230763704155,437.7023578940661,0.3222891513035576,4.911016896979531,0.38461538461538464,6.181
E01015552,E02003220,15.18110454892242,7.475863899376263,0.9091358024691358,0.9444444444444443,1598.5510595675235,1.7881164204620004,1453.3000003278078,0.3038892504552753,5.891174904566674,0.18367346938775508,4.95
E01015553,E02003220,12.687436285449568,15.92481382164399,0.9091358024691358,0.9444444444444443,1838.9484647727272,1.8620064922765802,1671.8538882205387,0.35860655199427666,4.923482741803169,0.28571428571428575,2.322
E01015554,E02003220,12.562058189937648,-19.81036924,0.9091358024691358,0.9444444444444443,1890.8369688741723,1.8723252715612397,1719.027585035729,0.31985293580639074,4.874828555443942,0.5,2.506
E01015555,E02003216,12.906276241924429,3.2731095092975404,0.895427795,0.9795918367346939,2288.815615909091,1.7917011147795499,2049.469120115044,0.29965156286653155,4.202043429404179,0.42857142857142855,2.347
E01015556,E02003216,13.7208583999761,8.738948939901382,0.895427795,0.9795918367346939,3022.2202910299,1.78899648223652,2706.180051201162,0.30031611754089776,4.467256225162571,0.3333333333333333,2.959
E01015557,E02003216,13.93762378258332,4.723781866036648,0.895427795,0.9795918367346939,3219.034259259259,1.752941024462723,2882.4127487979767,0.33007116898567035,4.537831000925401,0.42857142857142855,3.131
E01015558,E02003216,11.48613641986255,16.18261231492421,0.895427795,0.9795918367346939,1132.0425563953488,1.7825007810277003,1013.6623701192503,0.1871539280930748,3.7396723243486636,0.588235294117647,2.201
E01015559,E02003216,13.193415002469724,-1.571350842,0.895427795,0.9795918367346939,3050.0984403409093,1.7898939097439246,2731.1429209673997,0.2821075695267984,4.295530467761317,0.42857142857142855,2.445
E01015560,E02003216,13.871883461316068,0.4498639900254582,0.895427795,0.9795918367346939,3014.219769230769,1.723097943257993,2699.0161616077166,0.30962059163507266,4.5164271753873555,0.35714285714285715,2.953
E01015561,E02003225,15.553568183700499,10.60345737797604,0.9183673469387756,0.9404761904761905,3247.4510508280982,1.8430271543593224,2982.3530058625397,0.4285714221488595,8.374998252761808,0.28571428571428575,5.409
E01015562,E02003222,12.337385292933927,15.998386488267894,0.8888888888888888,1.0000000004516127,1009.1320752212389,1.719992546215915,897.0062890855456,0.36443148176638435,4.8468299365097565,0.5555555555555556,2.667
E01015563,E02003222,12.697325532281189,15.454540584380648,0.8888888888888888,1.0000000004516127,3591.994745054945,1.7185247145351918,3192.8842178266173,0.4418604586112353,4.9882350305390375,0.4444444444444445,2.142
E01015564,E02003225,13.303909258606406,13.886354774082047,0.9183673469387756,0.9404761904761905,88.15376784296427,1.850335544288396,80.95754189659985,0.40157479709436433,7.163643446941912,0.11764705882352938,5.409
E01015565,E02003222,13.10024008449348,14.755827029984104,0.8888888888888888,1.0000000004516127,2778.743273863636,1.721347011653322,2469.994021212121,0.38026720919914786,5.1465228903367235,0.42857142857142855,2.552
E01015566,E02003222,11.77440057348647,14.79476896636663,0.8888888888888888,1.0000000004516127,860.1553715231788,1.7048316755791415,764.5825524650478,0.38694852382092765,4.625657368155398,0.5,2.633
E01015567,E02003225,12.6301843257052,12.267265817379384,0.9183673469387756,0.9404761904761905,762.2081084788031,1.8352404224366508,699.9870383989008,0.32937955697688026,6.800868483072032,0.43750000000000006,3.6
E01015568,E02003225,15.261384525650552,-5.373586371,0.9183673469387756,0.9404761904761905,1438.6851931548626,1.832436699820353,1321.2415039177313,0.3322341255555337,8.217668590734913,0.23728813559322035,6.434
E01015569,E02003233,14.258167376036381,13.84560663336901,0.9290123456790124,0.9315068493150684,2073.0185938748336,1.829951977440756,1925.859866531867,0.2571115933332868,5.280802730809166,0.6666666666666666,3.303
E01015570,E02003233,12.579320577433082,16.167012169859355,0.9290123456790124,0.9315068493150684,1923.7607980132452,1.835771251690575,1787.1975314876136,0.22364216919910043,4.65900762033971,0.5,3.303
E01015571,E02003233,11.175125569379755,7.848459442350679,0.9290123456790124,0.9315068493150684,642.637851981982,1.8136978714496068,597.018498291903,0.2954048088267123,4.138935395238788,0.3181818181818182,2.156
E01015572,E02003227,13.388121739860633,6.475825686,0.8984375,0.9375,4180.826358333333,1.5689069193857768,3756.2111813151037,0.14702702491190422,3.3470304349651583,0.1935483870967742,2.402
E01015573,E02003227,13.29803006811633,14.46162358091514,0.8984375,0.9375,1486.3325114713216,1.4482582755767297,1335.3768657750154,0.21393034505773373,3.3245075170290823,0.37499999999999994,3.924
E01015574,E02003228,13.153647372586132,-3.864553787,0.912,0.9400000000000001,2566.608165174129,1.7652372755916068,2340.746646638806,0.35288460985722103,6.095592689990117,0.37499999999999994,2.931
E01015575,E02003227,12.694994224095195,16.189495350735733,0.8984375,0.9375,765.5172976525821,1.5721960212475985,687.7694471097417,0.15331010212758042,3.173748556023799,0.4117647058823529,3.283
E01015576,E02003228,11.996215021617965,16.54231750542762,0.912,0.9400000000000001,717.4289044247787,1.7626480301689578,654.2951608353982,0.3924949220948308,5.559221600065384,0.3333333333333333,4.185
E01015578,E02003223,15.378163861647524,3.847825982,0.9096174363664076,0.9506172839506173,1135.7923373006427,1.8556244123489392,1033.1365141000206,0.28406101673650547,5.264596636073895,0.16666666666666669,5.283
E01015579,E02003223,12.891027690490441,26.27367957596826,0.9096174363664076,0.9506172839506173,1216.9801576687116,1.912321796561463,1106.9863711274,0.27838519357349156,4.413144613717274,0.38461538461538464,2.834
E01015580,E02003218,11.095719009781924,14.400169668779505,0.8582230623818525,1.0,1291.9115209803922,1.6379508740317512,1108.748261862189,0.2523452117568879,2.641837859471886,0.4,1.994
E01015581,E02003223,16.767356059423886,-12.92171983,0.9096174363664076,0.9506172839506173,5035.844606682453,1.9257958595270621,4580.692061070093,0.3147058774595733,5.740175946911724,0.21052631578947364,5.395
E01015582,E02003223,13.923095940070196,-0.858153387,0.9096174363664076,0.9506172839506173,265.0761573434896,1.8744087606027133,241.11789468464352,0.3679245227634327,4.766465275651887,0.16666666666666669,4.657
E01015584,E02003236,12.177669794973971,15.518401250818048,0.9049483802064792,0.9811320754716981,645.8416734219269,1.9120087293339258,584.4533762330146,0.41961852053241183,5.953527455320607,0.41666666666666663,2.868
E01015585,E02003236,14.846809710742221,4.316396334872879,0.9049483802064792,0.9811320754716981,1751.846478450968,1.804626527669052,1585.3306330446283,0.3030812276997294,7.258440303029529,0.43750000000000006,3.924
E01015586,E02003236,11.049821157692781,17.68627774813206,0.9049483802064792,0.9811320754716981,731.7639368604652,1.9180568503951279,662.2085893553942,0.4622222125833482,5.402134788205359,0.588235294117647,2.335
E01015587,E02003236,14.332156814930006,14.528667198615132,0.9049483802064792,0.9811320754716981,3935.19955399061,1.8703636863604751,3561.152462173062,0.3975791364889431,7.006832220632446,0.5294117647058824,3.169
E01015588,E02003236,13.973355073743136,15.82860787906293,0.9049483802064792,0.9811320754716981,4665.2713585657375,1.8794808840032557,4221.829759157745,0.47733846829116355,6.831418036052199,0.4,2.78
E01016180,E02003356,13.011027656599602,18.55388192358729,0.8899408284023669,0.9682539678888888,1050.042664084507,1.8511401672969576,934.4758383331944,0.477897244325684,8.524466395703188,0.29411764705882354,3.291
E01016181,E02003356,13.612837400278906,11.242075807860576,0.8899408284023669,0.9682539678888888,932.1279444063927,1.7909415494652345,829.5387150220205,0.49747048074621303,8.918755538113766,0.2,3.998
E01016182,E02003356,13.520301224632759,12.42774528690212,0.8899408284023669,0.9682539678888888,2283.358124233129,1.8299785786371543,2032.0536206193053,0.5465230083267064,8.858128388552498,0.38461538461538464,3.282
E01016183,E02003356,12.221554031560055,11.548286188434162,0.8899408284023669,0.9682539678888888,1916.220459433962,1.8526405443087672,1705.3228230702243,0.5138248768188697,8.007225055160037,0.28571428571428575,2.254
E01016185,E02003353,15.28853159373743,8.602710721055196,0.9068444444444445,0.9797297297297297,1585.748165394402,1.9741126604340677,1438.0269140758835,0.5498392199686729,8.909144310019652,0.1818181818181818,6.737
E01016187,E02003353,13.420531413865886,1.9207868825484649,0.9068444444444445,0.9797297297297297,1280.7853414448668,1.9562102568672473,1161.4730714151583,0.6707692197204579,7.820597442612494,0.5714285714285715,3.181
E01016188,E02003353,11.17878235901709,4.454807509672048,0.9068444444444445,0.9797297297297297,142.90245868263474,1.8825944854380037,129.59030075379908,0.35327313240041364,6.514254468204203,0.3,2.751
E01016190,E02003354,12.887537802181646,5.867020996384324,0.8638895076854534,0.9710144928695652,657.8259207986689,1.8383873952063559,568.2889108614921,0.465428268879091,10.432768697004189,0.16666666666666669,4.84
E01016191,E02003357,11.482767313606876,16.744760651188034,0.900423257,0.9701492537313432,1276.6869321052632,1.8079627675975518,1149.5586055755589,0.379032252219404,6.971680154689888,0.3333333333333333,2.74
E01016192,E02003365,13.586062184337383,8.928744767857959,0.8979591836734694,0.9818181818181817,1982.4713443890273,1.810447305439425,1780.1783500636163,0.3900552427485609,6.943987338661328,0.43750000000000006,3.137
E01016193,E02003366,13.586062184337383,8.928744767857959,0.8872,0.98,25644.226099999996,1.804934196768418,22751.557395919997,0.31171785687591014,6.967211376583271,0.16666666666666669,2.229
E01016194,E02003365,13.586062184337383,8.928744767857959,0.8979591836734694,0.9818181818181817,5264.708669536423,1.829511702731318,4727.493499175564,0.6128549963709976,6.943987338661328,0.5,2.462
E01016195,E02003365,13.586062184337383,8.928744767857959,0.8979591836734694,0.9818181818181817,13032.311624590162,1.832302755354259,11702.483907795247,0.34634145839268293,6.943987338661328,0.3333333333333333,2.188
E01016196,E02003366,13.586062184337383,8.928744767857959,0.8872,0.98,441.40533542476396,1.6953977706701095,391.6148135888506,0.3839080408869204,6.967211376583271,0.5555555555555556,5.323
E01016197,E02003366,13.586062184337383,8.928744767857959,0.8872,0.98,4516.880733522727,1.7801924304463508,4007.376586781363,0.3282275660237781,6.967211376583271,0.42857142857142855,2.465
E01016198,E02003366,13.586062184337383,8.928744767857959,0.8872,0.98,3167.2151756972107,1.814540278420016,2809.9533038785653,0.38179347229015925,6.967211376583271,0.4,3.531
E01016199,E02003366,13.586062184337383,8.928744767857959,0.8872,0.98,6309.293723015872,1.8132780495176966,5597.605391059682,0.5093085027819435,6.967211376583271,0.4,2.571
E01016200,E02003359,11.041916139141172,18.33695112960769,0.8631772268135904,0.9999999999999999,618.179956039604,1.752115637234253,533.5988601260126,0.40582725765088185,5.699053491169637,0.25,2.411
E01016201,E02003359,13.094160554738803,17.01298616066905,0.8631772268135904,0.9999999999999999,4017.310596694215,1.7572202215659753,3467.6510201033625,0.381663107496288,6.7582764153490595,0.37499999999999994,2.867
E01016202,E02003359,13.586062184337383,8.928744767857959,0.8631772268135904,0.9999999999999999,17281.97845869565,1.7676897998464123,14917.410239829118,0.3964984504191588,7.012161127399939,0.22222222222222224,2.067
E01016203,E02003359,12.672462238883398,18.745921613680807,0.8631772268135904,0.9999999999999999,1811.6170215909092,1.7560309000822545,1563.7465567451375,0.31445086232617203,6.540625671681753,0.42857142857142855,2.706
E01016204,E02003359,10.34893588045137,18.400957416704728,0.8631772268135904,0.9999999999999999,867.29998,1.7710668303058543,748.6335915518824,0.33208019554918017,5.341386260878126,0.28571428571428575,1.906
E01016205,E02003361,12.021307405773634,14.281014351673402,0.8788927335640139,1.0000000002857143,2052.578807407407,1.7580751820015554,1803.9965988978597,0.3352402695134028,4.883656133595538,0.43750000000000006,2.838
E01016206,E02003363,15.109697622194862,14.687684376433246,0.8925619834710744,0.9868421056315789,4286.754588719154,1.811646593659773,3826.1941783608977,0.6716287095259418,9.332460296061532,0.29411764705882354,3.817
E01016207,E02003364,14.809823734523503,5.805777433,0.8967999999999999,0.9791666666666666,225.2200909090909,1.6819566526875953,201.97737752727272,0.30340556846891414,8.95477714180491,0.16666666666666669,5.032
E01016208,E02003363,14.63754141610952,17.027730254618223,0.8925619834710744,0.9868421056315789,2673.4601480611045,1.7956332179330032,2386.228892484292,0.5144876242403087,9.040834404067645,0.4117647058823529,4.127
E01016209,E02003358,14.980185218619264,5.529358601642096,0.9038378076756154,0.9448818897637796,616.2043914631802,1.886387428206672,556.9488262601675,0.3536201413015067,9.24702791272794,0.13461538461538458,6.366
E01016210,E02003360,13.911372787179461,17.48317311544589,0.8972921006248998,0.925,5475.65384079602,1.876298389924703,4913.260937102661,0.31746031244064593,8.132802552504916,0.37499999999999994,2.78
E01016212,E02003362,10.348935848424517,18.55644374939233,0.8609467455621301,1.0,678.756484347826,1.709611347204326,584.3731862284537,0.3056558315159993,6.036879244914301,0.22222222222222224,1.943
E01016213,E02003360,13.27816052043828,16.231560304945745,0.8972921006248998,0.925,1295.5511337028825,1.89153899495931,1162.4877982272299,0.3413978440890206,7.762616919640841,0.4444444444444445,3.077
E01016214,E02003360,11.19157022579542,8.312265362714271,0.8972921006248998,0.925,575.5203158730159,1.8659972882448772,516.4098331820043,0.5285895713837795,6.542764132003477,0.4,2.442
E01016215,E02003360,11.10603381323237,14.48667794449007,0.8972921006248998,0.925,2560.408906153846,1.8842472999746447,2297.4346858614867,0.26219511802149026,6.492758229274309,0.2,1.873
E01016216,E02003362,11.070028975834807,18.763506030400467,0.8609467455621301,1.0,635.8056194059405,1.7097478075895716,547.3947788376588,0.3321512950892394,6.457516902570304,0.25,2.298
E01016217,E02003361,13.140301283266085,-16.88504912,0.8788927335640139,1.0000000002857143,635.5167018726592,1.7526050283048205,558.5510113344478,0.38244853170561166,5.338247396326847,0.625,3.229
E01016218,E02003361,14.032054071265467,13.520150322698584,0.8788927335640139,1.0000000002857143,3809.1291963190183,1.7544966774134285,3347.815971851317,0.30098145684265115,5.700521966451596,0.4615384615384615,3.016
E01016219,E02003362,12.31299245835205,18.53777247851636,0.8609467455621301,1.0,1107.3034975124378,1.713604318405079,953.3293425328976,0.470976245326352,7.182578934038695,0.5,2.409
E01016220,E02003362,13.586062184337383,8.928744767857959,0.8609467455621301,1.0,14195.910876785712,1.6944661263787892,12221.923269658704,0.3658051637971773,7.925202940863472,0.2727272727272727,2.014
E01016221,E02003362,13.586062184337383,8.928744767857959,0.8609467455621301,1.0,13032.311624590162,1.7193797195868032,11220.126280342416,0.38647342415458946,7.925202940863472,0.16666666666666669,1.939
E01016222,E02003356,11.07154467480759,18.49310493135996,0.8899408284023669,0.9682539678888888,606.7337316981133,1.873097828592718,539.9571198070784,0.6367137259137073,7.253770649011869,0.28571428571428575,2.213
E01016223,E02003357,14.682090253756579,13.737080716877784,0.900423257,0.9701492537313432,15753.376410596027,1.8591832957559673,14184.706496375844,0.3479262622826722,8.914126225495064,0.5,2.234
E01016224,E02003357,11.977935317291735,18.631898686378086,0.900423257,0.9701492537313432,792.049688557214,1.7672293482452146,713.1799602765224,0.3683862380285627,7.272317871212837,0.5,3.009
E01016226,E02003357,13.360683895772048,7.995554002196262,0.900423257,0.9701492537313432,1687.6514662234042,1.8232326645142856,1519.6006298977031,0.3739045707348145,8.111843793861599,0.6,3.136
E01016227,E02003365,13.586062184337383,8.928744767857959,0.8979591836734694,0.9818181818181817,3955.079647263681,1.8183680322822455,3551.5000914204484,0.5422885484658178,6.943987338661328,0.37499999999999994,2.889
E01016228,E02003365,13.586062184337383,8.928744767857959,0.8979591836734694,0.9818181818181817,611.0461253651036,1.7631517798409218,548.6944799196849,0.4977293287839229,6.943987338661328,0.4615384615384615,4.01
E01016229,E02003363,13.586062184337383,8.928744767857959,0.8925619834710744,0.9868421056315789,7871.000090099009,1.8974078809394561,7025.355452319777,0.5423476873865442,8.39139134914956,0.5,2.428
E01016230,E02003363,11.822935246807496,11.05829498151349,0.8925619834710744,0.9868421056315789,170.2157866416979,1.8159067068086103,151.92814014300308,0.3951999934049025,7.302401181851689,0.37499999999999994,3.817
E01016231,E02003361,12.67304772710159,18.82163793993045,0.8788927335640139,1.0000000002857143,2874.1561333333334,1.6876710337643606,2526.0749407151097,0.34852940670334137,5.148425639135021,0.3181818181818182,2.442
E01016232,E02003361,11.127509212076955,9.106888337133244,0.8788927335640139,1.0000000002857143,747.4257753846153,1.7420825109251967,656.9070828639872,0.3616118714088518,4.520550617406263,0.16666666666666669,2.827
E01016233,E02003358,13.695264093858038,7.207246956661487,0.9038378076756154,0.9448818897637796,1041.9516681551115,1.7961698803838706,941.7553114492663,0.3326203160975436,8.453866724603726,0.5294117647058824,3.589
E01016234,E02003364,13.586062184337383,8.928744767857959,0.8967999999999999,0.9791666666666666,15587.666845098038,1.8521157670861514,13979.01962668392,0.4580745270343063,8.214828297506324,0.2,2.085
E01016235,E02003364,13.586062184337383,8.928744767857959,0.8967999999999999,0.9791666666666666,25644.226099999996,1.8190665844651905,22997.741966479996,0.47407406685176057,8.214828297506324,0.16666666666666669,2.1
E01016236,E02003364,13.586062184337383,8.928744767857959,0.8967999999999999,0.9791666666666666,3517.5708367256634,1.7940985436254775,3154.5575263755745,0.3100936478052584,8.214828297506324,0.5555555555555556,2.76
E01016237,E02003364,13.586062184337383,8.928744767857959,0.8967999999999999,0.9791666666666666,4516.880733522727,1.8364332364062022,4050.738641823181,0.4435146375038954,8.214828297506324,0.42857142857142855,2.655
E01016238,E02003354,12.981815743624498,4.503177485828531,0.8638895076854534,0.9710144928695652,1083.3918650872818,1.8164053454918883,935.9308649606769,0.41736226404748045,10.509088935315068,0.43750000000000006,4.84
E01016239,E02003355,11.975180214041092,18.76165349355733,0.9022528042228296,0.8942307692307692,1368.6549172413793,1.8759061602080183,1234.8727370943993,0.3121212072092441,7.676397573103263,0.3478260869565218,2.373
E01016240,E02003355,11.749841641566979,19.09867576837728,0.9022528042228296,0.8942307692307692,180.7881427960057,1.860338307582695,163.1166088079335,0.2886597895390938,7.531949770235243,0.14285714285714282,3.869
E01016241,E02003355,13.146409526448016,18.74937062266807,0.9022528042228296,0.8942307692307692,2266.22917920354,1.8551988292592323,2044.7116319479953,0.26311263569332144,8.427185593876933,0.5555555555555556,3.869
E01016242,E02003355,16.706316481596854,9.836831856434111,0.9022528042228296,0.8942307692307692,1895.360033680665,1.80974607170208,1710.0939054002567,0.32409501827811493,10.709177231792854,0.15789473684210525,7.128
E01016243,E02003354,11.09893716584422,15.357868662746464,0.8638895076854534,0.9710144928695652,164.8375774563591,1.8595014474498321,142.40145363683683,0.46478872584804615,8.984853896159605,0.625,3.212
E01016245,E02003354,11.046374772431186,18.287414170461744,0.8638895076854534,0.9710144928695652,249.86128111553785,1.7765440863075477,215.85253913255866,0.5126582202523235,8.942303387206197,0.4,2.864
E01016246,E02003354,11.070105961389991,18.76150721146183,0.8638895076854534,0.9710144928695652,472.2155261764706,1.8457426244825648,407.9420384300185,0.5275142238465916,8.961514349696658,0.25925925925925924,2.329
E01016247,E02003354,10.348920731635607,18.47086263879532,0.8638895076854534,0.9710144928695652,124.39173816733069,1.820764579794573,107.46071744551313,0.4654895599296885,8.377697735133586,0.3,3.033
E01016248,E02003358,13.215579150560357,17.942149273232307,0.9038378076756154,0.9448818897637796,2730.5884666666666,1.8785594932606502,2468.00909337632,0.30961537988184185,8.157764907753306,0.37499999999999994,2.698
E01016250,E02003358,11.465021733623109,19.00170431528596,0.9038378076756154,0.9448818897637796,421.7767913274336,1.8515777604783041,381.2178104018431,0.3755036203770841,7.077173909643894,0.3333333333333333,3.006
E01016252,E02003352,14.175987148777589,3.6873036207145975,0.8924444444444444,0.986486487,3576.089,1.8688559010407597,3191.4607608888887,0.5417582329394399,8.785118796425547,0.37499999999999994,3.99
E01016253,E02003352,12.168557830944192,18.765134803842543,0.8924444444444444,0.986486487,1817.3116009433963,1.8817222038489148,1621.8496420863733,0.528925612376204,7.541078092416118,0.28571428571428575,2.359
E01016254,E02003377,16.155972698335386,8.487813287991976,0.91929394959698,0.9593908629441623,847.7703256876989,1.9921041574296081,779.3501310525628,0.4701327354787475,8.077986349167693,0.10204081632653059,6.626
E01016255,E02003377,14.74176724868829,2.543013478894565,0.91929394959698,0.9593908629441623,2967.1427273795534,1.9904067856961083,2727.6763568707047,0.5789473588569168,7.370883624344145,0.29411764705882354,3.877
E01016256,E02003369,13.586062184337383,8.928744767857959,0.9006663890045814,0.9894736842105263,1670.1071619747897,1.8739923838318784,1504.2093868265233,0.7502338515000251,9.21911362508608,0.3684210526315789,3.21
E01016257,E02003369,13.586062184337383,8.928744767857959,0.9006663890045814,0.9894736842105263,2264.8746698005693,1.9126578589863283,2039.8964903972224,0.7758620564198659,9.21911362508608,0.5,2.726
E01016258,E02003371,12.336222333506575,16.93325143835958,0.84765625,0.9705882352941175,363.89580351437695,1.7213881910969493,308.4585521977336,0.3720136453806492,6.1681111667532855,0.36,3.365
E01016259,E02003372,14.122407086243893,6.798273746214552,0.8921324314702741,0.9433962264150944,566.0971770095794,1.780346223411966,505.03365097401417,0.34799999456424013,7.553845650781616,0.37499999999999994,5.321
E01016260,E02003372,12.202657585846286,14.13765812963354,0.8921324314702741,0.9433962264150944,1319.9811456953641,1.772983261812025,1177.5979890041233,0.4943473709478428,6.52700289475499,0.3333333333333333,2.236
E01016261,E02003371,11.47290901924174,18.51462762378057,0.84765625,0.9705882352941175,658.0572865753425,1.7114746704014565,557.8063718236301,0.4225481147039818,5.736454509620869,0.3103448275862069,2.402
E01016262,E02003372,13.0962932335633,17.167169629151065,0.8921324314702741,0.9433962264150944,1940.7664310756973,1.7979261410429095,1731.420675071448,0.37775060475868455,7.004994055161764,0.6,2.683
E01016263,E02003373,13.988908872452324,11.976635704121977,0.8996875,0.9759036142891566,2498.6108025210087,1.805855896027898,2247.96890639312,0.5311067370229303,9.019164930923207,0.4736842105263158,3.276
E01016264,E02003377,14.672503179915934,11.742904703343337,0.91929394959698,0.9593908629441623,2241.734968601332,1.9718927453736155,2060.8133932351807,0.4517338261136578,7.336251589957967,0.42857142857142855,3.923
E01016265,E02003377,13.36335646518961,-4.461192732,0.91929394959698,0.9593908629441623,2113.804384385382,1.9875887208335248,1943.2075811970506,0.5842931841299747,6.681678232594805,0.41666666666666663,3.031
E01016266,E02003377,13.339884307527884,9.672960412203398,0.91929394959698,0.9593908629441623,2476.0745920318723,2.0043359580177786,2276.2403912057107,0.5923718614966028,6.669942153763942,0.4,2.832
E01016267,E02003381,13.4550051287895,8.757299834662863,0.9040060468631896,0.96875,1325.7087247148288,1.8266077189985623,1198.448703521493,0.5810663669740376,8.317639534160781,0.42857142857142855,3.714
E01016268,E02003381,12.35758217616293,14.213839979804549,0.9040060468631896,0.96875,1541.1713794701986,1.8036967614286536,1393.228246293543,0.41066416545835055,7.639232617991629,0.3333333333333333,2.553
E01016269,E02003381,15.63840371195609,-6.462652376,0.9040060468631896,0.96875,2171.0766194317785,1.8347531425580093,1962.6663921696197,0.5511551068303305,9.66737684011831,0.21052631578947364,5.238
E01016270,E02003381,12.733136936754967,4.506680740439026,0.9040060468631896,0.96875,2586.1787053435114,1.8281017464884468,2337.9211878993497,0.4983783703396699,7.871393742721252,0.23076923076923075,3.154
E01016271,E02003374,11.07109752361295,18.54401280339069,0.8587105624142661,1.0000000002857143,636.4853817821783,1.7014726157268556,546.5567201586332,0.3333333282407408,8.414034117945842,0.5,3.113
E01016272,E02003372,10.509823780020229,3.889710050217617,0.8921324314702741,0.9433962264150944,162.26998353982302,1.7825007810277003,144.76631497002367,0.5602910513100956,5.621533649778262,0.3333333333333333,2.405
E01016273,E02003372,13.179689803984902,14.432142365824449,0.8921324314702741,0.9433962264150944,2634.326965671642,1.7649853318689046,2350.168521172351,0.2799999956447274,7.049601523061691,0.37499999999999994,3.05
E01016274,E02003374,11.899479567209664,-21.65331398,0.8587105624142661,1.0000000002857143,1326.0270522522521,1.7005915664412095,1138.673435816063,0.47544642094624434,9.043604471079345,0.3181818181818182,3.113
E01016275,E02003374,13.586062184337383,8.928744767857959,0.8587105624142661,1.0000000002857143,9814.456902469135,1.699839215017397,8427.777806509848,0.40197043763504114,10.32540726009641,0.37499999999999994,2.205
E01016276,E02003374,12.552638759278382,8.374096353190605,0.8587105624142661,1.0000000002857143,2668.29809245283,1.6438305611939965,2291.295755659083,0.2816901365425732,9.54000545705157,0.28571428571428575,2.426
E01016277,E02003367,14.471789481215643,8.237704363545243,0.9072830578512396,0.9662921348314606,988.0088170169145,1.8813307677299427,896.403660687092,0.5361050237781844,8.683073688729385,0.358974358974359,4.491
E01016279,E02003379,14.456512008284864,-2.332322641,0.8865784499054821,0.9148936170212766,1132.6850011933175,1.6827199494364586,1004.2141125891605,0.31999999547794306,9.63767467218991,0.10447761194029845,5.492
E01016280,E02003379,13.460146859966708,18.676183976262138,0.8865784499054821,0.9148936170212766,700.217256943057,1.7328239210255223,620.7975302576441,0.35185184631344324,8.973431239977804,0.4,4.811
E01016281,E02003379,12.011003916048681,15.814750614600037,0.8865784499054821,0.9148936170212766,497.1438712990937,1.7733463794131228,440.75704279636096,0.3866943807573015,8.007335944032453,0.09090909090909091,4.811
E01016282,E02003379,14.04644870037171,3.0538692774770504,0.8865784499054821,0.9148936170212766,4564.421413043478,1.7709649828308578,4046.717661091477,0.4121687868750849,9.36429913358114,0.2727272727272727,3.319
E01016284,E02003373,13.532509124079578,-4.274125575,0.8996875,0.9759036142891566,4281.350610227272,1.8942123313788617,3851.8776271388488,0.5161662737385262,8.724907198419727,0.42857142857142855,2.554
E01016285,E02003373,14.35909335014914,5.939700486059205,0.8996875,0.9759036142891566,3437.45505988024,1.874509379168436,3092.635349186003,0.5736677024411816,9.25783650206984,0.4,3.219
E01016286,E02003367,13.884728863372423,6.5267142425207485,0.9072830578512396,0.9662921348314606,973.359795640327,1.8564548334541533,883.1128517780136,0.47778784346120257,8.330837318023454,0.2727272727272727,4.338
E01016287,E02003367,14.315312350365552,10.834041297117857,0.9072830578512396,0.9662921348314606,3654.9745321507758,1.8935559780996667,3316.0964698981597,0.5208333256184897,8.589187410219331,0.3333333333333333,3.462
E01016288,E02003367,14.597012979623845,11.353682237560491,0.9072830578512396,0.9662921348314606,6224.362450142451,1.8656013826923301,5647.258596939677,0.5485347899390776,8.758207787774307,0.28571428571428575,3.575
E01016289,E02003387,11.750721156288753,18.57466714327894,0.8680795847750865,0.9852941175882352,1669.0000144736841,1.8586554198042984,1448.824839553929,0.7669376545159776,8.078620794948518,0.3333333333333333,2.393
E01016290,E02003387,13.48678012773512,0.766710772,0.8680795847750865,0.9852941175882352,1914.4575449468084,1.8460737318205394,1661.901510686957,0.542888155901448,9.272161337817895,0.3333333333333333,3.261
E01016291,E02003387,13.585868804870538,5.725192425154807,0.8680795847750865,0.9852941175882352,1982.0880117206982,1.8090311389292266,1720.6101382021805,0.5434426142468289,9.340284803348494,0.43750000000000006,3.332
E01016292,E02003387,12.879792783173295,16.328362738692494,0.8680795847750865,0.9852941175882352,1735.8547716814157,1.8378463526644604,1506.860089431056,0.40940253997498194,8.85485753843164,0.4444444444444445,2.862
E01016294,E02003386,11.819711649489692,11.530577429656216,0.8772555134773892,0.9855072462608696,2227.9350016393446,1.8463420169836189,1954.468263857371,0.47142856421763857,6.863058377123046,0.25,2.323
E01016295,E02003386,13.888720248426633,6.855795201,0.8772555134773892,0.9855072462608696,2045.5420741444868,1.8413798661319005,1794.4630625932255,0.20527306668966633,8.06441820876385,0.6666666666666666,3.734
E01016296,E02003376,15.336903847794296,12.329165221805953,0.9134948096885812,0.98,8704.56096958175,1.8980195415965857,7951.571266330732,0.43434342745536175,8.426870246040819,0.3333333333333333,4.114
E01016297,E02003376,13.802844647809986,-9.420108375,0.9134948096885812,0.98,4912.502312935323,1.8761301863443947,4487.545365449568,0.3184079544486524,7.58398057571977,0.5,2.822
E01016298,E02003376,15.74367076632288,0.5430311708507422,0.9134948096885812,0.98,3124.418732848705,1.9333667962830934,2854.140295751066,0.5488826724601528,8.650368552924657,0.3181818181818182,5.599
E01016299,E02003376,14.842886439944255,10.040489382934004,0.9134948096885812,0.98,5576.295694610779,1.9014781454011738,5093.9171743157285,0.45127117910752135,8.155432109859479,0.4,3.472
E01016300,E02003384,13.495026829695048,9.804163441562638,0.8873324477720081,0.9780219780989012,4123.845813636363,1.898496935155129,3659.222200048303,0.5162738410373848,8.630540414339857,0.42857142857142855,2.804
E01016301,E02003384,14.869498396864095,7.692637783006587,0.8873324477720081,0.9780219780989012,3820.331189081225,1.8511054198299748,3389.90382530719,0.6307821591901799,9.509562928227037,0.3333333333333333,4.331
E01016302,E02003384,13.944092211441363,-6.436830794,0.8873324477720081,0.9780219780989012,2835.943329177057,1.894111273894363,2516.424536021376,0.5468085017788368,8.917733391038082,0.37499999999999994,3.6
E01016303,E02003368,14.779841429190506,-1.277304773,0.8910803324099723,0.9895833333333333,5235.590664670659,1.9075458539111672,4665.331869837279,0.5207852108360492,7.8937789451358364,0.3,3.599
E01016304,E02003368,15.37803636268638,4.110313817709592,0.8910803324099723,0.9895833333333333,4333.201899182562,1.89261868920141,3861.2309887231204,0.4614593964405232,8.213269420980224,0.2727272727272727,4.58
E01016305,E02003368,14.860136211614948,3.628503344175552,0.8910803324099723,0.9895833333333333,5158.499649727768,1.930171625475191,4596.637582616145,0.4314214398212699,7.936663658476164,0.45454545454545453,3.816
E01016306,E02003368,13.004982860326471,3.3763729695973645,0.8910803324099723,0.9895833333333333,2526.2635090909093,1.9143275079889575,2251.1037274359105,0.31935881092074003,6.945843118583454,0.42857142857142855,2.45
E01016307,E02003388,14.455295241655138,-13.60369901,0.901367188,0.9846153846153846,8389.697256637168,1.817942558872661,7562.197824386359,0.4392344425943089,8.085165135163043,0.4444444444444445,3.015
E01016308,E02003388,14.676647879411568,8.152332910540718,0.901367188,0.9846153846153846,5553.635906103287,1.7899625254739382,5005.865179860152,0.659663854331933,8.208972542721725,0.29411764705882354,3.507
E01016309,E02003375,14.825650532812222,8.358417537556138,0.914485767,0.9312977099236641,2032.5568889711324,1.8536425062373703,1858.7443455818998,0.4856608404742742,9.510794681426708,0.25925925925925924,4.27
E01016310,E02003378,15.575256079594741,-17.20443811,0.8911967153725395,0.9444444444444444,3318.65073843518,1.8316723260745087,2957.5706375620853,0.4628857305062995,12.207633143466149,0.28571428571428575,4.796
E01016311,E02003378,13.795069302196335,16.194462186770128,0.8911967153725395,0.9444444444444444,384.0710507252058,1.8557167523482028,342.28285887598344,0.5996343600513354,10.812351615234965,0.31372549019607837,6.851
E01016312,E02003386,14.409523546245088,-13.57199108,0.8772555134773892,0.9855072462608696,5160.231752136752,1.7984804567168844,4526.841755383054,0.4838709607388138,8.36682012362618,0.35714285714285715,2.713
E01016313,E02003369,13.586062184337383,8.928744767857959,0.9006663890045814,0.9894736842105263,1134.0527947218259,1.8654682854722764,1021.4032355626607,0.525233636043742,9.21911362508608,0.28571428571428575,3.87
E01016314,E02003369,13.586062184337383,8.928744767857959,0.9006663890045814,0.9894736842105263,1058.5499455392808,1.884175467692301,953.4003570298603,0.7410901344067901,9.21911362508608,0.3333333333333333,4.18
E01016315,E02003370,12.882389305889747,4.608126266183405,0.8646446355817112,1.0,1120.5787142450142,1.773369195571268,968.9023740190029,0.5500485817562413,7.729433583533846,0.42857142857142855,3.225
E01016316,E02003370,13.586062184337383,8.928744767857959,0.8646446355817112,1.0,3955.079647263681,1.7396446454961925,3419.7384003049488,0.5173192690253202,8.151637310602428,0.37499999999999994,2.846
E01016317,E02003370,10.38012324346238,18.27549223499165,0.8646446355817112,1.0,116.709895942029,1.7922288275637936,100.9125854455751,0.6073008747310628,6.228073946077426,0.45454545454545453,2.239
E01016318,E02003370,10.348745430654665,19.02745592751726,0.8646446355817112,1.0,206.7341276821192,1.7919029429433342,178.75155449200892,0.4388646212989361,6.209247258392797,0.5,2.487
E01016319,E02003386,13.862536501096265,-5.521692349,0.8772555134773892,0.9855072462608696,5955.387505681818,1.8104935229154129,5224.396524253731,0.5352241445189343,8.049214742572024,0.42857142857142855,3.196
E01016320,E02003386,12.633935870845683,11.400796079353452,0.8772555134773892,0.9855072462608696,1526.3395597014926,1.8469717211490633,1338.989794186785,0.564263314146237,7.3358337314587825,0.37499999999999994,2.736
E01016321,E02003387,12.640823765277851,-0.570417595,0.8680795847750865,0.9852941175882352,1860.932043373494,1.8324932362542787,1615.4371155063159,0.515267167579978,8.690566338628523,0.24242424242424243,2.66
E01016322,E02003387,12.821721570260014,2.295275130664111,0.8680795847750865,0.9852941175882352,2103.241223863636,1.8561762577482546,1825.78076829339,0.6277204934902878,8.81493357955376,0.28571428571428575,2.405
E01016323,E02003378,13.011804827790149,1.3485128197667275,0.8911967153725395,0.9444444444444444,851.0759574144487,1.8633555678637217,758.476097780296,0.47571743087140445,10.198441621781468,0.3333333333333333,3.418
E01016324,E02003378,14.190267257780338,9.603504264876564,0.8911967153725395,0.9444444444444444,264.4312775858935,1.8436517003601292,235.66028602631252,0.35571054361470633,11.12210136420621,0.09090909090909091,6.851
E01016325,E02003378,12.578004670276766,16.19761575470149,0.8911967153725395,0.9444444444444444,2302.4275833333336,1.8641276868228422,2051.915899649801,0.3779608588751233,9.858436092919627,0.4,2.522
E01016326,E02003384,14.48109974987453,9.629733088208388,0.8873324477720081,0.9780219780989012,3108.043988817891,1.9095388038826702,2757.868280380855,0.6187717166909205,9.2611684446872,0.28,3.862
E01016327,E02003375,14.874493802069845,7.336316305142351,0.914485767,0.9312977099236641,4606.128987220447,1.9546876506146735,4212.239399779223,0.5074626787532488,9.542128099441031,0.2,4.609
E01016328,E02003375,14.677627443061635,12.376275418929287,0.914485767,0.9312977099236641,3940.378589018303,1.8800832222239459,3603.4201362487806,0.40427098061267885,9.415836472907463,0.16666666666666669,4.075
E01016329,E02003380,10.379798259038978,18.28777396149242,0.874479477,1.0,1038.7569122580646,1.7779999449840986,908.3716013615672,0.37617554323169006,4.208026321232018,0.16666666666666669,2.015
E01016330,E02003382,11.192910300649105,4.223061074363164,0.9149305555555556,0.9791666666666666,718.9386392079208,1.7883400227827497,657.7789285808581,0.34213420820840623,4.75698687777587,0.5,2.676
E01016331,E02003382,12.268737820706665,-10.11880251,0.9149305555555556,0.9791666666666666,2475.9658174418605,1.7647323710651868,2265.336780888647,0.2690498548554519,5.2142135738003335,0.47058823529411764,2.275
E01016332,E02003382,15.651030990230591,3.1385139028877007,0.9149305555555556,0.9791666666666666,8346.73045539281,1.7606179670554627,7636.678732625019,0.3814773911471602,6.651688170848002,0.4666666666666667,3.935
E01016333,E02003383,13.710645084752715,-2.978698927,0.8934240362811792,0.9767441860465116,5116.162775568182,1.7883562286767594,4570.902797219645,0.4735632114179947,8.522833431062498,0.42857142857142855,3.528
E01016334,E02003382,13.040940422744685,15.453501950953015,0.9149305555555556,0.9791666666666666,2618.7549085227274,1.7555636736448403,2395.978883318537,0.38884044765449316,5.542399679666492,0.28571428571428575,3.297
E01016335,E02003383,11.822430023429442,11.194220586440998,0.8934240362811792,0.9767441860465116,1002.0145470588235,1.7629486444045712,895.2238810457517,0.40205127590711387,7.349078122672355,0.25925925925925924,2.434
E01016336,E02003382,12.044616273083365,11.052303118252343,0.9149305555555556,0.9791666666666666,1870.1069307692305,1.7969185018194211,1711.017973116987,0.24004974731759432,5.118961916060431,0.5,2.277
E01016337,E02003383,14.224829604103745,16.098216806070102,0.8934240362811792,0.9767441860465116,2614.220592013889,1.6846196266731097,2335.6075130464224,0.3463087194353769,8.84246164579422,0.391304347826087,3.71
E01016338,E02003383,13.222667544831888,9.777417783769693,0.8934240362811792,0.9767441860465116,2202.201446613546,1.7377273215967322,1967.499705137726,0.4676704977260265,8.219496041381984,0.5,2.992
E01016339,E02003377,15.682018706656422,6.1206482165989575,0.91929394959698,0.9593908629441623,1375.3836934694746,1.8962950725063306,1264.3819077808353,0.40461537845900597,7.841009353328211,0.14893617021276595,6.04
E01016340,E02003380,13.83989630786735,4.597403574673301,0.874479477,1.0,4534.002274336283,1.7083467585373395,3964.8919375784035,0.3141320995400379,5.610768773459737,0.3333333333333333,2.963
E01016341,E02003380,13.17698709346581,31.11203441017373,0.874479477,1.0,5228.421436633664,1.786420946087562,4572.147243442994,0.32699167153648984,5.342021794648302,0.5,2.537
E01016342,E02003380,13.646700680826505,3.9502754320143576,0.874479477,1.0,2591.007604601227,1.7046833589906742,2265.7829749747034,0.34103260389478424,5.5324462219566914,0.30769230769230765,3.748
E01016343,E02003380,11.559869451716667,8.245164317475686,0.874479477,1.0,1037.6765366336633,1.7784928194070493,907.4268350505772,0.3899999933748751,4.686433561506757,0.25,2.39
E01016344,E02003375,16.694829874812438,2.413983087598864,0.914485767,0.9312977099236641,1424.05810975122,1.9185220956194888,1302.2808727484144,0.37760910245584733,10.709890863087224,0.28,6.634
E01016345,E02003375,15.354003254254836,1.6544965900629096,0.914485767,0.9312977099236641,980.3333220374658,1.9264264222506498,896.5008699190898,0.4313326485203496,9.849737936691781,0.26315789473684204,6.232
E01016346,E02003385,16.404057723307634,2.1854732728555017,0.9244470868014268,0.9655172413793103,3326.7729842539366,2.00969781459951,3075.425593743241,0.4083044923254633,9.308349033690844,0.25,5.673
E01016348,E02003385,15.46858832283327,2.201940188795197,0.9244470868014268,0.9655172413793103,2821.7338595353863,1.95480233996846,2608.5436461764343,0.4520471052485352,8.777524536677483,0.32432432432432434,4.372
E01016349,E02003371,12.938685777679613,18.34102974867012,0.84765625,0.9705882352941175,1185.4730247863247,1.7619802003576872,1004.873618666533,0.4236842037529433,6.469342888839805,0.42857142857142855,3.218
E01016350,E02003371,11.060496721642552,18.61295144149655,0.84765625,0.9705882352941175,963.7445387878788,1.7246417864855896,816.924081706913,0.3707165051020792,5.530248360821275,0.4615384615384615,2.155
E01016353,E02006939,15.525725402789643,-41.4315017,0.8878638941398865,0.9246376811594202,4804.64680625543,1.9814739804567139,4265.872423368715,0.34919813318759946,12.469480244760184,0.13043478260869565,3.943
E01016355,E02003395,15.941038892997234,1.5072630167993464,0.925207101,0.9694656487251908,2658.6230885433197,1.8889300073947797,2459.7769604028313,0.5759759686837397,6.930886475216187,0.28571428571428575,5.222
E01016356,E02003396,12.201020503425061,-5.274007351,0.9102079395085066,0.9782608695652173,990.0055706467663,1.7576115651697484,901.1109305603364,0.3668779666422252,5.795484739126904,0.5,2.753
E01016357,E02003396,13.157643221099027,17.42839600737254,0.9102079395085066,0.9782608695652173,1588.8152776073618,1.738276186483254,1446.1522800906328,0.47592067362084617,6.249880530022038,0.4615384615384615,2.794
E01016358,E02003395,14.154283609964338,5.895372965802352,0.925207101,0.9694656487251908,9292.873178807948,1.8896462640000637,8597.832253725555,0.38910012156950535,6.154036352158407,0.5,2.611
E01016359,E02003395,15.535613887710644,7.064529584064872,0.925207101,0.9694656487251908,1993.9680621206712,1.8203526477741387,1844.8334102412541,0.3317555891300869,6.7546147337872355,0.28571428571428575,4.816
E01016360,E02003395,15.190542920170438,14.634526209409144,0.925207101,0.9694656487251908,7519.398707224335,1.846195393536417,6957.001079174175,0.32277882373207245,6.604583878334972,0.42857142857142855,2.986
E01016361,E02003395,14.237563785965971,15.379182155376526,0.925207101,0.9694656487251908,6748.180088495575,1.8817850489217565,6243.464136702914,0.37280701238155706,6.19024512433303,0.3333333333333333,2.73
E01016362,E02003392,15.313508674639749,2.227232835,0.9044995408631772,0.9852941176470589,4703.181099894848,1.8066351608160778,4254.025145451263,0.6671790833915403,8.93288006020652,0.4736842105263158,3.858
E01016363,E02003392,13.305711240865381,8.285728699493948,0.9044995408631772,0.9852941176470589,1995.399003654485,1.8019517189920105,1804.837482644323,0.3580060371233719,7.761664890504805,0.25,2.696
E01016364,E02003391,14.442967995518302,9.972850704454672,0.8728836334318731,0.9838709674516127,3251.4612864583332,1.8309081035489572,2838.1473416868225,0.7989189063849609,11.029175560213973,0.6086956521739131,3.262
E01016365,E02003392,14.063948303223965,-1.787516874,0.9044995408631772,0.9852941176470589,3932.5767116564416,1.8269889971547992,3557.0138301024745,0.7252747152263292,8.203969843547311,0.30769230769230765,2.99
E01016366,E02003392,14.047091917836392,-6.149901181,0.9044995408631772,0.9852941176470589,4567.35827536232,1.8374266213323667,4131.173463022851,0.6026365261295004,8.194136952071227,0.2727272727272727,2.901
E01016367,E02003392,12.64566965772531,-1.386159105,0.9044995408631772,0.9852941176470589,2201.527124113475,1.830935291410069,1991.2802729584691,0.5137777704752831,7.376640633673097,0.28571428571428575,2.512
E01016368,E02003405,12.591447837578693,16.31763395790686,0.9134687075128284,0.9139072847682118,3630.026697530864,1.917457450156802,3315.9157956305794,0.20316622396639317,7.970733034797521,0.43750000000000006,2.333
E01016369,E02003406,11.477774617801526,18.243337536495595,0.910136878,0.8888888888888888,1005.6768420833333,1.7871781969882297,915.303581330624,0.31213388638641487,6.496853557246145,0.21052631578947364,2.297
E01016370,E02003404,13.538081542552666,15.55840832925674,0.912037037,0.9729729729729729,1163.9452377880184,1.5571577029672559,1061.5611659024448,0.23937761541929944,6.769040771276333,0.4615384615384615,4.044
E01016371,E02003404,12.666782419764067,-16.51401474,0.912037037,0.9729729729729729,1053.2848631229235,1.7105683930947897,960.6348056795817,0.5762876481755053,6.333391209882033,0.3333333333333333,2.573
E01016372,E02003405,11.064449414592783,17.942698967322777,0.9134687075128284,0.9139072847682118,632.2679263366336,1.9351416154130383,577.5569654725409,0.21089807963762672,7.004101005567908,0.5,2.217
E01016373,E02003404,13.942140015059941,10.541898415700077,0.912037037,0.9729729729729729,4521.893924302789,1.7272337191897271,4124.134736349418,0.2802893269079722,6.9710700075299705,0.5,2.817
E01016374,E02003402,12.175060562041814,17.535429020196506,0.9044628099173554,0.9636363636363635,1284.0514682119206,1.755953054690656,1161.3767990174595,0.4741620050607329,7.194353968479253,0.5,2.675
E01016375,E02003402,10.379717702952956,18.13952461383873,0.9044628099173554,0.9636363636363635,1533.2795371428572,1.8014693187958564,1386.7943185530107,0.31450093745289254,6.133469551744928,0.25,1.695
E01016376,E02003402,14.736438247315002,16.58102941325246,0.9044628099173554,0.9636363636363635,3135.6033857677903,1.7471433802799337,2836.036649077909,0.4606590390379253,8.707895327958864,0.25,4.205
E01016377,E02003405,15.620402385072898,6.715311927001316,0.9134687075128284,0.9139072847682118,2762.0685124943207,1.8960884186300384,2523.0631541700677,0.3112094351559442,9.888144629082843,0.20454545454545453,4.719
E01016379,E02003402,13.510179278773055,-17.24667306,0.9044628099173554,0.9636363636363635,9695.766068421053,1.7276382221567632,8769.459822545456,0.5055653128377655,7.983287755638623,0.3333333333333333,2.684
E01016380,E02003393,13.371105677531258,18.24027875534196,0.8786776859504133,1.000000000090909,4714.740857352941,1.7870350244704227,4142.73758639475,0.44414655264083464,6.821992691799348,0.25925925925925924,2.787
E01016381,E02003394,11.128627531563357,10.745445636594807,0.9096,0.9795918367346939,1480.257664347826,1.7664447690739138,1346.4423714907825,0.2871747169780511,5.00788238920351,0.22222222222222224,1.754
E01016382,E02003394,15.113157753740156,5.274324925441754,0.9096,0.9795918367346939,4062.899754716981,1.7251987255925707,3695.613616890566,0.257476290913749,6.800920989183069,0.3333333333333333,3.748
E01016383,E02003393,11.990072713947827,16.719690256851038,0.8786776859504133,1.000000000090909,1067.1925258278145,1.803244905319364,937.7182590579607,0.3603960340731302,6.117384036994396,0.5,2.686
E01016384,E02003393,12.911234664726317,-6.297865729,0.8786776859504133,1.000000000090909,2014.0991179104478,1.7792167305981592,1769.743952200321,0.5723809426123176,6.587364624069881,0.25,2.466
E01016385,E02003394,13.586062184337383,8.928744767857959,0.9096,0.9795918367346939,3167.2151756972107,1.7460084975902634,2880.8989238141826,0.3672014202060239,6.113727982951822,0.3,2.349
E01016386,E02003390,12.017198570199195,13.295679353191243,0.8355029585798817,1.0,940.7792636363637,1.8480260121549215,786.0238581387844,0.9737171283601689,10.660418086467029,0.42857142857142855,2.236
E01016387,E02003390,11.514988822782636,13.925467362953109,0.8355029585798817,1.0,828.1450314049587,1.8429163527865007,691.917623872072,0.7300546325853149,10.214909439565242,0.37499999999999994,2.174
E01016388,E02003401,13.527528417563275,16.93214910106975,0.8720661157024794,0.9636363636363635,1151.7265480798771,1.779872278533052,1004.3816971354433,0.44602272087580724,12.561276387737328,0.23076923076923075,2.829
E01016389,E02003401,12.02271675239477,-10.36679398,0.8720661157024794,0.9636363636363635,1375.978234710744,1.740695353972526,1199.9439944353528,0.2616970618517397,11.163951270080858,0.37499999999999994,2.341
E01016390,E02003401,13.334040256677737,-1.630716595,0.8720661157024794,0.9636363636363635,1174.6639967680608,1.7570341305342916,1024.3846689170725,0.586042815018549,12.381608809772185,0.42857142857142855,3.436
E01016391,E02006940,13.724421141682317,0.079935787,0.891975214,0.9505494505494505,985.8910106911447,1.9127891253593232,879.3903452419102,0.51457465120111,10.999004177376607,0.13513513513513514,4.707
E01016392,E02003401,13.013387530750498,-24.40815088,0.8720661157024794,0.9636363636363635,1118.1422403990025,1.6959431874383557,975.093960387626,0.5069124351634673,12.083859849982606,0.37499999999999994,3.834
E01016393,E02003401,12.481681178498238,14.773087811579982,0.8720661157024794,0.9636363636363635,618.4634136150235,1.725211305047112,539.3409868153494,0.5549255764209179,11.590132522891222,0.4117647058823529,3.764
E01016394,E02003397,12.7951394917615,16.187092526197738,0.8804759329367225,0.9761904757619048,2048.069093181818,1.7409302363557009,1803.2755455381287,0.24634655120410048,5.118055796704599,0.5714285714285715,2.735
E01016395,E02003396,14.154266395183742,16.522681811477057,0.9102079395085066,0.9782608695652173,4304.293539877301,1.7698043826996626,3917.802153971494,0.3790575854827007,6.723276537712277,0.30769230769230765,3.43
E01016396,E02003394,12.16573905619985,39.7347582,0.9096,0.9795918367346939,1587.5437743801654,1.7570976663044893,1444.0298171761983,0.37499999426962327,5.474582575289932,0.37499999999999994,3.072
E01016397,E02003394,13.726742264136085,16.766548628081665,0.9096,0.9795918367346939,2148.0201255868546,1.736131940714706,1953.839106233803,0.31900825950104506,6.177034018861238,0.4117647058823529,3.193
E01016398,E02003396,12.178468547513939,17.350055539415912,0.9102079395085066,0.9782608695652173,2559.916877631579,1.7397809381532663,2330.0566665020897,0.3870228953184489,5.78477256006912,0.3333333333333333,2.264
E01016399,E02003396,13.586062184337383,8.928744767857959,0.9102079395085066,0.9782608695652173,13032.311624590162,1.7647323710651868,11862.11351085097,0.4517625165110441,6.453379537560257,0.25,1.909
E01016400,E02003396,13.531339870444956,5.670360028723455,0.9102079395085066,0.9782608695652173,3330.252954867257,1.7410116036213374,3031.2226800918415,0.37837837303140986,6.427386438461354,0.5555555555555556,2.711
E01016401,E02003400,13.463323789225077,2.073686236454999,0.903846153846154,0.9811320754716981,1650.5816514084509,1.8040456724957803,1491.8718772345615,0.629951682008019,7.902385702371238,0.4117647058823529,2.735
E01016402,E02003398,14.233626783479712,17.66684289492161,0.9140828402366864,0.9692307693076924,4659.804361963191,1.776151718273952,4259.447206130614,0.3192261144031618,7.241669767033537,0.5384615384615384,2.749
E01016403,E02003400,14.365042778902417,11.690408585983151,0.903846153846154,0.9811320754716981,4066.763915492958,1.737694376261517,3675.7289236186357,0.6192468526828138,8.431655544138373,0.4117647058823529,3.456
E01016404,E02003398,13.771527388336617,11.06949194580573,0.9140828402366864,0.9692307693076924,6337.543466887418,1.759159247661949,5793.0397323359075,0.4164205494545834,7.006566565995821,0.5,2.656
E01016405,E02003398,12.459067252298127,18.19989849252419,0.9140828402366864,0.9692307693076924,3389.1350815789474,1.754696817010678,3097.9502213154783,0.34112948761106143,6.338823689765713,0.3333333333333333,1.998
E01016406,E02003398,14.203297228606736,13.375956873450454,0.9140828402366864,0.9692307693076924,5871.371968127491,1.8143700212073313,5366.92036471204,0.37014924907961677,7.226238940870092,0.4,2.37
E01016407,E02003389,13.952778585290798,12.73312202705899,0.871811224,0.982456140754386,4156.284677536232,1.796097394874909,3623.495632015308,0.5765673075897646,9.301852390193865,0.5454545454545454,2.785
E01016408,E02003389,12.960964744140322,7.350384360419601,0.871811224,0.982456140754386,2417.473822159091,1.822129859547859,2107.580811884475,0.394535512933847,8.640643162760213,0.28571428571428575,2.754
E01016409,E02003391,12.881025934953733,15.206847574516727,0.8728836334318731,0.9838709674516127,1204.8688570552147,1.7910954978203282,1051.710305755264,0.5150136398397088,9.836419804873758,0.5384615384615384,2.657
E01016410,E02003389,12.569461777030527,18.350610283044364,0.871811224,0.982456140754386,764.994892287234,1.7773518803313035,666.9311333986817,0.5819880960269367,8.379641184687017,0.4,2.761
E01016411,E02003389,12.565997526996265,-5.593636765,0.871811224,0.982456140754386,2582.372520720721,1.7993529666115182,2251.341348113497,0.7519294240111641,8.377331684664176,0.3181818181818182,2.521
E01016412,E02003389,11.753990574302147,18.19494432543462,0.871811224,0.982456140754386,842.7774112582781,1.8155277833056522,734.7428064686308,0.4654282693882282,7.835993716201431,0.5,2.342
E01016413,E02003402,11.977614404991696,18.728091382296085,0.9044628099173554,0.9636363636363635,904.2665079545454,1.7611217877281051,817.8754266987228,0.5301966225450692,7.077681239313274,0.28571428571428575,2.729
E01016414,E02003402,14.41675231520274,4.311432522877588,0.9044628099173554,0.9636363636363635,202.68657204755027,1.7537379237280752,183.32246648664383,0.625661367923368,8.518990004437981,0.3333333333333333,5.75
E01016415,E02003404,12.576789869786664,18.173427259459867,0.912037037,0.9729729729729729,4081.037570422535,1.7064963854994804,3722.0574136138475,0.3270060346672068,6.288394934893332,0.42857142857142855,4.044
E01016416,E02003400,13.63294186539479,5.078888936439905,0.903846153846154,0.9811320754716981,756.6997386920981,1.7364790380694874,683.9401484332426,0.41223832050222886,8.001944138383896,0.2727272727272727,3.127
E01016417,E02003400,14.392686736330626,5.130041904064465,0.903846153846154,0.9811320754716981,5074.077182336182,1.7704754423998266,4586.185145573088,0.360529981600931,8.447881345237539,0.42857142857142855,3.054
E01016418,E02003400,12.70213363798743,3.7761193863245768,0.903846153846154,0.9811320754716981,1453.3050610619468,1.7895690964637534,1313.5641898059905,0.38914026685346326,7.455600178818707,0.3333333333333333,2.926
E01016419,E02003403,13.678061244300723,-0.137583459,0.8962932111620159,0.9591836734081632,916.4853059936908,1.7162064159863324,821.4395578918878,0.5113246321182525,9.34111499610781,0.3684210526315789,3.998
E01016420,E02003403,13.051136054746816,6.048321276599227,0.8962932111620159,0.9591836734081632,4850.250905208333,1.7700897829863864,4347.246958770651,0.22306237851504968,8.912970964217337,0.4736842105263158,3.107
E01016421,E02003403,13.805353907065589,11.237380373717896,0.8962932111620159,0.9591836734081632,760.8714478862413,1.7942330630983272,681.9639133074517,0.3183962213688146,9.428046570678939,0.30769230769230765,4.213
E01016422,E02003403,12.741917428856953,-10.50833879,0.8962932111620159,0.9591836734081632,1700.3843537313433,1.782532485001992,1524.0429526155147,0.410112352776796,8.701797268487674,0.5,3.344
E01016423,E02003403,12.205710613504488,-4.814974075,0.8962932111620159,0.9591836734081632,4876.2587,1.7658636460526953,4370.557568679717,0.28231938727942624,8.335607248246967,0.25,1.897
E01016424,E02003403,12.220895155839223,31.46344965,0.8962932111620159,0.9591836734081632,1153.32716875,1.782532485001992,1033.7193115993337,0.504106768572516,8.345977179597517,0.28571428571428575,2.337
E01016425,E02003390,11.88744048293119,-19.81474799,0.8355029585798817,1.0,826.2931482954544,1.8247939625993712,690.3703700551371,0.6966604712786083,10.545310105826056,0.42857142857142855,2.344
E01016426,E02003390,13.57102298207874,16.660505937936502,0.8355029585798817,1.0,2402.1617107361963,1.8559105196104184,2007.0132163074018,0.8727477338899289,12.03881070990856,0.30769230769230765,2.947
E01016427,E02003391,12.471293519079,16.182492938008647,0.8728836334318731,0.9838709674516127,612.0722539906103,1.807026603789332,534.2678529861603,0.744023891784456,9.523533232751234,0.4117647058823529,3.236
E01016428,E02003391,13.751883509415995,9.83140945,0.8728836334318731,0.9838709674516127,8453.638694594594,1.787502369898344,7379.042859458006,0.6715517130573277,10.501438316281302,0.3181818181818182,2.613
E01016429,E02003391,13.184161630246365,6.936724481992854,0.8728836334318731,0.9838709674516127,4221.213154761905,1.8150603291292127,3684.627876018991,0.6008023974714316,10.067905244915403,0.4,2.666
E01016430,E02003390,11.803420994188238,12.723062482245098,0.8355029585798817,1.0,333.43638179551124,1.8533897151118024,278.5870834883206,0.6407562928760108,10.470776688392794,0.5,3.102
E01016431,E02003393,14.21906115256045,9.193454428025468,0.8786776859504133,1.000000000090909,2988.2833872255487,1.7883033163882467,2625.737931651408,0.4513955652933756,7.254623036150082,0.4,3.042
E01016432,E02003393,12.202025280989226,-4.150467557,0.8786776859504133,1.000000000090909,1131.7679715909092,1.8048358643244917,994.4592623102932,0.4364640809947805,6.225523101798459,0.5714285714285715,2.729
E01016433,E02003397,14.579235480240603,15.085177460169657,0.8804759329367225,0.9761904757619048,5352.256822942643,1.7535648877040027,4712.533319497363,0.3865363672162579,5.83169419209624,0.5,3.399
E01016434,E02003397,12.480854607572438,-0.414616125,0.8804759329367225,0.9761904757619048,525.4445718562874,1.690664638083498,462.6412996117014,0.3147286769860586,4.992341843028974,0.5,3.69
E01016435,E02003397,13.586062184337383,8.928744767857959,0.8804759329367225,0.9761904757619048,13032.311624590162,1.7492292131548073,11474.636735983117,0.30942622467412456,5.434424873734952,0.3333333333333333,2.016
E01016436,E02003397,13.35282630588389,8.887776292493465,0.8804759329367225,0.9761904757619048,3577.21814375,1.743001421524819,3149.654482436452,0.3486513431377116,5.341130522353555,0.28571428571428575,2.461
E01016437,E02003406,15.446486863714062,5.751965442588782,0.910136878,0.8888888888888888,2173.0578877073585,1.82785124813042,1977.7801216312498,0.28799999585280006,8.743294451158901,0.14893617021276595,6.475
E01016438,E02003405,12.348821648282101,14.045882447313932,0.9134687075128284,0.9139072847682118,766.4021627906977,1.9422960707792059,700.0843930794549,0.24779735303754932,7.817143979187752,0.41666666666666663,3.07
E01016439,E02003406,15.922030751304712,-7.667899771,0.910136878,0.8888888888888888,1208.5851905602117,1.765623111308144,1099.977952133506,0.3586109089054464,9.012470236587571,0.11764705882352938,6.475
E01016440,E02003406,12.96891071820398,6.201840482271529,0.910136878,0.8888888888888888,2133.6800233830845,1.8186405208488605,1941.9408751328474,0.2749042105437843,7.340892859360741,0.5,2.24
E01016441,E02003406,10.592991569828506,0.6633204837337401,0.910136878,0.8888888888888888,282.64920992907804,1.8176908446836626,257.24946949401766,0.23882016777973233,5.99603296405387,0.10714285714285712,2.876
E01016443,E02003405,11.469552530400595,18.43338997852279,0.9134687075128284,0.9139072847682118,634.1352439735099,1.9142006371137699,579.2627017008142,0.21209465067842614,7.260542427501294,0.3333333333333333,2.315
E01016444,E02003410,11.479923148585414,18.04621917503243,0.8939967550027041,0.9880952380952379,549.7308627272728,1.8632713160330272,491.45760740301887,0.25860688191606934,3.5874759839329418,0.28571428571428575,1.896
E01016445,E02003410,11.79725280484389,13.518317240054898,0.8939967550027041,0.9880952380952379,1748.4971723684212,1.847253155987855,1563.1507982287724,0.2968388545040777,3.6866415015137157,0.3333333333333333,2.111
E01016446,E02003410,12.080023751347676,-12.51942265,0.8939967550027041,0.9880952380952379,877.1808378109453,1.8520475886656407,784.1968225535384,0.27929373578745736,3.7750074222961487,0.37499999999999994,2.323
E01016447,E02003410,14.085845531760256,10.673190037508542,0.8939967550027041,0.9880952380952379,7445.467772727273,1.8368598657519293,6656.2240282953935,0.2942511300726791,4.40182672867508,0.42857142857142855,2.369
E01016448,E02003410,14.299298988141656,15.269280006241177,0.8939967550027041,0.9880952380952379,2025.2277141073657,1.7992497832398393,1810.5470045535292,0.31405436197603837,4.468530933794267,0.37499999999999994,4.084
E01016449,E02003410,13.349955071128294,9.340178475343514,0.8939967550027041,0.9880952380952379,1565.549329925187,1.8049090967712622,1399.596020749775,0.24463006803322643,4.171860959727592,0.43750000000000006,3.11
E01016450,E02003407,11.181616029963791,-46.98408422,0.8878604485582058,0.9807692307692308,1751.1535746341465,1.7882762465382032,1554.7799982689787,0.2997323774490249,5.709761377002787,0.25,2.01
E01016451,E02003407,12.75883096266602,-0.771915854,0.8878604485582058,0.9807692307692308,1975.0403170454547,1.767375340003665,1753.5601818125183,0.292929288382478,6.51514772561669,0.42857142857142855,2.54
E01016452,E02003407,12.430819383054343,-7.812896991,0.8878604485582058,0.9807692307692308,997.6100318725099,1.750540171950099,885.7384903844926,0.3149779688621133,6.347652450921366,0.3,2.88
E01016453,E02003407,12.076522986131373,-12.87999141,0.8878604485582058,0.9807692307692308,874.1153850746268,1.7779397299208632,776.0924778839869,0.3633854587913192,6.166735141854318,0.37499999999999994,2.828
E01016454,E02003407,13.586062184337383,8.928744767857959,0.8878604485582058,0.9807692307692308,7871.000090099009,1.778133530115265,6988.349670596985,0.29000883748926054,6.937563668597812,0.25,2.021
E01016455,E02003407,13.292972640785356,2.5425943739280163,0.8878604485582058,0.9807692307692308,4706.449342063493,1.740305749821336,4178.670223960965,0.36640679807886417,6.787900922954224,0.4,2.576
E01016456,E02007069,14.90595814834472,11.21684401242163,0.9143253555324315,0.9574468085106382,849.929913453299,1.8227410261884738,777.1124702958364,0.30220819761416284,8.198276981589597,0.35714285714285715,5.001
E01016457,E02007069,11.481111358994033,16.783110436470817,0.9143253555324315,0.9574468085106382,1274.5745242105263,1.8285576357424187,1165.3758050013691,0.37463767528466707,6.314611247446718,0.3333333333333333,2.047
E01016458,E02007068,12.724330821718517,13.579834978406629,0.9106443574225704,0.9811320753584906,1115.6780093023256,1.7703880622706787,1015.9858838716088,0.3289902230567434,6.362165410859259,0.3333333333333333,2.602
E01016460,E02007069,14.339218533175321,14.703153076572702,0.9143253555324315,0.9574468085106382,4210.162453865337,1.827673676198143,3849.4582824797185,0.34930555027716065,7.886570193246428,0.37499999999999994,3.215
E01016462,E02003415,14.28779809897183,14.944800022982545,0.9210738421476844,0.952755905511811,1525.8396146527118,1.846044776499457,1405.4109563693155,0.3731808677604405,7.143899049485913,0.23809523809523808,4.259
E01016463,E02003415,13.978905838204541,12.813280366699615,0.9210738421476844,0.952755905511811,2473.741682773109,1.8855142620568706,2278.4987562327055,0.2981412592855268,6.989452919102269,0.26315789473684204,2.691
E01016464,E02003415,14.220238298283617,14.246047697791468,0.9210738421476844,0.952755905511811,5430.773028985507,1.8683015090988835,5002.142979639699,0.2998670165891798,7.1101191491418065,0.36363636363636365,2.788
E01016465,E02003415,15.108878428159814,-12.00722933,0.9210738421476844,0.952755905511811,1349.515340614587,1.8151505711000935,1243.0032798171187,0.3169203176203285,7.554439214079905,0.16666666666666669,6.185
E01016467,E02003412,13.694143565312151,-0.650804647,0.9046679815910584,0.9870129870000001,2716.895249386503,1.8552368243034847,2457.888141456823,0.3599274653921516,6.350907160724475,0.30769230769230765,3.199
E01016468,E02003412,13.41043977674904,8.236224235049606,0.9046679815910584,0.9870129870000001,2045.7932610429446,1.8185087218574343,1850.76366022031,0.39499620329903373,6.219334389216946,0.30769230769230765,3.035
E01016469,E02003412,14.329898155363288,11.462426617997863,0.9046679815910584,0.9870129870000001,4448.438497340426,1.8164894972556933,4024.359876620924,0.36825396237359564,6.645749869153988,0.4,3.476
E01016470,E02003412,12.946139348127609,17.991672837224844,0.9046679815910584,0.9870129870000001,1392.7377564784053,1.8275714549588848,1259.965255038978,0.379499211950708,6.004006654204108,0.5,3.035
E01016471,E02003412,12.570281128221424,18.301015654654687,0.9046679815910584,0.9870129870000001,2998.6859739583338,1.8535649073253704,2712.815187486303,0.32095237608307486,5.829695595696892,0.4736842105263158,2.194
E01016472,E02003412,12.326784636494969,18.00102518673535,0.9046679815910584,0.9870129870000001,1945.3360431034482,1.8399791659889435,1759.8832316307328,0.33420821889309116,5.716769686490419,0.3478260869565218,2.059
E01016473,E02003412,13.808146071984638,7.218951345916018,0.9046679815910584,0.9870129870000001,901.5999685740236,1.7571914123128416,815.6486237724237,0.3990171933819389,6.403777888456643,0.1818181818181818,6.158
E01016474,E02003414,13.28546253720594,16.352964312469418,0.901401338214872,0.9662921346067416,691.6283256169213,1.8279787752685335,623.4346982584041,0.33236151070799597,7.708848632699741,0.29411764705882354,6.158
E01016475,E02003414,13.832513653559188,12.075940142007145,0.901401338214872,0.9662921346067416,1354.3907736351532,1.8057689931619485,1220.849655820603,0.31108388986610747,8.026273354534343,0.4,3.311
E01016476,E02003414,11.059656460490613,18.29725308763141,0.901401338214872,0.9662921346067416,281.2111263716814,1.8560031880832295,253.4840856323451,0.39010542807636583,6.417331526457516,0.3333333333333333,2.641
E01016477,E02003414,12.588071920288172,15.717479756483163,0.901401338214872,0.9662921346067416,531.8352168784029,1.7760901661902941,479.396976203989,0.4025973965572481,7.304189879673383,0.45454545454545453,3.778
E01016478,E02003414,11.61631488148788,-30.29471517,0.901401338214872,0.9662921346067416,490.6695389380531,1.8481448335377986,442.29017902003534,0.3945736374891895,6.740330857159632,0.3333333333333333,2.765
E01016479,E02003420,12.363560738564697,-2.564798449,0.8352076124567474,0.9411764705882352,150.94285235332043,1.9177833398597872,126.06861933142808,0.37175042763487876,3.730384706454076,0.03225806420395421,6.112
E01016480,E02003420,13.68751393403853,8.391617951472075,0.8352076124567474,0.9411764705882352,1527.526648611111,1.933643176991632,1275.801885150543,0.33397497089181233,4.129853343110764,0.391304347826087,3.925
E01016481,E02003420,13.885221853456223,16.83033351080636,0.8352076124567474,0.9411764705882352,3884.7738695652174,1.9373586642458929,3244.592708533925,0.3614349726188746,4.1895065946728405,0.2727272727272727,3.583
E01016482,E02003420,16.15539385862779,-0.483482973,0.8352076124567474,0.9411764705882352,1092.519119040101,1.8883873424475726,912.4802849768317,0.2772785584614092,4.874472286044964,0.15789473684210525,6.112
E01016483,E02003408,15.4789525640972,11.16733045983414,0.9138538353681476,0.941860465116279,3515.9517754830113,1.9013854196644502,3213.066014994598,0.2679169416302648,6.487502177599561,0.4,4.0
E01016484,E02003408,13.32398495694198,17.794176470441023,0.9138538353681476,0.941860465116279,2216.273490217391,1.9293641225179217,2025.3500292599135,0.3356918189491219,5.584317224600682,0.45454545454545453,3.171
E01016485,E02003408,12.173071998435308,17.993147724991132,0.9138538353681476,0.941860465116279,1825.533836792453,1.9247673378194274,1668.2710983471131,0.299264701576022,5.101949293461857,0.28571428571428575,1.991
E01016486,E02003408,16.62663050571535,-33.7750091,0.9138538353681476,0.941860465116279,1330.1759763218943,1.9382255676491622,1215.5864176763334,0.2649999960625417,6.968514256071875,0.2,7.89
E01016487,E02003408,12.6084683026899,13.84281651073743,0.9138538353681476,0.941860465116279,1699.315775568182,1.9339325344093439,1552.9262390045815,0.334119492030051,5.284431568039149,0.42857142857142855,2.276
E01016488,E02003408,10.35381627775372,20.026430587320046,0.9138538353681476,0.941860465116279,207.78514092715233,1.920872096576327,189.8852479687892,0.32169390307128726,4.339467116411486,0.3333333333333333,2.581
E01016490,E02003419,13.924054231196196,-2.958776143,0.8982344772862527,0.958333333,989.9223694493783,1.7780963705116322,889.1824020763311,0.30345333820478754,8.354432538717717,0.1111111111111111,5.975
E01016491,E02003419,14.132137717188314,2.710998732509715,0.8982344772862527,0.958333333,3422.6677206982545,1.8054972898334463,3074.3581510259264,0.4535472901263469,8.479282630312987,0.43750000000000006,3.05
E01016492,E02003419,12.93026161651043,1.9371573909539173,0.8982344772862527,0.958333333,201.17525324232082,1.8030689338852404,180.70254843904556,0.44987774364492494,7.758156969906256,0.1463414634146341,4.692
E01016493,E02003409,13.586062184337383,8.928744767857959,0.9106472180976504,0.9629629629629628,7499.726500943395,1.9349224365819777,6829.605074577328,0.4610552690780064,7.3711613993305,0.28571428571428575,1.925
E01016494,E02003409,15.94074757193472,4.312157352540641,0.9106472180976504,0.9629629629629628,2392.13973636104,1.8640783044697398,2178.3953962180276,0.3968926496829217,8.648703471575297,0.14285714285714282,5.704
E01016495,E02003409,13.896483515590356,1.7146530672806768,0.9106472180976504,0.9629629629629628,1804.2272429284528,1.9038969150417095,1643.0145195887892,0.4136622329705938,7.5395814833412,0.16666666666666669,4.019
E01016496,E02003409,12.817128629048351,3.194353476810833,0.9106472180976504,0.9629629629629628,3045.2411413223144,1.9218488500316764,2773.1403737816795,0.3545861242804379,6.953974044783373,0.37499999999999994,2.541
E01016497,E02003409,13.197362188143504,6.207130617372203,0.9106472180976504,0.9629629629629628,1653.1915168711655,1.9221663366684438,1505.4742558213618,0.565689459511896,7.160270975822257,0.38461538461538464,2.856
E01016498,E02003409,10.43762901562375,11.62912929058011,0.9106472180976504,0.9629629629629628,832.1624214634146,1.892290214214069,757.806394111063,0.3271343993979589,5.662968935119015,0.25,2.018
E01016499,E02003409,13.387918237733965,-6.502613175,0.9106472180976504,0.9629629629629628,329.9980765688259,1.9137948415543449,300.51183040497676,0.2875882904207495,7.263657768705439,0.11392405063291133,6.903
E01016500,E02003418,11.479982462429158,17.990808287011745,0.8739612188365651,0.9870129870000001,738.6135178625955,1.8365222996574557,645.5195703203569,0.5093268372282377,8.687554295892337,0.23076923076923075,2.55
E01016501,E02003418,12.903150885342148,4.496452313,0.8739612188365651,0.9870129870000001,1997.883176119403,1.8428746588680565,1746.0724156943813,0.36033057307051164,9.764546615934599,0.37499999999999994,2.719
E01016502,E02003418,11.792293202180437,14.618469364314388,0.8739612188365651,0.9870129870000001,351.6711465425532,1.859354826920862,307.3469438619821,0.4120247508559439,8.923897558406818,0.3333333333333333,2.879
E01016503,E02003418,12.240109390783457,-8.627931168,0.8739612188365651,0.9870129870000001,915.5908172566373,1.8505260815961881,800.1908666051775,0.3751051251347841,9.262785484917211,0.3333333333333333,2.552
E01016504,E02003418,12.163668732206725,18.306335756823504,0.8739612188365651,0.9870129870000001,848.210228761062,1.8607736009334008,741.3028453576594,0.5498120216471484,9.204938500048334,0.3333333333333333,2.887
E01016505,E02003418,13.976036447176064,13.507374563466705,0.8739612188365651,0.9870129870000001,2130.902304900181,1.83744056815795,1862.3259756122081,0.3895161230858547,10.576460014079185,0.2727272727272727,3.416
E01016506,E02003416,13.664632674857117,2.340903015082308,0.8992695117262591,0.9803921568627451,3294.834126436782,1.8756291960262848,2962.9438760998205,0.4616600721064102,9.01284282955093,0.13461538461538458,4.101
E01016507,E02003416,13.972241320798709,13.765459688302869,0.8992695117262591,0.9803921568627451,3885.978903654485,1.8710620734859704,3494.542351267912,0.4456342597723295,9.21573363860896,0.25,3.055
E01016508,E02003416,14.749832673329614,-6.755632759,0.8992695117262591,0.9803921568627451,1589.935244222361,1.8404705015802851,1429.7802907482132,0.49770491033386316,9.728613041424833,0.37499999999999994,4.992
E01016509,E02003416,14.924328982058501,-1.954534575,0.8992695117262591,0.9803921568627451,6367.1726617647055,1.8852999461315763,5725.804250621933,0.4482173107716167,9.843706351456065,0.3684210526315789,3.142
E01016510,E02003416,11.059023340898463,18.59251645821261,0.8992695117262591,0.9803921568627451,168.91885521276598,1.8505127087727538,151.9035764485427,0.5910020360743865,7.29424943879037,0.3333333333333333,2.898
E01016511,E02003417,14.636624601643703,0.4514792454120979,0.9044760966287436,0.9725274725274724,2522.7854417314097,1.8882005681475287,2281.7991289690463,0.35870116172454686,9.820702958522226,0.22222222222222224,4.125
E01016514,E02003417,13.084747006461567,3.0566555921626497,0.9044760966287436,0.9725274725274724,481.0591090909091,1.9254473867442026,435.1064652382464,0.4776815386112391,8.7794431527226,0.3,3.801
E01016515,E02003417,12.595073371496458,1.9737703358466752,0.9044760966287436,0.9725274725274724,980.3990847176079,1.9313112031059196,886.7475372837749,0.6380880018178786,8.45088793958472,0.3333333333333333,3.341
E01016516,E02003411,12.601430973430942,15.455575907994714,0.8865932047750229,0.9692307692307693,2675.515644144144,1.7850742850538985,2372.0939893674663,0.25581394970578697,4.338197546784258,0.3181818181818182,2.125
E01016517,E02003411,11.991255021042965,17.976080029745045,0.8865932047750229,0.9692307692307693,2644.86408852459,1.8142060957190984,2344.918528439386,0.28135047823507825,4.128136973081368,0.25,1.955
E01016518,E02003411,12.192157277832525,-5.694506479,0.8865932047750229,0.9692307692307693,2988.4121318181815,1.793528823605799,2649.5058891372396,0.3194139144298924,4.197300045067834,0.23076923076923075,2.198
E01016519,E02003411,13.117342031923942,6.156570639047991,0.8865932047750229,0.9692307692307693,99.47902823435314,1.7183569199397357,88.19743045020013,0.4313529637067116,4.515806271780022,0.2,4.976
E01016520,E02003411,12.533898680890719,-4.169948164,0.8865932047750229,0.9692307692307693,790.8504259259258,1.8116192283530892,701.1626136193585,0.27055067441405123,4.314948724769963,0.28571428571428575,4.976
E01016521,E02003411,12.683992281606297,17.99763458350695,0.8865932047750229,0.9692307692307693,1604.6874368159204,1.7843793705604352,1422.704977268844,0.3361641845214216,4.366620292212201,0.37499999999999994,2.855
E01016522,E02003437,10.381759910177387,18.55069686034712,0.8971123829344433,0.9758064516129032,116.90107347826087,1.9054836329284999,104.87340059567705,0.7537510907120185,6.770712984898296,0.2727272727272727,2.789
E01016523,E02003437,15.858607562946997,-1.298652175,0.8971123829344433,0.9758064516129032,3281.353880901744,1.9275879443324495,2943.743199346947,0.6160458357226133,10.342570149748042,0.2553191489361702,5.021
E01016524,E02003437,13.946157785505411,-8.339658322,0.8971123829344433,0.9758064516129032,690.2269551786795,1.8854616840922862,619.2111485259304,0.639760826756621,9.095320294894833,0.24242424242424243,4.658
E01016525,E02003425,14.329848855860401,-18.46511499,0.8988111046884032,0.9565217391304348,1965.3706439482962,1.9880232050561801,1766.4969596093265,0.7343749885133123,9.691685216523943,0.29411764705882354,5.195
E01016526,E02003426,13.230213279945884,8.23220839,0.8520408163265305,0.9880952380952379,1307.3691809859156,1.8518536439769684,1113.931904207387,0.5856603688984608,9.519299798985452,0.17647058823529405,3.908
E01016527,E02003426,13.331595000728361,17.568791581845563,0.8520408163265305,0.9880952380952379,1118.6283980036299,1.8750600542173708,953.1170534010519,0.5809018483046389,9.592245183450894,0.36363636363636365,4.045
E01016528,E02003425,14.874852685936593,10.255098176414924,0.8988111046884032,0.9565217391304348,2955.4013842213117,1.9967418821199991,2656.3475829495933,0.5563082049749886,10.060286840730063,0.1794871794871795,4.597
E01016529,E02003425,13.454331672634684,3.901825665272409,0.8988111046884032,0.9565217391304348,994.0846366619116,1.9558961249048563,893.4943104318627,0.4097180504973356,9.099547991153893,0.14285714285714282,3.861
E01016530,E02003422,14.335448708258033,6.832760464156218,0.90494360000834,0.9817351601872146,4791.802336182336,2.006865383658395,4336.310856633217,0.4663316506098737,9.090772351578263,0.28571428571428575,3.154
E01016531,E02003422,13.912941492831564,17.291747978777067,0.90494360000834,0.9817351601872146,881.1625147881696,2.0193975637567867,797.4023783248083,0.8088779136023941,8.822840946673674,0.36,3.884
E01016532,E02003422,14.92033633553355,12.443986913108542,0.90494360000834,0.9817351601872146,3015.6818161838164,1.9839833376469962,2729.0219592170715,0.7227891037226968,9.46167670058225,0.4,4.43
E01016533,E02003422,14.28284880886797,14.957182149429633,0.90494360000834,0.9817351601872146,3033.726374524715,1.9835593869410837,2745.351266802645,0.7485231944588513,9.057416317818712,0.3333333333333333,3.615
E01016534,E02003426,12.185381511298585,16.63123917908541,0.8520408163265305,0.9880952380952379,325.96221580698835,1.8770181131419854,277.7331124477911,0.6801579357755498,8.767530599592884,0.41666666666666663,3.443
E01016535,E02003427,12.7907650860314,-36.70099117,0.9077134986225894,0.9393939394848485,3943.810997802198,1.8492793007636872,3579.8504787212787,0.47494552652588523,9.322083028802545,0.4444444444444445,2.303
E01016536,E02003425,14.48721218572473,5.701699974,0.8988111046884032,0.9565217391304348,850.7451264667536,1.9784693449748185,764.6591669278581,0.5849582089642772,9.798114521746195,0.13043478260869565,4.716
E01016537,E02003427,12.41572867699976,-22.9949644,0.9077134986225894,0.9393939394848485,2442.076804950495,1.7928526424483633,2216.7060805266888,0.39844851347111676,9.048751408660843,0.25,2.76
E01016538,E02003427,13.328281472009158,17.581714594741495,0.9077134986225894,0.9393939394848485,2447.5110888446216,1.8266599734648599,2221.638853372735,0.5326492457068234,9.713832259260911,0.5,2.952
E01016539,E02003429,14.237853235240433,7.599389576665242,0.8979238754325259,0.9851851855185184,3382.550332594235,1.9436817967223599,3037.272703488595,0.6453488270287996,9.93338597807472,0.4444444444444445,3.941
E01016540,E02003429,14.740951446776435,11.770522271768955,0.8979238754325259,0.9851851855185184,1800.8418051391864,1.9415030248349883,1617.018852711484,0.5746785267067893,10.284384730309139,0.35714285714285715,4.196
E01016541,E02003429,14.10126298910519,-3.943089799,0.8979238754325259,0.9851851855185184,2795.7184012605044,1.9664093051179912,2510.3423014778577,0.5905118498773165,9.838090457515248,0.26315789473684204,4.156
E01016542,E02003429,12.31582266271474,18.38049845438718,0.8979238754325259,0.9851851855185184,987.6053584070796,1.9794150014643461,886.7944308188137,0.43965516558072887,8.592434415847492,0.5555555555555556,2.669
E01016543,E02003429,14.930281905953889,6.600605552308012,0.8979238754325259,0.9851851855185184,3205.962112513144,1.916750754365761,2878.70992455765,0.5634648275732888,10.416475748339922,0.3684210526315789,4.127
E01016544,E02003430,16.702354444678804,7.178149886,0.9011997993904556,0.9617834394904459,2869.3983682610783,1.888047861842282,2585.9012338481843,0.5190169622122479,9.524483113081299,0.36,6.595
E01016545,E02003432,15.805646013367296,9.485413970513198,0.908641975,0.9705882352941176,2089.8382627820624,1.8822414319589715,1898.9147665248622,0.5917602912034117,9.828721050329241,0.35714285714285715,5.077
E01016546,E02003435,14.09952790776548,-2.158758543,0.8673822714681441,0.9733333336666666,1895.0855620542084,1.8483526848382617,1643.7636194410638,0.7767158881038135,9.80836724018468,0.35714285714285715,4.289
E01016547,E02003432,15.38418036880087,8.436274696190136,0.908641975,0.9705882352941176,3198.0397688207863,1.9215168787788273,2905.8731716698626,0.6629921168633135,9.566633170514825,0.4,4.42
E01016548,E02003434,14.199727789626651,9.446669063556524,0.9024194840570422,0.9868421055789472,3085.0071512605045,1.822863816641824,2783.97056175279,0.5929270040382034,8.316983419638467,0.4736842105263158,3.806
E01016549,E02003434,12.802206219803347,5.381896058554919,0.9024194840570422,0.9868421055789472,1206.034761129568,1.816027501084237,1088.349266893403,0.6057993633223253,7.498435071599102,0.3333333333333333,3.181
E01016550,E02003432,12.568380324041913,18.798481608506663,0.908641975,0.9705882352941176,1632.5407926136365,1.9456715281979424,1483.3950900685202,0.4497206644052543,7.8156314620092555,0.28571428571428575,3.857
E01016551,E02003433,13.533105164788003,11.380475618477147,0.9028925619834712,1.000000000090909,4993.158735761589,1.752255161985032,4508.285883321932,0.5034619107800252,7.4788212752775785,0.3333333333333333,2.603
E01016552,E02003432,14.180835829801552,0.8449862515547248,0.908641975,0.9705882352941176,114.35454670264264,1.9207683275573264,103.90734116611894,0.6472831159273756,8.818334885758947,0.047619047619047616,6.529
E01016553,E02003433,13.571567783314482,7.691193075687445,0.9028925619834712,1.000000000090909,3466.9534110619466,1.7595598570905993,3130.2864475910555,0.4506104250454731,7.500076932884316,0.4444444444444445,3.066
E01016554,E02003434,12.917814903267507,2.687862663114539,0.9024194840570422,0.9868421055789472,2315.3785051136365,1.832867882676159,2089.4426759814137,0.367260384420179,7.566148729056682,0.42857142857142855,2.979
E01016555,E02003434,13.409261231237055,3.320342764334792,0.9024194840570422,0.9868421055789472,1897.8434735042736,1.8480592446050068,1712.6509281807514,0.31082250631760283,7.853995864010274,0.35714285714285715,3.726
E01016556,E02003434,13.91232883728737,17.649587001320924,0.9024194840570422,0.9868421055789472,2586.054368544601,1.8270866569037276,2333.7058490054787,0.40149005987377895,8.14864974755403,0.4117647058823529,3.161
E01016557,E02003433,12.48621083758536,15.58436442877671,0.9028925619834712,1.000000000090909,1171.06873539823,1.717717861765917,1057.3492507624517,0.42285713600513125,6.900274410244539,0.5555555555555556,3.127
E01016558,E02003433,14.360199366229935,-13.10703714,0.9028925619834712,1.000000000090909,3277.701106463878,1.7665692564547577,2959.4119494312295,0.3279742710442201,7.935899649758646,0.14285714285714282,4.06
E01016559,E02003428,11.82009656702216,-16.44723867,0.8966262975778546,0.9552238805970149,772.4793034090909,1.8470768803588729,692.6252577712133,0.6069364057161951,8.388455633928677,0.28571428571428575,2.79
E01016560,E02003428,13.269243533943387,17.844357403410637,0.8966262975778546,0.9552238805970149,1359.4051058685448,1.832904091369722,1218.8783669833447,0.3323890411476969,9.416882514380426,0.4117647058823529,3.526
E01016561,E02003428,14.203080003642423,1.0237296615033906,0.8966262975778546,0.9552238805970149,490.9677677440853,1.8145221231929056,440.2146118224432,0.48731407793714127,10.079605170747726,0.16666666666666669,5.759
E01016562,E02003428,12.674168461682285,18.62767589387811,0.8966262975778546,0.9552238805970149,1061.0932950166111,1.8561313658227105,951.4041524954303,0.5671819167824955,8.994571172487833,0.16666666666666669,3.526
E01016563,E02003428,13.214496174306069,18.572233943128147,0.8966262975778546,0.9552238805970149,1286.9817201877934,1.8623115860775168,1153.9416548223596,0.5920397910319672,9.37802954945003,0.29411764705882354,3.595
E01016564,E02003431,14.399058250549178,4.535084729,0.9047299113141628,0.9754098355737704,149.35297050245813,1.9159759759413617,135.12409975719572,0.514035079657064,9.107096671287515,0.5,5.184
E01016565,E02003431,14.720022093093085,3.924995679298848,0.9047299113141628,0.9754098355737704,4289.4509826388885,1.9187060942575593,3880.79460710933,0.6295025634238678,9.31009944349477,0.391304347826087,3.596
E01016566,E02003431,13.926882851319652,16.531206211242306,0.9047299113141628,0.9754098355737704,2478.514374722838,1.9134503445398907,2242.386090433871,0.41883116264728987,8.808455820492771,0.3333333333333333,4.429
E01016567,E02003430,15.857262200457017,9.653001699,0.9011997993904556,0.9617834394904459,2369.7604435558287,1.829882775371351,2135.62763633595,0.3959028047161482,9.042571006872182,0.38461538461538464,5.371
E01016568,E02003430,13.388570867057979,11.248638224406196,0.9011997993904556,0.9617834394904459,5878.395521621622,1.9665217664032393,5297.608864823158,0.42424241781945343,7.634804874603309,0.3181818181818182,2.561
E01016569,E02003430,13.835834413123097,12.230794322725435,0.9011997993904556,0.9617834394904459,4065.8597250996013,1.986286287240704,3664.1519686094935,0.4335179987792068,7.889855987648707,0.3,2.482
E01016570,E02003421,11.291774421792619,-53.33435196,0.8727810650887574,0.9811320754716981,1214.5236296969697,1.797093954113124,1060.013227102385,0.6512820403137938,8.807584048998242,0.23076923076923075,2.564
E01016571,E02003423,13.084374553579716,-12.99156654,0.8947368421052632,0.972972973,1067.3189583148558,1.6918735959177191,954.9695942817131,0.6177446003959611,9.404394210385421,0.3333333333333333,4.02
E01016572,E02003421,14.527352707004574,16.668645791174935,0.8727810650887574,0.9811320754716981,2261.6433152053273,1.8364590216701417,1973.919461495774,0.596330265170681,11.331335111463568,0.3333333333333333,3.722
E01016573,E02003423,12.946255031457897,18.55493424506788,0.8947368421052632,0.972972973,1637.744389453125,1.730368594565828,1465.3502431949014,0.29130009332098783,9.305120803860364,0.11764705882352938,2.707
E01016574,E02003423,13.20945655978114,-1.265703334,0.8947368421052632,0.972972973,6343.0019581395345,1.7038902028672143,5675.3175414932675,0.33222036227053436,9.494296902342695,0.4117647058823529,2.51
E01016575,E02003436,13.586062184337383,8.928744767857959,0.905997693,0.9898989902929292,2438.5613776073615,1.8762677160431485,2209.3309823511713,0.5966101598193624,8.20824590303717,0.30769230769230765,2.942
E01016576,E02003436,13.586062184337383,8.928744767857959,0.905997693,0.9898989902929292,1586.7684812375248,1.8774679075578153,1437.6085833263112,0.45140561560829023,8.20824590303717,0.3,3.628
E01016577,E02003431,13.765676603590332,12.14982645572511,0.9047299113141628,0.9754098355737704,1808.7193633079846,1.9113603261572316,1636.402509157842,0.4321191986981795,8.706496313381919,0.23809523809523808,3.956
E01016578,E02003422,15.458675763465239,-2.372910203,0.90494360000834,0.9817351601872146,1988.2781753171857,1.9939108755711545,1799.2796097895473,0.577030802152809,9.803062679270639,0.23076923076923075,5.21
E01016579,E02003422,14.360772334801153,1.3115430590008876,0.90494360000834,0.9817351601872146,1436.3521265611992,1.9904826563940248,1299.8176642899264,0.577163237524321,9.106831236703169,0.3333333333333333,5.207
E01016580,E02003428,12.571599630541405,18.30836688129582,0.8966262975778546,0.9552238805970149,2119.5122610294115,1.836447099010135,1900.4104312776685,0.30686274029653987,8.9217803890479,0.25925925925925924,2.697
E01016581,E02003422,14.999097233866353,4.081013036656778,0.90494360000834,0.9817351601872146,5217.358699680512,2.021364580920374,4721.415364223713,0.6099071114905732,9.511622636110369,0.28,3.376
E01016582,E02003421,12.475622570422262,16.165824770656407,0.8727810650887574,0.9811320754716981,1302.8557223880598,1.7947013489576231,1137.1078050428332,0.39872262167635153,9.730985604929364,0.37499999999999994,3.175
E01016583,E02003424,12.263970904783664,-10.1226087,0.8730194658216388,0.9787234040212766,528.4798927680798,1.8599549979562042,461.373233681866,0.7131537131034935,9.783617238647642,0.37499999999999994,3.327
E01016584,E02003425,12.735289260703068,1.3591642562013373,0.8988111046884032,0.9565217391304348,1041.4704981595091,1.9554845536743575,936.08524895113,0.5124167096798924,8.613239113518983,0.4615384615384615,3.198
E01016585,E02003424,13.916404581781602,13.478489207879273,0.8730194658216388,0.9787234040212766,2596.615983568075,1.8820823017894763,2266.89629891853,0.6675603116117318,11.101850846140378,0.4117647058823529,3.506
E01016586,E02003424,13.34954126415258,15.622375419062758,0.8730194658216388,0.9787234040212766,1138.8848506352087,1.9184869723376126,994.2686439339068,0.7954256535770763,10.649634042189136,0.1818181818181818,3.879
E01016587,E02003436,12.316530441453642,18.40233388599281,0.905997693,0.9898989902929292,889.8679003984064,1.8872020969296726,806.21826483571,0.48780487020512503,7.441237141711576,0.4,2.939
E01016588,E02003436,14.39630467130708,17.144305784691337,0.905997693,0.9898989902929292,2745.708619047619,1.8832608671052387,2487.6056745073583,0.4527629159786288,8.697767405581361,0.38461538461538464,3.366
E01016589,E02003436,14.383775640673338,-0.660922922,0.905997693,0.9898989902929292,2074.2666439482964,1.895003580582918,1879.280794084009,0.6494252768435946,8.690197782906809,0.29411764705882354,4.314
E01016591,E02003424,13.661068765451162,-2.437818549,0.8730194658216388,0.9787234040212766,1710.3640085828342,1.8160656762161151,1493.181073133543,0.6831858302203567,10.898155981427331,0.4,3.457
E01016592,E02003424,13.640088374026302,13.60256498097999,0.8730194658216388,0.9787234040212766,838.263426873127,1.8445833796145379,731.8202891465937,0.6737692765163708,10.881418815234465,0.5,4.84
E01016593,E02003427,12.16882368044342,18.570399415638143,0.9077134986225894,0.9393939394848485,1735.9121504504503,1.8035369518190476,1575.710891386841,0.2880952338355443,8.868803699306222,0.3181818181818182,2.659
E01016594,E02003427,14.569856420007458,-15.16858278,0.9077134986225894,0.9393939394848485,506.1221678171864,1.7851044400243543,459.41392367978756,0.27690198370948027,10.618708916276622,0.16666666666666669,7.19
E01016595,E02003435,13.893115237291266,12.401122119178556,0.8673822714681441,0.9733333336666666,459.67433134836233,1.822778388803525,398.7133656605428,0.5049354519586173,9.664775817246095,0.7446808510638298,4.657
E01016596,E02003435,13.116479395082264,-1.175217317,0.8673822714681441,0.9733333336666666,551.6821833518313,1.8239444647499836,478.5193453242166,0.7431648597546008,9.124507405274617,0.3333333333333333,4.033
E01016597,E02003435,13.586062184337383,8.928744767857959,0.8673822714681441,0.9733333336666666,3517.5708367256634,1.8403434249289892,3051.078582409206,0.7443396104722592,9.451173693452091,0.3333333333333333,3.287
E01016598,E02003426,12.887939361210782,5.45180969,0.8520408163265305,0.9880952380952379,1433.0151028985508,1.8939217031337094,1220.9873580819283,0.6863905207335881,9.273029540383368,0.2727272727272727,2.942
E01016599,E02003423,12.453099772789434,18.65639357471245,0.8947368421052632,0.972972973,2535.067011881188,1.7146142858783702,2268.2178527358,0.3206568665044311,8.950665461692406,0.5,2.74
E01016600,E02003421,12.943061374844453,17.978587147383315,0.8727810650887574,0.9811320754716981,2374.5779301136363,1.8551044836080122,2072.4866549808366,0.6783625617636198,10.095587872378673,0.42857142857142855,2.952
E01016601,E02003426,13.333959154364429,17.35075197843135,0.8520408163265305,0.9880952380952379,4091.544061589404,1.8711161123846292,3486.162542272604,0.5299999918283639,9.593946220823186,0.3333333333333333,2.734
E01016602,E02003426,12.4649896797364,17.67814100231852,0.8520408163265305,0.9880952380952379,689.1070829787234,1.878713663512816,587.1473615175856,0.6401673532490679,8.968712086639604,0.4,3.293
E01016603,E02003438,14.977385463838104,11.250129815273391,0.8812942526007674,0.975,4559.085179743224,1.9451651991266974,4017.8955660250404,0.6985427935786794,10.329231354371107,0.35714285714285715,3.862
E01016604,E02003438,13.664320301456454,10.835288253654102,0.8812942526007674,0.975,858.8242983016983,1.916965422362091,756.8769180871737,0.7969004750899026,9.423669173418245,0.4,4.467
E01016605,E02003438,13.534462030024986,-3.811979567,0.8812942526007674,0.975,1206.0554255591055,1.9543951385029974,1062.8897148632125,0.5443159833939863,9.334111744844819,0.36,3.73
E01016606,E02003438,14.007960380275135,13.372214075350886,0.8812942526007674,0.975,2845.574356807512,1.9450077836483175,2507.7883260025856,0.6204505968381547,9.660662331224232,0.29411764705882354,3.666
E01016607,E02003438,12.11985983523763,2.342472146786336,0.8812942526007674,0.975,141.0290512682552,1.9297565414160944,124.28809233245227,0.6004842517306196,8.358524024301815,0.4615384615384615,3.627
E01016608,E02003438,15.384094893712742,9.692459916261226,0.8812942526007674,0.975,5327.244625971143,1.929612970612309,4694.8700710666935,0.564914983462145,10.609720616353616,0.3333333333333333,3.98
E01016609,E02003437,14.72433977907356,12.52010417948557,0.8971123829344433,0.9758064516129032,2478.9357072927073,1.9032974628181347,2223.88391951064,0.4595443765886327,9.602830290700147,0.5,4.307
E01016611,E02003456,14.098610388462554,-27.29317781,0.9079861111111112,0.9684210526315788,4409.4240996677745,1.7943387406469005,4003.695840496955,0.30389363293840516,7.445333575929663,0.25,3.605
E01016612,E02003453,14.564450722755966,3.061026663,0.8888888888888888,1.0,3518.729673876872,1.7091752545919079,3127.759710112775,0.6425233542026052,10.195115505929175,0.3333333333333333,3.621
E01016613,E02003444,15.879560121705103,7.3933922144046305,0.8807813846595806,0.9416666666666667,643.0337103093625,1.9175620280528216,566.3721217490679,0.4249766947314626,14.322740501930094,0.18367346938775508,7.247
E01016614,E02003444,12.841065321286834,2.146273573341379,0.8807813846595806,0.9416666666666667,2207.02142748538,1.9080436994160832,1943.9033888739373,0.5239887030859698,11.582137348611655,0.2647058823529412,2.447
E01016615,E02003443,12.96469532148955,14.999896632292709,0.8978512396694215,0.9649122807017543,473.9907099889012,1.7834408955740388,425.5731465553242,0.33898304521330097,7.955608492732225,0.5,3.509
E01016616,E02003443,14.989597377286223,14.953372680704955,0.8978512396694215,0.9649122807017543,3590.661802441731,1.7693776428893933,3223.8801505559477,0.46339016258231075,9.198162026971092,0.5555555555555556,3.997
E01016617,E02003443,14.221427601267676,4.402174197096279,0.8978512396694215,0.9649122807017543,3327.443583148559,1.728449561874045,2987.5493460599955,0.4598145209074281,8.726785118959711,0.3333333333333333,3.681
E01016618,E02003444,11.465235752401766,18.634520836310283,0.8807813846595806,0.9416666666666667,1444.5751187878789,1.9266361954928255,1272.354873370766,0.5229946443013986,10.341193031578063,0.23076923076923075,2.075
E01016619,E02003440,13.911630435329583,3.6494645619854738,0.8877508650519031,0.988235294117647,2584.2488920187793,1.864703961820858,2294.1691893990937,0.6292775565145514,10.344545708321997,0.29411764705882354,3.22
E01016620,E02003440,11.768790927898289,18.44712585969612,0.8877508650519031,0.988235294117647,1218.4612745283018,1.8837143810749497,1081.6900504947444,0.6075675578464867,8.751152228437189,0.28571428571428575,2.396
E01016621,E02003441,13.665424583849969,-2.483519028,0.8924751360480391,0.9594594594594594,1432.001632279534,1.8560289112989496,1278.0258515896912,0.44639174536142,8.714183792599979,0.16666666666666669,3.825
E01016622,E02003442,12.560044921800655,18.243063820179813,0.8550295857988166,0.9811320753584906,874.0556365030675,1.8544245348085564,747.3434288443389,0.6523668528266694,10.550437734312549,0.4615384615384615,3.099
E01016623,E02003441,13.985761343576302,16.590136006286933,0.8924751360480391,0.9594594594594594,2151.726217785844,1.861262786964686,1920.3621489565535,0.5022675650630654,8.918456508947207,0.36363636363636365,3.422
E01016624,E02003441,11.760534895660582,18.40422625954573,0.8924751360480391,0.9594594594594594,1268.2668623762377,1.8763752310449955,1131.8966405444523,0.604733717977466,7.499471527667617,0.25,2.334
E01016625,E02003454,13.861548947090283,2.2203975138701897,0.8855954631379962,0.9391304347826086,1742.285537437604,1.9033683511027215,1542.9601674456876,0.7800407194475512,10.529445834808964,0.5833333333333334,3.678
E01016626,E02003451,14.769228812725085,-1.330461918,0.9038881174370164,0.972027972027972,1058.8906091391268,1.8737793786319537,957.1186392665008,0.5281879112779471,9.716597903108608,0.28571428571428575,5.208
E01016627,E02003448,14.643546965436881,10.313542262617972,0.9054741953167827,0.9652173913043477,1236.531072393301,1.872438162380094,1119.6469777595225,0.6033950518347648,9.85623353442867,0.6756756756756757,3.875
E01016628,E02003448,14.272026709352891,-29.61763201,0.9054741953167827,0.9652173913043477,2251.874340941512,1.79010050729229,2039.014106818526,0.42095587546017554,9.606171823602907,0.42857142857142855,3.626
E01016629,E02003453,11.760006269321135,18.433884091948347,0.8888888888888888,1.0,1803.2007901408451,1.8223404622576673,1602.8451467918621,0.7667933957638592,8.232004388524794,0.28571428571428575,2.292
E01016630,E02003453,11.075586869755234,18.504635291763325,0.8888888888888888,1.0,1266.1622462745097,1.8094114788607782,1125.4775522440086,0.6179435388999193,7.752910808828664,0.2,2.322
E01016631,E02003454,10.350471381354478,18.24734767960682,0.8855954631379962,0.9391304347826086,473.7997012121212,1.939331846004314,419.59486582959266,0.5285880896711822,7.862377299298112,0.30769230769230765,2.123
E01016632,E02003454,11.066227270980333,18.27606590169213,0.8855954631379962,0.9391304347826086,969.283266060606,1.8888008396738425,858.392862918852,0.6759176249807447,8.406076484686983,0.23076923076923075,2.465
E01016633,E02003457,12.368372711579092,13.4243244,0.8511551571771241,0.9888888885555556,781.5336411960133,1.9092164309981972,665.2063892114028,0.7721211995426558,9.570764598245725,0.41666666666666663,2.995
E01016634,E02003454,16.272699460678147,4.828135241822807,0.8855954631379962,0.9391304347826086,1795.4089186279036,1.8664149673423143,1590.0059928143673,0.57002800238262,12.360992859553592,0.4615384615384615,5.836
E01016635,E02003453,10.349710406060618,19.37275096931753,0.8888888888888888,1.0,473.43927696969695,1.8217696869288331,420.83491286195283,0.6197183003854547,7.244797284242432,0.30769230769230765,2.627
E01016636,E02003457,12.486280852600292,0.6979024722807144,0.8511551571771241,0.9888888885555556,1946.17695,1.8953838497615967,1656.498547771746,0.6819248708234837,9.662003040702606,0.25925925925925924,2.503
E01016637,E02003457,12.358194621786348,-1.984294518,0.8511551571771241,0.9888888885555556,1323.0650511363635,1.9414195552210096,1126.1336415555313,0.7830769101019411,9.56288869542991,0.28571428571428575,2.337
E01016638,E02003457,13.586062184337383,8.928744767857959,0.8511551571771241,0.9888888885555556,12045.015289393938,1.9122099214529773,10252.17688184496,0.49364161098120224,10.513024309308689,0.23076923076923075,2.346
E01016639,E02003457,13.172937512208605,16.16115668883335,0.8511551571771241,0.9888888885555556,2327.1523030973453,1.8881251334481621,1980.7676843179272,0.6272544992886778,10.193344503494753,0.3333333333333333,2.903
E01016640,E02003457,14.034361878822677,7.064587538962496,0.8511551571771241,0.9888888885555556,2160.842378472222,1.8869599907177463,1839.2121342835148,0.7126192883172209,10.859922882422309,0.391304347826087,3.66
E01016643,E02003457,11.815839914221055,42.10348391517872,0.8511551571771241,0.9888888885555556,1671.344001234568,1.9114288248681313,1422.573066067852,0.6935866874310121,9.143209457432958,0.37499999999999994,2.225
E01016644,E02003449,10.350385005822684,18.73103540312083,0.8638117283950617,0.9863013694520548,155.5625834825871,1.8696855874433222,134.37678411169463,0.5431726827081722,8.601024159768144,0.5,2.928
E01016645,E02003449,13.485588614335596,17.10683251,0.8638117283950617,0.9863013694520548,2048.372798290598,1.86527012084586,1769.4084472888305,0.5306122376989298,11.20633420064507,0.28571428571428575,2.844
E01016646,E02003449,12.360651276630366,14.668012184282729,0.8638117283950617,0.9863013694520548,2311.21,1.8584018648229927,1996.4503047839505,0.5435571609463491,10.27152711719988,0.25,2.584
E01016647,E02003447,13.586062184337383,8.928744767857959,0.8755611087972603,0.952054794520548,3517.5708367256634,1.921460206569595,3079.8482220764286,0.56672157295908,12.281800214640995,0.3333333333333333,2.903
E01016648,E02003449,11.543066746081703,10.064341500923376,0.8638117283950617,0.9863013694520548,1451.5353915492958,1.8737859083719035,1253.8532954007999,0.5679758225906422,9.592125887589019,0.35714285714285715,2.641
E01016649,E02003449,13.721447909598906,-15.85953039,0.8638117283950617,0.9863013694520548,2136.677784741784,1.8739987211878963,1845.6873302611318,0.5689999918291602,11.402329953046976,0.29411764705882354,3.382
E01016651,E02003450,11.821457800315153,13.147184374852468,0.8651892890120036,0.9910714285714286,1418.141178125,1.926919242407234,1226.9605576206138,0.6581108732811626,10.651016434298448,0.21052631578947364,2.335
E01016652,E02003446,13.586062184337383,8.928744767857959,0.8515668981047101,0.9729729733783784,13032.311624590162,1.8817743213900666,11097.885185286199,0.6502525151539066,13.373779962707111,0.25,2.163
E01016653,E02003446,14.322918585997185,10.345140695100316,0.8515668981047101,0.9729729733783784,1951.7971750881316,1.8659625250692455,1662.0858661193358,0.7640047551596845,14.099122983090979,0.588235294117647,3.837
E01016654,E02003450,14.042420818314536,12.599306899873554,0.8651892890120036,0.9910714285714286,2782.075975609756,1.943977369489485,2407.022335315181,0.7055057503533507,12.65208212384901,0.4444444444444445,3.233
E01016655,E02003450,11.466334998510877,17.591995052008524,0.8651892890120036,0.9910714285714286,632.0981512582781,1.946237566355893,546.8845500729516,0.6498800861672678,10.331054305929593,0.5,2.5
E01016656,E02003448,15.804485199614755,12.289674631602816,0.9054741953167827,0.9652173913043477,4173.6353872073105,1.929452288602915,3779.1191437771886,0.6038592409195002,10.63763426897147,0.28571428571428575,4.506
E01016657,E02003442,12.625255067950645,-0.205429422,0.8550295857988166,0.9811320753584906,1345.763488938053,1.8247566074735322,1150.6675985298737,0.701810426283201,10.605214257078542,0.3333333333333333,2.701
E01016658,E02003442,12.228543561247017,29.82784392331721,0.8550295857988166,0.9811320753584906,1623.3655373015874,1.6950725189133633,1388.0255629590497,0.5325203171856824,10.271976591447494,0.2,2.826
E01016659,E02003442,13.103180315785691,16.485854931961693,0.8550295857988166,0.9811320753584906,979.0396830339322,1.8196162050879188,837.1078946651078,0.42871794243008576,11.00667146525998,0.4,3.076
E01016660,E02003442,11.547433804812728,8.938039661361463,0.8550295857988166,0.9811320753584906,1568.3343348484848,1.7897118507621226,1340.9722567195624,0.49999999200651785,9.69984439604269,0.23076923076923075,2.324
E01016661,E02003445,11.986325385284653,18.29070440106272,0.8559670781893004,0.9814814814814814,1383.994227586207,1.8263345831154505,1184.6534952178233,0.40635640696772984,9.050898760316983,0.3478260869565218,2.462
E01016662,E02003443,12.800441348714156,16.314289315365098,0.8978512396694215,0.9649122807017543,2399.8433715231786,1.760172223217597,2154.7023461345298,0.331896546571158,7.854816282165505,0.3333333333333333,2.967
E01016663,E02003445,12.174660074976392,18.34647450978908,0.8559670781893004,0.9814814814814814,1918.9518386138616,1.7911622907832212,1642.559598484293,0.44923370929768364,9.193110668859724,0.25,2.382
E01016664,E02003444,13.039962161418666,16.086936587035613,0.8807813846595806,0.9416666666666667,1148.2548675810474,1.934745579225031,1011.3615122101382,0.682151577817266,11.761534498534484,0.5,3.378
E01016665,E02003446,12.485759984595965,14.771680472092717,0.8515668981047101,0.9729729733783784,753.6815874643873,1.8476002780369531,641.8102915956821,0.5556659954975419,12.290669984836654,0.5,3.05
E01016666,E02003446,13.586062184337383,8.928744767857959,0.8515668981047101,0.9729729733783784,8280.948011458333,1.8621616384522695,7051.78121148394,0.5557986787466543,13.373779962707111,0.21052631578947364,2.497
E01016668,E02003444,12.626817509658325,0.3538472024898966,0.8807813846595806,0.9416666666666667,1213.618033864542,1.9016885066853284,1068.932172315049,0.6392693963588535,11.388894224397704,0.5,2.83
E01016669,E02003444,13.260255311185398,-0.305703241,0.8807813846595806,0.9416666666666667,2855.347013930348,1.878880762733736,2514.9364966131707,0.5780113083680954,11.960230280677026,0.37499999999999994,2.682
E01016670,E02003452,13.34796270379302,9.490180711724893,0.8657142857142857,0.9857142855714286,1562.433280798005,1.7408217961507368,1352.6208116622727,0.5095354449051979,10.062310345936275,0.37499999999999994,3.409
E01016671,E02003451,13.86730558206442,5.630352208204752,0.9038881174370164,0.972027972027972,1237.5544629847238,1.886756368283693,1118.6107737730397,0.8084506881322492,9.123227356621328,0.47058823529411764,3.785
E01016672,E02003452,13.561901643734041,-16.52628187,0.8657142857142857,0.9857142855714286,2210.809753276353,1.7408217961507368,1913.9295864078142,0.5441256003255989,10.223587392968739,0.42857142857142855,3.211
E01016673,E02003451,13.764988679748217,16.395727396263016,0.9038881174370164,0.972027972027972,3444.6816235507245,1.9114171060520835,3113.6067878811496,0.37615448661806544,9.05591360509751,0.36363636363636365,3.226
E01016674,E02003451,13.784659128312775,-17.4755511,0.9038881174370164,0.972027972027972,8735.302874774776,1.858788742889107,7895.736470722329,0.3815364688766282,9.068854689679457,0.3181818181818182,2.475
E01016676,E02003439,13.041410514281619,6.531482198907857,0.905213753698602,0.9693877551020409,1837.12183625498,1.9021167996661172,1662.987953398039,0.8495474963105923,7.57243191151836,0.4,2.857
E01016678,E02003439,15.356982733513739,11.286322959582131,0.905213753698602,0.9693877551020409,2667.8820239862935,1.9074386269976922,2415.0035013576567,0.5604883369134802,8.916957716233785,0.28571428571428575,5.863
E01016679,E02003450,12.028724495221987,14.030341782142292,0.8651892890120036,0.9910714285714286,163.25207836257312,1.8531495368528652,141.24394960824654,0.4575757510920478,10.837761674270167,0.12195121951219513,3.866
E01016680,E02003450,12.490379439131706,14.303771353613875,0.8651892890120036,0.9910714285714286,706.8274191489362,1.927325271942597,611.5395122276576,0.36483739307939234,11.253708207905508,0.4,3.021
E01016684,E02003441,13.751150787676485,10.066040779979753,0.8924751360480391,0.9594594594594594,4148.967229646018,1.8484478812350247,3702.850092737185,0.5594405502413672,8.768849777648771,0.5555555555555556,6.719
E01016685,E02003441,14.995009027405526,2.3322281999370937,0.8924751360480391,0.9594594594594594,706.9640173875244,1.8529784333301254,630.9478075989991,0.7436170086271959,9.562034742113669,0.13043478260869565,6.719
E01016686,E02003445,10.435185034120497,8.826984135582045,0.8559670781893004,0.9814814814814814,739.8994191304348,1.856519618169354,633.3295439470388,0.49438201476455,7.879629515560375,0.3333333333333333,2.095
E01016687,E02003445,11.061811663173073,18.55084000036156,0.8559670781893004,0.9814814814814814,663.44620375,1.8330036017058746,567.8881085596707,0.4611398886734545,8.35279656198783,0.21052631578947364,2.176
E01016688,E02003445,11.494024214879529,16.907627116971263,0.8559670781893004,0.9814814814814814,390.94273243027885,1.7423919389906117,334.63410841768723,0.5692079847082268,8.679161141847807,0.4,2.889
E01016689,E02003445,12.534921876446282,-4.949974073,0.8559670781893004,0.9814814814814814,1107.0624430278885,1.8260964527376515,947.6090047316906,0.513404816473956,9.465145090377804,0.5,2.685
E01016690,E02003455,15.893765060767148,-22.78837981,0.896953125,0.9811320758301887,9389.551495887192,1.9172263243963694,8421.987556584441,0.4798870776430372,11.157212559214024,0.29411764705882354,6.726
E01016691,E02003455,15.318135372920882,7.388159293121069,0.896953125,0.9811320758301887,10548.044899061033,1.9843656758211579,9461.101834853103,0.5747938654996319,10.75312814258022,0.29411764705882354,3.313
E01016692,E02003440,12.753736564436352,0.427325219,0.8877508650519031,0.988235294117647,3115.6823855855855,1.8751242658836085,2765.949733030581,0.5952626058453039,9.483547701760363,0.3181818181818182,2.596
E01016693,E02003440,11.760618712126112,18.56064315096761,0.8877508650519031,0.988235294117647,727.8732392045455,1.8994363229125355,646.1700977519661,0.6713819271495963,8.745075452606596,0.5714285714285715,2.727
E01016694,E02003440,15.513389964882318,6.712244342587216,0.8877508650519031,0.988235294117647,2951.0268373851973,1.8740546946236796,2619.7766276800908,0.7126192881887528,11.535597666194542,0.32432432432432434,3.83
E01016695,E02003440,12.573376717362475,18.101328356956618,0.8877508650519031,0.988235294117647,1436.6486393034827,1.8755147868955973,1275.3860723173063,0.7371937510969196,9.349433969320813,0.5,3.399
E01016696,E02003451,16.340017879160992,5.337745052278712,0.9038881174370164,0.972027972027972,4160.193862045984,1.894175183834991,3760.349798137775,0.5284831774237736,10.750011762605915,0.41666666666666663,4.993
E01016699,E02003454,13.86352991466175,-12.85226748,0.8855954631379962,0.9391304347826086,1103.2491735015772,1.9027685793948417,977.0324627637408,0.6625766770240292,10.530950608252676,0.5263157894736842,4.039
E01016700,E02003448,14.225676031360624,8.642399648150874,0.9054741953167827,0.9652173913043477,814.1902452728256,1.883509837154549,737.2282571731857,0.6166134087984976,9.574974251877343,0.18918918918918917,5.127
E01016701,E02003447,14.375575659229057,7.448328034448247,0.8755611087972603,0.952054794520548,3328.489496197719,1.909512131554725,2914.2959539109092,0.6281645470425916,12.995520395943068,0.3333333333333333,3.531
E01016702,E02003447,16.49761041397876,1.7535175858156904,0.8755611087972603,0.952054794520548,1328.5838623761476,1.9105510918198272,1163.2563596722066,0.5141471223121266,14.913839814236798,0.2727272727272727,6.429
E01016703,E02003447,13.619642355129269,6.831796861981006,0.8755611087972603,0.952054794520548,912.4523648168702,1.8449533388529336,798.9078042637411,0.46544915390348235,12.31215668903686,0.5,3.73
E01016704,E02003447,13.480752718803561,11.79621225394222,0.8755611087972603,0.952054794520548,1784.3150478802993,1.8762606985971821,1562.2768617657116,0.44240195403172006,12.18660045779842,0.43750000000000006,3.573
E01016705,E02003458,15.266450611431821,11.40656383840542,0.8807556080283353,0.9733333336666666,1895.6565770768548,1.842068984618169,1669.610161156238,0.3906111543022783,11.122699731186039,0.22222222222222224,4.955
E01016706,E02003458,11.06203063115932,18.11418602304677,0.8807556080283353,0.9733333336666666,361.9589975,1.845547451945594,318.79741692443923,0.6449760660564182,8.059479459844646,0.14285714285714282,2.784
E01016707,E02003458,12.51047481828738,-1.516888417,0.8807556080283353,0.9733333336666666,1795.773798675497,1.834689730518017,1581.6378439337907,0.5522252406343834,9.114774510466518,0.3333333333333333,2.607
E01016708,E02003458,11.980502097691081,18.228552168121613,0.8807556080283353,0.9733333336666666,906.8815420454546,1.846195393536417,798.7410039739186,0.7186192343356999,8.728651528317787,0.28571428571428575,2.825
E01016709,E02003458,13.294094883869905,15.252456270734385,0.8807556080283353,0.9733333336666666,1691.3917267806266,1.8438916355289177,1489.7027487347668,0.6759545803718688,9.685697701105214,0.42857142857142855,3.049
E01028422,E02005928,14.186543383929083,7.243040383222928,0.9030470914127424,0.9583333333333334,706.5966089712335,1.8701774468441692,638.0900125335794,0.4960282353397592,8.106596219388045,0.1463414634146341,5.055
E01028423,E02005928,14.11577689437039,17.818909560096113,0.9030470914127424,0.9583333333333334,2993.8300931263857,1.892402889887145,2703.5695577817223,0.6417910336234607,8.066158225354506,0.3333333333333333,3.414
E01028426,E02005927,12.914203786993731,4.825472885083383,0.892578125,0.9677419359354839,3657.997417117117,1.6556037718140948,3265.048475825239,0.3581973526838465,6.69625381547823,0.3181818181818182,2.66
E01028427,E02005927,13.620152837621065,5.824249685399731,0.892578125,0.9677419359354839,469.7540639634495,1.7078000924355319,419.29220162362583,0.4354545395521572,7.062301471359071,0.28571428571428575,3.946
E01028428,E02005927,12.436145943391885,20.376144804113498,0.892578125,0.9677419359354839,1667.1354516556291,1.7269046962381898,1488.0486355598096,0.4086161808403733,6.448371970647644,0.3333333333333333,3.946
E01028429,E02005927,13.271961842693154,-8.000335478,0.892578125,0.9677419359354839,966.1945254575708,1.746318526833241,862.4040979181833,0.4519368645420321,6.881757992507561,0.5,3.711
E01028430,E02005926,15.216479435754636,-2.902089373,0.9068512110726644,0.9523809523809523,1844.2207469332122,1.8254138852488098,1672.4338178417172,0.4161891055795468,8.11545569906914,0.3181818181818182,4.775
E01028431,E02005926,14.80795992246427,9.240271425743938,0.9068512110726644,0.9523809523809523,4488.9074309484195,1.8558781511979427,4070.7711401486567,0.3999999934384617,7.897578625314278,0.3333333333333333,3.553
E01028432,E02005926,13.160619679123904,17.096930075106542,0.9068512110726644,0.9523809523809523,1480.0505635327636,1.8283018447913681,1342.1856459884661,0.3848711489438224,7.018997162199415,0.35714285714285715,3.133
E01028433,E02005926,12.557906924079791,20.16241447575092,0.9068512110726644,0.9523809523809523,1258.1131880530972,1.867068475935316,1140.921468252442,0.41558440779772776,6.697550359509222,0.4444444444444445,2.821
E01028434,E02005926,13.39725198399877,3.868952224881952,0.9068512110726644,0.9523809523809523,1251.313716920152,1.8103756902413677,1134.755359620877,0.3777937931130485,7.145201058132677,0.3333333333333333,3.73
E01028435,E02005924,16.959667702141942,11.961021975958776,0.9215972222222222,0.9451476793248945,3313.8282931009853,1.9143591436070189,3054.014949843276,0.3001060403744498,6.308169089710739,0.42857142857142855,5.222
E01028437,E02005924,14.698053538748624,-0.510125529,0.9215972222222222,0.9451476793248945,549.2018586684844,1.9656223145758767,506.1429073881567,0.3054427250914337,5.466958942853444,0.20454545454545453,5.781
E01028439,E02005924,13.265937290370061,17.495416357392703,0.9215972222222222,0.9451476793248945,3477.0787114457835,1.9975505312855018,3204.466081916458,0.33301617061952693,4.9342815573317225,0.24242424242424243,2.73
E01028440,E02005924,11.776713331788711,18.127775089082668,0.9215972222222222,0.9451476793248945,1833.5802830985915,1.9580707371627166,1689.8224956250976,0.2868055518310668,4.380362889338417,0.35714285714285715,2.31
E01028441,E02005922,13.405822808893294,20.69846697,0.8851873884592505,0.9761904761904762,2205.5033485049835,1.6661551488998816,1952.2837493012585,0.27566647358275576,6.5217516367589,0.41666666666666663,3.062
E01028443,E02005922,12.058562306260438,-10.81540903,0.8851873884592505,0.9761904761904762,763.5827584070796,1.7738588256760106,675.9138277868736,0.287344394331437,5.866327608451024,0.3333333333333333,2.787
E01028444,E02005922,12.192343368846885,16.042483699625176,0.8851873884592505,0.9761904761904762,1565.6500634920635,1.761129505029586,1385.8936909435995,0.27411167093591704,5.931410287547133,0.4,2.406
E01028445,E02005923,16.039442909692085,3.426784225432704,0.9152,0.96,3186.352158221303,1.7529540208615269,2916.1494952041367,0.18762278695111764,4.90094088907258,0.3103448275862069,5.084
E01028446,E02005923,13.415768015051642,9.101066312,0.9152,0.96,837.0682233458178,1.74570612618454,766.0848380060925,0.2674418563109564,4.099262449043556,0.25,5.092
E01028447,E02005923,12.215504429584948,13.777113400742934,0.9152,0.96,3059.004253030303,1.7801825935661237,2799.6006923733335,0.30605738150234735,3.7325152423731778,0.38461538461538464,1.994
E01028448,E02005923,11.4530473721067,18.89957777017836,0.9152,0.96,981.1139045833334,1.731827471674203,897.9154454746667,0.29870129421172775,3.4995422525881574,0.21052631578947364,2.285
E01028449,E02005925,11.970046629193284,17.10057654310421,0.870748299,1.0,9871.9390875,1.638195117939912,8595.974168272238,0.19725220508928976,3.1500122714703394,0.3333333333333333,1.9
E01028450,E02005925,12.153928492949644,19.182250130531315,0.870748299,1.0,1636.5293594827585,1.6375701284413595,1425.0051560331715,0.189723317284132,3.198402235626428,0.6521739130434783,2.395
E01028451,E02005925,10.346065393310639,19.415220826071213,0.870748299,1.0,471.7166709090909,1.6671014173149405,410.7464888040337,0.24613554907629362,2.722648788257855,0.23076923076923075,2.256
E01028452,E02005925,12.854271834986452,30.33913107429682,0.870748299,1.0,18210.375304761907,1.645183756557131,15856.653320773035,0.1967709355212554,3.3827031151466587,0.5,1.555
E01028453,E02005925,11.491870883073837,16.77683033062983,0.870748299,1.0,1919.9127811764706,1.6449258824912816,1671.760788437771,0.24190064412739257,3.02417654878216,0.4,1.786
E01028454,E02005925,12.45384735271706,19.74860739425945,0.870748299,1.0,1696.9089549668874,1.6034702620996972,1477.5805860952848,0.19278168704038612,3.2773282513704807,0.5,2.419
E01028455,E02005933,15.79806609808461,4.691822946801625,0.9200756143667296,0.9568965517241379,1528.3676649126498,1.9109747183347638,1406.2138182727501,0.304347821766253,7.815885332736595,0.26315789473684204,5.452
E01028456,E02005933,15.211710654140974,0.3005985982084367,0.9200756143667296,0.9568965517241379,3105.1643635664873,1.9118606328341214,2856.9860095181107,0.33368310075352703,7.525793692048691,0.23076923076923075,3.938
E01028457,E02005933,12.152753050634306,19.690935625245253,0.9200756143667296,0.9568965517241379,504.29359760638295,1.9249826803965886,463.9882416389011,0.3649553515829906,6.012414667155919,0.3333333333333333,3.188
E01028458,E02005933,12.337413069735328,16.584840395214922,0.9200756143667296,0.9568965517241379,2506.2657582417582,1.9038578169186937,2305.954007280583,0.27216856515419086,6.103772781869056,0.4444444444444445,2.19
E01028459,E02005932,12.153696795390534,20.641007378628995,0.8979591836734694,0.9714285717142856,1506.2970293650792,1.7225444691041456,1352.5932508584385,0.36017698607449694,6.481971624208285,0.6,2.516
E01028460,E02005932,13.586062184337383,8.928744767857959,0.8979591836734694,0.9714285717142856,7871.000090099009,1.6696345986944878,7067.83681559911,0.45020187806653955,7.245899831646604,0.25,2.457
E01028461,E02005932,12.43972858832574,20.837542712125103,0.8979591836734694,0.9714285717142856,1117.8803548672568,1.7048621754846618,1003.8109309012101,0.3902821265106967,6.634521913773728,0.3333333333333333,2.667
E01028462,E02005932,13.07555281674627,18.84825850608417,0.8979591836734694,0.9714285717142856,1585.1597282392027,1.7148028761549619,1423.408735561733,0.4003606795511762,6.973628168931344,0.5833333333333334,2.923
E01028463,E02005935,13.298144574431271,6.638990887486735,0.8604224058769513,0.9481481482222223,458.1764712528824,1.8045909411039063,394.22530171161685,0.43630892108250535,6.248525761646331,0.23076923076923075,4.471
E01028464,E02005935,12.671068104173967,19.087686938609863,0.8604224058769513,0.9481481482222223,1809.0931352272726,1.8756184412166053,1556.5842678677266,0.43826655169288037,5.953875372113129,0.42857142857142855,2.967
E01028465,E02005935,13.586062184337383,8.928744767857959,0.8604224058769513,0.9481481482222223,9814.456902469135,1.9001156956151597,8444.578620398144,0.46070726276504265,6.383812349384976,0.37499999999999994,2.155
E01028466,E02005934,13.009417090621689,3.199353234271193,0.8954635108481263,0.95,1779.2761661354582,1.7262481838771069,1593.2768824960513,0.276987443545092,5.781963147050945,0.4,2.673
E01028467,E02005933,14.057854209209149,-1.132940793,0.9200756143667296,0.9568965517241379,738.25666801854,1.8711103826808166,679.2519573874929,0.3924811972294873,6.954938398240315,0.13043478260869565,4.071
E01028469,E02005934,12.442448025609915,20.232806465834777,0.8954635108481263,0.95,1260.3429810945274,1.7679069769571263,1128.5911507236992,0.39617833684306886,5.529976896123591,0.37499999999999994,2.968
E01028470,E02005934,13.46967316250015,16.86222393533862,0.8954635108481263,0.95,1569.0167210643015,1.7369373352370885,1404.9972216236547,0.3837837779544194,5.9865214010657315,0.3333333333333333,3.516
E01028471,E02005934,13.586062184337383,8.928744767857959,0.8954635108481263,0.95,9814.456902469135,1.7719160477143914,8788.488034952637,0.21647306971858002,6.038249855176816,0.06250000029296875,2.031
E01028472,E02005934,13.586062184337383,8.928744767857959,0.8954635108481263,0.95,22082.528030555553,1.7996516355036574,19774.098078643434,0.359353964760592,6.038249855176816,0.28571428571428575,1.916
E01028473,E02005934,13.007141275530968,18.45517070786285,0.8954635108481263,0.95,889.3874169660679,1.7638579853221152,796.4139789005816,0.38187372150102045,5.780951673678049,0.09999999999999999,3.612
E01028474,E02005929,14.99515707274286,-2.277197195,0.8847933884297521,0.9816513756605504,5904.216030852995,1.8720063346962643,5224.011307959683,0.408786292843458,8.218499549484068,0.36363636363636365,3.405
E01028476,E02005928,14.512776647659486,-13.08909776,0.9030470914127424,0.9583333333333334,1910.8028610846814,1.8049915803906846,1725.544965965668,0.5723342845532678,8.29301522723399,0.42857142857142855,3.71
E01028477,E02005931,15.0781485472635,8.387487672493727,0.91725717939155,0.9781021899051096,3210.47483106267,1.8648881591596853,2944.831088048108,0.4700103344812366,7.655060031687623,0.36363636363636365,4.468
E01028478,E02005931,13.586062184337383,8.928744767857959,0.91725717939155,0.9781021899051096,5264.708669536423,1.9647920088715887,4829.0918245372195,0.3647668340371447,6.89753926281744,0.3333333333333333,2.083
E01028479,E02005921,14.566059605310429,5.064056166763994,0.9078768673607968,0.9895833333333334,8438.891111553785,1.9184941131875162,7661.474026356323,0.5724725847605711,7.124703070981418,0.3,2.679
E01028480,E02005921,14.281453837008604,18.54531552441298,0.9078768673607968,0.9895833333333334,3180.669882235529,1.902041202849095,2887.6566087928263,0.5683371194836062,6.9854937277284375,0.4,3.176
E01028481,E02005930,15.0177523684845,-6.916420158,0.9070669347888536,0.9830508474576272,5536.717712146423,1.9386301781852753,5022.17356394781,0.6645962615273333,8.128875135234727,0.41666666666666663,3.498
E01028482,E02005930,12.971279035354533,14.43256126696272,0.9070669347888536,0.9830508474576272,1902.153053982301,1.9502034883212618,1725.3801401749824,0.7435566884552386,7.021151037485479,0.3333333333333333,2.699
E01028483,E02005931,13.974884140941867,6.540375948,0.91725717939155,0.9781021899051096,2463.813012605042,1.9794999070552126,2259.950174490298,0.5868263383729787,7.094941179247409,0.26315789473684204,3.598
E01028484,E02005931,13.25448771802029,18.982883944121543,0.91725717939155,0.9781021899051096,3242.1824267045454,2.000834070790381,2973.9151077918623,0.5840455750020294,6.72920145684107,0.28571428571428575,3.576
E01028485,E02005929,13.394179275966877,10.308088792332391,0.8847933884297521,0.9816513756605504,2903.4145451327436,1.9184248686816046,2568.9219934042276,0.5553213817917036,7.341040564712616,0.4444444444444445,2.898
E01028486,E02005929,14.509991276966455,9.599346955349477,0.8847933884297521,0.9816513756605504,2856.872833095578,1.9498331970685219,2527.742194307542,0.6350832164110165,7.952591372952769,0.28571428571428575,3.337
E01028487,E02005937,14.877711996886186,-0.967649121,0.9112426035502958,0.9795918367346939,7213.793411471322,1.7948526435654115,6573.515889743097,0.46986606496529104,6.655818518658467,0.37499999999999994,3.103
E01028488,E02005939,15.876678176434197,3.050906897,0.9210526315789472,0.9115044248584071,1365.8729368805425,1.914765027210491,1258.040862916289,0.4340175892282776,7.511546660875782,0.2173913043478261,6.583
E01028489,E02005937,12.943446679175059,18.039118047253364,0.9112426035502958,0.9795918367346939,2375.49304375,1.7832003463052755,2164.650465902367,0.8927492264129805,5.790489298391601,0.5714285714285715,2.786
E01028490,E02005937,12.47005754682532,16.625113823521612,0.9112426035502958,0.9795918367346939,1479.663109090909,1.7890671835743461,1348.3320639053254,0.4685039289535414,5.578709949908145,0.28571428571428575,2.031
E01028491,E02005937,14.377469128582836,13.107592533291452,0.9112426035502958,0.9795918367346939,1095.6300287320425,1.748801811700347,998.3847599096719,0.5607385720899173,6.432025656733387,0.21875000000000003,4.749
E01028492,E02005938,13.645231837364769,17.397702049859845,0.8751486325802615,0.999999999862069,2402.9307766381767,1.694282445835486,2102.921583359926,0.4488348457823951,5.559168525323036,0.42857142857142855,3.04
E01028493,E02005938,12.151970983472376,20.489969960460595,0.8751486325802615,0.999999999862069,2870.6993742424243,1.7111935290872173,2512.28863191727,0.40531560805119893,4.950802992366377,0.23076923076923075,2.198
E01028494,E02005937,11.50804683217042,15.723805091164712,0.9112426035502958,0.9795918367346939,3210.0749948387097,1.808776943424352,2925.157095888528,0.34661354046792914,5.148336735862326,0.3333333333333333,1.649
E01028495,E02005938,11.49223656641968,14.767155131717086,0.8751486325802615,0.999999999862069,3767.360186153846,1.7288865731192942,3297.000115349858,0.43219403999752026,4.68202230398637,0.2,1.639
E01028496,E02005938,13.28820172799298,11.083448263915042,0.8751486325802615,0.999999999862069,5567.831500943396,1.7146414388438183,4872.680124487919,0.3742331233433074,5.41371181412394,0.28571428571428575,2.129
E01028497,E02005936,15.190148501494829,9.001163785,0.9074611699811294,0.9760479041916167,3590.9573306085376,1.9892856599833493,3258.6543405863367,0.7151370559878171,7.890986234542769,0.2727272727272727,4.537
E01028498,E02005936,14.425370614251786,11.114234010155368,0.9074611699811294,0.9760479041916167,6113.531096345515,1.9676467423137742,5547.792081405717,0.5243664634349792,7.493699020390539,0.25,3.431
E01028499,E02005931,15.34154872455572,5.274859885228955,0.91725717939155,0.9781021899051096,2485.097553214479,1.902802796393826,2279.4735721743555,0.436567157102807,7.788786275543672,0.18918918918918917,3.593
E01028500,E02005936,13.503451104658044,14.158542038341883,0.9074611699811294,0.9760479041916167,664.7929253405995,1.9704781916980572,603.273765824758,0.4250936265624957,7.0147797946275565,0.1818181818181818,5.103
E01028501,E02005936,13.841165006378816,10.787015181534548,0.9074611699811294,0.9760479041916167,4539.758212389381,2.015638690693122,4119.654298846308,0.7466862907079633,7.190215587729256,0.3333333333333333,3.074
E01028502,E02005936,13.630819911051132,17.47952080149856,0.9074611699811294,0.9760479041916167,1659.4020524950101,2.0191399279146474,1505.8429280262094,0.7888385990065498,7.080945408338251,0.3,3.231
E01028503,E02005929,13.460422398987557,13.192958087521683,0.8847933884297521,0.9816513756605504,5794.302737190083,1.9639773425435658,5126.7607524262,0.6222570422020962,7.377346891752796,0.37499999999999994,2.538
E01028504,E02005929,13.95469365893002,8.859567036,0.8847933884297521,0.9816513756605504,2294.078892215569,1.9306559436688264,2029.7858363685853,0.6556212906257067,7.648245563067416,0.4,3.12
E01028506,E02005930,14.323980650844392,9.371640999538052,0.9070669347888536,0.9830508474576272,1510.2128991825614,1.8796748542616415,1369.8641853401139,0.5138686051718474,7.753347324768981,0.2727272727272727,4.361
E01028507,E02005930,14.180598048496567,0.7006826872364783,0.9070669347888536,0.9830508474576272,5219.706684782608,1.9371261680966836,4734.623343062649,0.69194864648301,7.675736558360525,0.36363636363636365,3.004
E01028508,E02005921,14.860075058599207,16.50983206619447,0.9078768673607968,0.9895833333333334,5672.973043912176,1.9525311409236195,5150.36099572923,0.6857585023504253,7.268514977545281,0.3,3.348
E01028510,E02005939,14.875963681411003,9.219227187,0.9210526315789472,0.9115044248584071,2884.793374625375,1.8884648433645412,2657.0465292602134,0.5336683325369563,7.038090340854202,0.3,3.898
E01028511,E02005938,14.414314228294275,11.186141255022086,0.8751486325802615,0.999999999862069,661.5555249000364,1.6610848825459819,578.9594129921841,0.5550329156360928,5.872498388237347,0.1818181818181818,5.38
E01028512,E02005939,12.43905050591778,21.225503366871568,0.9210526315789472,0.9115044248584071,1005.8554031872509,1.870773062112304,926.4457660935204,0.4475409765596213,5.885142172301509,0.4,3.131
E01028513,E02005944,13.1823443374326,14.49522098619019,0.8771266540642721,0.9545454545454546,2641.32917761194,1.5095467836768317,2316.7802238410964,0.3759709941628547,4.39411478500302,0.5,4.219
E01028514,E02005944,13.586062184337383,8.928744767857959,0.8771266540642721,0.9545454545454546,37855.762338095235,1.6240446534417587,33204.29815666576,0.29311969409349214,4.528687400817378,0.25,1.883
E01028515,E02005946,12.358148721998143,13.31279448,0.9017283950617284,0.9999999999999999,927.6843067729084,1.7576213662742748,836.5192810702868,0.587194599623803,7.061799269713223,0.5,2.671
E01028516,E02005944,13.501120393924838,3.6341226585207433,0.8771266540642721,0.9545454545454546,3633.000305970149,1.4952579650082383,3186.6014025900736,0.4831640758398935,4.500373470642111,0.5,2.703
E01028517,E02005956,12.149928794082996,20.19235698266296,0.8998628257887518,0.9615384615384616,4611.698187804878,1.6534586689029442,4149.895762962963,0.2383316749151176,3.1973496826534182,0.37499999999999994,2.211
E01028518,E02005956,13.415607577753308,8.837583461722923,0.8998628257887518,0.9615384615384616,2670.8529223107566,1.619211941556024,2403.401257936703,0.22693726584302368,3.5304230467771847,0.4,3.097
E01028519,E02005956,14.902125847561953,-3.657243683,0.8998628257887518,0.9615384615384616,1742.6355285126397,1.6020697461334195,1568.1329310072588,0.24423229554982162,3.9216120651478805,0.4117647058823529,4.273
E01028520,E02005957,12.204283529516166,13.18611032124468,0.8875739644970414,0.9333333333333333,795.3844490039841,1.4578756215617164,705.962528701761,0.2384682297782384,2.712063006559148,0.5,2.803
E01028521,E02005947,17.363732063196586,3.617338154550963,0.8850231765144654,0.9233576642335767,939.2031623469636,1.7026106746860903,831.2165661327408,0.3565788087920322,9.029140670381691,0.35135135135135137,7.545
E01028522,E02005947,16.02363719881099,5.375806163417888,0.8850231765144654,0.9233576642335767,1654.000066896928,1.8431421864783106,1463.8283931602575,0.34911094037700713,8.332291341092624,0.36363636363636365,5.84
E01028523,E02005949,12.825237532846165,12.394242769218335,0.8905325443786982,0.8928571428571428,97.73066432517759,1.5618780265875776,87.03233716532087,0.5750513976148237,5.6110414206201975,0.21052631578947364,4.753
E01028524,E02005949,11.455755016422568,19.05505637358676,0.8905325443786982,0.8928571428571428,749.5421257142857,1.5759109954912285,667.4916563313609,0.3934156321353182,5.011892819684873,0.4,4.753
E01028525,E02005949,12.695920411014502,16.854515306034873,0.8905325443786982,0.8928571428571428,4294.901957894736,1.5330470636186497,3824.749968421052,0.36446766287392507,5.554465179818845,0.3333333333333333,4.753
E01028526,E02005949,13.794739514174173,3.903754562462285,0.8905325443786982,0.8928571428571428,178.04802554081078,1.528733103526703,158.55756120646168,0.34194528504939226,6.035198537451201,0.45454545454545453,4.753
E01028527,E02005954,12.824043130631958,2.455453295166892,0.9071980963712076,0.9382716049382716,1344.3145981884056,1.8052585870948012,1219.5596444005464,0.662911601554198,7.6494292358155525,0.5454545454545454,3.266
E01028528,E02005954,14.139075813861924,-3.086370342,0.9071980963712076,0.9382716049382716,2299.5762728785357,1.8115057849800655,2086.1712172158045,0.4868012360361123,8.433834695987812,0.5833333333333334,3.829
E01028529,E02005954,15.925788067879322,4.339579663270672,0.9071980963712076,0.9382716049382716,1918.281695187166,1.7973475164839967,1740.26150217753,0.3322908473463519,9.499592882594682,0.18604651162790695,5.959
E01028530,E02005954,13.949113795257906,19.891752873023144,0.9071980963712076,0.9382716049382716,7569.1275099337745,1.7723103787736412,6866.698068202859,0.3751568330311128,8.320524018224011,0.5,3.233
E01028531,E02007116,13.699551994870177,11.499889234566531,0.9152249134948096,0.9705882352941175,1870.8216861344538,1.6467241097658558,1712.2226158566193,0.5485491000808996,7.763079463759767,0.3684210526315789,3.464
E01028532,E02007116,14.258035818689693,-3.857736955,0.9152249134948096,0.9705882352941175,3881.8757206982546,1.5991124685785096,3552.789370673662,0.5093299342577864,8.079553630590826,0.43750000000000006,3.376
E01028534,E02005945,13.55691977848861,4.032648711054015,0.9031576165940018,0.9540229885057471,1401.3392622504539,1.9012260467565567,1265.6302281337169,0.9096858498004101,7.746811301993489,0.2727272727272727,3.532
E01028535,E02005945,14.920636004892678,4.658778598,0.9031576165940018,0.9540229885057471,4307.56383024251,1.8092741268840193,3890.4090822483554,0.6390568236774652,8.52607771708153,0.5,3.729
E01028536,E02005945,13.436674573807181,10.759584778295668,0.9031576165940018,0.9540229885057471,488.6915761598858,1.8765846989288506,441.3655191741286,0.8340707836169629,7.678099756461244,0.28571428571428575,4.184
E01028537,E02005945,14.702923727800076,11.127880869765637,0.9031576165940018,0.9540229885057471,202.38626156153654,1.8481529318397696,182.7866936232876,0.9810344686097359,8.401670701600041,0.3333333333333333,5.722
E01028538,E02005944,13.436371682825216,10.929351542041418,0.8771266540642721,0.9545454545454546,6776.728246534653,1.5917656916347864,5944.048972385783,0.46595569437658196,4.478790566913459,0.5,4.219
E01028539,E02005945,13.55172581752832,13.965567438577745,0.9031576165940018,0.9540229885057471,3821.5814482587066,1.8108826841050738,3451.490392429187,0.5956213698741278,7.743843324301896,0.625,2.538
E01028540,E02005945,13.691749573812668,-5.911069759,0.9031576165940018,0.9540229885057471,1103.1086240948814,1.8399051003279112,996.2809557818218,0.7196401703993582,7.823856899321523,0.37499999999999994,5.722
E01028541,E02005951,13.58625552641584,10.124065616845185,0.8886576482830385,1.0,2880.8866865942027,1.7174770875503147,2560.121987878719,0.8670156944592529,7.3156760526854505,0.45454545454545453,2.938
E01028542,E02005951,13.987207470923822,-0.300510226,0.8886576482830385,1.0,5253.614681415929,1.6671014173149405,4668.664867772324,0.6425826198862936,7.531573253574364,0.4444444444444445,2.943
E01028543,E02005951,12.89490136594921,13.75291524422254,0.8886576482830385,1.0,836.7129,1.7452169550635728,743.5513180020812,0.7268351282327848,6.943408427818803,0.5263157894736842,2.934
E01028544,E02005951,13.787307107438494,1.7759902125378315,0.8886576482830385,1.0,8034.62441322314,1.7552973814775241,7140.030435892364,0.979407965605512,7.423934596313034,0.37499999999999994,2.337
E01028545,E02005953,13.376985633718204,0.7041174995490492,0.8735999999999999,0.962962962962963,3664.6938897727273,1.6604531157699753,3201.4765821054543,0.9807692178138465,8.360616021073877,0.42857142857142855,2.529
E01028546,E02005953,13.847859972531461,6.859329928142445,0.8735999999999999,0.962962962962963,3742.309221014493,1.6413984746007875,3269.2813354782606,0.5085803356842007,8.654912482832163,0.36363636363636365,2.82
E01028547,E02005953,13.549611352147101,-5.376365893,0.8735999999999999,0.962962962962963,5076.260821192052,1.5966220648464298,4434.621453393376,0.6166924189939299,8.468507095091939,0.5,2.912
E01028548,E02005948,15.428903520466557,-10.23490001,0.8914868742693166,0.9479166666666666,3858.4269085318983,1.8340515199309628,3439.7369442837244,0.7605839307244926,12.548841529979464,0.4615384615384615,4.764
E01028549,E02005948,15.318603432034855,-9.779028402,0.8914868742693166,0.9479166666666666,1834.1782243982047,1.8936826079287912,1635.1458121216008,0.9541910207506584,12.459130791388347,0.18367346938775508,4.806
E01028550,E02005948,14.485470511035402,-2.502978895,0.8914868742693166,0.9479166666666666,751.3102887351018,1.886403434795678,669.7832609108336,0.7951699363895567,11.781516015642126,0.23076923076923075,4.764
E01028551,E02005948,14.323912079968263,-11.72434159,0.8914868742693166,0.9479166666666666,2075.693370786517,1.8526235485856766,1850.4533950640136,0.6244841740863037,11.650115158374186,0.25,4.197
E01028552,E02005955,15.168827287617901,12.65456573,0.8899458316818601,0.9425287356321839,2762.4838037116347,1.779611729467919,2458.4609462018193,0.274126698163953,10.261265518094461,0.42857142857142855,3.756
E01028553,E02005955,15.506540844042194,-11.51630616,0.8899458316818601,0.9425287356321839,943.3257169187967,1.772320656168111,839.5087896901855,0.4180281628974494,10.489718806263836,0.2173913043478261,6.591
E01028554,E02005955,12.325901094568305,18.80262595687554,0.8899458316818601,0.9425287356321839,4026.0658750000002,1.8577765804811572,3582.9805435328312,0.43940794938561195,8.338109563972676,0.45454545454545453,3.756
E01028555,E02005955,13.495610317392702,5.673463610924618,0.8899458316818601,0.9425287356321839,1449.5418780439122,1.850404638011834,1290.0137522134748,0.43869209165009326,9.129383450000944,0.2,3.143
E01028556,E02007021,13.657251860659045,-1.594015424,0.9178743961352656,0.9130434782608696,1175.796035674931,1.6794928260172888,1079.2330762233664,0.3224559856744862,6.676878691985729,0.3103448275862069,3.219
E01028557,E02007021,15.440286787671102,4.441746809130485,0.9178743961352656,0.9130434782608696,642.6125509429186,1.7269573054733312,589.8376071456739,0.3698453555082153,7.548584656897079,0.11392405063291133,6.922
E01028558,E02007021,14.40201395649887,-3.564452475,0.9178743961352656,0.9130434782608696,1496.8281448792673,1.7738641834277145,1373.9002295993273,0.40177849082383466,7.040984605755674,0.25,3.845
E01028559,E02007021,11.675887516674855,-32.42696238,0.9178743961352656,0.9130434782608696,3796.716206451613,1.7504875301143104,3484.9085952937503,0.5026954111876459,5.70821167871078,0.3333333333333333,2.227
E01028560,E02005943,14.389645878609969,1.011748081,0.8587105624142661,0.9642857138571429,14674.326801652893,1.6593470994044808,12600.999420898095,0.6081560182867752,8.85516669452921,0.37499999999999994,2.443
E01028561,E02005943,12.79957450891676,15.098452842292511,0.8587105624142661,0.9642857138571429,1202.8649903654486,1.651170688222405,1032.9128723851452,0.6307214799705272,7.876661236256466,0.5,3.088
E01028562,E02005943,12.886781030540366,-4.102780017,0.8587105624142661,0.9642857138571429,5198.082876315789,1.650687363619361,4463.648670197097,0.5301724062747103,7.930326788024839,0.4666666666666667,2.397
E01028563,E02005943,13.173712017880256,0.9315217557297092,0.8587105624142661,0.9642857138571429,2096.987728286853,1.6848078628302396,1800.7055115330177,0.7859054301424991,8.106899703310926,0.5,2.641
E01028565,E02005942,12.307545822267075,19.64844572310092,0.878188776,0.9642857142857142,2912.6190263157896,1.8371687923838784,2557.829337674575,1.050125297084535,9.487066571330871,0.3333333333333333,2.444
E01028567,E02005956,10.362910632157558,18.18328694,0.8998628257887518,0.9615384615384616,368.1652009302325,1.5874801816718023,331.2981780661626,0.259911890494673,2.727081745304619,0.4117647058823529,2.366
E01028568,E02005957,13.361850860991492,19.93704699324443,0.8875739644970414,0.9333333333333333,2301.8039514492757,1.4983255969629568,2043.021258682789,0.2535519085350295,2.9693001913314423,0.45454545454545453,3.3
E01028569,E02005957,11.748311862661176,19.94995571022108,0.8875739644970414,0.9333333333333333,897.4380290780142,1.484397121053777,796.5426293591842,0.26225045006994374,2.610735969480261,0.28571428571428575,2.322
E01028570,E02005957,10.362770522827175,21.128543575063425,0.8875739644970414,0.9333333333333333,772.1407629268293,1.4156155077441595,685.3320381007361,0.45037687853496045,2.3028378939615943,0.25,2.195
E01028571,E02005946,12.979843761741021,13.258879623115767,0.9017283950617284,0.9999999999999999,1081.257536159601,1.766844370294654,975.0006227295958,0.7020517291659992,7.4170535781377245,0.25,3.588
E01028572,E02005946,13.070272408116624,-3.511774296,0.9017283950617284,0.9999999999999999,2361.294803482587,1.7449828464175126,2129.246573411953,0.6083018781706345,7.468727090352354,0.37499999999999994,3.588
E01028573,E02005946,13.721386721366486,13.048256876097046,0.9017283950617284,0.9999999999999999,3626.1714856573703,1.7499266297834783,3269.821793980424,0.7885615126592309,7.840792412209418,0.5,2.708
E01028574,E02005946,13.496558941821558,5.487422219,0.9017283950617284,0.9999999999999999,10238.16505915493,1.790897658851004,9232.044147168841,0.5793397142746061,7.7123193953266025,0.28571428571428575,2.26
E01028575,E02005954,13.391259591242417,5.335089326167208,0.9071980963712076,0.9382716049382716,1631.5677403990026,1.8339022049880915,1480.1551481906479,0.8605990635581429,7.987768878986703,0.43750000000000006,3.266
E01028576,E02005955,11.531667728318427,11.249643164625658,0.8899458316818601,0.9425287356321839,2830.3027833333335,1.8351338318421182,2518.816164425067,0.23229912163875935,7.800834051509523,0.28571428571428575,1.914
E01028577,E02005955,11.055518571618185,21.46106533544918,0.8899458316818601,0.9425287356321839,781.3737723456791,1.791432640705626,695.3803316845679,0.2955569820796383,7.478733151388772,0.37499999999999994,2.955
E01028578,E02005954,13.881000290619193,7.711685652103935,0.9071980963712076,0.9382716049382716,7312.882020547944,1.825662738882387,6634.2326480283255,0.6161524413125289,8.279894910193903,0.3103448275862069,2.723
E01028579,E02005950,14.074716784150949,5.532206511185969,0.8833210059171598,0.9708737864077669,2463.6882623574147,1.8834192622379913,2176.2275941718513,0.4783802278632113,7.837058209356778,0.42857142857142855,3.707
E01028580,E02005950,14.515874700988713,-6.641457081,0.8833210059171598,0.9708737864077669,3497.3700260416667,1.871934464024361,3089.3004094676485,0.4404378570859634,8.082702958505077,0.391304347826087,3.516
E01028581,E02005950,11.805513456945349,14.837714298176872,0.8833210059171598,0.9708737864077669,1887.1558183098591,1.8817967524206953,1666.9643757518857,0.62412992223199,6.573524538526387,0.28571428571428575,2.103
E01028582,E02005950,15.291461155659551,-7.57263343,0.8833210059171598,0.9708737864077669,6241.357838801711,1.939437886190949,5513.122484459278,0.6666666588444445,8.514563598037704,0.35714285714285715,3.546
E01028584,E02005942,14.449434581509559,2.069468517197225,0.878188776,0.9642857142857142,4700.72778553616,1.720023233917852,4128.126380289191,0.9176470447605176,11.138105823246953,0.37499999999999994,3.962
E01028586,E02005953,13.578191885655707,16.598943406987893,0.8735999999999999,0.962962962962963,5223.436413245033,1.667777154182164,4563.19405061086,0.592427609669595,8.486369928534817,0.3333333333333333,2.589
E01028587,E02005950,15.136104647108676,4.511283662525747,0.8833210059171598,0.9708737864077669,3938.638237644585,1.8624233156890309,3479.0818900200043,0.5447761129015836,8.428058269412784,0.4736842105263158,3.5
E01028588,E02005950,15.427756647575437,-4.060308789,0.8833210059171598,0.9708737864077669,2784.041987229317,1.8585173511734705,2459.202768675009,0.40531561020121193,8.590455406036321,0.4444444444444445,4.428
E01028591,E02005941,15.473768145941865,10.025041318516008,0.8846187439951088,0.9907407407407407,3747.4332169878658,1.928198473690653,3315.0496656173555,1.0984528630706345,10.98138384550713,0.28571428571428575,4.44
E01028592,E02005941,15.137649152153521,5.821974292227322,0.8846187439951088,0.9907407407407407,2142.452657338664,1.878355794719052,1895.253778803912,0.5605935612138085,10.742847785399274,0.28571428571428575,4.586
E01028594,E02005940,13.660584502327538,-1.691920285,0.8685776095186588,0.9545454543636364,1221.79387574893,1.770884476541753,1061.2228039225429,0.9530916680352883,10.082812370765565,0.35714285714285715,4.535
E01028595,E02005948,13.083626325795944,-4.83726189,0.8914868742693166,0.9479166666666666,2732.959185227273,1.837405981938192,2436.3972415438798,0.6451897504894981,10.641349411647367,0.42857142857142855,2.477
E01028596,E02005940,13.415975189001312,2.3015387116578725,0.8685776095186588,0.9545454543636364,1408.8877518907564,1.7917092199568603,1223.7283556173904,1.0154761732493625,9.90226740140573,0.3684210526315789,2.972
E01028597,E02005940,12.706651656908956,3.806797878495809,0.8685776095186588,0.9545454543636364,1641.4638562189054,1.7750073109739815,1425.7387523458963,0.6896207476431868,9.378719080099469,0.25,2.717
E01028598,E02005962,13.765773406999354,4.393074225374143,0.8995075407817791,0.9999999998672567,1407.5125548816568,1.8512196007995814,1266.068156861078,0.5736810098305055,8.009177254981442,0.3333333333333333,3.841
E01028599,E02005968,14.462766627087618,15.398604797973316,0.8999893718779892,0.9583333333333333,2244.760190364277,1.8115035551758523,2020.2603137426613,0.5063380190549297,8.507509780639774,0.4117647058823529,3.947
E01028600,E02005964,12.993778524739561,13.23868568423566,0.8982204861111112,0.9895833333333334,3118.216117021276,1.8992605915234078,2800.845596430352,0.5657142756478043,6.996649976144862,0.28571428571428575,2.787
E01028601,E02005968,14.571446944877474,-15.89452641,0.8999893718779892,0.9583333333333333,3271.2806820276496,1.8845445960424851,2944.1178462546645,0.4852569437375558,8.571439379339688,0.23076923076923075,4.462
E01028602,E02005968,10.363411214176216,20.141219954728832,0.8999893718779892,0.9583333333333333,1979.87883,1.9376307147424456,1781.8699046062284,0.5135834336849954,6.096124243633067,0.3333333333333333,4.462
E01028603,E02005964,14.343632922502007,5.92101166,0.8982204861111112,0.9895833333333334,4509.958313829787,1.9060994814544325,4050.9369489890382,0.5340909008851945,7.723494651996605,0.3333333333333333,3.366
E01028604,E02005963,13.786165363962866,1.9118661075788903,0.9101403349932096,0.9574468085106382,2153.1711645232813,1.8788642471769808,1959.6879249769383,0.23746451857977952,7.640525382437249,0.22222222222222224,2.995
E01028605,E02005963,13.892032293360506,9.080772676,0.9101403349932096,0.9574468085106382,5370.769422885573,1.8883788309523037,4888.153881716362,0.3400852823101255,7.699198620416665,0.37499999999999994,3.084
E01028606,E02005964,13.940928681349183,3.4898881050891024,0.8982204861111112,0.9895833333333334,2661.082976525822,1.8782441744273934,2390.2392447570264,0.7548638000855429,7.506653906720641,0.4117647058823529,3.276
E01028607,E02005963,14.499443172005078,11.423800793549283,0.9101403349932096,0.9574468085106382,6078.694831288343,1.8633625301746428,5532.465350070264,0.44042364702275255,8.035835974846187,0.38461538461538464,3.093
E01028608,E02005969,14.386887640776251,0.5928631844511872,0.9037540942302849,0.96,5431.603616564417,1.9333036964922452,4908.834006706114,0.6224851958074578,8.657596102414027,0.30769230769230765,2.684
E01028609,E02005964,11.920603099635358,1.7747932146719203,0.8982204861111112,0.9895833333333334,1565.9504833333333,1.902744142801805,1406.5688043655962,0.4082474162789246,6.418786285597999,0.4736842105263158,2.458
E01028610,E02005964,15.443850832381239,18.89994256440346,0.8982204861111112,0.9895833333333334,3285.2415944551904,1.8972601743031103,2950.871301963983,0.36740890101446105,8.315919680501926,0.1935483870967742,4.438
E01028611,E02005975,13.586062184337383,8.928744767857959,0.8998020548590819,0.990384615846154,1670.1071619747897,1.9406681535802828,1502.7658561797855,0.6417910345904807,8.233977081416594,0.3684210526315789,3.077
E01028612,E02005976,13.586062184337383,8.928744767857959,0.8856823979591837,0.9909090912727272,1221.1536238095237,1.9531667970695132,1081.5542698121658,0.7404371455729871,8.931577917481057,0.30769230769230765,5.825
E01028613,E02005962,14.168524288031467,15.089178490469376,0.8995075407817791,0.9999999998672567,3785.504484042553,1.9417606109515781,3405.089829059514,0.4678160843883077,8.243505040309214,0.4,3.749
E01028614,E02005962,12.731027945496225,12.655958687761338,0.8995075407817791,0.9999999998672567,1681.968444278607,1.834199012220154,1512.9432989856045,0.3989010926063521,7.407143531925074,0.25,2.935
E01028615,E02005962,14.283508420128443,11.934779111995136,0.8995075407817791,0.9999999998672567,5785.481844202899,1.8941130636842625,5204.084545916582,0.6015701553301407,8.310404898983819,0.2727272727272727,3.091
E01028616,E02005962,13.767496958860125,16.086953882993857,0.8995075407817791,0.9999999998672567,5415.453553409091,1.9019029540892007,4871.241308044959,0.46434936846183616,8.010180048791344,0.42857142857142855,2.815
E01028617,E02005969,15.141056449286385,11.783266938969838,0.9037540942302849,0.96,1929.3893695540748,1.8833687847503682,1743.6935420988832,0.685358243981037,9.111432199570569,0.23076923076923075,5.041
E01028619,E02005972,12.826183527565949,13.433469494112844,0.8969384122463511,0.9905660378867923,1645.247057522124,1.8837515961874416,1475.6852835268749,0.5701191471185949,7.384772334053121,0.3333333333333333,3.183
E01028622,E02005967,12.559274481957333,22.05524395801675,0.9083878643664486,0.9634146341463414,1134.3533486055778,1.782252562487237,1030.4328157767504,0.4474074005040769,6.063098025772505,0.3,2.808
E01028623,E02005967,15.870165405465706,7.957393164484503,0.9083878643664486,0.9634146341463414,3120.408951619352,1.8229287723889915,2834.541623511452,0.43017240776698135,7.661459161259305,0.5,5.033
E01028624,E02005967,13.935912569995018,18.60164871,0.9083878643664486,0.9634146341463414,1251.8859156492786,1.7631436768005704,1137.1979733470841,0.49965822871277726,6.727681930342422,0.4444444444444445,3.802
E01028625,E02005966,15.17186753109808,17.537088852207564,0.8927514792899408,0.9433962264150944,1724.5776046201688,1.7550593058571498,1539.6192076749583,0.4881995890282725,7.256110558351254,0.22222222222222224,4.798
E01028626,E02005966,13.586062184337383,8.928744767857959,0.8927514792899408,0.9433962264150944,6570.008339669421,1.7925292137056228,5865.384664187123,0.5072463696719782,6.497681914248312,0.37499999999999994,2.581
E01028627,E02005966,13.586062184337383,8.928744767857959,0.8927514792899408,0.9433962264150944,9814.456902469135,1.8093139289929536,8761.870918106692,0.4158699751996956,6.497681914248312,0.37499999999999994,2.376
E01028628,E02005966,13.038270617831511,-14.64634654,0.8927514792899408,0.9433962264150944,1222.531880319149,1.7253097787962914,1091.417144634033,0.34705881886208306,6.235694643310722,0.6,3.187
E01028629,E02005966,13.586062184337383,8.928744767857959,0.8927514792899408,0.9433962264150944,9814.456902469135,1.8058618984319164,8761.870918106692,0.44958371282327586,6.497681914248312,0.37499999999999994,2.482
E01028630,E02005970,13.586062184337383,8.928744767857959,0.9053254437869822,1.0,17281.97845869565,1.6764461332490732,15645.814817635704,0.4286987464625098,5.906983561951747,0.22222222222222224,2.292
E01028631,E02005970,13.748220423675765,2.7619570867596552,0.9053254437869822,1.0,2194.6547147887322,1.7183763676241606,1986.876753625302,0.39726026813044074,5.977487144315084,0.29411764705882354,3.06
E01028632,E02005970,12.688030449932956,17.470625640801774,0.9053254437869822,1.0,3998.114713580247,1.6757132833346804,3619.5949773833004,0.3361661897091971,5.51653498154164,0.37499999999999994,2.325
E01028633,E02005970,10.363408499445624,150.8830468393849,0.9053254437869822,1.0,621.1367701960784,1.6821463135194212,562.3309221301774,0.3957528901642231,4.5058297850711595,0.3,2.375
E01028634,E02005971,11.054163760783906,17.733991509887748,0.8511966701352758,0.966666667,694.5668632967033,1.7361800395405869,591.2130012244571,0.4289245915466455,4.094134726216261,0.16666666666666669,2.327
E01028635,E02005971,13.03172848974937,19.07963921620757,0.8511966701352758,0.966666667,1012.5821793791574,1.6888148779179928,861.9065793258593,0.31012070089545146,4.82656610731458,0.3333333333333333,3.072
E01028636,E02005971,13.83967053702327,2.1677630723486545,0.8511966701352758,0.966666667,5096.782069651741,1.7272995853489195,4338.363926092741,0.3522595542222623,5.12580390260121,0.625,2.439
E01028637,E02005971,12.661061985139805,9.784619014206353,0.8511966701352758,0.966666667,1255.8976737051792,1.6330873986811192,1069.0159178884876,0.42193808249716064,4.689282216718445,0.3,2.914
E01028638,E02005959,14.28074940866046,17.145541290750515,0.8981047100769375,0.9859154927042254,4235.089063829787,1.8546449957855806,3803.5534358208592,0.7005928744235383,6.829923630228914,0.4,3.331
E01028639,E02005959,13.710762619309504,21.670796754522712,0.8981047100769375,0.9859154927042254,1438.579054632588,1.8699418766761902,1291.9946247835553,0.6183368775471563,6.55732125271324,0.36,3.634
E01028640,E02005959,13.511382564464999,14.299767596028676,0.8981047100769375,0.9859154927042254,2451.047943853821,1.867812194066402,2201.2977029995095,0.5348066215545021,6.461965574309346,0.3333333333333333,3.095
E01028641,E02005963,14.689523817457303,-3.054435368,0.9101403349932096,0.9574468085106382,8683.001427536232,1.9171846516777336,7902.749828004343,0.5676741036250457,8.141181874735372,0.36363636363636365,2.857
E01028642,E02005975,13.586062184337383,8.928744767857959,0.8998020548590819,0.990384615846154,2114.2845986702127,1.9198928970828706,1902.4376264403668,0.7006802603621086,8.233977081416594,0.2,3.111
E01028643,E02005975,13.586062184337383,8.928744767857959,0.8998020548590819,0.990384615846154,1269.9217397763578,1.9244185055776444,1142.678190960987,0.7450058633769908,8.233977081416594,0.2,5.074
E01028644,E02005972,13.478050390980526,1.447124895816318,0.8969384122463511,0.9905660378867923,2032.9897384615385,1.9008422337115263,1823.466588128817,0.7959617286500333,7.760089619049393,0.28571428571428575,3.138
E01028645,E02005975,13.586062184337383,8.928744767857959,0.8998020548590819,0.990384615846154,1982.4713443890273,1.909030011769004,1783.8317893804935,0.9086357767071798,8.233977081416594,0.37499999999999994,3.253
E01028646,E02005961,14.391592922323984,9.232773057732295,0.9124754306856284,0.9680851063829786,1777.2767942057942,1.9279136163879627,1621.721408240505,0.5232403634310215,7.028452360091544,0.2,4.454
E01028647,E02005961,13.483949621022392,21.78604934267766,0.9124754306856284,0.9680851063829786,623.6328533449174,1.8849058824986467,569.0496564456108,0.6221335891601768,6.585184701147484,0.2173913043478261,4.633
E01028649,E02005972,14.57676552443847,8.903226186496616,0.8969384122463511,0.9905660378867923,5694.043537234043,1.912321796561463,5107.206369548298,0.6479166561987632,8.392683180737299,0.3333333333333333,3.205
E01028650,E02005973,13.586062184337383,8.928744767857959,0.8975425330812854,0.9827586206896551,2641.0996980066443,1.8627178957393844,2370.4993130691014,0.5793357842382049,8.179363968121484,0.5,3.042
E01028651,E02005973,13.586062184337383,8.928744767857959,0.8975425330812854,0.9827586206896551,1442.778600907441,1.9030166304847143,1294.9551601339374,0.6085450231527586,8.179363968121484,0.36363636363636365,3.358
E01028652,E02005973,13.586062184337383,8.928744767857959,0.8975425330812854,0.9827586206896551,288.97528502362775,1.855680941521767,259.3676093179933,0.7536443026083522,8.179363968121484,0.36363636363636365,5.022
E01028653,E02005974,13.586062184337383,8.928744767857959,0.8722,0.9901960784313726,418.185696528143,1.8934153852192492,364.7415645118463,0.566420655281859,10.048025157166188,0.21052631578947364,4.963
E01028654,E02005974,13.586062184337383,8.928744767857959,0.8722,0.9901960784313726,5264.708669536423,1.9044733376858083,4591.878901569668,0.7183673358715204,10.048025157166188,0.3333333333333333,2.558
E01028655,E02005974,13.586062184337383,8.928744767857959,0.8722,0.9901960784313726,882.32076481687,1.8889918191539425,769.560171073274,0.6747899059919711,10.048025157166188,0.3333333333333333,4.707
E01028656,E02005974,13.586062184337383,8.928744767857959,0.8722,0.9901960784313726,3955.079647263681,1.9249160907757437,3449.6204683433825,0.8702770629599199,10.048025157166188,0.5,2.82
E01028657,E02005963,12.803647060413141,14.101846877861602,0.9101403349932096,0.9574468085106382,1115.1530380368097,1.9242012986303776,1014.9457596075173,0.6357947338883869,7.095997166012101,0.30769230769230765,4.179
E01028658,E02005963,15.47823940175991,-6.411237086,0.9101403349932096,0.9574468085106382,1285.9500809558645,1.9114556540753695,1170.3950374657154,0.7557251782635048,8.578301355192238,0.1463414634146341,4.27
E01028659,E02005977,14.334998504447064,6.493615094174463,0.876464844,0.9846153846923076,3051.1172087114337,1.8354659214094509,2674.1969683589823,0.6835573828332921,8.694999092861332,0.36363636363636365,3.355
E01028660,E02005976,13.953276530585997,13.29124052130406,0.8856823979591837,0.9909090912727272,1273.8134561598226,1.8698704811440066,1128.1941564043073,0.5829181401560976,9.172987348811166,0.3333333333333333,3.748
E01028661,E02005976,13.586062184337383,8.928744767857959,0.8856823979591837,0.9909090912727272,1586.7684812375248,1.905746464014805,1405.372913468503,0.7285156124146083,8.931577917481057,0.3,3.184
E01028662,E02005976,12.685867932150018,59.16709002222626,0.8856823979591837,0.9909090912727272,537.6833956738769,1.94159684927085,476.2167192232759,0.7822485079071043,8.339783547987512,0.25,5.825
E01028663,E02005977,13.953714868730497,19.09663140106225,0.876464844,0.9846153846923076,3814.6482325581396,1.8300206373614465,3343.4050680639457,0.46215138689623986,8.463728690869317,0.41666666666666663,3.091
E01028664,E02005977,13.583138410601162,-7.254144055,0.876464844,0.9846153846923076,2258.2623515669516,1.8392200937278333,1979.2875596772014,0.6373762254520853,8.23895280643021,0.42857142857142855,3.239
E01028665,E02005977,12.169909110083251,17.759905805048053,0.876464844,0.9846153846923076,698.8967778985508,1.8542643891007637,612.5584554129559,0.6823379802206119,7.38174814873902,0.2727272727272727,2.344
E01028666,E02005958,13.586062184337383,8.928744767857959,0.8819855358316897,0.9620253164556962,496.5465391005621,1.8487676084721991,437.94686535398034,0.4807302159274058,8.107811303556181,0.37499999999999994,5.315
E01028667,E02005958,13.586062184337383,8.928744767857959,0.8819855358316897,0.9620253164556962,9243.848943023255,1.8662396943594686,8152.941063159564,0.48089886927746506,8.107811303556181,0.4117647058823529,2.41
E01028668,E02005958,13.586062184337383,8.928744767857959,0.8819855358316897,0.9620253164556962,17281.97845869565,1.8690646364068624,15242.4550311244,0.5783633737866775,8.107811303556181,0.22222222222222224,2.422
E01028669,E02005958,13.586062184337383,8.928744767857959,0.8819855358316897,0.9620253164556962,244.53122396185788,1.8631134005327155,215.67300259357813,0.5135834321955589,8.107811303556181,0.38461538461538464,4.929
E01028670,E02005960,13.586062184337383,8.928744767857959,0.9071368192247312,0.9673913043478259,3955.079647263681,1.8895924438287657,3587.7983709992477,0.7425372999489497,7.302508424081343,0.37499999999999994,3.514
E01028671,E02005960,13.586062184337383,8.928744767857959,0.9071368192247312,0.9673913043478259,1058.5499455392808,1.871188704405878,960.2496305870156,0.5203761665874616,7.302508424081343,0.4666666666666667,3.872
E01028672,E02005960,13.586062184337383,8.928744767857959,0.9071368192247312,0.9673913043478259,331.09996214077466,1.7905104488748678,300.35296650181124,0.628245714168288,7.302508424081343,0.16666666666666669,4.829
E01028673,E02005960,13.586062184337383,8.928744767857959,0.9071368192247312,0.9673913043478259,529.6275876748833,1.8215276246961607,480.4446852570611,0.4296551657141357,7.302508424081343,0.16666666666666669,4.832
E01028674,E02005969,14.270885764151553,8.502610728471154,0.9037540942302849,0.96,1852.8365264394831,1.946721602005085,1674.5085967091022,0.5898345056334637,8.587789663383235,0.17647058823529405,4.502
E01028675,E02005969,10.364652525689273,22.02968388148158,0.9037540942302849,0.96,480.56680727272726,1.945198651747438,434.3142196239035,0.3531317440791697,6.237136033158147,0.23076923076923075,2.003
E01028676,E02005969,14.400166350128668,14.49408673346386,0.9037540942302849,0.96,1792.5796623376625,1.8719014004312842,1620.051209071604,0.4477911577139752,8.665586830165925,0.2,3.818
E01028677,E02005969,15.67864210908999,13.837100468252656,0.9037540942302849,0.96,5365.431775187344,1.9401226678963914,4849.030934138827,0.6714601661319164,9.434935074496632,0.41666666666666663,4.185
E01028678,E02005965,13.077855484130923,18.26282427081127,0.9092286327483904,0.988888889,795.7288272878535,1.885280022925786,723.4994336734151,0.6600790408495291,7.1472000901645725,0.3333333333333333,3.489
E01028679,E02005965,14.316979551873777,3.167181529,0.9092286327483904,0.988888889,2061.353323345818,1.8390295128703584,1874.2414637970687,0.5781249906312781,7.8243958016054345,0.37499999999999994,3.756
E01028680,E02005965,15.224260579366158,-5.565657883,0.9092286327483904,0.988888889,9602.905507042253,1.853602478121954,8731.236644580016,0.5547008452899045,8.32023543290941,0.29411764705882354,3.484
E01028681,E02005961,13.418766266106475,18.43203511233056,0.9124754306856284,0.9680851063829786,2975.685703097345,1.918479333619198,2715.240093518817,0.6461336718898467,6.553350969664793,0.4444444444444445,2.791
E01028682,E02005961,14.83897860635365,-5.373506005,0.9124754306856284,0.9680851063829786,4831.298670138889,1.9240065880721438,4408.441334805887,0.4710526238685597,7.246943043072988,0.391304347826087,3.555
E01028683,E02005959,13.761269355499037,16.60717054075512,0.8981047100769375,0.9859154927042254,2362.101274563591,1.8608548113568506,2121.414280364298,0.5164473598135967,6.5814766482821465,0.37499999999999994,2.909
E01028684,E02005961,14.228315872059309,18.29188031079559,0.9124754306856284,0.9680851063829786,5474.818177536232,1.9070825123133828,4995.63707447288,0.666666656325926,6.948712405280744,0.36363636363636365,2.772
E01028685,E02005975,13.586062184337383,8.928744767857959,0.8998020548590819,0.990384615846154,5264.708669536423,1.9406681535802828,4737.195679083297,0.6202185684235124,8.233977081416594,0.3333333333333333,2.552
E01028686,E02005975,13.586062184337383,8.928744767857959,0.8998020548590819,0.990384615846154,1380.158001909722,1.919199593321836,1241.8690061485727,0.4894795047128498,8.233977081416594,0.391304347826087,5.074
E01028688,E02005982,11.457292228115158,18.53577976,0.9024943310657596,0.975,537.4295388636364,1.8069866243383002,485.02711217171714,0.5907821137215016,5.410387996609935,0.7142857142857143,2.792
E01028689,E02005982,14.432601712838037,-44.03424792,0.9024943310657596,0.975,1722.6092611524164,1.7693556136740154,1554.6450928314323,0.4920634847944907,6.8153952532846285,0.16279069767441856,5.019
E01028690,E02005985,12.50190955621937,13.214114633423836,0.8778696051423324,0.9696969697878788,5271.55257254902,1.6798258874450338,4627.735775350654,0.5491209839819956,6.250954773942382,0.3,2.354
E01028691,E02005985,12.508948425062623,-1.030066195,0.8778696051423324,0.9696969697878788,2820.29435625,1.648748239844769,2475.850692906336,0.4141592853428774,6.254474208361662,0.4736842105263158,2.601
E01028692,E02005985,12.156704426994505,19.89133022856219,0.8778696051423324,0.9696969697878788,3732.649347058824,1.6943389464956946,3276.7794084373145,0.20794148070072693,6.078352209445018,0.4,1.974
E01028693,E02005981,11.550860140955168,11.794390685187638,0.87890625,1.0000000003939395,858.3912239669421,1.7245247226280676,754.4454116896952,0.7697441472661383,6.545487413207928,0.37499999999999994,2.541
E01028694,E02005981,11.460974478982543,19.297648755997752,0.87890625,1.0000000003939395,1103.9132539534883,1.7383074249703323,970.2362583575581,0.629590756841663,6.494552204756774,0.4117647058823529,2.336
E01028695,E02005982,11.630521073285427,-32.1997224,0.9024943310657596,0.975,1704.2108545454546,1.7451672735333097,1538.0406351680065,0.5331928255281975,5.492190506829229,0.23076923076923075,2.408
E01028696,E02005983,12.57561977205779,4.792290354017521,0.9256790123456792,0.9382022471910112,525.2537649727767,1.96850576768311,486.21638639084944,0.789725195399026,5.691156394754514,0.45454545454545453,3.477
E01028697,E02005983,13.713686005524721,14.380746704501126,0.9256790123456792,0.9382022471910112,3272.416666304348,1.9535487598110184,3029.207427648149,0.3730232504403367,6.206193668435513,0.36363636363636365,2.951
E01028698,E02005983,15.85150202061849,11.601382385264138,0.9256790123456792,0.9382022471910112,1178.25593139517,1.9746778572255743,1090.6867868643192,0.7012072336763137,7.173672449254173,0.23076923076923075,5.829
E01028699,E02005982,14.684959527400965,15.675450882690258,0.9024943310657596,0.975,4329.573421052632,1.745814065256995,3907.415468432987,0.7721925003978017,6.9345642212726775,0.45454545454545453,3.604
E01028700,E02005983,12.01986009904442,13.143901074789987,0.9256790123456792,0.9382022471910112,236.83085363766048,1.9465950832798276,219.22935068829366,0.39037432565691527,5.439644717847384,0.42857142857142855,3.684
E01028701,E02005981,11.457582041344484,19.050638885808045,0.87890625,1.0000000003939395,2307.6833131707317,1.7149147118452954,2028.2372869664634,0.5848670661823597,6.4926298234285404,0.37499999999999994,2.159
E01028702,E02005985,13.44688551415652,0.1084436128292775,0.8778696051423324,0.9696969697878788,812.7893223266744,1.7235614065568063,713.5230414548216,0.5155367143312707,6.7234427525959655,0.588235294117647,3.777
E01028703,E02005983,14.980822795513651,4.949753885875274,0.9256790123456792,0.9382022471910112,2563.4876490807355,1.9452554644255076,2372.966715161402,0.5533632198953691,6.779642434865111,0.28,4.073
E01028704,E02005985,12.55823289179085,19.379777456316187,0.8778696051423324,0.9696969697878788,709.2924675810474,1.64422891966041,622.6662984458046,0.5752595062652659,6.2791164417093475,0.37499999999999994,3.286
E01028705,E02005981,11.624481998801116,3.060243055559343,0.87890625,1.0000000003939395,4300.026723076923,1.7717443353121003,3779.320362079327,0.7042041920762431,6.587206465987299,0.4,2.199
E01028706,E02005981,11.05460496239966,19.73654697033441,0.87890625,1.0000000003939395,735.2729948837209,1.7405689885814708,646.2360306595203,0.5990565940530439,6.2642761453598075,0.588235294117647,2.215
E01028707,E02005981,13.002707505860135,19.963713686616305,0.87890625,1.0000000003939395,1767.3778960159364,1.7384324257175472,1553.3594789202566,0.4698924660799978,7.36820091998741,0.3,2.368
E01028708,E02005978,14.169997404162208,12.674151099688586,0.8779591836734695,0.9722222218888888,1898.0665672436753,1.8267766175903253,1666.4249739351617,0.6184773208729653,8.33529259068365,0.2,4.06
E01028709,E02005978,12.705168788406766,14.870518342019484,0.8779591836734695,0.9722222218888888,1193.6425619565218,1.8122836093922974,1047.9694492932567,0.7671009644865598,7.473628699062802,0.2727272727272727,3.063
E01028710,E02005978,13.247623155806627,7.534763515579624,0.8779591836734695,0.9722222218888888,628.9904876803552,1.8035511648467693,552.2279751022221,0.7703313128471285,7.792719503415662,0.22222222222222224,3.924
E01028711,E02005978,13.65800364799226,2.5312089976669307,0.8779591836734695,0.9722222218888888,2433.817409116809,1.8437866166680184,2136.792345718472,0.6795252113206071,8.034119792936622,0.28571428571428575,3.329
E01028712,E02005992,14.879893244257403,16.545266424365852,0.8891507210858705,0.9414634146341463,5786.522572854291,1.9443273705736401,5145.090718233059,0.6648648536417409,9.577862318142696,0.4,3.389
E01028713,E02006886,13.774954985346385,11.654745263255323,0.913517056271652,0.9775280898876404,2735.768658404558,1.9121331336587661,2499.1713314659787,0.5893416831683652,7.136422462287885,0.35714285714285715,3.727
E01028715,E02006886,13.496546801329835,5.883556587,0.913517056271652,0.9775280898876404,967.9106447403461,1.9189413689747716,884.2028829171978,0.5345794309721841,6.992186897074491,0.4,3.787
E01028716,E02005986,13.586062184337383,8.928744767857959,0.9183183941421538,0.9887640449438201,1134.0527947218259,1.7808554835947652,1041.4215413213687,0.38060479086938576,5.84716600218188,0.5,3.514
E01028717,E02005986,13.586062184337383,8.928744767857959,0.9183183941421538,0.9887640449438201,1380.158001909722,1.8731208116128477,1267.4244799761796,0.5027522861658447,5.84716600218188,0.391304347826087,3.487
E01028718,E02005986,13.586062184337383,8.928744767857959,0.9183183941421538,0.9887640449438201,1380.158001909722,1.88553978018978,1267.4244799761796,0.34677418837124424,5.84716600218188,0.391304347826087,3.509
E01028719,E02005986,13.586062184337383,8.928744767857959,0.9183183941421538,0.9887640449438201,4516.880733522727,1.8432447419022853,4147.934661740223,0.528680678490727,5.84716600218188,0.42857142857142855,3.014
E01028720,E02006886,15.80228446784476,10.930918004031676,0.913517056271652,0.9775280898876404,2429.846790736421,1.8953777344999403,2219.706487464656,0.5326460392172784,8.186725688160537,0.3333333333333333,5.377
E01028721,E02005988,13.586062184337383,8.928744767857959,0.9060650887573964,0.9803921571764705,6570.008339669421,1.8299079037141388,5952.855189419409,0.42576686486011533,6.340162352690778,0.16666666666666669,2.274
E01028722,E02005988,14.393407064980574,18.016613405404875,0.9060650887573964,0.9803921571764705,3388.3734980988593,1.7682922647932522,3070.0869342981528,0.42884430990400574,6.716923296990934,0.42857142857142855,4.187
E01028723,E02005988,13.884226441760344,0.856227373,0.9060650887573964,0.9803921571764705,751.143646563815,1.7079444337280234,680.5850347933974,0.3958060223932743,6.479305672821493,0.12280701754385964,4.187
E01028724,E02005988,13.586062184337383,8.928744767857959,0.9060650887573964,0.9803921571764705,17281.97845869565,1.8308356217547577,15658.597346081486,0.4295580039299778,6.340162352690778,0.3333333333333333,2.1
E01028725,E02005988,13.17798292340541,8.491114685,0.9060650887573964,0.9803921571764705,1756.1352043189368,1.6128723452867237,1591.172799771226,0.2866241993918141,6.149725364255858,0.41666666666666663,3.326
E01028726,E02005984,15.050091175680514,-3.32243304,0.8929845422116528,0.9826086960869564,2641.7646641045353,1.8146358298669485,2359.055009206309,0.6058431474203705,8.284453858172759,0.38461538461538464,4.248
E01028728,E02005992,12.791217421214157,16.633808721288172,0.8891507210858705,0.9414634146341463,1786.3143039800996,2.0161235334841714,1588.3026514699104,0.580075652120875,8.233427305609112,0.37499999999999994,2.683
E01028729,E02005992,16.04148015343512,7.902736555412599,0.8891507210858705,0.9414634146341463,1361.9259358917805,1.962971404498158,1210.9574279637256,0.5723630327338711,10.325550443590423,0.11764705882352938,5.566
E01028730,E02005992,15.040543484196762,8.247543692239654,0.8891507210858705,0.9414634146341463,1388.9339742962056,1.9840362077951048,1234.9716447861351,0.6908163149277178,9.681269369138146,0.18367346938775508,4.537
E01028731,E02005987,15.539617943768631,18.161573035171184,0.9025754422476588,0.968,11192.639618762476,1.8755023481208013,10102.20165382321,0.46171692948830334,9.465040020295438,0.3,3.566
E01028732,E02005987,14.477251363545804,-6.835601966,0.9025754422476588,0.968,1936.226138861139,1.8802066786403147,1747.5901635740693,0.3902271105745003,8.817962194159715,0.3,5.09
E01028733,E02005979,13.535899453845959,15.790181943448042,0.8985839233652644,0.96,1372.1900540834845,1.8964738188129948,1233.0279224011317,0.7086801307888664,8.021273750427234,0.2727272727272727,3.345
E01028734,E02005979,13.001219894288775,19.82923565726984,0.8985839233652644,0.96,1959.9664553097346,1.8797119764217498,1761.1943470765314,0.5725888233142623,7.704426604022977,0.4444444444444445,2.565
E01028735,E02005979,12.071285859514731,7.9587193607181215,0.8985839233652644,0.96,1157.479761589404,1.8719805999238333,1040.0927053848975,0.5237633281333935,7.153354583416136,0.5,2.674
E01028737,E02005984,12.987756137005931,4.020045584880082,0.8929845422116528,0.9826086960869564,545.6037074906367,1.860349850824258,487.21567696250673,0.6694045064161845,7.14922356165464,0.5625000000000001,3.977
E01028738,E02005980,13.790738752175704,1.3075067155861568,0.894748264,0.9793814432989689,2049.4359191176472,1.8340424090382603,1833.7292308097592,0.29457870225218774,7.282749678115257,0.3684210526315789,4.336
E01028739,E02005980,13.584137960483568,10.215299341146514,0.894748264,0.9793814432989689,990.5652631710361,1.8142101319605872,886.3065496009876,0.5462351291333497,7.1736458892441295,0.25,4.134
E01028740,E02005979,12.014989724226357,14.692137875644114,0.8985839233652644,0.96,1026.1603565217392,1.8711519566415853,922.0911991652029,0.6714932025274013,7.1199939106526555,0.21875000000000003,2.614
E01028741,E02005979,13.112582866154996,7.708999804726171,0.8985839233652644,0.96,1518.8115987730062,1.8315010841438688,1364.7796852781175,0.5768989250413712,7.770419476239997,0.4615384615384615,3.503
E01028742,E02005979,15.400868772972123,6.620650891129022,0.8985839233652644,0.96,1913.382409643277,1.8284883703936412,1719.3346725553392,0.6732863454185545,9.12644075435385,0.31372549019607837,5.159
E01028743,E02005980,13.626455218016241,11.22003868972971,0.894748264,0.9793814432989689,1102.183353262317,1.8756246369628213,986.1766419411568,0.38883248027907974,7.1959932050198105,0.4,4.336
E01028744,E02005980,14.130611309761372,12.784443551150572,0.894748264,0.9793814432989689,4203.669858895706,1.880137943825679,3761.2263086760577,0.45066412922961785,7.462232938862745,0.23076923076923075,2.942
E01028745,E02006886,14.348590832710705,5.056587753549047,0.913517056271652,0.9775280898876404,4249.80687032419,1.9289412825147965,3882.271061901596,0.5030384796249,7.433607298874219,0.43750000000000006,4.629
E01028746,E02006886,13.484027500564203,1.2474505243271234,0.913517056271652,0.9775280898876404,2202.016314417178,1.9633481034583578,2011.579461408533,0.49579831088851245,6.9857009942682,0.30769230769230765,3.209
E01028747,E02006886,15.079127686925274,9.411110920997135,0.913517056271652,0.9775280898876404,1443.5722080783353,1.9782281460082898,1318.7278340392895,0.5885826676761967,7.812078199250442,0.18367346938775508,4.537
E01028748,E02006886,12.439150801633303,20.155643915672496,0.913517056271652,0.9775280898876404,2003.928803174603,1.9873323362606354,1830.623141254038,0.4318407894327171,6.44437933096665,0.4,3.211
E01028749,E02005986,13.586062184337383,8.928744767857959,0.9183183941421538,0.9887640449438201,934.1609977673324,1.7674567807305717,857.8572273399288,0.4668420976511746,5.84716600218188,0.17647058823529405,3.94
E01028750,E02005980,12.548738565916358,-4.891729296,0.894748264,0.9793814432989689,2150.6764366412217,1.9162029844124986,1924.314008110439,0.4292682855738253,6.626861939304142,0.23076923076923075,2.933
E01028751,E02005980,13.590765957279258,9.655237481,0.894748264,0.9793814432989689,2450.058850613497,1.8644910227055225,2192.1859032842617,0.6633302887144907,7.1771460673272465,0.30769230769230765,3.279
E01028752,E02005980,13.982131929328235,16.549791205888692,0.894748264,0.9793814432989689,1887.0701341853037,1.8884143332924044,1688.4527266085474,0.5916179242838349,7.383822479532886,0.28,3.825
E01028753,E02005987,15.071832784493392,3.026963482700217,0.9025754422476588,0.968,798.1092022267667,1.9086298903970447,720.3537661617502,0.44404002925733643,9.180116332373247,0.09090909090909091,6.408
E01028754,E02005987,14.316311358884636,1.3658959562542166,0.9025754422476588,0.968,4114.815703241896,1.90279035306989,3713.9316031211656,0.6419529730568757,8.71993510041155,0.25,3.429
E01028755,E02005991,13.237984171856695,1.1648399494315815,0.903734284,0.9733333333333334,1864.7310740863788,1.809283969652493,1685.2214020920046,0.5077054712279216,5.124380969323947,0.41666666666666663,2.867
E01028757,E02005992,14.07037019533629,9.780299337408431,0.8891507210858705,0.9414634146341463,4286.642860465116,1.9313318576283813,3811.4715904201566,0.4469453304159926,9.056790010791175,0.41666666666666663,3.685
E01028758,E02005991,13.114595393790191,-6.321834952,0.903734284,0.9733333333333334,2468.3087293532335,1.7531524228583493,2230.6952222129944,0.3466833484566284,5.076617571366699,0.37499999999999994,2.236
E01028759,E02005991,10.359254103843371,19.06329091085213,0.903734284,0.9733333333333334,1017.6335896774193,1.8162110862976193,919.6703635414723,0.4218340544633932,4.010033846314877,0.3333333333333333,2.197
E01028760,E02005991,12.663232477075798,-3.033464963,0.903734284,0.9733333333333334,1144.6205297101449,1.8749733244058002,1034.4328148692985,0.483311073004305,4.901896442330527,0.5454545454545454,2.685
E01028761,E02005991,12.601890416704542,15.70539836114984,0.903734284,0.9733333333333334,1138.38588045977,1.871693558857609,1028.79834859302,0.5695708618327217,4.878151128640407,0.038461538461538464,3.072
E01028762,E02006004,13.74176151749456,-0.952841999,0.9161594026458892,0.9642857142857142,1236.8891905459386,1.889238582041141,1133.1876619497245,0.5739644882548632,6.385060909755992,0.4,3.601
E01028763,E02005995,14.772299755164758,4.825934078662772,0.9033772064075094,0.98989899,3250.091484394507,1.855204234259606,2936.0585657411452,0.694753564868252,7.766879247232987,0.37499999999999994,3.741
E01028764,E02006007,15.142090599551231,-6.546222762,0.902629145197516,0.9767441862093024,10021.631550531914,1.8654682854722764,9045.816719941078,0.5899543282232148,7.571045299775614,0.3333333333333333,3.192
E01028765,E02006007,14.58522800702237,6.539935521913923,0.902629145197516,0.9767441862093024,4787.483583148559,1.790724187158576,4321.322214304525,0.4260921530723746,7.292614003511183,0.3333333333333333,3.372
E01028767,E02006004,15.86508598943831,-1.894566199,0.9161594026458892,0.9642857142857142,4564.728277483833,1.8618423207461658,4182.018731940388,0.6013745592510424,7.371656119349483,0.4117647058823529,4.225
E01028771,E02006006,14.000065010822636,13.695585029188562,0.8665351742274819,0.9756097564878049,3426.4429316239316,1.734859782707956,2969.1333227352675,0.24035607936778527,2.121221971336763,0.5714285714285715,3.371
E01028772,E02006005,13.151166436862669,-16.69346058,0.8872793119058398,0.9787234042765957,5360.520203125,1.6766113570340968,4756.278677286103,0.3234782559526957,6.575583218431334,0.21052631578947364,3.018
E01028773,E02006006,14.575629530137821,8.894418644268498,0.8665351742274819,0.9756097564878049,5687.578805851064,1.767732088770837,4928.487091460685,0.32941175976894127,2.2084287166875485,0.2,4.987
E01028774,E02006006,14.210435544973858,10.350558619625769,0.8665351742274819,0.9756097564878049,2821.809595057034,1.7373327188877803,2445.1972690895273,0.3608465549584615,2.1530962946930083,0.5714285714285715,4.987
E01028775,E02006006,11.842545258567764,11.632278476636536,0.8665351742274819,0.9756097564878049,3022.672552173913,1.7643516466130587,2619.2520866306495,0.3215962391565277,1.7943250391769336,0.22222222222222224,2.619
E01028776,E02005995,15.445851632472174,-3.605084595,0.9033772064075094,0.98989899,5999.547376028202,1.8797686039524997,5419.854348265861,0.6444249234651563,8.121014770103402,0.29411764705882354,3.723
E01028777,E02005997,14.854981540866888,0.3979324343000004,0.8947269656595984,0.9999999996666666,7051.670089775561,1.8925042616494994,6309.319382257436,0.799999986544967,9.3374169685449,0.37499999999999994,3.167
E01028778,E02005997,13.155633400074207,17.621907134887575,0.8947269656595984,0.9999999996666666,5117.958707920792,1.866570350868326,4579.175665109089,0.6292682812793577,8.269255280046645,0.5,2.569
E01028779,E02005997,13.413202718334388,9.142679212029131,0.8947269656595984,0.9999999996666666,4743.076869503546,1.9047891076817949,4243.758775341134,0.6166666558843438,8.431155994381616,0.28571428571428575,2.588
E01028780,E02005993,15.845698462687757,4.1313264615847896,0.907681661,0.963855421686747,4756.724682073704,1.7771952048706505,4317.591760344357,0.5483870874399452,8.987112560927383,0.43750000000000006,4.295
E01028781,E02005993,12.140289768636343,-17.47035514,0.907681661,0.963855421686747,4567.459229268293,1.8182084080829757,4145.798979772024,0.30066444700012973,6.885537480719118,0.25,2.265
E01028782,E02005993,14.462501570688687,10.036303890801214,0.907681661,0.963855421686747,2724.3718316690442,1.8649872081356091,2472.8623493509704,0.6085972751747254,8.202612831136864,0.14285714285714282,3.817
E01028783,E02005993,15.014728426780797,-11.43206531,0.907681661,0.963855421686747,5096.037129032258,1.8464280442209258,4625.579445797672,0.5664556865285679,8.515816122651794,0.4615384615384615,3.553
E01028784,E02005999,15.260021362624352,1.8078187500886147,0.908395062,0.9887640449438202,3258.8597663335895,1.7791300121997256,2960.3321194879063,0.35150570577610163,7.170371483642767,0.23076923076923075,4.674
E01028785,E02006003,13.906292997550924,0.8264936212228419,0.9153687370988928,0.9861111111111112,3358.986944785276,1.8443587119637659,3074.7116375797664,0.5613682004057952,5.866717358341796,0.4615384615384615,2.941
E01028786,E02006003,13.336743121538069,17.064746759909784,0.9153687370988928,0.9861111111111112,1900.4464782208588,1.8485222875514589,1739.609292693066,0.5073612596349573,5.626438504398873,0.4615384615384615,2.915
E01028787,E02006003,15.389222706755888,2.898974345658094,0.9153687370988928,0.9861111111111112,2096.70723424598,1.8348641652148925,1919.2602530778552,0.4238476883238222,6.49232832941264,0.13043478260869565,5.481
E01028788,E02005998,15.529847289550771,2.553846028193857,0.9010380622837372,0.9883720930232558,4268.247630284397,1.8442970191546109,3845.8535741386063,0.7029787112412279,8.606903317100425,0.23076923076923075,3.893
E01028789,E02005998,13.443835592676056,-5.864452723,0.9010380622837372,0.9883720930232558,5944.632267241379,1.8399364231801203,5356.339939064551,0.5236250883472005,7.450800448952993,0.3478260869565218,3.028
E01028790,E02005998,14.963792832216848,6.627556236,0.9010380622837372,0.9883720930232558,2032.7347885235333,1.8727918529484948,1831.5714149879868,0.5207279995635716,8.293186388939457,0.1935483870967742,4.235
E01028791,E02005998,13.921029368292837,-13.6221313,0.9010380622837372,0.9883720930232558,2771.2868029925185,1.8759864265397184,2497.0348910008715,0.6175514515397318,7.71526928845145,0.37499999999999994,2.89
E01028792,E02005999,13.93024356924381,6.110708341891591,0.908395062,0.9887640449438202,1357.8365012106538,1.9319012406473957,1233.451972703115,0.6116071325089687,6.545536134945886,0.2727272727272727,3.785
E01028793,E02005999,15.022385396911387,5.658664065707716,0.908395062,0.9887640449438202,9524.273025641025,1.8793327802691397,8651.802585632106,0.517587931266231,7.0587112105969165,0.35714285714285715,3.221
E01028794,E02005999,14.541988650899594,12.82116877891727,0.908395062,0.9887640449438202,4584.887407982262,1.8780239712412663,4164.8890812370655,0.3934942220003877,6.832982619097399,0.3333333333333333,3.03
E01028795,E02005994,15.39123580626163,-6.134968568,0.9067283730865076,0.9905660380943396,3116.85710896196,1.90912593771082,2826.142775552193,0.5740922381011518,6.790251089187044,0.1935483870967742,4.2
E01028796,E02005994,14.550669202944585,4.748763904695073,0.9067283730865076,0.9905660380943396,4624.860022172949,1.9315167378121187,4193.491803657707,0.5532435645643301,6.419412881940179,0.4444444444444445,3.347
E01028797,E02005994,14.944033469825575,-5.239730301,0.9067283730865076,0.9905660380943396,1872.250949727438,1.9549586259950194,1697.6230576560285,0.6112637262803219,6.592955940811985,0.09090909090909091,4.775
E01028798,E02005995,14.990155077854395,-2.493487552,0.9033772064075094,0.98989899,9222.196732193732,1.8456208161074235,8331.122320869636,0.543782183361657,7.8814217364013235,0.35714285714285715,3.262
E01028799,E02005997,15.235550550863303,-0.58575407,0.8947269656595984,0.9999999996666666,6609.08130830671,1.7960792259275864,5913.323264778831,0.5266524433678245,9.576631774828362,0.28,3.582
E01028800,E02006003,15.022199078891493,4.411722362577317,0.9153687370988928,0.9861111111111112,6066.056306715063,1.8310848948002778,5552.678300648541,0.4417744847247346,6.337490236407349,0.1818181818181818,4.005
E01028801,E02006007,14.368611908956904,3.5370571656888776,0.902629145197516,0.9767441862093024,3470.330914171657,1.8869599907177463,3132.421826611277,0.5531453268905192,7.18430595447845,0.3,4.611
E01028802,E02006007,14.375151080450939,3.160473834,0.902629145197516,0.9767441862093024,3327.0765893536122,1.8799392337993481,3003.1162978549182,0.6385169820387564,7.187575540225468,0.3333333333333333,3.282
E01028804,E02005996,13.930351185424765,12.968409301774486,0.8986625514403292,0.9904761907619047,6373.259409090909,1.9179886521612177,5727.409561564721,0.655808893169182,9.238022365071158,0.28571428571428575,2.74
E01028806,E02005994,14.017030927442109,12.697534669570391,0.9067283730865076,0.9905660380943396,3050.5240748129677,1.8850011767289403,2765.996731416386,0.579555545669626,6.183984231045986,0.37499999999999994,3.286
E01028807,E02006002,15.64353957455187,8.117280264,0.921273128,0.9731182795698925,3657.6195602586718,1.911410270444211,3369.6666133134913,0.46271637116933306,7.604498404296048,0.47058823529411764,4.319
E01028808,E02006002,13.71067445677714,1.5754353496580904,0.921273128,0.9731182795698925,2991.598328239203,1.8856262856267487,2756.0791495765015,0.35693888656184397,6.664911194266665,0.3333333333333333,3.206
E01028809,E02006001,11.05795105799725,21.75796436956401,0.9053497942386832,0.9444444444444444,434.55767506849315,1.8233721935158405,393.42670170810084,0.2340153410879868,4.644339444358845,0.3103448275862069,2.311
E01028810,E02006000,10.36401603653513,21.60540397,0.8765522279035792,0.9863013699041095,880.4785355555555,1.8796822234880437,771.7854219625029,0.4541577761006498,5.79165602041669,0.14285714285714282,2.087
E01028811,E02006000,12.665675943337664,19.96286278,0.8765522279035792,0.9863013699041095,1575.5628895522389,1.8718245996352352,1381.0631610392159,0.3528722099383736,7.077877733041636,0.625,2.725
E01028813,E02006000,12.448615469078357,19.679864524911128,0.8765522279035792,0.9863013699041095,1688.0540741721854,1.8829245792729299,1479.6675595373429,0.28883774022298564,6.956579232720259,0.5,2.472
E01028814,E02006000,14.47384843669214,9.22732014,0.8765522279035792,0.9863013699041095,4534.221,1.8712762807561631,3974.4815193571944,0.550056234307326,8.088327067563256,0.29411764705882354,3.334
E01028815,E02006000,13.586062184337383,8.928744767857959,0.8765522279035792,0.9863013699041095,4937.7081310559,1.8947639128369613,4328.1590630146675,0.7065573632565201,7.5922112206591255,0.21875000000000003,2.781
E01028816,E02006002,13.193972300176576,12.883957417857753,0.921273128,0.9731182795698925,4262.829972222222,1.9880366830301381,3927.2307026413196,0.34610777890190914,6.4137365348080575,0.4,2.395
E01028817,E02006002,11.051632881119174,18.56231906718978,0.921273128,0.9731182795698925,1537.7028917073171,1.9793899657369562,1416.6443529778453,0.3623655859078161,5.372321539432932,0.25,1.931
E01028818,E02006002,16.64071559389048,7.2002609151620405,0.921273128,0.9731182795698925,2810.2651958007,1.951099110141795,2589.0218074448435,0.5325047713329758,8.089236747030094,0.3333333333333333,5.568
E01028819,E02006002,13.129943676603391,13.586390535542147,0.921273128,0.9731182795698925,592.0135736780259,1.9349779761590504,545.4061968408134,0.40070608319714524,6.382611509459982,0.4117647058823529,3.99
E01028820,E02006001,16.022631954600932,-8.081711176,0.9053497942386832,0.9444444444444444,2596.2618089117395,1.6337691107137944,2350.525094487995,0.33197931548709436,6.729505420932393,0.14285714285714282,5.282
E01028821,E02006001,11.829804554081411,11.91383700071222,0.9053497942386832,0.9444444444444444,1359.2342287128713,1.8245251696737785,1230.5824292873733,0.39321356718958306,4.968517912714193,0.5,2.517
E01028822,E02006001,12.474338806416608,16.79126701319791,0.9053497942386832,0.9444444444444444,1041.984184063745,1.8140624607743923,943.3601666420738,0.40773808925146454,5.239222298694976,0.6,3.178
E01028823,E02005996,15.20869886488804,14.226913793075145,0.8986625514403292,0.9904761907619047,3832.226503330162,1.9276679488624442,3443.878447179935,0.7367788342874564,10.085768720925751,0.42857142857142855,3.614
E01028824,E02005996,13.719712328022855,-3.5897006,0.8986625514403292,0.9904761907619047,1395.7701004608296,1.8754695251207592,1254.3263197042538,0.6051752825404961,9.098335543846733,0.30769230769230765,3.963
E01028825,E02005996,13.711565672606662,-5.387676771,0.8986625514403292,0.9904761907619047,1000.3040726970033,1.891579531230435,898.9358101860416,0.6117646956203001,9.092933024991785,0.4444444444444445,4.383
E01032554,E02005941,13.594827822607321,17.588666091438064,0.8846187439951088,0.9907407407407407,1067.8696098535288,1.8377098105992526,944.6574730191754,0.967741918772339,9.647942325721326,0.3333333333333333,4.675
E01032555,E02005941,12.313017326285612,-13.18381772,0.8846187439951088,0.9907407407407407,1264.6223744318181,1.8715732270161016,1118.708656497987,0.6368670789790114,8.73827036058979,0.42857142857142855,2.915
E01032700,E02006847,10.595241350789669,0.000137099,0.8730864197530864,0.9777777777777779,783.2020298039216,1.7597936334842843,683.803056144856,0.3775933551705722,6.020023494766857,0.3,2.41
E01032701,E02006848,10.350996509356598,18.78385352415839,0.8786848072562359,0.9761904761904763,309.7743196039604,1.8061625492446107,272.1939883141376,0.3560371470217613,6.311583237412559,0.5,2.409
E01032702,E02006848,11.289827532240475,46.18046712630547,0.8786848072562359,0.9761904761904763,547.9633532191781,1.7884131574762758,481.4870734068742,0.3912590993215748,6.88404117819541,0.3103448275862069,2.538
E01032703,E02006847,11.760917059526548,16.46775097638078,0.8730864197530864,0.9777777777777779,637.5319208955224,1.7749053850393552,556.6204622929796,0.36113575336082415,6.682339238367356,0.625,2.276
E01032704,E02006848,12.616248057717657,12.862739210598864,0.8786848072562359,0.9761904761904763,1712.5876392045457,1.7313060707809478,1504.8247396638583,0.30450069898857324,7.692834181535155,0.42857142857142855,2.923
E01032705,E02006847,13.586062184337383,8.928744767857959,0.8730864197530864,0.9777777777777779,12045.015289393938,1.7760294320350567,10516.33927488814,0.3247863202337645,7.719353513828057,0.30769230769230765,2.223
E01032706,E02003232,11.556249508513618,7.302937255,0.9048442906574394,0.9701492540597015,1374.034514473684,1.8238071570612973,1243.28728558778,0.47403684439433375,6.267796343600606,0.3333333333333333,2.0084025043699767
E01032707,E02003232,11.982023405453686,17.371899984649517,0.9048442906574394,0.9701492540597015,228.03731155492153,1.7835112095529468,206.3382594173425,0.602821074478599,6.498724558890135,0.42857142857142855,3.027
E01032708,E02003223,14.07516965753958,12.552850222238783,0.9096174363664076,0.9506172839506173,1079.506276436303,1.90357028398962,981.9377317134365,0.3606321791281152,4.818526548286734,0.25,4.173
E01032709,E02006847,13.586062184337383,8.928744767857959,0.8730864197530864,0.9777777777777779,8735.945154945053,1.7924711219056197,7627.235078490298,0.3275547400844312,7.719353513828057,0.16666666666666669,2.29
E01032710,E02006849,14.017046995018548,5.494863472566414,0.8961111111111111,0.9655172413793104,764.0723354153653,1.816218526907716,684.6937094583245,0.35923309279874066,8.760654371886591,0.625,4.383
E01032711,E02006848,12.011647199724417,14.388321642150416,0.8786848072562359,0.9761904761904763,2032.8458197530863,1.7549731028050737,1786.2307373113854,0.3383518178657001,7.324175121783179,0.43750000000000006,2.409
E01032712,E02006848,12.207076330170187,13.441802106050776,0.8786848072562359,0.9761904761904763,885.8399898230089,1.6943761622206555,778.3741407174965,0.3436046462903969,7.443339225713527,0.3333333333333333,2.892
E01032713,E02006847,11.536680631466014,-27.24727697,0.8730864197530864,0.9777777777777779,215.13226218487395,1.7303275814516652,187.8290565643739,0.33695651712860014,6.554932176969325,0.5263157894736842,3.194
E01032714,E02003230,16.172067388512275,5.1503429023560106,0.8989349112426035,0.9624060150375939,3836.6218538713197,1.8382077595942539,3448.8733256812475,0.38955385782262036,6.021514451449032,0.45454545454545453,4.819
E01032715,E02003230,15.687614805238017,-2.595403766,0.8989349112426035,0.9624060150375939,4061.188478450968,1.9068750681410087,3650.744104415805,0.3428316961367158,5.841133170494196,0.37499999999999994,3.896
E01032716,E02003223,15.99353509815706,7.091761035187215,0.9096174363664076,0.9506172839506173,3330.3836235382873,1.9135115586758824,3029.375013759564,0.24474959271249558,5.475264266540778,0.33962264150943394,4.667
E01032724,E02003357,14.42574406410847,1.7667951813866234,0.900423257,0.9701492537313432,3195.9378489583332,1.783516876965018,2877.6967671286366,0.37774523606164356,8.758487467494426,0.2173913043478261,4.279
E01032726,E02003360,13.522628914474783,17.54073136616148,0.8972921006248998,0.925,236.78497064423993,1.8235579702139741,212.4652837057753,0.2680921012638235,7.905536903846797,0.047619047619047616,4.73
E01032728,E02003357,14.576052895277794,12.233543746627651,0.900423257,0.9701492537313432,1155.8266893571042,1.7793804157109432,1040.733232158451,0.3487569012193186,8.849746400704372,0.18918918918918917,5.136
E01032729,E02003415,14.114214521844056,1.4291187760652917,0.9210738421476844,0.952755905511811,1455.8417656587474,1.8854422842569425,1340.9377686543712,0.32322535713923856,7.0571072609220264,0.13513513513513514,4.928
E01032730,E02003415,15.511032078176548,8.990712542305593,0.9210738421476844,0.952755905511811,1945.5502470546232,1.8727369350387262,1791.9954411459785,0.4007421095696077,7.755516039088272,0.28571428571428575,5.12
E01032731,E02003419,12.521143355954488,9.808514736072672,0.8982344772862527,0.958333333,780.826898005698,1.8371172691923987,701.3656405811943,0.45918366691814033,7.512686013572691,0.42857142857142855,2.647
E01032732,E02003419,12.957135753763447,16.724817646602222,0.8982344772862527,0.958333333,3006.02384893617,1.8118852275522428,2700.11426065919,0.35279604740926906,7.774281452258067,0.28571428571428575,2.417
E01032733,E02003425,16.01706280906377,-16.73937072,0.8988111046884032,0.9565217391304348,2868.623441764519,2.002310353713516,2578.3506046274165,0.41523971994100695,10.832796102748443,0.28571428571428575,5.646
E01032734,E02003425,16.67072472742488,2.1202342358745003,0.8988111046884032,0.9565217391304348,2780.0604191329385,1.9827219857807779,2498.7491764213814,0.4816076228181548,11.274886289079628,0.28,6.86
E01032759,E02003450,14.921996686435815,-9.723105307,0.8651892890120036,0.9910714285714286,5487.683774954628,1.842895986272361,4747.885223575702,0.4644171708025444,13.444571272380447,0.2727272727272727,3.866
E01032941,E02005924,15.3256730599878,11.512361492273705,0.9215972222222222,0.9451476793248945,1257.2800491530131,1.9839833376469962,1158.7058008548358,0.21442494802351347,5.700402789367017,0.16666666666666669,5.571
E01032942,E02005924,15.008567307264526,5.955631609626039,0.9215972222222222,0.9451476793248945,1938.355886537331,1.9734602464988293,1786.383400710897,0.35714285228722176,5.582454917826716,0.2647058823529412,4.528
E01032943,E02005922,12.13388791583639,-38.17751952,0.8851873884592505,0.9761904761904762,2448.3000394736846,1.6735388548903525,2167.204318106391,0.34974241063271444,5.902972499596082,0.3333333333333333,2.495
E01032944,E02005922,10.351214139569564,18.05043158819337,0.8851873884592505,0.9761904761904762,613.6081623529411,1.775918680676231,543.1582067704798,0.3205128161508118,5.035725797628436,0.2,2.093
E01032947,E02006000,12.963120411133472,9.098345042844926,0.8765522279035792,0.9863013699041095,1544.9042297101448,1.823619154955757,1354.1892444500904,0.4083997045372636,7.244096700339293,0.5454545454545454,3.436
E01032948,E02006000,12.344833466515718,-0.380114001,0.8765522279035792,0.9863013699041095,417.0033707803993,1.8189378756588688,365.5252337008613,0.5863521386255627,6.8985834077587835,0.45454545454545453,3.395
E01032949,E02006005,12.560680821925482,19.913611750567707,0.8872793119058398,0.9787234042765957,1418.5243308457711,1.785246459484526,1258.6272921945276,0.35067436915185946,6.280340410962741,0.37499999999999994,3.253
E01032950,E02006005,11.684360947047587,-66.3405935,0.8872793119058398,0.9787234042765957,980.9897165289256,1.7478647813978534,870.4118806684899,0.35135134643857696,5.842180473523793,0.16666666666666669,3.381
E01032951,E02006005,14.628248232188247,10.43681188027888,0.8872793119058398,0.9787234042765957,3462.472285714286,1.7267896592017495,3072.180027161612,0.2872180408261067,7.314124116094123,0.30769230769230765,4.623
E01032952,E02006000,14.291675762532275,19.21434853413881,0.8765522279035792,0.9863013699041095,5348.464966777409,1.8696412615018387,4688.208882492981,0.6338354473131268,7.98652469082686,0.25,3.002
E01032953,E02006005,12.987730972488158,14.078466253600311,0.8872793119058398,0.9787234042765957,2174.2167771144277,1.6835471638564328,1929.137565932222,0.31190925779728496,6.493865486244079,0.25,4.472
E01033305,E02005983,14.642642130341613,-2.80714448,0.9256790123456792,0.9382022471910112,1235.4127212317667,1.9855246395410493,1143.5956276291097,0.7398189937958378,6.626597170292736,0.32432432432432434,4.786
E01033306,E02005983,16.05518129920995,12.898815969698967,0.9256790123456792,0.9382022471910112,4578.370531448075,1.9375164225683212,4238.101511703416,0.7084690449610213,7.265848473167553,0.39024390243902435,4.458
E01033415,E02006939,17.82179135508513,-2.224159113,0.8878638941398865,0.9246376811594202,1615.8980059410019,1.9488641271249123,1434.6974960876555,0.47593376406965243,14.31356471038333,0.17647058823529405,8.031
E01033417,E02006939,14.096495743492452,-39.79827776,0.8878638941398865,0.9246376811594202,2403.689624319419,2.079997169851835,2134.1492301518806,0.7069716686727092,11.321595006584488,0.1818181818181818,3.71
E01033418,E02003398,14.119231781771283,-45.91899466,0.9140828402366864,0.9692307693076924,588.8267240330291,1.7760725834054307,538.2364043113748,0.504661998115515,7.183468801252055,0.3478260869565218,5.06
E01033420,E02006940,16.67410212342985,6.455501473647337,0.891975214,0.9505494505494505,2324.6166951073187,1.9761887334698536,2073.5004740863233,0.610025481211929,13.362932907429595,0.3333333333333333,6.122
E01033421,E02003398,14.351502876657552,-26.54431978,0.9140828402366864,0.9692307693076924,502.54113966480446,1.754128042827705,459.3642322805858,0.5391780750509949,7.301641814439806,0.11764705882352938,4.847
E01033422,E02006939,15.034247206508113,10.282487297692176,0.8878638941398865,0.9246376811594202,7941.103819248826,2.0469812508890364,7050.619360727388,0.45700245139940476,12.074749724912026,0.4117647058823529,3.867
E01033423,E02006939,14.797146653890696,-2.954589118,0.8878638941398865,0.9246376811594202,2806.3281976866456,2.0058616353569487,2491.6374818326344,0.5345804926658068,11.884322509424022,0.3684210526315789,3.547
E01033838,E02006940,15.678576765778432,-9.293185605,0.891975214,0.9505494505494505,10293.071103833865,1.9529615078202016,9181.164300559429,0.5080955987124491,12.565100528602573,0.28,6.347429466211859
E01033839,E02006940,15.678576765778432,-9.293185605,0.891975214,0.9505494505494505,4769.402302738712,1.9330669076374283,4254.188639637456,0.4437798992176147,12.565100528602573,0.25925925925925924,6.347429466211859
E01033841,E02003219,14.646478154747964,9.695108919808511,0.9216639313218028,0.9606741573033708,2547.7667280799114,1.9291605368959124,2348.1846986930177,0.24055943696618912,8.041203692802803,0.3333333333333333,5.497194321078954
E01033843,E02003219,14.646478154747964,9.695108919808511,0.9216639313218028,0.9606741573033708,9145.569011952191,1.984353719076403,8429.141089730712,0.41299303252480357,8.041203692802803,0.4,5.497194321078954
E01033845,E02003226,16.44765483022356,-7.055512632,0.9058956916099772,0.9647058823529411,4211.920617994548,1.8200894192075527,3815.5607412444933,0.41432791187199597,5.570979865563902,0.24242424242424243,2.964690726724305
E01033846,E02003226,16.44765483022356,-7.055512632,0.9058956916099772,0.9647058823529411,42648.92625766872,1.8137272481717461,38635.47854861372,0.24929774958947643,5.570979865563902,0.30769230769230765,2.964690726724305
E01033847,E02003235,13.56766653691945,2.0824495732548174,0.9056937255397046,0.9887640449438202,842.8516981641468,1.8569702428254509,763.3654945877528,0.5355450145238878,6.783833268459725,0.13513513513513514,4.3217488037637
E01033848,E02003235,13.56766653691945,2.0824495732548174,0.9056937255397046,0.9887640449438202,3882.98842039801,1.8395021527926305,3516.7982486978067,0.42668519200900573,6.783833268459725,0.5,4.3217488037637
E01033849,E02003236,14.95869709567246,1.7358910932787497,0.9049483802064792,0.9811320754716981,9621.922766871166,1.78486641342558,8707.343422351907,0.3225057957020258,7.313140802328757,0.4615384615384615,2.7701762209252343
E01033850,E02003236,14.95869709567246,1.7358910932787497,0.9049483802064792,0.9811320754716981,5219.212682196339,1.8494695647749593,4723.118062706691,0.45762711175057474,7.313140802328757,0.5,2.7701762209252343
E01033851,E02003373,14.759946127855004,-3.237850607,0.8996875,0.9759036142891566,1903.301713545522,1.7484389195458052,1712.3767604054867,0.5437920988000976,9.516281056117041,0.3333333333333333,3.2277924240467453
E01033851,E02003373,13.674267031480214,10.293498794344012,0.8996875,0.9759036142891566,642.691959511473,1.7484389195458052,578.2219223229783,0.5437920988000976,8.816303743980663,0.3333333333333333,3.2277924240467453
E01033852,E02003385,16.465705362861335,-3.077493528,0.9244470868014268,0.9655172413793103,2888.5523750255047,2.0209966959056285,2670.31382816567,0.5106177529979243,9.343330484972478,0.18367346938775508,5.157115532219111
E01033853,E02003385,16.465705362861335,-3.077493528,0.9244470868014268,0.9655172413793103,15712.314306326303,1.9951369454869792,14525.203187391733,0.5008445866631454,9.343330484972478,0.5,5.157115532219111
E01033854,E02003385,16.465705362861335,-3.077493528,0.9244470868014268,0.9655172413793103,9431.575742838108,1.9605316801467028,8718.992719413693,0.3686690171488594,9.343330484972478,0.16666666666666669,5.157115532219111
E01033855,E02003385,16.757549901886577,5.662790987666073,0.9244470868014268,0.9655172413793103,3609.68588649781,2.0366751941434305,3336.9636020411263,0.4346405163798825,9.508935293163546,0.3333333333333333,5.157115532219111
E01033856,E02003385,16.757549901886577,5.662790987666073,0.9244470868014268,0.9655172413793103,25238.962170439412,2.057653511563548,23332.08505235413,0.5468926481618439,9.508935293163546,0.4666666666666667,5.157115532219111
E01033857,E02003405,16.568469487821062,5.269694819,0.9134687075128284,0.9139072847682118,6673.324066354743,1.871352643500317,6095.87270970732,0.24425475674416666,10.488297198712415,0.2553191489361702,2.312375756542812
E01033858,E02003405,16.568469487821062,5.269694819,0.9134687075128284,0.9139072847682118,980.5002737328917,1.8628103343226938,895.656317762759,0.45944412314610317,10.488297198712415,0.18749999999999997,2.312375756542812
E01033859,E02003405,16.568469487821062,5.269694819,0.9134687075128284,0.9139072847682118,36828.603004694836,1.9338641382617312,33641.77638620166,0.6595744601345894,10.488297198712415,0.47058823529411764,2.312375756542812
E01033860,E02006849,13.968274429474393,13.457400984999554,0.8961111111111111,0.9655172413793104,3573.769463190184,1.7703880622706787,3202.494524514315,0.27245730880440966,8.730171518421495,0.4615384615384615,2.5520923280486394
E01033861,E02006849,13.968274429474393,13.457400984999554,0.8961111111111111,0.9655172413793104,1293.0619811320755,1.75687537744727,1158.7272086477988,0.370090628842209,8.730171518421495,0.3333333333333333,2.5520923280486394
E01034751,E02005996,14.853494374746038,-2.22331168,0.8986625514403292,0.9904761907619047,11249.073868525897,1.907283547743237,10109.121424030218,0.5524920376369276,9.850212059042107,0.3,3.667042027682976
E01035234,E02003352,14.306035128760644,4.763907821131308,0.8924444444444444,0.986486487,1717.3204100946373,1.9061233421994606,1532.613059320014,0.5290858640756287,8.865711910781243,0.26315789473684204,3.330685459225112
E01035235,E02003352,14.306035128760644,4.763907821131308,0.8924444444444444,0.986486487,8125.232388059701,1.8381621125219982,7251.318504543946,0.5269841169017219,8.865711910781243,0.37499999999999994,3.330685459225112
E01035236,E02003353,15.247630067172695,9.070345515051068,0.9068444444444445,0.9797297297297297,10442.803930174565,1.9079589897827312,9469.998728501414,0.4254703259455141,8.885309607489123,0.25,3.435824132219234
E01035237,E02003353,15.247630067172695,9.070345515051068,0.9068444444444445,0.9797297297297297,2699.9125570599613,1.9259475654000688,2448.4007028556202,0.36834318986099945,8.885309607489123,0.1935483870967742,3.435824132219234
E01035238,E02003353,14.338797857702957,8.158083280604984,0.9068444444444445,0.9797297297297297,3368.3933672654694,1.9719690217396573,3054.608811808206,0.46376810905272003,8.355702348733377,0.4,3.435824132219234
E01035239,E02003353,14.338797857702957,8.158083280604984,0.9068444444444445,0.9797297297297297,5606.5284950166115,2.005941007187123,5084.249218325286,0.5413839809252554,8.355702348733377,0.25,3.435824132219234
E01035240,E02003353,14.338797857702957,8.158083280604984,0.9068444444444445,0.9797297297297297,30135.090660714286,1.9379367250710526,27327.839548498414,0.3717442724640487,8.355702348733377,0.45454545454545453,3.435824132219234
E01035241,E02003358,16.428714769309288,-6.047124879,0.9038378076756154,0.9448818897637796,2273.40342776204,1.8912555852122104,2054.7879701106713,0.4108658692641265,10.141181956363758,0.41666666666666663,3.4725329485536576
E01035242,E02003358,16.428714769309288,-6.047124879,0.9038378076756154,0.9448818897637796,13629.064905094905,1.8250212494313234,12318.464144489648,0.318509611096986,10.141181956363758,0.4,3.4725329485536576
E01035243,E02003358,12.604871377647992,0.954622462,0.9038378076756154,0.9448818897637796,660.7666042128602,1.8551599980129754,597.2258389370127,0.4755244686853474,7.780784801017279,0.3333333333333333,3.4725329485536576
E01035244,E02003358,12.604871377647992,0.954622462,0.9038378076756154,0.9448818897637796,2950.5518663366333,1.8976429615401926,2666.820330302898,0.3453772531354566,7.780784801017279,0.25,3.4725329485536576
E01035245,E02003360,12.254169335492417,-9.218930735,0.8972921006248998,0.925,1890.5713594594595,1.8334598797983708,1696.394746510651,0.4240454856369005,7.163975919210952,0.3181818181818182,2.724249424902357
E01035246,E02003360,12.254169335492417,-9.218930735,0.8972921006248998,0.925,1389.7577543046357,1.8188375400385448,1247.01865471975,0.4633757892867359,7.163975919210952,0.5,2.724249424902357
E01035247,E02003417,16.8343935721323,-13.10334192,0.9044760966287436,0.9725274725274724,5115.824788802799,1.9391534400730321,4627.1412360129225,0.4022582864350072,11.295335041946831,0.37499999999999994,4.023693785358869
E01035248,E02003417,16.8343935721323,-13.10334192,0.9044760966287436,0.9725274725274724,17405.114778911564,1.9594611693189081,15742.51027660519,0.41631622600039203,11.295335041946831,0.14893617021276595,4.023693785358869
E01035249,E02003417,13.366671908062191,13.430495690999477,0.9044760966287436,0.9725274725274724,4527.433271631206,1.9935127805469832,4094.955173272095,0.5782556655788084,8.968605667344953,0.28571428571428575,4.023693785358869
E01035250,E02003417,13.366671908062191,13.430495690999477,0.9044760966287436,0.9725274725274724,2543.299168525896,1.952615722208331,2300.353304507432,0.5728643127943739,8.968605667344953,0.3,4.023693785358869
E01035251,E02007068,15.370890186632604,-12.43716412,0.9106443574225704,0.9811320753584906,7566.9064552715645,1.6997453539219878,6890.760666637474,0.30981431905800516,7.685445093316302,0.36,2.602393345243667
E01035252,E02007068,15.411771259447226,-0.047785088,0.9106443574225704,0.9811320753584906,24549.97583084577,1.8011393303856535,22356.296965220183,0.3761220773924976,7.705885629723613,0.37499999999999994,2.602393345243667
E01035253,E02007068,15.370890186632604,-12.43716412,0.9106443574225704,0.9811320753584906,31370.08901324503,1.779544235277653,28566.994551755357,0.5927710759957034,7.685445093316302,0.16666666666666669,2.602393345243667
E01035254,E02007069,15.411771259447226,-0.047785088,0.9143253555324315,0.9574468085106382,2405.9215709410046,1.8366285048495001,2199.7950957337803,0.35371785456846677,8.476474192695974,0.1463414634146341,3.044022716174963
E01035255,E02006004,15.06801490644894,1.925931056194328,0.9161594026458892,0.9642857142857142,4991.574817403709,1.9589263632758722,4573.078202974845,0.6336779806353516,7.001299858413571,0.35714285714285715,3.967143024294371
E01035256,E02003439,13.940541115658656,-5.536136381,0.905213753698602,0.9693877551020409,780.9662853204687,1.825448870836815,706.941422646995,0.7012811747084544,8.094507744575994,0.3103448275862069,5.044215214668994
E01035256,E02003439,14.370790097950954,13.874545299606412,0.905213753698602,0.9693877551020409,1200.8456202618884,1.825448870836815,1087.0219715297899,0.7012811747084544,8.344329734294103,0.3103448275862069,5.044215214668994
E01035257,E02003446,15.247943477280238,-38.79299104,0.8515668981047101,0.9729729733783784,3639.337104257168,1.740241585486636,3099.1390090296545,0.3818181770700751,15.009694360447734,0.30434782608695654,2.834473994203364
E01035258,E02003446,15.247943477280238,-38.79299104,0.8515668981047101,0.9729729733783784,39517.70761320755,1.8588725957926568,33651.97169238804,0.6964490149538465,15.009694360447734,0.28571428571428575,2.834473994203364
E01035259,E02003450,13.996844364593612,-10.59913114,0.8651892890120036,0.9910714285714286,3415.425313390313,1.8866957300271987,2954.9893985657645,0.456168824211516,12.61101819029712,0.5,3.0746277403612323
E01035260,E02003450,13.996844364593612,-10.59913114,0.8651892890120036,0.9910714285714286,6811.444801136363,1.8464655029437633,5893.189084639678,0.42040564834548383,12.61101819029712,0.42857142857142855,3.0746277403612323
E01035261,E02003452,13.343414273923054,4.363864773,0.8657142857142857,0.9857142855714286,2484.8305111553786,1.7964469106028824,2151.153271085942,0.518926351783528,10.058881529572764,0.3,3.317085675463814
E01035262,E02003452,13.343414273923054,4.363864773,0.8657142857142857,0.9857142855714286,1555.342788778055,1.808337576989823,1346.4824714278589,0.7878787745858061,10.058881529572764,0.37499999999999994,3.317085675463814
E01035263,E02003455,15.2120306959095,7.695648658627995,0.896953125,0.9811320758301887,17881.026349557524,1.9391459116615044,16038.442462442963,0.47450110174912297,10.67864406467819,0.3333333333333333,5.989808060680139
E01035264,E02003455,15.2120306959095,7.695648658627995,0.896953125,0.9811320758301887,776.9874937512017,1.9435052797682715,696.9213606060583,0.4409198978358605,10.67864406467819,0.13461538461538458,5.989808060680139
E01035265,E02003455,14.0375868615722,6.944768017507258,0.896953125,0.9811320758301887,3320.9192872340427,1.87495384121783,2978.7089325573475,0.42507345107689565,9.85420004852088,0.3333333333333333,5.989808060680139
E01035266,E02003455,14.0375868615722,6.944768017507258,0.896953125,0.9811320758301887,4148.390870431894,1.9551341511469307,3720.9121549553574,0.4633928498692443,9.85420004852088,0.25,5.989808060680139
E01035267,E02003456,14.771608070835782,-22.1458732,0.9079861111111112,0.9684210526315788,3247.8442234706617,1.885491614205873,2948.997445963813,0.46498598715161893,7.800736846396424,0.37499999999999994,3.604736686001508
E01035268,E02003456,14.771608070835782,-22.1458732,0.9079861111111112,0.9684210526315788,51010.25927450981,1.907667317439222,46316.60694543165,0.39960629355282035,7.800736846396424,0.2,3.604736686001508
E01035269,E02003456,15.89548293185276,-1.815822053,0.9079861111111112,0.9684210526315788,4848.12040278619,1.7422420813481982,4402.025990724267,0.45810292704334277,8.394243795472805,0.24242424242424243,3.604736686001508
E01035269,E02003456,11.58156942972964,7.745092394556111,0.9079861111111112,0.9684210526315788,64.87248988491824,1.7422420813481982,58.90331980870181,0.45810292704334277,6.11610969884599,0.24242424242424243,3.604736686001508
E01035565,E02006004,15.06801490644894,1.925931056194328,0.9161594026458892,0.9642857142857142,1488.3428102934922,1.7985257206206289,1363.5592600107898,0.23134622682341535,7.001299858413571,0.14893617021276595,3.967143024294371
E01035723,E02005921,14.97870713672254,6.727794523959517,0.9078768673607968,0.9895833333333334,8511.025170212766,1.9338949991618912,7726.962869561658,0.6824146869858078,7.326541537522702,0.4,3.1512265971078417
E01035724,E02005921,14.97870713672254,6.727794523959517,0.9078768673607968,0.9895833333333334,9384.590803519062,1.8119440668609832,8520.052900161829,0.27173912640447784,7.326541537522702,0.11764705882352938,3.1512265971078417
E01035725,E02005924,15.381885069552679,5.051944265298148,0.9215972222222222,0.9451476793248945,1740.9132308251546,1.981439024781726,1604.4207976583768,0.3010752645519714,5.721310914893728,0.36363636363636365,4.913604058648934
E01035726,E02005924,15.381885069552679,5.051944265298148,0.9215972222222222,0.9451476793248945,15911.137202657808,1.9667303464842554,14663.659848366095,0.32925834899074014,5.721310914893728,0.3333333333333333,4.913604058648934
E01035727,E02005928,14.246576366388918,1.1887389219398945,0.9030470914127424,0.9583333333333334,2049.1289201065247,1.8667139002239546,1850.4599112319308,0.4569892405377171,8.140900780793666,0.3333333333333333,3.903023225410083
E01035728,E02005928,14.246576366388918,1.1887389219398945,0.9030470914127424,0.9583333333333334,10191.363039735099,1.8667936990590441,9203.280750564107,0.3268085052730757,8.140900780793666,0.5,3.903023225410083
E01035729,E02005928,14.246576366388918,1.1887389219398945,0.9030470914127424,0.9583333333333334,10540.382321917808,1.889660461060284,9518.461598186166,0.46971306291473236,8.140900780793666,0.3103448275862069,3.903023225410083
E01035730,E02005930,15.64394037666833,15.159105322637425,0.9070669347888536,0.9830508474576272,122041.27464705883,1.8806078983337724,110699.60491183228,0.30531608754624134,8.467820937829645,0.3,3.248760245764913
E01035731,E02005930,15.64394037666833,15.159105322637425,0.9070669347888536,0.9830508474576272,42630.85621232877,1.9218682511833953,38669.04007194142,0.49850745475013003,8.467820937829645,0.3103448275862069,3.248760245764913
E01035733,E02005931,13.858123807069704,14.117858692893783,0.91725717939155,0.9781021899051096,2775.3543324468087,1.8886113813799092,2545.713686792278,0.3406268432086522,7.035662855896926,0.3333333333333333,3.784489787487029
E01035734,E02005931,13.858123807069704,14.117858692893783,0.91725717939155,0.9781021899051096,11467.398120879121,1.9686995976609436,10518.553255317544,0.33186812685728784,7.035662855896926,0.5555555555555556,3.784489787487029
E01035735,E02005935,16.805316529629554,10.706110492289676,0.8604224058769513,0.9481481482222223,8832.44046201688,1.861993771463311,7599.629672093496,0.43840578989396284,7.896474029159976,0.4444444444444445,2.879350220176081
E01035736,E02005935,16.805316529629554,10.706110492289676,0.8604224058769513,0.9481481482222223,4184.766045043149,1.8741540028020123,3600.6664685082,0.399320300172811,7.896474029159976,0.3684210526315789,2.879350220176081
E01035737,E02005936,15.209042137377685,-12.04327916,0.9074611699811294,0.9760479041916167,2368.637790123457,1.8757599305976211,2149.446820286949,0.32914450935990364,7.9008011103260705,0.4117647058823529,3.6095672575106
E01035739,E02005936,15.209042137377685,-12.04327916,0.9074611699811294,0.9760479041916167,8933.598405764968,1.952549680481454,8106.89366143703,0.6436893089769254,7.9008011103260705,0.3333333333333333,3.6095672575106
E01035740,E02005942,14.172633603390537,14.201392088687737,0.878188776,0.9642857142857142,634.9225752998667,1.7017749885758453,557.5818792573577,0.6880155172933017,10.924738402613539,0.4444444444444445,3.446300898729741
E01035740,E02005942,14.202071342700448,3.2566346404982536,0.878188776,0.9642857142857142,653.8910990670813,1.7017749885758453,574.2398239270149,0.6880155172933017,10.947429993331596,0.4444444444444445,3.446300898729741
E01035741,E02005947,15.67351867195334,3.0838680932170512,0.8850231765144654,0.9233576642335767,4927.711879323598,1.9320995840216153,4361.139220387036,0.6590909003444368,8.150229707176663,0.38461538461538464,7.13097405672041
E01035742,E02005947,15.67351867195334,3.0838680932170512,0.8850231765144654,0.9233576642335767,3559.663051082732,1.9371837871887116,3150.3843007904134,0.5582761934859144,8.150229707176663,0.4444444444444445,7.13097405672041
E01035743,E02007116,14.81197741593441,6.901142537200545,0.9152249134948096,0.9705882352941175,19210.593609929078,1.708305710441934,17582.013874831282,0.39666666117788896,8.393453869029498,0.28571428571428575,3.42949316465718
E01035744,E02007116,14.81197741593441,6.901142537200545,0.9152249134948096,0.9705882352941175,3279.290192493947,1.7365652290231468,3001.28808274965,0.5274086317060519,8.393453869029498,0.15151515151515146,3.42949316465718
E01035745,E02005967,12.835829793453742,11.975756532686836,0.9083878643664486,0.9634146341463414,9156.827575609757,1.7817719374248948,8317.951045779953,0.31316725513020366,6.1966074864949094,0.25,3.799681177180684
E01035746,E02005967,12.835829793453742,11.975756532686836,0.9083878643664486,0.9634146341463414,2979.602623809524,1.7876176973835827,2706.6348641030004,0.4263888829164836,6.1966074864949094,0.4,3.799681177180684
E01035747,E02005968,15.546866838347388,0.8130044757265319,0.8999893718779892,0.9583333333333333,2688.390484055212,1.9011519694648134,2419.5228631076134,0.5279429160746013,9.145215787263167,0.28571428571428575,4.252420767424835
E01035748,E02005968,15.546866838347388,0.8130044757265319,0.8999893718779892,0.9583333333333333,8676.357,1.8397417095412472,7808.629086619195,0.534377119501905,9.145215787263167,0.23076923076923075,4.252420767424835
E01035749,E02005972,14.22481892860198,2.2521758619407346,0.8969384122463511,0.9905660378867923,6971.180490740741,1.7885278635652708,6252.719560847739,0.416017309850895,8.190047261922352,0.18604651162790695,3.1543256626731897
E01035750,E02005972,14.22481892860198,2.2521758619407346,0.8969384122463511,0.9905660378867923,10679.255219858156,1.9468432202498693,9578.634220873131,0.5668874080432263,8.190047261922352,0.28571428571428575,3.1543256626731897
E01035751,E02005972,14.932509812548757,6.611542725023475,0.8969384122463511,0.9905660378867923,13520.664340707965,1.8829470082004334,12127.203206270458,0.49790443487568525,8.597505649649284,0.4444444444444445,3.1543256626731897
E01035752,E02005972,14.932509812548757,6.611542725023475,0.8969384122463511,0.9905660378867923,6419.475086134454,1.9078231647811053,5757.873791212444,0.5657142770992656,8.597505649649284,0.26315789473684204,3.1543256626731897
E01035753,E02005984,15.016787270899892,10.707488199268155,0.8929845422116528,0.9826086960869564,2826.8345799319727,1.8566571990228278,2524.3195832686224,0.4162895861017003,8.266121433522875,0.14893617021276595,4.117424116300186
E01035754,E02005984,15.016787270899892,10.707488199268155,0.8929845422116528,0.9826086960869564,18888.394693181817,1.8817630040525841,16867.044488203977,0.5445619249179968,8.266121433522875,0.28571428571428575,4.117424116300186
E01035755,E02005987,14.143443072591383,7.183486135047852,0.9025754422476588,0.968,2132.2492980030725,1.9175568451879716,1924.5158531273833,0.4289827186813987,8.614642598760206,0.23076923076923075,4.749479937826082
E01035756,E02005987,14.143443072591383,7.183486135047852,0.9025754422476588,0.968,9192.677437086093,1.9217489162183077,8297.084903218056,0.5469222917878263,8.614642598760206,0.3333333333333333,4.749479937826082
E01035757,E02005991,16.029392877090388,7.296907066851667,0.903734284,0.9733333333333334,6531.887437544611,1.8741172504915278,5903.090616537974,0.47086800725329825,6.204926274485653,0.5,2.658115008741216
E01035758,E02005991,16.029392877090388,7.296907066851667,0.903734284,0.9733333333333334,28071.08680981595,1.878689240589758,25368.80353917086,0.5925432660381811,6.204926274485653,0.4615384615384615,2.658115008741216
E01035759,E02005992,16.20574895520189,-1.863463245,0.8891507210858705,0.9414634146341463,1455.2852952939609,1.9886042648624964,1293.9679696962892,0.5886939479804993,10.431286683808114,0.2,3.740365220071103
E01035760,E02005992,16.20574895520189,-1.863463245,0.8891507210858705,0.9414634146341463,10639.46881091618,1.9696149195118553,9460.09136519675,0.5396126673778843,10.431286683808114,0.21951219512195122,3.740365220071103
E01035761,E02005992,16.20574895520189,-1.863463245,0.8891507210858705,0.9414634146341463,80265.4044117647,1.9601437439241314,71368.0422109696,0.4862459470015306,10.431286683808114,0.25925925925925924,3.740365220071103
E01035762,E02005996,14.853494374746038,-2.22331168,0.8986625514403292,0.9904761907619047,8661.096751533743,1.9053720148469233,7783.403305004861,0.6283185732281308,9.850212059042107,0.38461538461538464,3.667042027682976
