LSOA21CD,LSOA21NM,LAD code,LAD name,ITL code,ITL name,1998,1999,2000,2001,2002,2003,2004,2005,2006,2007,2008,2009,2010,2011,2012,2013,2014,2015,2016,2017,2018,2019,2020,2021,2022,2023
E01016252,Bracknell Forest 001C,E06000036,Bracknell Forest,TLJ,South East (England),40.686,44.247,46.289,48.91,52.948,60.758,63.042,69.614,73.067,78.941,74.929,71.906,74.061,78.375,78.82,49.846,41.35,46.006,35.473,34.812,39.196,50.119,51.939,67.975,49.948,29.37
E01016253,Bracknell Forest 001D,E06000036,Bracknell Forest,TLJ,South East (England),5.565,5.72,5.971,6.184,6.222,6.283,6.23,6.446,6.842,7.288,7.996,7.806,7.52,7.61,7.885,8.259,7.019,7.431,7.75,7.931,7.416,8.378,8.915,9.708,10.4,11.642
E01016185,Bracknell Forest 002B,E06000036,Bracknell Forest,TLJ,South East (England),181.799,201.195,211.159,203.911,209.826,218.405,231.984,246.355,248.809,260.436,271.865,273.757,269.506,285.42,295.627,270.693,393.342,430.631,685.31,819.63,963.589,890.517,782.462,651.874,701.675,460.353
E01016187,Bracknell Forest 002D,E06000036,Bracknell Forest,TLJ,South East (England),8.585,9.183,9.681,10.04,10.284,10.735,10.892,11.125,11.358,11.547,11.276,10.944,12.046,11.141,11.776,13.893,13.128,16.176,15.881,18.605,19.071,23.733,21.089,21.99,26.1,28.12
E01016188,Bracknell Forest 002E,E06000036,Bracknell Forest,TLJ,South East (England),8.033,8.197,8.586,9.078,9.724,10.319,10.414,10.744,11.68,11.447,12.054,12.1,11.806,12.036,11.639,10.916,11.379,12.364,10.858,10.68,10.115,9.831,12.473,16.34,19.924,26.325
E01016190,Bracknell Forest 003A,E06000036,Bracknell Forest,TLJ,South East (England),68.439,61.865,59.695,63.666,69.023,72.632,71.13,72.54,70.204,75.052,79.427,82.342,81.051,79.47,71.497,83.064,76.31,116.901,111.476,144.953,131.178,130.175,98.616,91.84,111.838,182.49
E01016238,Bracknell Forest 003B,E06000036,Bracknell Forest,TLJ,South East (England),68.439,61.865,59.695,63.666,69.023,72.632,71.13,72.54,70.204,75.052,79.427,82.342,81.051,79.47,71.497,83.064,76.31,116.901,111.476,144.953,131.178,130.175,98.616,91.84,111.838,182.49
E01016243,Bracknell Forest 003C,E06000036,Bracknell Forest,TLJ,South East (England),11.225,11.919,12.542,13.077,13.24,13.417,13.044,13.413,14.359,15.105,16.232,15.422,15.38,15.447,16.188,16.841,16.458,16.701,17.231,19.921,19.418,21.395,23.641,23.916,25.525,24.575
E01016245,Bracknell Forest 003D,E06000036,Bracknell Forest,TLJ,South East (England),7.462,7.944,8.202,8.534,9.439,9.754,9.918,10.288,10.6,11.48,11.516,10.847,11.461,11.035,11.259,11.828,12.51,11.989,12.505,13.904,14.557,14.535,15.368,15.839,16.955,18.618
E01016246,Bracknell Forest 003E,E06000036,Bracknell Forest,TLJ,South East (England),5.807,6.059,6.323,6.486,6.591,6.653,6.476,6.814,7.128,7.051,7.693,7.022,7.026,7.299,8.043,7.887,7.599,7.636,7.67,7.573,7.781,8.696,8.26,9.274,10.287,11.973
E01016247,Bracknell Forest 003F,E06000036,Bracknell Forest,TLJ,South East (England),5.559,6.463,7.009,7.309,7.345,7.459,8.929,7.739,9.857,9.87,10.708,10.016,9.924,10.001,12.506,12.895,14.183,14.201,14.345,17.494,15.641,16.054,17.136,17.9,19.711,20.643
E01016239,Bracknell Forest 004A,E06000036,Bracknell Forest,TLJ,South East (England),5.976,6.163,6.464,6.932,6.997,7.177,7.321,7.79,8.303,8.371,9.119,8.925,9.185,9.754,11.239,10.439,10.382,8.391,9.546,8.19,7.442,7.649,7.76,8.344,8.968,9.816
E01016240,Bracknell Forest 004B,E06000036,Bracknell Forest,TLJ,South East (England),36.616,37.431,34.783,33.105,32.541,32.359,31.565,32.912,31.669,30.313,26.334,23.308,25.547,28.36,32.919,36.933,33.866,29.965,25.768,29.091,32.398,40.566,62.488,66.756,64.258,74.209
E01016241,Bracknell Forest 004C,E06000036,Bracknell Forest,TLJ,South East (England),36.616,37.431,34.783,33.105,32.541,32.359,31.565,32.912,31.669,30.313,26.334,23.308,25.547,28.36,32.919,36.933,33.866,29.965,25.768,29.091,32.398,40.566,62.488,66.756,64.258,74.209
E01016242,Bracknell Forest 004D,E06000036,Bracknell Forest,TLJ,South East (England),461.89,504.446,557.395,568.742,599.328,652.842,623.257,654.728,685.284,717.811,742.371,787.128,806.288,844.924,868.936,955.378,781.927,934.392,866.565,919.332,972.799,1097.233,1165.432,1281.121,1222.1,1253.169
E01016180,Bracknell Forest 005A,E06000036,Bracknell Forest,TLJ,South East (England),10.228,10.847,11.578,12.341,12.846,13.576,12.598,12.707,15.016,16.906,18.078,16.965,17.172,19.108,19.168,20.032,20.581,21.213,19.182,20.529,22.396,21.506,21.22,22.587,25.795,30.676
E01016181,Bracknell Forest 005B,E06000036,Bracknell Forest,TLJ,South East (England),32.274,33.477,31.726,32.168,35.258,37.721,40.709,40.252,40.09,42.266,45.616,41.463,44.14,45.917,48.651,55.432,63.614,54.112,42.975,46.119,42.658,48.458,45.625,42.66,45.847,60.566
E01016182,Bracknell Forest 005C,E06000036,Bracknell Forest,TLJ,South East (England),8.137,8.529,8.979,9.392,9.752,10.209,10.257,11.235,11.47,11.393,12.346,13.256,19.267,15.249,14.948,15.739,18.522,18.404,19.318,19.606,19.588,24.707,22.661,20.348,26.206,24.891
E01016183,Bracknell Forest 005D,E06000036,Bracknell Forest,TLJ,South East (England),5.026,5.25,5.393,5.514,5.506,5.535,5.411,5.517,5.794,5.956,6.745,6.401,7.305,6.946,6.765,7.773,7.723,7.493,8.242,8.247,7.171,7.315,7.39,7.4,7.734,9.465
E01016222,Bracknell Forest 005E,E06000036,Bracknell Forest,TLJ,South East (England),4.15,4.282,4.463,4.536,4.527,4.712,4.574,4.744,4.962,5.016,5.418,4.907,4.884,4.94,5.189,5.993,7.251,7.979,8.014,7.431,7.478,7.063,7.374,7.067,6.939,7.883
E01016191,Bracknell Forest 006B,E06000036,Bracknell Forest,TLJ,South East (England),5.943,6.096,6.371,6.809,6.893,6.991,7.124,7.413,8.106,8.261,8.595,8.719,9.251,8.609,9.727,10.171,9.855,15.034,15.874,12.765,11.398,11.745,13.213,13.634,10.107,11.006
E01016223,Bracknell Forest 006C,E06000036,Bracknell Forest,TLJ,South East (England),5.405,5.627,5.765,5.866,5.852,5.831,5.614,5.809,6.129,6.359,6.807,5.976,5.928,6.026,6.469,6.45,6.342,6.848,7.192,7.115,7.278,7.706,7.934,8.58,9.306,9.665
E01016224,Bracknell Forest 006D,E06000036,Bracknell Forest,TLJ,South East (England),6.531,6.818,7.116,7.427,7.642,7.717,7.873,8.101,10.722,10.413,11.858,10.318,10.564,12.478,11.831,13.894,13.541,18.034,15.925,15.511,15.979,15.751,16.782,15.414,17.696,18.069
E01016226,Bracknell Forest 006E,E06000036,Bracknell Forest,TLJ,South East (England),15.495,16.555,17.366,18.232,18.734,20.269,19.092,20.555,21.251,22.604,23.505,22.943,22.856,23.443,24.299,27.37,22.026,16.384,16.914,17.051,17.928,19.461,19.134,21.172,24.368,25.347
E01032724,Bracknell Forest 006F,E06000036,Bracknell Forest,TLJ,South East (England),69.268,76.372,80.212,83.251,85.144,90.305,93.767,94.918,98.238,104.022,109.657,109.973,112.956,115.877,124.339,109.526,90.834,73.157,64.537,86.503,70.539,54.6,53.786,49.22,61.063,75.161
E01032728,Bracknell Forest 006G,E06000036,Bracknell Forest,TLJ,South East (England),112.923,113.428,106.422,104.574,111.364,115.022,115.986,119.173,119.723,127.731,135.06,128.042,135.181,146.926,163.581,175.514,196.986,177.668,145.167,119.925,138.309,153.926,128.609,163.423,145.976,165.533
E01016233,Bracknell Forest 007B,E06000036,Bracknell Forest,TLJ,South East (England),26.782,28.995,31.028,33.245,34.524,36.135,36.134,38.656,38.984,34.188,35.26,34.658,34.644,35.055,35.049,22.661,23.736,29.077,28.602,29.368,30.314,36.107,39.014,39.054,44.038,46.694
E01016248,Bracknell Forest 007C,E06000036,Bracknell Forest,TLJ,South East (England),7.759,8.146,8.64,9.208,9.442,9.7,9.779,10.058,10.458,10.899,10.922,9.163,9.186,9.145,9.887,10.124,10.319,12.09,12.731,13.282,13.378,12.558,12.666,13.464,13.462,13.869
E01016250,Bracknell Forest 007E,E06000036,Bracknell Forest,TLJ,South East (England),7.789,8.092,8.441,8.65,8.779,8.847,8.937,9.568,9.254,10.041,10.111,21.013,24.998,23.293,27.655,34.956,33.439,10.273,10.402,10.921,12.719,12.364,10.155,11.985,13.551,13.232
E01016200,Bracknell Forest 008A,E06000036,Bracknell Forest,TLJ,South East (England),4.631,4.847,4.959,5.087,5.026,4.963,4.852,5.051,5.376,5.485,5.912,5.227,5.206,5.293,5.339,5.094,5.298,6.926,7.457,7.244,7.285,6.844,10.258,12.135,14.503,15.276
E01016201,Bracknell Forest 008B,E06000036,Bracknell Forest,TLJ,South East (England),5.863,6.148,6.337,6.531,6.536,6.655,6.745,6.826,7.221,7.707,7.479,6.983,7.006,7.117,7.563,7.501,7.879,18.638,25.179,25.757,25.057,8.268,8.471,9.168,10.135,10.71
E01016202,Bracknell Forest 008C,E06000036,Bracknell Forest,TLJ,South East (England),4.541,4.623,4.711,4.783,4.724,4.597,4.562,4.846,4.973,4.992,5.409,4.921,4.827,4.859,5.228,5.426,5.341,5.878,6.134,6.25,6.457,6.488,6.451,6.651,7.302,8.077
E01016203,Bracknell Forest 008D,E06000036,Bracknell Forest,TLJ,South East (England),6.066,6.329,6.593,6.82,6.873,6.895,7.167,7.5,7.153,7.52,8.121,7.724,7.687,7.676,8.177,8.349,10.916,11.264,11.322,12.693,12.021,12.596,11.455,13.043,14.943,15.485
E01016204,Bracknell Forest 008E,E06000036,Bracknell Forest,TLJ,South East (England),3.304,3.392,3.453,3.512,3.446,3.368,3.305,3.426,3.629,3.639,3.962,3.889,4.266,4.49,4.146,4.427,4.641,4.585,5.097,5.3,5.159,5.145,5.328,5.26,5.415,6.172
E01016209,Bracknell Forest 009A,E06000036,Bracknell Forest,TLJ,South East (England),381.265,401.871,446.472,519.635,570.841,631.438,569.049,586.038,633.189,684.772,741.546,651.266,697.149,735.022,745.628,743.371,780.656,771.184,556.956,443.407,486.133,441.786,395.437,443.795,466.102,631.472
E01016210,Bracknell Forest 009B,E06000036,Bracknell Forest,TLJ,South East (England),8.283,8.923,9.351,10.025,10.382,10.795,9.946,10.118,10.586,10.945,12.132,11.737,12.039,12.297,12.713,11.579,12.35,15.233,12.983,14.969,13.382,13.108,14.135,13.163,13.271,15.507
E01016213,Bracknell Forest 009D,E06000036,Bracknell Forest,TLJ,South East (England),7.012,7.5,7.833,8.227,8.567,8.867,9.433,9.61,10.379,10.605,10.153,11.266,11.12,9.691,10.654,11.737,12.434,12.672,11.971,12.592,13.326,16.571,20.695,25.854,25.85,35.713
E01016214,Bracknell Forest 009E,E06000036,Bracknell Forest,TLJ,South East (England),5.605,5.876,6.068,6.23,6.265,6.383,6.314,6.468,6.472,7.259,7.565,7.269,7.229,7.285,7.683,8.417,8.342,9.498,10.126,10.461,9.254,8.796,8.8,9.261,9.902,11.429
E01016215,Bracknell Forest 009F,E06000036,Bracknell Forest,TLJ,South East (England),3.184,3.257,3.301,3.341,3.267,3.169,3.095,3.181,3.359,3.312,3.626,3.246,3.168,3.175,3.781,3.478,3.592,4.515,4.934,4.988,4.762,5.034,5.09,5.64,6.145,6.397
E01032726,Bracknell Forest 009H,E06000036,Bracknell Forest,TLJ,South East (England),37.999,38.52,32.732,31.114,34.186,36.269,38.483,39.132,36.534,38.281,38.637,36.537,40.432,41.604,45.932,38.168,54.837,79.92,93.879,122.23,117.56,104.5,91.688,86.342,117.287,89.163
E01016205,Bracknell Forest 010A,E06000036,Bracknell Forest,TLJ,South East (England),4.148,4.29,4.365,4.451,4.388,4.325,4.249,4.36,4.589,4.612,5.039,4.559,4.502,4.566,4.81,4.525,4.658,5.707,6.019,6.177,6.332,20.762,21.289,20.676,21.674,20.445
E01016217,Bracknell Forest 010B,E06000036,Bracknell Forest,TLJ,South East (England),12.393,13.803,14.727,15.282,15.499,15.514,14.936,15.257,16.27,16.6,17.536,17.083,17.134,17.264,18.176,18.937,18.988,18.437,18.628,18.645,20.094,21.49,23.892,24.567,26.358,28.455
E01016218,Bracknell Forest 010C,E06000036,Bracknell Forest,TLJ,South East (England),8.197,8.937,9.331,9.67,9.717,10.218,9.969,10.41,11.039,11.37,11.861,10.26,10.11,10.613,10.918,13.159,13.0,15.446,14.967,15.011,15.493,16.799,18.529,20.115,21.49,21.34
E01016231,Bracknell Forest 010D,E06000036,Bracknell Forest,TLJ,South East (England),4.627,4.85,5.007,5.142,5.356,5.835,6.033,6.341,6.834,6.896,7.486,6.573,6.531,6.564,6.927,7.26,7.347,8.975,9.607,9.244,9.391,8.798,8.9,9.158,10.67,13.091
E01016232,Bracknell Forest 010E,E06000036,Bracknell Forest,TLJ,South East (England),6.0,6.45,6.701,6.708,6.715,6.918,6.917,6.906,7.367,7.608,8.01,7.102,7.296,7.937,8.094,8.386,10.068,11.017,13.695,16.116,17.611,19.166,12.048,13.101,12.496,9.902
E01016212,Bracknell Forest 011A,E06000036,Bracknell Forest,TLJ,South East (England),3.538,3.632,3.698,3.76,3.688,3.593,3.539,3.665,3.875,3.857,4.198,3.784,4.006,4.035,4.313,4.138,4.555,4.741,5.096,5.061,5.146,5.519,5.45,5.747,6.943,7.258
E01016216,Bracknell Forest 011B,E06000036,Bracknell Forest,TLJ,South East (England),4.784,4.991,5.132,5.31,5.301,5.296,5.249,5.316,5.335,5.606,5.462,5.314,4.887,5.242,5.312,5.98,6.506,7.011,7.37,8.025,8.22,8.416,8.305,8.941,9.756,9.996
E01016219,Bracknell Forest 011C,E06000036,Bracknell Forest,TLJ,South East (England),5.556,5.835,6.018,6.246,6.311,6.32,6.835,6.964,7.191,7.307,7.485,7.549,7.869,7.973,8.612,8.386,9.088,8.088,8.76,8.976,8.318,8.869,8.65,9.232,10.287,12.064
E01016220,Bracknell Forest 011D,E06000036,Bracknell Forest,TLJ,South East (England),4.396,4.559,4.671,4.796,4.769,4.724,4.65,4.611,4.822,5.318,5.418,4.257,4.208,4.598,4.916,5.157,5.341,5.582,5.727,5.624,5.858,6.07,6.066,6.934,7.12,7.332
E01016221,Bracknell Forest 011E,E06000036,Bracknell Forest,TLJ,South East (England),4.858,5.023,5.178,5.241,5.221,5.184,4.872,5.152,5.427,5.432,5.876,5.852,5.071,5.16,5.423,5.026,5.113,5.389,5.68,5.489,5.498,5.749,5.913,5.869,6.508,7.984
E01016206,Bracknell Forest 012A,E06000036,Bracknell Forest,TLJ,South East (England),13.878,15.016,15.901,17.093,17.93,19.31,20.039,20.981,21.99,22.706,24.448,21.605,21.933,23.478,24.952,28.169,31.233,34.149,32.593,38.942,43.178,38.353,38.409,39.805,40.248,41.282
E01016208,Bracknell Forest 012B,E06000036,Bracknell Forest,TLJ,South East (England),24.1,26.041,28.497,29.952,31.233,34.932,35.632,37.052,36.11,37.511,39.193,88.675,97.248,96.27,83.756,74.124,72.967,36.087,34.634,33.924,37.35,41.501,43.098,40.967,52.945,59.294
E01016229,Bracknell Forest 012C,E06000036,Bracknell Forest,TLJ,South East (England),5.138,5.402,5.638,5.883,5.95,6.013,6.123,6.402,6.578,7.456,7.868,7.159,7.486,7.189,7.463,7.833,7.358,8.313,8.202,8.799,9.213,9.141,9.429,9.996,10.249,11.26
E01016230,Bracknell Forest 012D,E06000036,Bracknell Forest,TLJ,South East (England),13.878,15.016,15.901,17.093,17.93,19.31,20.039,20.981,21.99,22.706,24.448,21.605,21.933,23.478,24.952,28.169,31.233,34.149,32.593,38.942,43.178,38.353,38.409,39.805,40.248,41.282
E01016207,Bracknell Forest 013A,E06000036,Bracknell Forest,TLJ,South East (England),94.742,90.882,88.8,94.838,104.697,110.596,111.354,114.27,112.855,124.977,135.617,104.329,105.805,104.883,100.383,134.55,139.648,178.564,151.361,157.153,166.728,111.268,103.433,129.489,142.695,154.657
E01016234,Bracknell Forest 013B,E06000036,Bracknell Forest,TLJ,South East (England),3.474,3.591,3.691,3.767,3.739,3.743,3.412,3.796,4.009,3.998,4.33,5.4,8.592,9.913,9.992,9.683,8.011,4.728,4.794,4.785,4.821,5.263,5.167,5.049,5.659,6.278
E01016235,Bracknell Forest 013C,E06000036,Bracknell Forest,TLJ,South East (England),4.383,4.601,4.72,4.859,4.844,4.862,4.753,4.962,5.258,5.409,5.775,5.171,5.166,5.275,5.445,5.348,5.607,7.292,6.909,6.397,6.667,6.516,6.814,6.655,6.535,6.927
E01016236,Bracknell Forest 013D,E06000036,Bracknell Forest,TLJ,South East (England),6.461,6.891,7.151,7.481,7.584,7.705,7.852,8.058,8.538,10.419,9.689,9.541,9.427,9.536,8.394,7.993,8.062,11.524,11.46,13.695,11.656,13.303,13.305,14.742,16.777,17.955
E01016237,Bracknell Forest 013E,E06000036,Bracknell Forest,TLJ,South East (England),6.037,6.492,6.809,7.24,7.412,7.63,7.19,7.572,8.027,8.045,8.889,10.208,10.067,10.276,10.498,9.441,9.876,10.137,10.805,11.363,11.179,11.39,11.453,11.925,13.341,14.256
E01016192,Bracknell Forest 014A,E06000036,Bracknell Forest,TLJ,South East (England),11.081,11.541,12.651,13.248,13.619,13.915,13.082,14.934,15.701,16.598,17.964,14.799,15.317,15.194,15.981,21.092,23.77,25.338,24.522,18.59,17.279,18.156,18.287,17.171,17.46,20.164
E01016194,Bracknell Forest 014B,E06000036,Bracknell Forest,TLJ,South East (England),7.847,8.407,8.44,8.568,8.613,8.866,8.81,9.444,9.479,10.106,10.468,10.218,10.596,11.089,11.903,11.039,8.74,9.97,9.542,9.652,9.769,9.7,9.48,10.02,10.381,11.557
E01016195,Bracknell Forest 014C,E06000036,Bracknell Forest,TLJ,South East (England),4.31,4.408,4.556,4.698,4.713,4.699,4.939,5.236,5.656,5.898,5.912,5.565,5.856,5.245,5.973,5.697,5.854,6.417,6.301,6.635,7.114,7.961,7.457,6.622,8.448,9.064
E01016227,Bracknell Forest 014D,E06000036,Bracknell Forest,TLJ,South East (England),5.948,6.328,6.63,6.962,7.135,7.305,7.356,7.397,7.835,7.94,8.694,8.397,9.983,10.096,10.989,13.592,12.61,13.78,14.14,14.393,13.724,14.736,14.816,13.495,15.995,16.331
E01016228,Bracknell Forest 014E,E06000036,Bracknell Forest,TLJ,South East (England),23.226,24.471,26.196,28.214,29.433,31.202,30.072,31.901,35.342,36.802,38.345,34.822,36.666,38.277,36.83,36.847,40.463,47.677,45.536,34.253,42.67,50.572,53.021,47.029,57.038,65.534
E01016193,Bracknell Forest 015A,E06000036,Bracknell Forest,TLJ,South East (England),4.228,4.278,4.396,4.493,4.489,4.427,4.66,4.969,5.391,5.54,5.695,7.099,7.242,6.916,6.861,6.764,6.911,6.551,6.669,6.733,7.018,7.313,7.401,7.045,7.677,8.242
E01016196,Bracknell Forest 015B,E06000036,Bracknell Forest,TLJ,South East (England),77.414,76.319,83.23,87.376,92.115,94.206,115.055,132.444,133.067,144.703,151.297,153.194,149.001,154.579,153.612,148.218,152.64,155.262,153.125,170.121,163.119,175.946,173.949,181.074,185.717,193.526
E01016197,Bracknell Forest 015C,E06000036,Bracknell Forest,TLJ,South East (England),5.682,5.914,6.285,6.8,6.952,7.149,7.499,7.926,9.396,8.654,8.939,8.013,8.273,8.412,9.16,8.808,10.998,10.666,10.96,8.371,9.396,7.709,7.552,9.426,11.753,13.115
E01016198,Bracknell Forest 015D,E06000036,Bracknell Forest,TLJ,South East (England),8.407,9.031,9.475,9.837,10.049,10.31,10.367,11.107,11.689,12.515,13.519,12.212,12.264,12.656,12.707,13.201,13.963,13.674,19.725,21.487,22.957,26.252,26.755,32.416,58.243,102.239
E01016199,Bracknell Forest 015E,E06000036,Bracknell Forest,TLJ,South East (England),6.47,6.735,7.07,7.281,7.348,7.444,7.625,8.045,8.695,8.946,9.132,8.809,8.68,8.801,9.101,9.512,10.519,10.971,11.143,11.598,11.46,11.68,11.101,8.354,10.948,14.252
E01016277,West Berkshire 001A,E06000037,West Berkshire,TLJ,South East (England),30.625,33.453,36.879,38.62,39.793,41.417,44.396,55.486,57.12,61.131,61.633,59.541,60.101,60.469,65.881,70.059,68.4,72.784,67.945,63.779,65.928,76.1,77.098,79.048,83.337,88.851
E01016286,West Berkshire 001B,E06000037,West Berkshire,TLJ,South East (England),26.818,29.346,33.619,31.779,32.367,42.531,47.064,45.601,45.327,46.383,48.078,46.566,47.125,49.728,52.585,57.371,49.487,51.929,48.291,53.039,61.255,69.71,68.086,79.863,76.907,82.812
E01016287,West Berkshire 001C,E06000037,West Berkshire,TLJ,South East (England),11.657,12.188,12.575,13.128,14.477,15.381,17.821,18.695,18.835,19.161,19.98,18.991,19.061,21.515,20.767,20.441,21.458,21.687,21.523,23.091,23.293,25.055,29.147,32.566,32.434,35.901
E01016288,West Berkshire 001D,E06000037,West Berkshire,TLJ,South East (England),18.851,20.11,20.203,21.052,22.808,25.401,23.746,25.401,25.084,27.335,28.877,27.327,28.107,29.822,33.023,34.791,30.57,32.826,30.128,35.505,37.788,28.081,27.061,27.357,26.375,29.48
E01016303,West Berkshire 002A,E06000037,West Berkshire,TLJ,South East (England),15.042,16.407,16.925,17.045,17.636,18.379,17.769,18.828,19.436,20.378,21.096,19.554,19.408,20.556,23.73,32.718,30.099,28.647,30.443,31.021,27.165,30.651,30.833,32.043,34.111,38.562
E01016304,West Berkshire 002B,E06000037,West Berkshire,TLJ,South East (England),74.163,77.923,81.632,84.091,86.322,88.411,88.24,90.534,95.152,98.127,101.273,99.737,100.161,102.483,108.734,109.32,97.377,99.122,89.934,91.154,80.559,82.388,73.844,87.161,101.745,107.702
E01016305,West Berkshire 002C,E06000037,West Berkshire,TLJ,South East (England),12.859,13.696,14.46,15.313,16.552,17.67,17.606,18.574,19.305,19.809,21.433,24.958,26.621,30.178,30.279,30.569,32.321,34.587,32.914,34.118,38.34,38.755,37.951,38.145,37.519,36.582
E01016306,West Berkshire 002D,E06000037,West Berkshire,TLJ,South East (England),5.068,5.368,5.573,5.735,5.675,5.656,5.868,6.05,5.99,5.946,6.508,5.528,5.336,5.656,5.936,6.099,6.769,7.666,7.577,9.123,8.955,9.926,10.392,10.583,12.86,17.139
E01016256,West Berkshire 003A,E06000037,West Berkshire,TLJ,South East (England),10.404,11.166,11.711,12.429,13.007,13.804,14.165,14.366,15.287,15.564,16.037,15.341,15.432,15.647,16.404,17.762,18.007,20.471,20.081,19.043,18.344,20.709,19.045,22.239,26.679,26.794
E01016257,West Berkshire 003B,E06000037,West Berkshire,TLJ,South East (England),7.594,8.4,8.713,8.906,9.133,9.783,9.982,10.344,10.523,10.82,11.862,10.598,10.913,11.892,12.354,13.035,11.638,11.74,12.945,12.785,11.928,14.16,12.965,11.552,13.22,18.557
E01016313,West Berkshire 003C,E06000037,West Berkshire,TLJ,South East (England),30.55,32.034,32.232,33.017,33.801,34.727,35.744,42.352,35.893,38.043,39.877,37.794,37.733,42.367,41.891,44.507,40.791,36.656,40.184,40.7,39.218,43.988,45.583,47.764,44.096,53.909
E01016314,West Berkshire 003D,E06000037,West Berkshire,TLJ,South East (England),20.554,22.171,23.533,24.676,25.817,27.386,27.13,27.955,31.503,33.172,35.481,31.567,34.11,35.8,36.978,36.304,38.468,44.438,46.781,61.542,52.901,56.966,57.278,62.669,61.113,62.702
E01016315,West Berkshire 004A,E06000037,West Berkshire,TLJ,South East (England),11.93,13.128,13.77,14.662,14.988,15.61,17.344,15.029,15.806,15.005,18.953,19.841,19.471,18.019,19.657,21.128,21.193,18.708,18.502,20.09,20.341,21.173,22.257,22.743,23.21,24.392
E01016316,West Berkshire 004B,E06000037,West Berkshire,TLJ,South East (England),8.034,8.874,9.197,9.59,9.532,9.832,9.823,10.622,10.974,11.787,13.593,11.976,12.632,12.473,13.402,13.218,12.892,15.018,14.779,13.924,13.135,13.996,13.745,14.474,15.302,17.844
E01016317,West Berkshire 004C,E06000037,West Berkshire,TLJ,South East (England),4.838,5.297,5.396,5.633,5.595,5.786,6.19,6.611,6.823,7.188,7.925,6.01,5.859,6.073,6.37,5.39,5.269,5.948,8.114,8.049,8.69,8.217,7.469,7.54,9.051,9.864
E01016318,West Berkshire 004D,E06000037,West Berkshire,TLJ,South East (England),6.858,7.614,7.785,8.072,8.015,8.247,8.54,9.03,9.587,9.935,10.387,9.376,9.256,9.908,9.844,9.842,9.607,10.217,10.088,10.095,9.92,9.908,9.527,9.618,11.129,12.949
E01016258,West Berkshire 005A,E06000037,West Berkshire,TLJ,South East (England),9.663,10.692,11.042,11.777,11.941,12.442,13.519,14.585,15.567,14.939,18.914,17.031,16.727,19.436,18.737,21.324,21.824,18.661,18.859,16.401,23.832,25.853,26.382,25.021,28.375,36.759
E01016261,West Berkshire 005B,E06000037,West Berkshire,TLJ,South East (England),4.839,5.32,5.401,5.591,5.439,5.513,5.575,5.851,6.171,6.365,7.05,6.097,5.901,6.147,6.386,6.454,6.873,8.272,8.833,8.388,8.877,9.181,9.728,9.866,9.895,10.408
E01016349,West Berkshire 005C,E06000037,West Berkshire,TLJ,South East (England),8.593,9.54,9.959,10.597,10.774,11.269,10.724,12.03,12.698,11.921,13.801,13.743,13.506,17.429,15.767,17.016,19.5,18.368,18.615,19.468,18.554,19.612,20.573,22.517,23.75,27.686
E01016350,West Berkshire 005D,E06000037,West Berkshire,TLJ,South East (England),5.591,6.099,6.202,6.438,6.401,6.509,6.551,6.903,7.352,7.394,7.63,7.055,6.861,7.342,7.728,6.758,7.171,6.69,6.893,7.241,6.984,7.225,7.533,6.986,7.478,9.131
E01016259,West Berkshire 006A,E06000037,West Berkshire,TLJ,South East (England),64.146,66.059,73.314,84.979,92.119,98.948,90.247,92.992,100.035,107.269,113.582,98.742,105.381,109.791,112.505,98.462,116.798,160.658,151.927,155.955,169.942,175.083,179.982,170.654,254.14,375.398
E01016260,West Berkshire 006B,E06000037,West Berkshire,TLJ,South East (England),5.695,6.24,6.355,6.692,6.588,6.81,7.563,7.477,6.868,6.925,7.407,7.159,6.947,7.665,8.141,7.234,7.42,7.335,7.746,7.653,7.734,7.68,8.209,7.485,8.447,10.568
E01016262,West Berkshire 006C,E06000037,West Berkshire,TLJ,South East (England),5.93,6.526,6.708,7.023,6.97,7.139,7.086,7.159,9.017,7.818,8.232,8.966,9.293,9.781,9.539,9.532,9.496,10.324,10.787,11.086,10.906,11.626,12.919,13.258,13.887,16.348
E01016272,West Berkshire 006D,E06000037,West Berkshire,TLJ,South East (England),6.213,6.722,6.957,7.343,7.404,7.533,7.545,7.794,8.131,8.373,8.737,8.345,8.129,8.246,8.457,8.607,7.935,8.1,8.08,8.953,9.19,9.435,10.329,9.436,10.227,11.427
E01016273,West Berkshire 006E,E06000037,West Berkshire,TLJ,South East (England),9.329,10.318,10.718,11.238,11.294,11.666,11.381,12.196,11.121,11.863,12.316,10.46,12.978,13.779,15.518,14.467,18.0,17.807,18.738,19.818,21.732,22.496,12.825,13.515,17.932,18.041
E01016263,West Berkshire 007A,E06000037,West Berkshire,TLJ,South East (England),9.602,10.378,10.855,11.272,11.578,11.947,12.037,11.831,12.393,13.025,15.968,14.868,14.528,15.054,16.343,16.644,19.089,20.628,20.95,22.052,22.738,22.186,22.589,21.954,23.518,26.134
E01016284,West Berkshire 007D,E06000037,West Berkshire,TLJ,South East (England),7.725,8.739,9.133,9.644,9.659,10.107,10.246,11.377,10.882,11.463,12.084,11.05,10.932,12.323,12.205,10.698,10.235,11.554,11.273,12.181,10.708,11.043,10.014,10.351,10.92,12.35
E01016285,West Berkshire 007E,E06000037,West Berkshire,TLJ,South East (England),10.669,11.607,12.001,12.216,12.584,12.749,12.513,12.469,12.458,12.574,13.958,12.966,12.54,13.805,14.243,17.926,17.885,19.984,19.291,19.071,20.319,21.689,20.211,23.795,25.99,28.369
E01016271,West Berkshire 008A,E06000037,West Berkshire,TLJ,South East (England),8.428,8.813,9.058,9.194,9.412,10.069,10.57,11.479,12.573,12.916,12.931,13.703,12.91,13.574,11.963,11.015,13.354,14.427,19.309,20.173,19.556,17.613,18.1,20.89,21.565,19.35
E01016274,West Berkshire 008B,E06000037,West Berkshire,TLJ,South East (England),8.428,8.813,9.058,9.194,9.412,10.069,10.57,11.479,12.573,12.916,12.931,13.703,12.91,13.574,11.963,11.015,13.354,14.427,19.309,20.173,19.556,17.613,18.1,20.89,21.565,19.35
E01016275,West Berkshire 008C,E06000037,West Berkshire,TLJ,South East (England),4.956,5.4,5.389,5.519,5.302,5.283,5.448,5.661,5.873,5.803,6.378,5.558,5.245,5.507,5.647,5.773,5.893,6.944,7.55,7.276,7.488,7.499,7.468,7.836,8.774,9.553
E01016276,West Berkshire 008D,E06000037,West Berkshire,TLJ,South East (England),9.659,10.492,10.706,10.842,10.854,11.257,12.301,12.422,12.584,12.94,13.788,12.142,14.04,13.159,13.713,14.982,12.391,11.44,10.742,9.756,8.903,9.028,8.689,7.839,10.197,12.042
E01016327,West Berkshire 009A,E06000037,West Berkshire,TLJ,South East (England),28.12,28.423,29.646,32.835,34.716,39.054,37.541,42.357,43.362,44.146,42.895,40.317,42.865,46.488,56.796,60.687,68.012,79.919,77.685,83.149,72.858,86.677,81.81,83.606,107.437,155.845
E01016328,West Berkshire 009B,E06000037,West Berkshire,TLJ,South East (England),17.197,16.855,17.859,18.461,19.965,20.432,22.583,23.304,24.853,25.01,25.871,23.446,25.814,26.387,31.725,41.272,35.476,35.534,42.113,48.197,50.671,53.444,51.128,51.677,55.997,62.111
E01016344,West Berkshire 009C,E06000037,West Berkshire,TLJ,South East (England),311.168,343.643,374.127,378.491,401.63,407.024,415.111,430.573,447.309,460.358,481.315,481.722,501.986,563.56,602.077,570.548,553.25,598.081,569.407,496.279,558.657,649.3,786.953,797.51,713.368,812.685
E01016345,West Berkshire 009D,E06000037,West Berkshire,TLJ,South East (England),232.466,247.817,251.605,255.468,273.749,298.011,291.195,316.953,329.266,349.007,360.386,359.144,356.344,376.918,429.028,443.123,369.267,322.504,336.897,338.12,342.129,430.441,482.433,586.66,543.356,567.086
E01016296,West Berkshire 010A,E06000037,West Berkshire,TLJ,South East (England),27.255,29.494,30.725,31.578,33.296,34.455,35.232,36.908,35.932,37.939,40.501,39.189,41.679,42.613,44.863,41.526,44.264,48.832,45.868,49.68,55.028,59.274,56.117,53.183,56.136,63.991
E01016297,West Berkshire 010B,E06000037,West Berkshire,TLJ,South East (England),7.448,8.192,8.481,9.007,9.128,9.629,9.548,9.532,9.947,10.251,11.029,10.319,9.995,11.053,10.825,10.594,11.511,12.317,12.539,12.308,11.622,14.682,17.088,16.884,15.115,18.954
E01016298,West Berkshire 010C,E06000037,West Berkshire,TLJ,South East (England),86.471,92.529,97.514,101.534,105.382,110.731,113.404,121.001,121.415,132.174,135.019,128.743,145.994,154.267,153.67,155.172,159.286,179.663,189.433,197.952,242.918,218.956,264.562,279.819,261.708,220.544
E01016299,West Berkshire 010D,E06000037,West Berkshire,TLJ,South East (England),17.693,18.812,18.819,18.748,18.859,19.436,19.669,20.823,20.694,20.802,20.886,18.371,18.747,20.555,22.113,21.342,18.853,21.653,22.696,28.444,28.736,31.797,34.472,33.349,29.756,31.976
E01016254,West Berkshire 011A,E06000037,West Berkshire,TLJ,South East (England),371.078,368.083,355.559,354.273,342.898,363.087,344.716,401.906,504.702,517.433,537.228,522.444,555.422,534.686,634.578,678.203,631.787,615.592,583.937,561.606,608.064,699.106,735.771,650.756,602.465,921.035
E01016255,West Berkshire 011B,E06000037,West Berkshire,TLJ,South East (England),18.291,20.478,22.189,23.244,24.312,25.866,25.649,27.628,28.174,32.102,32.131,28.531,32.507,32.627,37.328,38.445,35.204,38.061,34.279,35.707,37.715,40.986,42.298,46.934,44.453,45.671
E01016264,West Berkshire 011C,E06000037,West Berkshire,TLJ,South East (England),15.929,17.389,18.522,20.054,21.285,22.916,22.064,21.688,22.647,27.867,27.865,32.886,32.712,30.117,29.188,31.482,32.809,33.09,33.761,39.203,35.98,39.497,45.286,53.78,50.371,63.619
E01016265,West Berkshire 011D,E06000037,West Berkshire,TLJ,South East (England),7.019,7.652,7.844,8.191,8.201,8.566,8.754,11.627,12.055,12.862,13.59,11.388,12.084,13.306,13.557,13.743,13.975,14.301,15.167,15.451,15.636,18.311,17.543,17.232,19.003,21.17
E01016266,West Berkshire 011E,E06000037,West Berkshire,TLJ,South East (England),7.183,7.939,8.136,8.63,8.693,8.988,8.593,8.822,9.694,10.119,10.67,8.864,8.705,9.505,9.833,11.238,11.909,12.746,13.073,15.104,13.67,14.403,14.531,15.179,15.923,17.46
E01016339,West Berkshire 011F,E06000037,West Berkshire,TLJ,South East (England),151.827,158.94,156.417,157.085,165.702,177.436,178.918,192.516,205.574,210.599,217.004,234.978,230.594,221.3,258.34,286.356,333.751,346.331,313.35,389.188,372.561,392.439,406.356,363.28,291.324,290.455
E01016310,West Berkshire 012A,E06000037,West Berkshire,TLJ,South East (England),45.79,49.446,51.979,55.135,56.991,59.732,58.243,64.743,63.342,66.585,70.078,73.184,72.884,76.436,79.242,90.226,93.175,96.663,99.966,107.968,110.327,99.544,103.459,102.955,107.051,118.428
E01016311,West Berkshire 012B,E06000037,West Berkshire,TLJ,South East (England),223.542,280.678,337.63,301.077,300.619,296.092,375.347,397.738,416.149,409.49,419.607,434.053,418.439,454.866,461.567,460.845,482.28,595.747,609.611,595.758,690.322,962.663,1101.392,991.73,855.863,908.411
E01016323,West Berkshire 012C,E06000037,West Berkshire,TLJ,South East (England),11.911,12.683,14.036,14.936,15.011,15.471,15.155,18.079,18.574,20.055,21.319,20.944,21.365,21.414,20.741,21.257,20.141,21.203,22.53,22.833,24.736,27.178,29.152,30.475,24.309,23.136
E01016324,West Berkshire 012D,E06000037,West Berkshire,TLJ,South East (England),223.542,280.678,337.63,301.077,300.619,296.092,375.347,397.738,416.149,409.49,419.607,434.053,418.439,454.866,461.567,460.845,482.28,595.747,609.611,595.758,690.322,962.663,1101.392,991.73,855.863,908.411
E01016325,West Berkshire 012E,E06000037,West Berkshire,TLJ,South East (England),6.761,7.487,7.676,7.963,7.855,8.021,8.01,8.418,8.556,8.707,9.362,8.445,8.513,8.765,8.879,8.979,9.467,9.181,9.451,12.585,10.081,10.324,10.748,11.134,10.939,12.808
E01016279,West Berkshire 013A,E06000037,West Berkshire,TLJ,South East (England),54.159,56.922,58.556,60.102,61.426,63.956,63.246,65.886,68.879,72.387,92.494,85.834,89.158,91.424,95.125,69.78,70.507,196.709,291.747,287.355,272.187,162.94,169.617,182.956,209.338,214.484
E01016280,West Berkshire 013B,E06000037,West Berkshire,TLJ,South East (England),28.178,27.2,27.034,28.682,30.433,33.073,32.375,33.184,34.022,36.876,42.457,45.777,45.351,41.962,53.644,65.628,70.873,85.544,82.676,79.138,106.925,98.235,104.606,121.539,129.784,144.277
E01016281,West Berkshire 013C,E06000037,West Berkshire,TLJ,South East (England),28.178,27.2,27.034,28.682,30.433,33.073,32.375,33.184,34.022,36.876,42.457,45.777,45.351,41.962,53.644,65.628,70.873,85.544,82.676,79.138,106.925,98.235,104.606,121.539,129.784,144.277
E01016282,West Berkshire 013D,E06000037,West Berkshire,TLJ,South East (England),19.178,20.999,21.04,21.391,21.625,22.648,22.576,19.296,20.897,21.644,22.803,21.008,21.193,22.038,24.525,24.516,24.094,30.471,32.142,27.367,21.642,21.756,26.653,25.988,20.6,24.532
E01016329,West Berkshire 014A,E06000037,West Berkshire,TLJ,South East (England),4.562,5.021,5.042,5.165,4.995,5.019,5.098,5.333,5.485,5.405,5.924,5.165,4.891,5.159,5.465,5.309,5.107,6.006,6.41,6.087,6.349,6.332,6.107,6.033,6.689,8.045
E01016340,West Berkshire 014B,E06000037,West Berkshire,TLJ,South East (England),6.433,6.934,7.173,7.481,7.41,7.538,7.848,8.003,8.347,8.67,9.336,21.348,26.165,24.99,26.189,23.848,24.528,9.743,10.272,10.726,11.411,12.384,12.807,12.179,13.182,16.743
E01016341,West Berkshire 014C,E06000037,West Berkshire,TLJ,South East (England),5.433,5.961,6.081,6.381,6.34,6.495,8.072,8.074,8.531,9.022,9.275,8.474,8.728,9.645,9.591,9.436,9.543,9.677,9.907,10.972,11.071,9.285,10.067,10.127,9.856,11.828
E01016342,West Berkshire 014D,E06000037,West Berkshire,TLJ,South East (England),11.316,12.255,12.892,14.15,14.556,18.341,18.484,21.405,22.792,24.316,27.348,26.747,27.095,28.587,36.626,33.421,29.102,33.831,35.535,30.355,35.26,34.318,31.816,32.56,33.736,42.199
E01016343,West Berkshire 014E,E06000037,West Berkshire,TLJ,South East (England),5.181,5.705,5.771,5.956,5.762,5.783,5.957,6.237,6.506,6.556,7.066,6.571,6.819,7.052,7.225,7.465,7.458,7.232,8.054,7.712,7.902,8.332,9.117,11.238,10.719,11.051
E01016267,West Berkshire 015A,E06000037,West Berkshire,TLJ,South East (England),15.589,16.671,17.405,18.33,19.109,19.641,22.612,22.951,25.503,25.333,27.532,30.359,31.397,32.932,32.2,35.653,32.453,31.895,31.787,37.723,36.663,33.875,30.639,30.879,32.573,35.646
E01016268,West Berkshire 015B,E06000037,West Berkshire,TLJ,South East (England),6.934,7.53,7.735,8.07,7.86,8.204,8.027,8.497,8.711,8.819,9.422,8.498,8.177,9.021,9.372,9.262,9.104,10.164,10.877,10.74,11.214,10.969,10.536,10.999,11.988,14.586
E01016269,West Berkshire 015C,E06000037,West Berkshire,TLJ,South East (England),91.605,94.061,98.62,101.048,104.37,112.489,119.336,111.481,119.891,127.051,127.52,119.36,123.196,126.237,140.826,127.664,130.798,147.052,145.942,149.676,200.301,183.097,188.497,160.784,167.911,195.014
E01016270,West Berkshire 015D,E06000037,West Berkshire,TLJ,South East (England),11.33,11.179,11.841,12.322,13.072,13.449,15.756,16.199,14.717,15.022,15.847,13.491,13.152,14.235,14.012,14.638,14.505,15.2,18.906,16.765,19.124,19.879,20.884,23.816,27.227,29.003
E01016330,West Berkshire 016A,E06000037,West Berkshire,TLJ,South East (England),6.765,7.403,7.492,7.834,7.829,7.855,8.185,8.308,8.952,8.4,9.64,8.85,8.491,9.134,9.633,9.696,10.764,9.534,9.947,11.031,12.259,12.575,13.329,13.982,13.228,15.442
E01016331,West Berkshire 016B,E06000037,West Berkshire,TLJ,South East (England),5.292,5.669,5.784,5.952,5.835,5.86,6.173,7.306,5.944,6.13,7.207,6.498,6.205,6.61,6.84,6.573,6.732,7.248,7.479,7.308,7.802,7.979,8.884,7.971,9.655,11.117
E01016332,West Berkshire 016C,E06000037,West Berkshire,TLJ,South East (England),30.995,31.695,34.234,35.627,38.231,40.852,41.308,43.851,44.038,44.528,40.005,34.649,35.754,36.878,40.129,44.264,48.986,51.268,44.885,53.753,58.463,49.387,41.987,38.562,40.666,46.96
E01016334,West Berkshire 016D,E06000037,West Berkshire,TLJ,South East (England),8.406,8.735,9.494,10.948,12.178,13.187,14.414,17.454,16.908,17.609,17.169,18.491,17.667,18.521,19.165,19.108,19.372,20.376,24.116,23.473,25.072,24.311,20.197,18.968,20.056,24.863
E01016336,West Berkshire 016E,E06000037,West Berkshire,TLJ,South East (England),4.29,5.171,5.239,5.185,5.313,5.395,5.318,5.432,6.247,5.991,6.292,5.673,5.414,5.991,6.004,6.233,6.377,6.816,7.186,6.826,7.041,7.71,8.574,9.074,9.839,11.744
E01016333,West Berkshire 017A,E06000037,West Berkshire,TLJ,South East (England),8.858,9.665,10.0,10.82,10.745,10.962,11.079,11.784,12.47,12.968,14.005,17.924,18.159,17.978,17.739,21.395,28.889,28.207,29.137,37.352,40.864,20.275,24.803,25.367,18.474,17.935
E01016335,West Berkshire 017B,E06000037,West Berkshire,TLJ,South East (England),5.056,6.015,6.496,6.846,6.824,7.229,8.84,8.742,7.368,7.535,8.318,7.511,6.929,7.497,7.575,7.261,8.017,8.685,8.981,9.218,9.821,9.663,9.717,9.286,11.209,10.767
E01016337,West Berkshire 017C,E06000037,West Berkshire,TLJ,South East (England),14.039,15.129,15.816,16.827,17.42,18.314,19.704,14.79,17.462,18.704,22.92,21.942,21.739,20.542,24.009,22.679,22.768,26.004,31.036,34.542,33.521,33.7,37.068,39.211,42.139,42.611
E01016338,West Berkshire 017D,E06000037,West Berkshire,TLJ,South East (England),14.497,14.885,15.869,16.129,16.585,16.94,16.825,17.561,18.817,19.886,21.744,20.178,19.142,21.097,20.545,17.315,15.574,17.162,17.256,17.118,18.526,17.198,16.757,17.634,19.109,21.234
E01016300,West Berkshire 018A,E06000037,West Berkshire,TLJ,South East (England),7.386,7.905,8.135,8.563,8.693,8.938,9.08,9.77,9.889,10.102,11.445,11.631,11.668,11.82,12.401,11.77,11.509,11.831,11.418,13.099,14.373,13.554,14.674,14.692,14.196,16.309
E01016301,West Berkshire 018B,E06000037,West Berkshire,TLJ,South East (England),29.273,30.713,31.866,33.869,36.113,39.126,39.591,41.145,43.303,43.927,43.778,41.93,42.47,44.462,44.488,48.188,66.121,69.31,81.012,75.104,64.7,64.215,61.748,55.228,62.649,72.334
E01016302,West Berkshire 018C,E06000037,West Berkshire,TLJ,South East (England),10.861,11.159,11.548,11.974,12.78,13.229,13.302,13.963,14.177,15.127,15.832,14.651,14.627,15.967,18.44,23.037,30.744,29.224,27.625,30.348,32.685,32.543,27.874,30.412,31.082,31.483
E01016326,West Berkshire 018D,E06000037,West Berkshire,TLJ,South East (England),41.279,44.216,46.08,50.278,54.279,63.763,61.258,66.231,67.522,74.024,73.867,71.808,74.964,81.489,92.263,77.438,49.863,39.347,44.184,36.086,38.733,42.566,35.034,36.839,41.088,51.98
E01016346,West Berkshire 019B,E06000037,West Berkshire,TLJ,South East (England),198.668,206.05,212.06,214.976,217.347,224.395,223.014,235.86,241.64,255.836,262.01,254.332,251.166,255.757,275.747,364.616,360.029,316.305,302.753,257.587,261.81,264.912,220.458,220.5,218.603,270.083
E01016348,West Berkshire 019D,E06000037,West Berkshire,TLJ,South East (England),97.039,104.866,117.105,124.327,134.382,145.541,148.458,172.548,159.859,167.808,152.379,137.027,144.185,151.893,156.016,126.745,98.45,102.866,72.464,81.651,73.725,75.716,76.247,73.555,76.509,96.538
E01016294,West Berkshire 020A,E06000037,West Berkshire,TLJ,South East (England),5.284,5.779,5.82,5.97,5.783,5.773,5.785,6.064,6.36,6.281,6.887,6.057,5.76,6.467,7.774,8.346,6.996,8.091,8.804,7.903,8.164,8.606,8.693,8.115,8.793,10.671
E01016295,West Berkshire 020B,E06000037,West Berkshire,TLJ,South East (England),29.338,31.966,34.582,36.708,37.424,38.382,28.578,29.545,31.486,32.068,33.914,32.945,32.757,33.089,34.262,34.931,37.198,32.642,34.148,32.957,36.038,38.659,42.495,45.925,46.843,54.295
E01016312,West Berkshire 020C,E06000037,West Berkshire,TLJ,South East (England),7.173,7.881,7.921,8.165,8.132,8.323,8.469,8.892,9.43,9.422,10.647,9.95,9.68,10.838,11.07,10.855,10.436,12.053,11.819,11.266,11.616,11.976,12.121,13.381,15.38,17.609
E01016319,West Berkshire 020D,E06000037,West Berkshire,TLJ,South East (England),12.171,12.929,14.071,14.973,14.838,15.19,14.487,16.884,17.37,18.499,19.728,18.168,18.949,18.922,19.085,19.572,18.753,19.471,19.996,20.598,20.436,21.587,21.911,19.887,22.016,26.316
E01016320,West Berkshire 020E,E06000037,West Berkshire,TLJ,South East (England),5.838,6.414,6.528,6.877,6.837,6.989,7.284,8.076,8.596,8.877,9.809,7.901,7.614,8.611,8.486,8.994,8.96,9.326,9.72,13.241,17.483,14.832,12.045,11.959,13.925,17.587
E01016289,West Berkshire 021A,E06000037,West Berkshire,TLJ,South East (England),5.639,6.072,6.189,6.366,6.354,6.415,6.605,6.965,7.259,7.559,8.297,8.91,8.329,7.59,7.96,7.704,8.358,9.327,9.132,8.815,8.799,9.386,8.617,8.808,9.007,9.482
E01016290,West Berkshire 021B,E06000037,West Berkshire,TLJ,South East (England),11.146,12.186,12.726,13.508,13.707,14.246,13.7,14.859,17.17,16.545,18.204,15.011,15.301,14.571,17.019,15.355,15.404,15.992,18.258,18.283,21.719,26.981,26.796,26.437,24.011,26.385
E01016291,West Berkshire 021C,E06000037,West Berkshire,TLJ,South East (England),9.594,10.572,11.069,11.851,12.258,12.862,13.886,15.563,14.772,16.234,19.804,18.629,18.39,16.902,16.672,19.097,18.617,21.026,21.615,20.19,20.313,23.447,25.13,27.393,24.417,26.558
E01016292,West Berkshire 021D,E06000037,West Berkshire,TLJ,South East (England),6.719,7.467,7.68,8.038,8.06,8.31,8.078,9.832,10.24,10.645,10.992,9.957,9.674,10.796,10.777,10.868,11.05,12.279,12.956,14.147,13.631,14.145,14.474,16.372,17.278,20.26
E01016321,West Berkshire 021E,E06000037,West Berkshire,TLJ,South East (England),6.579,6.99,7.329,7.708,7.833,7.627,7.879,8.973,8.526,10.125,10.495,8.589,8.331,8.623,8.956,8.681,9.128,11.632,11.794,11.952,12.562,12.191,12.001,12.308,12.887,15.046
E01016322,West Berkshire 021F,E06000037,West Berkshire,TLJ,South East (England),4.089,4.454,4.515,4.689,4.626,4.679,4.835,5.464,5.393,5.845,6.654,5.544,5.33,5.617,7.076,6.203,6.416,9.688,9.406,8.162,9.862,9.838,8.497,8.044,9.008,10.682
E01016307,West Berkshire 022A,E06000037,West Berkshire,TLJ,South East (England),11.823,12.784,13.544,14.239,14.645,15.167,14.958,16.047,15.961,16.672,16.487,16.802,17.676,16.858,18.917,19.898,18.086,15.736,16.914,15.201,15.088,16.418,16.647,15.571,24.551,19.937
E01016308,West Berkshire 022B,E06000037,West Berkshire,TLJ,South East (England),11.238,12.368,13.037,13.696,14.353,14.787,15.059,16.1,16.651,18.191,19.529,17.564,17.017,18.125,19.341,20.076,19.732,27.712,27.048,25.154,30.294,35.533,30.323,22.846,29.578,38.581
E01016309,West Berkshire 022C,E06000037,West Berkshire,TLJ,South East (England),23.811,25.559,27.156,28.49,30.158,31.778,30.729,51.139,51.086,50.014,55.414,47.964,50.912,38.991,38.841,47.402,63.211,58.787,55.997,50.24,56.5,64.038,52.299,59.211,74.43,99.26
E01016407,Reading 001A,E06000038,Reading,TLJ,South East (England),7.032,7.688,8.396,8.519,8.748,8.942,9.905,9.633,10.324,10.429,11.573,11.394,11.707,11.186,12.018,11.831,12.067,11.532,12.218,12.576,13.394,13.865,13.326,13.646,15.064,16.556
E01016408,Reading 001B,E06000038,Reading,TLJ,South East (England),12.821,12.765,13.364,13.264,13.466,13.995,14.437,14.84,15.259,15.614,16.46,16.385,15.715,15.145,16.117,15.308,15.608,15.49,16.788,15.793,13.113,12.217,14.186,12.441,12.402,12.655
E01016410,Reading 001C,E06000038,Reading,TLJ,South East (England),5.175,5.657,6.192,6.352,6.568,6.79,6.18,6.94,7.27,7.86,8.592,8.525,9.043,9.349,9.792,9.734,10.833,10.525,10.498,10.518,10.917,11.82,11.926,12.82,19.737,23.286
E01016411,Reading 001D,E06000038,Reading,TLJ,South East (England),5.686,6.165,6.809,6.91,7.093,7.286,8.192,8.34,8.659,8.377,9.862,8.062,8.087,10.006,10.437,11.052,12.45,11.798,10.036,9.672,10.136,9.962,10.923,8.23,8.444,10.234
E01016412,Reading 001E,E06000038,Reading,TLJ,South East (England),4.711,5.128,5.62,5.701,5.832,5.791,6.903,6.191,6.48,7.723,6.553,5.274,5.585,5.958,6.296,6.525,6.855,7.252,8.09,8.101,8.168,8.928,8.884,9.191,10.256,10.239
E01016386,Reading 002A,E06000038,Reading,TLJ,South East (England),4.183,4.545,5.069,5.02,5.141,5.158,5.344,5.425,5.591,4.984,5.039,4.312,4.178,4.329,4.566,4.893,5.477,6.716,6.873,6.906,6.993,7.605,7.619,8.156,11.61,13.322
E01016387,Reading 002B,E06000038,Reading,TLJ,South East (England),4.5,4.901,5.42,5.371,5.431,5.497,5.539,5.7,6.105,6.246,6.785,6.225,5.812,5.627,6.055,6.22,6.614,6.94,6.778,6.853,7.012,7.71,7.04,7.123,7.782,8.885
E01016425,Reading 002C,E06000038,Reading,TLJ,South East (England),5.412,5.86,6.538,6.583,6.708,6.892,7.071,7.322,7.524,7.795,8.191,7.05,7.064,7.359,7.227,7.508,8.798,9.651,9.353,8.994,9.069,8.982,7.766,7.568,8.729,10.523
E01016426,Reading 002D,E06000038,Reading,TLJ,South East (England),6.716,7.264,7.989,8.085,8.371,8.972,9.61,9.438,9.716,10.405,10.818,9.361,9.103,9.822,9.966,11.233,13.215,13.328,13.386,14.576,12.957,17.099,16.997,17.391,19.865,18.495
E01016430,Reading 002E,E06000038,Reading,TLJ,South East (England),7.595,8.396,9.292,9.795,10.272,10.69,13.099,13.2,13.188,13.396,15.959,15.8,16.76,16.805,16.154,16.364,16.665,14.741,13.495,15.724,14.856,16.969,20.549,21.575,20.746,23.657
E01016364,Reading 003A,E06000038,Reading,TLJ,South East (England),10.78,11.656,12.676,12.97,13.421,13.738,13.388,13.942,14.493,16.238,17.159,15.402,15.689,15.733,17.764,18.892,19.889,21.865,21.412,23.042,21.028,21.995,20.362,21.812,24.954,28.701
E01016409,Reading 003B,E06000038,Reading,TLJ,South East (England),7.486,8.306,9.053,9.457,9.9,9.983,9.761,8.923,8.327,8.371,9.316,5.98,5.793,6.215,6.473,6.738,7.248,9.552,13.467,13.905,13.618,14.604,13.7,14.084,13.976,14.691
E01016427,Reading 003C,E06000038,Reading,TLJ,South East (England),6.94,7.494,8.286,8.621,8.959,9.173,9.878,9.7,9.819,9.698,10.942,10.348,10.578,10.563,10.52,17.625,16.31,22.453,19.909,17.519,18.885,21.877,21.046,20.694,25.634,23.03
E01016428,Reading 003D,E06000038,Reading,TLJ,South East (England),6.99,7.647,8.474,8.794,9.116,9.282,8.55,8.973,9.554,10.792,10.94,9.18,9.597,9.518,9.069,10.402,11.164,10.486,11.104,10.962,11.118,11.235,11.254,11.293,14.241,15.593
E01016429,Reading 003E,E06000038,Reading,TLJ,South East (England),7.152,7.777,8.442,8.538,8.742,9.004,9.793,9.951,10.15,10.33,11.352,8.559,8.605,9.034,9.133,8.679,9.552,10.379,11.713,14.08,15.865,15.985,15.109,9.007,9.571,10.228
E01016362,Reading 004A,E06000038,Reading,TLJ,South East (England),22.343,24.15,25.59,25.922,26.683,26.938,27.503,28.307,29.023,30.02,31.315,27.97,27.838,29.177,30.675,30.873,31.408,41.615,41.376,38.726,43.061,45.467,42.095,43.901,43.774,54.452
E01016363,Reading 004B,E06000038,Reading,TLJ,South East (England),7.516,9.48,10.299,10.893,10.937,11.14,11.589,12.453,12.906,13.937,14.654,14.934,13.485,13.343,14.458,13.06,14.136,10.391,10.839,10.361,10.54,11.694,13.231,13.23,14.83,16.636
E01016365,Reading 004C,E06000038,Reading,TLJ,South East (England),6.774,7.291,8.49,8.853,9.152,9.129,9.557,9.057,9.369,9.899,10.133,11.948,11.827,13.084,13.152,13.84,15.522,13.625,14.56,16.923,17.767,19.856,16.667,14.05,15.294,18.46
E01016366,Reading 004D,E06000038,Reading,TLJ,South East (England),11.079,11.565,11.731,11.56,11.6,11.46,11.631,11.879,11.884,11.83,11.748,10.618,11.363,11.551,12.146,11.791,10.55,11.361,15.002,14.912,16.171,19.085,18.417,18.413,17.195,18.101
E01016367,Reading 004E,E06000038,Reading,TLJ,South East (England),4.754,5.025,5.489,5.887,5.997,5.784,6.243,6.192,6.373,6.624,7.13,6.578,6.143,6.244,6.651,6.78,7.474,8.146,9.178,9.076,10.503,11.249,10.584,11.405,11.056,11.913
E01016380,Reading 005A,E06000038,Reading,TLJ,South East (England),7.046,7.743,8.245,8.177,8.269,8.374,9.028,9.413,9.551,9.666,10.808,9.437,9.418,10.036,10.992,10.076,10.193,10.382,12.753,13.765,13.558,14.815,13.331,14.646,15.517,15.629
E01016383,Reading 005B,E06000038,Reading,TLJ,South East (England),5.439,5.881,6.488,6.468,6.585,6.484,6.731,7.291,7.508,7.381,8.012,6.13,6.75,7.181,7.472,9.267,8.184,10.038,10.117,11.339,12.73,13.571,11.763,13.763,14.149,16.178
E01016384,Reading 005C,E06000038,Reading,TLJ,South East (England),5.614,6.122,6.803,6.966,7.127,7.306,7.441,7.947,8.419,8.608,9.357,9.477,9.372,9.115,9.193,9.863,10.533,9.709,9.229,8.525,9.255,9.133,8.68,9.163,10.915,11.876
E01016431,Reading 005D,E06000038,Reading,TLJ,South East (England),9.178,10.047,10.968,11.332,11.688,12.006,12.21,12.917,14.032,13.971,14.791,12.478,14.264,13.217,13.113,13.934,14.681,16.825,16.775,19.116,17.32,18.526,17.256,19.341,18.67,21.716
E01016432,Reading 005E,E06000038,Reading,TLJ,South East (England),4.865,5.317,5.879,5.92,6.037,5.95,6.183,5.51,5.825,7.233,9.795,8.393,9.875,9.966,10.333,10.386,12.014,11.441,10.776,11.902,11.953,12.478,11.09,12.121,12.777,13.903
E01016381,Reading 006A,E06000038,Reading,TLJ,South East (England),3.544,3.843,4.235,4.236,4.31,4.17,4.365,3.562,3.647,3.657,4.115,3.814,3.616,3.701,3.918,3.991,4.143,4.162,4.531,4.686,5.119,5.295,4.422,4.43,4.999,5.595
E01016382,Reading 006B,E06000038,Reading,TLJ,South East (England),29.067,30.929,31.094,31.485,32.56,33.393,32.884,34.819,35.693,37.013,38.121,39.929,35.935,38.983,42.327,41.87,43.99,42.318,42.675,34.92,39.255,40.027,33.884,33.02,36.216,42.182
E01016385,Reading 006C,E06000038,Reading,TLJ,South East (England),5.518,5.84,6.646,6.757,6.736,6.67,6.807,9.033,10.195,10.888,11.77,7.619,7.841,7.313,8.172,5.466,5.794,5.815,6.129,5.889,6.251,11.693,10.766,10.078,11.809,12.531
E01016396,Reading 006D,E06000038,Reading,TLJ,South East (England),9.323,9.191,10.178,10.471,11.044,11.163,13.702,12.766,11.851,15.398,18.607,20.201,22.696,23.273,21.407,20.911,21.162,12.652,13.304,16.642,17.325,17.91,17.696,16.283,14.719,14.79
E01016397,Reading 006E,E06000038,Reading,TLJ,South East (England),8.482,9.368,10.235,10.538,10.813,10.877,10.691,11.041,11.473,12.015,12.571,10.601,10.514,11.158,12.083,13.797,16.973,16.65,17.386,17.556,19.646,19.618,18.477,25.248,28.351,33.124
E01016355,Reading 007A,E06000038,Reading,TLJ,South East (England),96.265,103.705,114.17,121.214,118.492,128.699,132.623,137.667,140.508,148.763,159.868,166.151,168.372,171.228,157.848,159.66,154.219,151.055,153.572,162.133,170.955,163.913,148.955,163.154,174.157,184.767
E01016358,Reading 007B,E06000038,Reading,TLJ,South East (England),8.649,9.452,10.466,10.676,10.814,11.036,11.851,11.776,12.152,13.389,14.364,11.833,12.162,12.712,12.504,10.126,10.935,12.719,12.374,12.603,12.734,11.886,10.267,10.934,12.299,13.205
E01016359,Reading 007C,E06000038,Reading,TLJ,South East (England),66.025,69.261,73.598,77.586,80.624,83.379,82.183,86.078,88.839,95.105,99.296,94.417,97.123,99.24,101.543,97.41,103.286,93.003,92.796,92.879,100.287,109.557,112.142,121.05,134.736,157.195
E01016360,Reading 007D,E06000038,Reading,TLJ,South East (England),12.791,14.312,15.538,16.813,17.994,18.786,13.454,11.974,14.129,14.345,15.478,10.393,9.929,12.412,13.259,12.672,14.407,17.742,17.829,19.549,18.731,19.108,18.883,21.371,19.527,22.018
E01016361,Reading 007E,E06000038,Reading,TLJ,South East (England),8.46,9.481,10.515,10.624,10.936,10.531,10.605,11.271,12.437,14.588,17.412,19.016,19.1,17.494,18.495,17.842,10.587,9.946,9.639,10.024,11.042,12.115,13.933,12.803,12.978,15.413
E01016356,Reading 008A,E06000038,Reading,TLJ,South East (England),5.096,5.54,6.618,7.483,7.69,7.812,7.846,9.051,9.182,10.293,13.481,12.995,11.152,10.945,13.351,17.663,16.171,12.036,11.203,11.845,13.04,11.675,10.822,9.556,11.688,15.871
E01016357,Reading 008B,E06000038,Reading,TLJ,South East (England),6.558,7.069,7.825,7.978,8.164,8.174,9.566,9.657,11.341,11.258,11.191,9.211,10.225,10.268,10.548,10.921,11.972,10.978,11.737,11.741,15.352,14.911,14.499,12.892,14.924,18.053
E01016395,Reading 008C,E06000038,Reading,TLJ,South East (England),12.898,13.844,15.892,16.676,16.642,16.917,16.932,19.854,19.346,20.306,21.849,20.335,21.89,21.011,21.19,23.415,26.461,27.316,29.557,25.833,20.676,24.36,26.21,26.247,28.224,30.849
E01016398,Reading 008D,E06000038,Reading,TLJ,South East (England),3.923,4.227,4.667,4.608,4.637,4.485,4.526,5.404,5.759,5.815,6.431,5.799,5.554,5.259,5.642,5.852,6.813,6.853,7.512,7.619,8.462,8.486,7.564,7.536,7.583,8.349
E01016399,Reading 008E,E06000038,Reading,TLJ,South East (England),4.196,4.507,4.947,4.932,5.005,4.901,5.286,4.284,4.385,4.412,4.948,4.184,4.066,4.179,4.211,4.481,4.763,5.294,5.754,5.634,5.803,5.71,5.609,5.689,6.197,6.917
E01016400,Reading 008F,E06000038,Reading,TLJ,South East (England),8.958,10.077,11.364,12.069,12.722,13.17,20.659,21.687,20.34,17.648,15.788,11.258,13.292,13.706,12.335,12.56,13.136,13.14,12.181,12.597,12.941,14.756,12.834,13.536,15.444,16.812
E01016394,Reading 009A,E06000038,Reading,TLJ,South East (England),5.2,5.677,6.335,6.506,6.696,6.737,6.08,6.957,6.929,6.687,7.908,13.4,14.71,16.18,15.36,14.836,14.94,9.411,9.4,10.571,10.638,10.404,11.156,11.309,12.246,13.872
E01016433,Reading 009B,E06000038,Reading,TLJ,South East (England),16.824,17.924,20.135,21.169,21.457,22.166,22.447,25.521,26.436,27.605,29.544,27.325,27.913,27.212,26.96,28.346,29.217,29.995,35.017,33.662,23.785,20.415,22.172,21.893,22.616,23.266
E01016434,Reading 009C,E06000038,Reading,TLJ,South East (England),6.144,6.674,7.338,7.471,7.734,7.737,8.485,8.241,9.725,9.534,7.745,9.685,11.668,13.213,17.725,21.881,18.593,17.763,21.098,24.398,24.842,32.319,37.755,42.936,47.714,41.595
E01016435,Reading 009D,E06000038,Reading,TLJ,South East (England),3.966,4.286,4.737,4.676,4.706,4.526,4.65,4.828,4.983,4.791,5.183,4.303,4.107,5.3,5.427,5.648,5.407,5.412,5.659,5.727,5.646,6.051,5.723,6.927,6.738,7.659
E01016436,Reading 009E,E06000038,Reading,TLJ,South East (England),4.99,5.489,6.022,6.065,6.153,6.03,6.208,6.26,6.509,6.892,6.805,9.052,8.966,9.596,6.332,7.744,7.582,7.841,8.206,8.352,9.101,9.484,9.975,10.318,11.346,14.566
E01016402,Reading 010B,E06000038,Reading,TLJ,South East (England),5.172,5.592,6.141,6.155,6.272,6.164,5.371,5.376,5.342,6.742,7.566,6.492,6.868,6.912,9.272,9.901,6.988,10.02,11.901,14.315,12.643,13.393,12.35,13.378,15.009,15.644
E01016404,Reading 010C,E06000038,Reading,TLJ,South East (England),7.252,7.801,8.516,8.881,9.178,9.264,9.951,7.026,7.868,8.884,10.118,10.584,10.092,10.341,10.788,10.796,10.285,10.041,11.431,13.427,12.95,11.749,12.165,11.773,12.485,12.601
E01016405,Reading 010D,E06000038,Reading,TLJ,South East (England),4.013,4.328,4.778,4.698,4.702,4.506,4.627,4.61,4.738,4.835,5.353,4.266,4.112,4.234,4.491,4.405,4.633,5.593,5.686,5.938,6.135,6.198,5.899,6.533,7.024,8.128
E01016406,Reading 010E,E06000038,Reading,TLJ,South East (England),7.149,8.008,8.345,8.413,8.547,8.786,8.694,9.312,9.862,10.693,11.074,9.744,10.411,10.468,11.837,11.393,8.658,9.064,10.042,8.59,7.987,9.074,8.977,8.098,8.955,9.042
E01033417,Reading 010F,E06000038,Reading,TLJ,South East (England),17.313,16.855,18.602,19.511,21.281,22.046,18.668,23.011,23.099,24.556,24.281,32.054,25.848,42.403,39.403,42.992,45.183,25.896,26.333,31.426,30.3,27.38,36.186,31.725,36.161,38.041
E01033421,Reading 010G,E06000038,Reading,TLJ,South East (England),37.75,38.883,42.219,44.895,48.002,51.095,46.128,56.681,58.435,64.355,65.369,70.611,59.849,85.876,77.487,83.54,72.918,61.194,57.76,60.852,70.489,78.62,131.058,173.715,165.475,189.898
E01016353,Reading 011B,E06000038,Reading,TLJ,South East (England),25.781,29.446,30.922,32.649,33.703,34.301,34.929,36.049,38.87,39.361,38.122,32.086,32.78,33.603,36.237,46.486,40.768,45.358,43.675,44.015,46.994,42.295,44.25,54.11,46.603,54.921
E01016391,Reading 011E,E06000038,Reading,TLJ,South East (England),42.074,48.081,53.593,59.957,59.526,67.251,69.038,75.859,77.815,86.122,95.483,106.049,102.675,108.557,129.76,132.422,156.473,137.69,115.918,101.948,86.135,79.515,47.082,52.693,66.604,38.511
E01033415,Reading 011F,E06000038,Reading,TLJ,South East (England),759.161,808.684,867.951,899.347,927.019,1098.501,1111.703,1232.729,1316.137,1386.538,1484.105,1587.933,1601.798,1584.678,1563.178,1715.548,1939.753,2067.937,2090.993,2116.03,2396.333,2677.409,2298.563,2702.922,3827.079,4407.307
E01033418,Reading 011G,E06000038,Reading,TLJ,South East (England),206.314,218.72,225.768,236.111,176.606,180.298,216.311,261.113,266.68,324.471,349.911,358.778,295.298,303.851,277.389,312.732,342.815,129.878,122.604,139.322,117.791,123.208,96.068,133.58,157.398,221.413
E01033420,Reading 011H,E06000038,Reading,TLJ,South East (England),209.766,226.609,250.169,251.231,268.405,275.893,264.152,275.381,276.872,288.516,313.862,285.867,303.268,309.968,269.165,293.539,314.04,414.222,351.159,330.894,367.582,436.537,398.868,452.08,519.563,591.854
E01033422,Reading 011I,E06000038,Reading,TLJ,South East (England),21.275,21.481,23.214,24.424,26.4,28.895,22.848,27.321,28.578,29.705,32.669,29.159,30.968,29.866,30.089,31.472,35.923,44.328,39.92,44.532,44.48,46.816,43.561,36.496,37.741,38.2
E01033423,Reading 011J,E06000038,Reading,TLJ,South East (England),25.959,27.257,28.681,30.532,30.587,31.34,28.654,32.974,34.892,35.875,39.267,35.128,34.372,33.588,31.274,28.591,31.537,25.396,22.941,27.869,30.874,36.161,31.442,35.157,39.69,42.296
E01016401,Reading 012A,E06000038,Reading,TLJ,South East (England),8.199,8.722,9.563,10.007,10.467,10.663,9.942,11.336,14.417,12.303,10.766,12.078,7.405,6.717,7.174,7.555,8.301,8.484,9.899,9.886,10.965,16.201,19.41,16.945,17.921,18.715
E01016403,Reading 012B,E06000038,Reading,TLJ,South East (England),9.249,10.027,11.226,11.834,12.341,12.677,14.659,15.185,16.972,17.536,19.233,16.24,17.846,17.658,18.218,20.185,20.206,23.43,26.95,25.933,26.828,26.393,28.714,26.879,25.153,27.757
E01016416,Reading 012C,E06000038,Reading,TLJ,South East (England),18.33,19.494,21.125,22.657,24.191,27.447,27.587,29.421,30.886,33.593,33.112,30.235,32.399,34.651,35.531,27.224,20.581,23.327,21.122,18.562,20.134,18.726,16.192,18.647,20.763,64.917
E01016417,Reading 012D,E06000038,Reading,TLJ,South East (England),5.474,6.039,6.538,6.821,6.99,7.011,7.485,7.651,7.862,8.093,8.955,7.151,7.122,7.452,8.173,8.158,7.707,11.153,17.525,17.514,19.983,20.923,17.794,18.561,21.028,21.272
E01016418,Reading 012E,E06000038,Reading,TLJ,South East (England),6.802,7.395,8.078,8.49,8.728,8.89,10.496,10.37,10.492,10.508,11.872,9.364,11.445,14.008,14.855,12.845,14.608,13.444,12.945,13.652,15.083,14.671,14.741,16.383,17.521,19.491
E01016388,Reading 013A,E06000038,Reading,TLJ,South East (England),170.0,148.641,152.02,136.59,138.365,115.106,115.712,118.493,102.695,83.097,72.169,63.105,64.816,63.349,57.072,63.451,82.86,78.086,62.609,56.735,59.489,49.722,40.527,38.099,56.093,65.22
E01016389,Reading 013B,E06000038,Reading,TLJ,South East (England),5.112,5.483,6.036,6.285,6.713,6.622,6.212,6.235,6.938,6.992,9.118,7.697,7.775,7.635,8.164,8.058,8.828,8.799,8.881,7.286,7.855,8.56,7.939,8.235,8.98,9.846
E01016390,Reading 013C,E06000038,Reading,TLJ,South East (England),11.854,12.901,14.186,15.279,16.327,16.736,15.732,18.039,14.547,17.246,17.828,8.194,7.966,8.182,8.797,8.615,9.308,19.461,19.849,21.715,22.368,26.712,32.193,39.863,46.483,41.072
E01016392,Reading 013D,E06000038,Reading,TLJ,South East (England),12.51,13.179,15.093,16.789,17.686,18.648,20.659,20.351,23.317,25.777,25.026,18.071,19.838,20.556,22.579,26.285,24.374,29.732,38.711,34.365,37.857,40.643,41.969,43.648,46.438,43.216
E01016393,Reading 013E,E06000038,Reading,TLJ,South East (England),17.376,17.468,19.448,21.775,23.378,24.759,28.163,27.703,30.937,26.109,29.141,21.427,24.829,22.766,26.829,28.18,26.116,31.36,37.513,35.124,41.887,43.52,33.95,39.766,41.365,44.177
E01016374,Reading 014A,E06000038,Reading,TLJ,South East (England),5.762,6.23,6.841,6.918,7.096,7.063,6.791,7.805,8.086,8.187,8.782,7.975,7.848,9.797,10.527,10.601,11.935,10.935,11.0,11.717,11.756,12.146,11.544,11.829,12.031,12.706
E01016375,Reading 014B,E06000038,Reading,TLJ,South East (England),3.287,3.536,3.916,3.925,3.986,3.873,3.977,3.746,3.653,3.69,4.151,3.441,3.387,3.497,3.539,3.479,3.577,3.993,4.47,4.471,4.67,4.783,4.293,4.232,4.481,5.115
E01016376,Reading 014C,E06000038,Reading,TLJ,South East (England),24.726,29.412,33.775,32.38,32.908,33.273,38.011,37.775,38.419,41.149,42.38,37.056,33.974,37.834,40.671,46.118,55.596,51.406,58.642,52.405,52.228,65.662,63.779,63.65,55.917,56.338
E01016379,Reading 014D,E06000038,Reading,TLJ,South East (England),4.523,4.926,5.514,5.439,5.593,5.542,5.679,6.386,6.602,7.141,7.693,20.338,18.59,22.266,19.697,18.829,21.423,7.606,8.158,8.052,8.349,8.635,7.588,7.475,8.996,9.78
E01016413,Reading 014E,E06000038,Reading,TLJ,South East (England),7.247,8.086,8.813,9.214,9.578,10.074,12.104,11.504,9.202,10.458,10.13,9.418,9.814,10.132,12.37,9.597,11.311,11.464,11.119,14.544,13.756,13.819,13.907,13.712,12.825,14.707
E01016414,Reading 014F,E06000038,Reading,TLJ,South East (England),64.012,72.811,78.765,88.925,97.368,103.879,114.127,119.024,127.367,122.875,137.017,25.944,28.589,27.475,41.431,40.171,40.366,260.402,252.151,263.18,290.407,292.714,298.986,335.454,392.289,428.373
E01016419,Reading 015A,E06000038,Reading,TLJ,South East (England),12.924,14.265,15.692,16.865,17.841,18.545,24.916,22.925,20.745,22.552,28.136,16.455,16.157,15.723,16.112,16.288,25.348,45.278,42.212,42.609,36.607,52.983,45.832,45.722,72.073,66.511
E01016420,Reading 015B,E06000038,Reading,TLJ,South East (England),4.618,5.052,5.613,5.663,5.745,5.661,5.64,5.734,5.904,6.121,6.596,24.769,22.077,20.938,24.022,23.616,17.176,7.333,8.791,9.757,9.533,13.629,19.106,18.915,22.965,18.889
E01016421,Reading 015C,E06000038,Reading,TLJ,South East (England),16.07,17.568,19.093,20.19,20.712,21.499,21.55,23.288,29.089,31.722,33.801,25.324,27.485,24.046,24.595,24.25,25.796,51.439,52.557,50.814,55.279,56.373,60.28,71.566,70.369,73.346
E01016422,Reading 015D,E06000038,Reading,TLJ,South East (England),6.35,6.666,7.578,7.645,7.686,7.543,7.678,8.569,7.605,8.062,10.572,29.521,28.877,27.617,29.535,34.664,36.721,15.22,18.085,16.301,17.549,17.768,18.231,17.953,18.694,19.69
E01016423,Reading 015E,E06000038,Reading,TLJ,South East (England),4.137,4.475,4.932,4.924,5.035,4.95,4.099,4.057,4.139,4.171,4.661,3.857,3.68,3.785,4.023,4.172,5.604,5.471,6.195,5.71,5.555,5.787,5.188,5.341,5.969,6.83
E01016424,Reading 015F,E06000038,Reading,TLJ,South East (England),3.56,3.865,4.252,4.357,4.444,4.418,4.571,4.043,4.179,4.26,4.667,3.876,3.773,3.904,4.101,3.814,4.387,4.961,5.669,5.536,6.136,7.17,12.496,12.0,12.52,13.858
E01016370,Reading 016A,E06000038,Reading,TLJ,South East (England),8.715,9.56,10.452,11.224,11.663,11.993,16.776,15.911,15.121,11.311,12.832,110.228,126.679,118.368,125.205,120.751,124.749,14.022,15.385,17.412,18.158,19.089,16.835,16.815,18.325,20.936
E01016371,Reading 016B,E06000038,Reading,TLJ,South East (England),5.841,6.348,7.008,7.2,7.407,7.397,6.807,6.808,7.045,8.072,8.944,7.743,7.594,6.521,7.901,8.494,9.44,7.886,8.403,8.566,8.543,10.829,12.669,13.388,14.873,15.092
E01016373,Reading 016C,E06000038,Reading,TLJ,South East (England),5.944,6.426,6.83,6.901,7.374,7.374,7.801,8.2,8.445,8.804,9.601,7.772,8.133,8.298,8.757,8.529,10.557,11.807,12.335,13.671,13.522,13.818,14.061,15.827,16.244,17.674
E01016415,Reading 016D,E06000038,Reading,TLJ,South East (England),8.715,9.56,10.452,11.224,11.663,11.993,16.776,15.911,15.121,11.311,12.832,110.228,126.679,118.368,125.205,120.751,124.749,14.022,15.385,17.412,18.158,19.089,16.835,16.815,18.325,20.936
E01016368,Reading 017A,E06000038,Reading,TLJ,South East (England),4.408,4.721,5.206,5.295,5.468,5.457,5.838,5.869,6.513,6.302,6.734,8.112,5.257,7.162,8.201,7.058,7.91,7.028,7.377,12.292,11.304,7.238,6.337,6.605,7.974,8.972
E01016372,Reading 017B,E06000038,Reading,TLJ,South East (England),4.127,4.463,4.903,4.988,5.097,5.062,3.314,3.325,3.396,4.073,3.871,3.28,3.118,6.74,7.178,8.645,7.642,7.086,8.04,8.391,6.29,7.064,6.968,6.358,7.437,8.764
E01016377,Reading 017C,E06000038,Reading,TLJ,South East (England),66.584,69.607,71.962,76.826,78.367,81.259,80.087,86.307,89.441,96.592,99.821,92.607,95.337,98.334,98.006,94.315,98.512,91.387,95.661,101.98,112.904,105.316,91.926,95.133,103.496,104.894
E01016438,Reading 017D,E06000038,Reading,TLJ,South East (England),7.074,7.777,8.439,8.827,9.116,9.366,12.265,11.595,9.281,9.742,12.668,11.733,15.117,14.533,15.811,16.573,16.241,15.36,16.66,16.137,14.779,16.898,17.463,17.965,20.433,20.285
E01016443,Reading 017F,E06000038,Reading,TLJ,South East (England),3.227,3.504,3.868,3.787,3.787,3.594,3.65,3.634,3.707,3.685,4.367,6.417,6.124,5.995,6.373,8.066,7.874,6.106,7.245,7.331,7.705,7.371,7.313,7.647,8.63,8.882
E01016369,Reading 018A,E06000038,Reading,TLJ,South East (England),4.924,5.12,5.64,5.626,5.764,5.57,4.954,5.325,5.421,5.436,6.762,6.294,6.498,6.575,6.603,6.502,6.103,7.197,8.19,7.747,8.463,7.922,8.39,8.093,9.301,9.774
E01016437,Reading 018B,E06000038,Reading,TLJ,South East (England),346.315,423.918,500.006,449.701,452.68,449.784,556.652,587.54,613.024,612.342,611.583,628.246,589.13,646.182,693.133,678.238,707.78,698.033,739.959,647.788,643.051,465.134,511.405,473.121,426.564,435.088
E01016439,Reading 018C,E06000038,Reading,TLJ,South East (England),346.315,423.918,500.006,449.701,452.68,449.784,556.652,587.54,613.024,612.342,611.583,628.246,589.13,646.182,693.133,678.238,707.78,698.033,739.959,647.788,643.051,465.134,511.405,473.121,426.564,435.088
E01016440,Reading 018D,E06000038,Reading,TLJ,South East (England),4.951,5.422,5.924,5.927,5.982,5.95,6.051,6.243,6.661,6.682,7.287,6.041,5.876,6.505,6.654,7.3,6.838,6.958,6.753,7.352,7.342,8.395,8.042,7.792,8.808,10.476
E01016441,Reading 018E,E06000038,Reading,TLJ,South East (England),5.127,5.287,5.862,5.931,6.115,5.984,6.122,6.064,6.329,6.845,7.138,7.419,7.598,8.378,11.623,12.111,10.561,11.05,12.076,13.188,14.607,14.805,14.672,14.814,16.629,17.454
E01016450,Slough 001A,E06000039,Slough,TLJ,South East (England),3.13,3.157,3.233,3.493,3.419,3.561,3.592,3.818,3.925,3.801,4.309,3.587,3.424,3.614,4.426,4.058,4.702,5.299,6.147,6.118,5.95,6.11,5.667,5.746,6.139,7.148
E01016451,Slough 001B,E06000039,Slough,TLJ,South East (England),4.542,4.765,4.951,5.336,5.359,5.641,5.193,5.525,6.055,5.627,6.471,4.572,5.825,5.367,4.772,4.964,5.059,8.511,8.877,10.432,11.222,11.358,11.296,12.268,12.243,14.218
E01016452,Slough 001C,E06000039,Slough,TLJ,South East (England),6.608,7.018,7.372,7.892,8.019,8.512,7.825,9.252,11.073,12.274,14.461,12.585,13.447,14.606,13.031,13.57,17.252,16.138,17.418,16.664,11.633,11.582,12.255,12.179,13.678,16.21
E01016453,Slough 001D,E06000039,Slough,TLJ,South East (England),4.452,4.593,4.772,5.151,5.106,5.339,5.508,6.961,7.126,7.654,8.439,7.495,6.969,7.04,10.31,12.335,10.947,10.411,11.439,12.66,12.932,13.45,14.657,13.801,15.017,15.985
E01016454,Slough 001E,E06000039,Slough,TLJ,South East (England),3.235,3.27,3.412,3.649,3.547,3.667,3.735,3.882,3.946,3.869,4.439,3.712,3.586,3.766,4.051,4.321,4.57,5.378,5.816,5.49,5.686,6.392,6.017,6.168,6.751,7.613
E01016455,Slough 001F,E06000039,Slough,TLJ,South East (England),2.919,2.903,3.224,3.54,3.551,3.635,4.031,4.349,4.089,4.592,5.09,3.137,4.403,3.156,3.971,4.242,5.236,8.439,8.676,11.958,9.286,8.665,10.426,13.126,14.827,12.281
E01016483,Slough 002A,E06000039,Slough,TLJ,South East (England),24.446,26.904,28.058,28.667,29.11,31.153,30.827,33.237,34.535,35.773,37.353,35.085,36.286,38.068,39.699,42.061,34.376,36.63,36.281,41.144,43.69,44.439,50.89,59.069,58.931,60.502
E01016484,Slough 002B,E06000039,Slough,TLJ,South East (England),4.471,4.655,4.873,5.244,5.267,5.476,5.503,5.749,6.413,6.275,7.155,5.232,5.175,8.672,9.585,11.414,12.295,18.191,19.966,16.428,17.804,20.496,23.653,20.598,18.7,20.101
E01016485,Slough 002C,E06000039,Slough,TLJ,South East (England),2.81,2.82,2.902,3.096,2.993,3.12,3.188,3.301,3.324,3.249,3.778,5.278,5.216,5.399,5.643,5.658,5.902,3.959,4.66,4.74,4.806,5.34,5.163,5.63,6.132,8.633
E01016486,Slough 002D,E06000039,Slough,TLJ,South East (England),1218.906,1387.42,1589.973,1548.819,1630.16,1698.127,1838.14,1925.073,2004.924,2009.19,2077.19,2060.034,2023.201,2150.003,1941.978,1960.341,2149.221,2010.367,2017.224,1923.334,2057.981,2239.849,2557.954,2707.757,3028.93,3579.158
E01016487,Slough 002E,E06000039,Slough,TLJ,South East (England),5.224,5.101,5.407,5.756,5.925,6.174,7.084,8.054,9.117,9.244,7.495,8.642,8.297,8.408,7.965,8.473,9.52,9.981,8.531,7.484,7.39,7.412,6.531,6.979,7.056,9.061
E01016488,Slough 002F,E06000039,Slough,TLJ,South East (England),4.274,4.369,4.53,4.869,4.783,5.024,5.236,5.453,5.807,6.015,6.733,6.765,6.015,6.169,6.954,7.047,10.177,9.209,9.798,10.545,9.693,10.456,10.786,11.28,11.653,12.949
E01016493,Slough 003A,E06000039,Slough,TLJ,South East (England),2.927,2.993,3.06,3.418,3.382,3.466,3.914,3.632,3.825,3.859,4.454,3.906,3.813,3.92,4.083,3.799,4.011,4.393,4.988,5.073,5.53,5.781,5.335,5.544,5.713,6.679
E01016494,Slough 003B,E06000039,Slough,TLJ,South East (England),118.062,125.093,124.135,126.298,130.53,137.457,132.921,139.743,141.108,147.351,147.194,137.718,144.948,153.993,172.675,190.688,186.033,201.658,237.632,220.557,265.69,278.326,310.591,271.358,310.633,342.43
E01016495,Slough 003C,E06000039,Slough,TLJ,South East (England),19.422,19.882,21.308,23.299,23.555,25.288,22.908,24.047,23.78,26.721,28.253,24.043,24.069,25.107,24.387,29.03,33.728,33.326,32.927,30.911,38.149,59.581,57.991,61.13,63.138,56.973
E01016496,Slough 003D,E06000039,Slough,TLJ,South East (England),5.344,5.552,5.897,6.505,6.601,7.044,7.461,7.803,8.174,8.708,9.525,8.948,8.837,8.987,9.347,8.365,11.004,9.753,10.455,10.218,10.117,10.669,9.051,10.266,10.269,10.472
E01016497,Slough 003E,E06000039,Slough,TLJ,South East (England),6.116,6.547,6.901,7.429,7.617,8.108,8.45,8.944,9.172,9.745,10.703,12.049,12.281,11.04,12.414,11.741,12.366,11.612,13.222,12.635,13.452,13.07,13.403,14.177,17.826,17.372
E01016498,Slough 003F,E06000039,Slough,TLJ,South East (England),3.249,3.268,3.371,3.603,3.486,3.625,3.701,3.835,3.87,3.803,4.415,4.107,3.977,4.125,4.324,4.744,4.906,4.816,5.676,5.683,5.773,6.085,6.123,5.767,6.616,7.491
E01016499,Slough 003G,E06000039,Slough,TLJ,South East (England),426.524,448.852,475.347,494.418,500.421,531.423,488.206,464.016,456.327,499.228,497.21,557.296,579.817,592.387,640.544,642.351,595.085,641.267,737.45,891.815,761.962,782.764,956.406,1093.502,1123.65,1406.197
E01016444,Slough 004A,E06000039,Slough,TLJ,South East (England),2.871,2.984,3.087,3.302,3.225,3.352,3.612,4.046,3.626,3.582,4.031,3.145,3.066,3.249,3.37,4.261,3.743,4.326,4.966,4.889,5.186,6.14,5.512,5.143,5.529,6.07
E01016445,Slough 004B,E06000039,Slough,TLJ,South East (England),3.142,3.201,3.312,3.538,3.469,3.612,3.676,4.127,4.153,3.906,4.677,3.444,3.34,3.487,3.708,3.974,3.899,5.492,6.553,7.05,6.35,7.112,7.01,7.194,6.845,8.774
E01016446,Slough 004C,E06000039,Slough,TLJ,South East (England),3.219,3.298,3.448,3.741,3.761,4.022,3.473,4.333,4.428,4.624,5.121,5.452,5.263,5.367,4.819,5.934,6.054,8.683,8.732,7.552,7.258,7.842,7.707,7.869,8.598,9.436
E01016447,Slough 004D,E06000039,Slough,TLJ,South East (England),7.388,7.828,8.244,8.678,8.683,8.913,8.983,9.364,9.967,9.657,10.638,10.038,9.911,10.085,10.971,11.696,10.555,11.364,7.972,8.17,8.023,8.6,8.125,9.325,8.893,9.516
E01016448,Slough 004E,E06000039,Slough,TLJ,South East (England),34.943,36.338,37.806,39.37,40.368,42.293,46.334,48.64,49.458,57.878,56.185,46.624,48.505,57.451,58.692,42.529,48.517,60.444,50.086,41.973,41.539,51.021,56.634,65.225,51.587,46.826
E01016449,Slough 004F,E06000039,Slough,TLJ,South East (England),7.365,7.668,8.285,8.958,9.002,9.401,9.662,10.485,11.93,11.544,12.41,13.602,12.883,12.403,15.584,13.612,16.452,15.422,17.101,16.368,16.578,20.246,19.668,18.649,19.947,18.587
E01016516,Slough 005A,E06000039,Slough,TLJ,South East (England),2.655,2.696,2.841,3.037,2.97,3.104,3.131,3.277,3.309,3.268,3.722,3.536,3.452,3.567,3.593,4.109,4.35,5.719,5.75,6.791,6.374,6.661,6.496,7.218,7.269,8.615
E01016517,Slough 005B,E06000039,Slough,TLJ,South East (England),2.691,2.927,2.983,3.14,3.061,3.294,3.316,3.591,3.557,3.561,3.901,4.289,4.463,5.0,5.152,4.994,5.299,4.681,4.884,4.943,5.211,4.958,4.744,5.466,5.868,6.737
E01016518,Slough 005C,E06000039,Slough,TLJ,South East (England),3.965,4.005,4.113,4.319,4.272,4.416,4.538,4.691,4.805,4.858,5.591,4.776,4.829,5.116,5.178,5.412,4.698,5.446,5.882,6.661,7.241,7.292,8.363,7.855,8.594,9.098
E01016519,Slough 005D,E06000039,Slough,TLJ,South East (England),27.668,30.955,33.344,37.865,41.364,44.025,42.628,48.2,50.064,51.836,55.557,77.839,81.877,80.279,82.79,80.586,83.897,95.818,99.21,103.251,107.399,115.614,124.229,138.265,142.646,157.079
E01016520,Slough 005E,E06000039,Slough,TLJ,South East (England),27.668,30.955,33.344,37.865,41.364,44.025,42.628,48.2,50.064,51.836,55.557,77.839,81.877,80.279,82.79,80.586,83.897,95.818,99.21,103.251,107.399,115.614,124.229,138.265,142.646,157.079
E01016521,Slough 005F,E06000039,Slough,TLJ,South East (England),4.05,4.145,4.322,4.666,4.639,4.868,5.162,5.674,6.795,6.042,7.255,5.74,5.436,5.544,8.375,8.66,9.362,10.17,10.936,10.051,14.189,16.711,15.479,15.321,17.056,16.967
E01016467,Slough 006A,E06000039,Slough,TLJ,South East (England),12.333,12.938,13.798,15.306,16.303,18.813,17.496,19.033,19.616,21.35,22.238,26.048,25.998,23.933,24.739,27.377,35.352,28.023,30.756,32.071,15.838,12.777,11.649,11.253,15.168,18.796
E01016468,Slough 006B,E06000039,Slough,TLJ,South East (England),36.287,35.688,38.072,36.713,35.411,35.3,34.38,34.094,35.853,35.181,33.476,31.852,36.931,41.4,40.393,50.299,42.104,35.921,25.488,13.735,12.758,13.312,16.583,20.899,22.402,17.807
E01016469,Slough 006C,E06000039,Slough,TLJ,South East (England),13.196,13.623,15.147,16.867,17.727,18.993,18.321,19.479,20.659,21.834,23.472,20.947,21.918,22.466,22.509,19.324,29.999,34.119,36.414,37.03,36.869,19.689,19.782,21.269,22.536,25.932
E01016470,Slough 006D,E06000039,Slough,TLJ,South East (England),36.287,35.688,38.072,36.713,35.411,35.3,34.38,34.094,35.853,35.181,33.476,31.852,36.931,41.4,40.393,50.299,42.104,35.921,25.488,13.735,12.758,13.312,16.583,20.899,22.402,17.807
E01016471,Slough 006E,E06000039,Slough,TLJ,South East (England),4.422,4.806,5.159,5.46,5.554,5.95,6.043,6.714,6.642,6.815,6.902,5.7,5.742,6.252,7.641,6.908,6.011,6.831,6.914,6.922,7.828,7.947,6.518,7.187,7.812,8.606
E01016472,Slough 006F,E06000039,Slough,TLJ,South East (England),3.232,3.268,3.414,3.636,3.544,3.644,3.732,3.865,3.912,3.872,4.472,3.784,3.644,3.818,4.003,5.108,5.047,4.936,5.637,5.898,5.896,6.177,6.334,6.611,7.186,8.113
E01016456,Slough 007A,E06000039,Slough,TLJ,South East (England),31.192,35.205,38.514,38.753,39.093,39.616,41.668,43.258,46.255,51.709,53.546,55.962,51.6,53.732,61.219,58.375,52.983,61.154,67.756,58.812,70.07,114.707,227.323,180.959,183.664,223.034
E01016457,Slough 007B,E06000039,Slough,TLJ,South East (England),2.723,2.747,2.825,3.009,2.913,3.023,3.078,3.202,3.24,3.166,3.635,3.02,2.914,3.036,3.244,3.556,3.983,4.583,6.096,6.061,6.364,6.253,6.151,6.307,7.014,7.657
E01016458,Slough 007C,E06000039,Slough,TLJ,South East (England),5.535,5.801,6.116,6.699,7.25,7.643,9.031,10.758,11.046,10.777,11.035,9.543,10.484,10.467,7.268,7.332,7.664,8.289,9.331,8.269,10.613,13.407,12.432,12.815,12.748,13.534
E01016460,Slough 007E,E06000039,Slough,TLJ,South East (England),6.499,6.922,7.223,7.712,7.797,8.294,8.426,8.875,10.432,9.806,13.721,16.93,16.869,14.058,17.747,18.318,17.056,17.191,18.661,19.554,17.877,18.37,18.737,20.9,21.218,23.386
E01016473,Slough 008A,E06000039,Slough,TLJ,South East (England),333.913,348.167,362.185,356.075,376.729,389.269,422.456,440.08,441.675,463.41,487.052,478.174,473.162,488.715,461.29,510.011,497.291,475.118,488.634,441.189,452.737,480.925,374.011,363.01,356.977,321.326
E01016474,Slough 008B,E06000039,Slough,TLJ,South East (England),333.913,348.167,362.185,356.075,376.729,389.269,422.456,440.08,441.675,463.41,487.052,478.174,473.162,488.715,461.29,510.011,497.291,475.118,488.634,441.189,452.737,480.925,374.011,363.01,356.977,321.326
E01016475,Slough 008C,E06000039,Slough,TLJ,South East (England),6.31,6.905,7.322,7.509,7.533,8.325,8.706,9.095,9.264,9.578,9.982,12.94,10.999,12.195,12.052,18.489,19.83,16.378,20.18,19.107,22.757,24.237,20.16,22.121,27.6,29.281
E01016476,Slough 008D,E06000039,Slough,TLJ,South East (England),1.048,1.606,2.686,4.22,4.378,4.658,4.882,5.405,5.451,4.783,5.383,4.568,4.449,4.555,5.48,5.687,6.412,10.475,10.544,10.509,11.321,12.072,10.904,11.578,12.047,13.152
E01016477,Slough 008E,E06000039,Slough,TLJ,South East (England),13.882,14.577,15.618,16.598,16.741,18.081,17.727,18.884,19.902,20.455,22.27,22.107,22.123,22.712,26.413,26.127,26.839,38.003,40.873,30.653,37.42,38.708,36.954,35.442,39.442,42.641
E01016478,Slough 008F,E06000039,Slough,TLJ,South East (England),4.606,4.775,4.912,5.243,5.258,5.556,5.754,7.266,7.477,8.104,8.887,8.55,9.209,8.875,11.245,10.949,11.592,11.773,11.984,12.339,11.483,12.843,12.176,11.875,13.017,14.024
E01016462,Slough 009A,E06000039,Slough,TLJ,South East (England),32.199,30.339,33.219,35.102,37.582,39.368,47.177,57.441,55.264,52.52,52.237,48.761,52.478,52.869,49.893,51.889,41.215,44.35,50.683,53.293,59.172,65.098,67.9,75.4,67.323,70.007
E01016463,Slough 009B,E06000039,Slough,TLJ,South East (England),12.525,12.994,13.211,13.686,14.141,14.987,14.625,15.387,15.245,16.334,17.243,15.857,16.034,17.282,17.682,11.614,13.283,12.891,13.272,12.636,13.307,14.333,12.412,13.907,13.026,19.659
E01016464,Slough 009C,E06000039,Slough,TLJ,South East (England),11.674,12.83,13.746,15.073,15.276,15.86,15.736,16.562,17.586,19.559,20.454,17.388,18.547,19.399,18.324,18.227,18.448,17.612,17.855,17.67,10.258,10.723,12.037,12.006,13.691,11.786
E01016465,Slough 009D,E06000039,Slough,TLJ,South East (England),38.591,41.842,48.723,49.063,51.472,65.865,64.759,69.42,71.575,74.369,82.859,71.796,73.905,76.835,82.824,101.049,230.84,294.391,463.787,539.998,536.176,521.121,472.475,309.294,273.172,257.577
E01032729,Slough 009F,E06000039,Slough,TLJ,South East (England),72.625,78.22,81.671,87.034,92.596,99.306,105.249,98.446,92.915,100.221,121.477,109.927,98.735,103.2,107.366,107.664,111.269,129.908,165.211,175.331,152.985,157.925,112.91,75.453,70.74,53.896
E01032730,Slough 009G,E06000039,Slough,TLJ,South East (England),92.212,105.217,117.672,116.202,120.934,130.945,145.391,146.18,146.583,155.77,171.993,166.775,157.481,170.65,178.187,193.074,202.21,173.037,133.309,110.457,114.025,131.064,164.286,146.426,139.817,159.941
E01016506,Slough 010A,E06000039,Slough,TLJ,South East (England),53.748,59.157,64.265,62.154,63.707,67.09,71.925,76.737,78.869,82.489,84.563,84.356,82.958,89.74,87.456,76.932,79.164,49.015,45.35,57.467,61.303,56.205,39.981,48.933,62.334,47.508
E01016507,Slough 010B,E06000039,Slough,TLJ,South East (England),12.554,13.166,13.818,14.541,15.003,16.173,16.187,17.318,17.536,19.238,20.986,18.873,20.251,22.015,21.456,18.997,16.619,19.429,19.442,17.21,17.959,19.396,17.45,16.425,17.032,18.289
E01016508,Slough 010C,E06000039,Slough,TLJ,South East (England),41.912,46.838,49.386,50.3,51.582,56.337,56.556,61.388,60.687,68.781,71.959,78.67,76.49,84.548,80.543,90.292,76.016,92.01,93.992,120.932,119.53,131.428,139.241,136.932,150.023,173.792
E01016509,Slough 010D,E06000039,Slough,TLJ,South East (England),13.601,14.753,14.913,15.249,15.583,16.768,17.268,18.938,19.722,21.213,23.772,22.334,22.293,23.25,25.869,20.483,18.979,20.034,19.935,19.76,18.303,17.677,18.403,19.712,20.539,21.807
E01016510,Slough 010E,E06000039,Slough,TLJ,South East (England),6.829,7.311,7.796,8.474,8.742,9.288,8.417,8.495,9.906,9.475,9.251,9.088,11.104,10.824,13.102,14.036,12.885,13.36,15.114,15.01,13.124,14.932,14.639,15.015,16.656,17.772
E01016511,Slough 011A,E06000039,Slough,TLJ,South East (England),41.649,43.077,46.399,49.235,51.504,55.85,52.58,59.227,64.201,71.375,65.698,58.831,62.639,60.48,67.965,80.93,74.662,81.885,50.078,53.806,54.116,54.793,37.325,52.094,46.328,48.01
E01016514,Slough 011D,E06000039,Slough,TLJ,South East (England),18.638,20.158,20.605,22.285,24.029,25.611,25.044,27.386,28.617,30.991,26.831,12.747,13.015,13.697,15.358,16.03,17.556,43.026,44.989,41.623,44.401,42.136,39.531,41.189,50.569,52.404
E01016515,Slough 011E,E06000039,Slough,TLJ,South East (England),6.275,6.663,7.057,7.557,8.436,9.147,9.58,10.212,13.072,12.936,8.647,33.863,33.967,33.968,36.664,39.357,37.429,16.015,15.364,15.714,15.778,15.39,16.104,15.221,20.009,20.523
E01016500,Slough 012A,E06000039,Slough,TLJ,South East (England),5.154,5.279,5.555,5.974,6.109,6.5,6.416,6.845,6.943,7.966,8.944,9.807,9.33,8.731,10.708,11.214,11.372,13.004,7.203,7.57,7.836,9.609,11.215,11.287,9.54,9.595
E01016501,Slough 012B,E06000039,Slough,TLJ,South East (England),4.409,4.561,4.723,5.102,5.088,5.343,5.026,5.503,6.892,5.866,6.092,5.567,6.772,6.863,8.229,8.508,9.461,11.479,11.499,11.546,11.109,12.778,12.005,12.669,14.01,13.37
E01016502,Slough 012C,E06000039,Slough,TLJ,South East (England),4.534,4.683,4.976,5.54,5.61,6.104,5.831,6.055,7.137,7.804,8.361,8.357,6.422,7.913,9.818,9.481,11.861,12.075,12.88,12.112,12.514,15.034,15.076,15.153,17.184,18.964
E01016503,Slough 012D,E06000039,Slough,TLJ,South East (England),4.011,4.119,4.288,4.612,4.558,4.801,4.047,4.202,4.276,4.226,4.791,4.068,5.49,7.055,8.207,7.523,7.766,10.987,11.285,11.487,9.65,9.608,9.783,9.626,10.218,10.486
E01016504,Slough 012E,E06000039,Slough,TLJ,South East (England),5.462,5.829,6.138,6.703,6.862,7.283,6.119,6.146,6.255,6.412,6.548,5.537,5.427,6.568,5.782,8.942,8.825,9.544,11.947,15.991,19.851,23.029,17.692,14.212,11.116,12.682
E01016505,Slough 012F,E06000039,Slough,TLJ,South East (England),7.972,8.678,9.176,9.738,9.869,10.691,10.8,11.488,13.021,12.549,10.416,14.018,14.766,15.247,17.659,13.964,15.6,18.448,23.528,25.438,24.397,28.284,27.212,22.453,31.384,35.78
E01016490,Slough 013B,E06000039,Slough,TLJ,South East (England),62.795,68.98,68.152,70.937,76.145,83.828,94.116,102.446,117.054,124.815,126.478,131.851,134.893,136.868,148.016,186.153,189.062,254.597,317.772,299.898,270.719,346.689,410.01,363.663,350.878,359.943
E01016491,Slough 013C,E06000039,Slough,TLJ,South East (England),7.36,7.928,8.154,8.593,9.067,9.967,10.386,11.226,11.116,11.044,12.098,12.745,12.52,14.351,14.379,13.972,13.575,14.027,13.304,18.306,17.79,18.516,14.386,20.607,19.205,15.764
E01016492,Slough 013D,E06000039,Slough,TLJ,South East (England),39.176,43.313,47.794,49.334,50.572,54.565,54.026,58.274,61.557,58.0,60.385,62.197,60.197,66.453,79.689,92.131,87.323,85.894,98.036,99.747,91.515,94.105,102.837,89.441,79.553,81.615
E01032731,Slough 013E,E06000039,Slough,TLJ,South East (England),8.114,9.268,10.017,9.772,10.133,11.175,12.361,13.192,14.485,15.25,16.037,13.686,14.468,16.662,19.38,12.248,10.339,11.197,12.045,11.146,12.101,13.35,9.472,9.869,12.113,14.135
E01032732,Slough 013F,E06000039,Slough,TLJ,South East (England),7.072,7.3,7.9,8.739,8.921,9.571,10.498,11.171,11.851,11.977,12.495,10.877,11.691,12.095,9.79,10.01,9.119,10.315,10.94,9.457,9.005,8.39,8.675,10.006,8.659,9.5
E01016479,Slough 014A,E06000039,Slough,TLJ,South East (England),217.786,228.807,250.297,287.232,306.672,333.916,311.295,328.551,354.079,371.454,401.786,357.338,380.718,406.89,411.451,406.796,399.679,390.182,317.805,310.18,345.651,367.598,396.877,438.668,480.31,437.384
E01016480,Slough 014B,E06000039,Slough,TLJ,South East (England),29.656,32.117,33.802,35.329,35.877,37.279,37.391,38.346,40.867,42.481,44.858,42.876,43.272,44.149,48.264,49.63,29.933,36.332,38.63,38.916,45.737,50.349,41.122,41.948,60.9,64.719
E01016481,Slough 014C,E06000039,Slough,TLJ,South East (England),18.988,20.772,21.61,22.616,23.079,23.909,23.728,25.287,26.546,29.036,32.321,28.878,29.381,30.912,31.491,24.351,28.596,24.897,27.593,25.682,22.725,28.361,41.145,37.244,35.875,38.642
E01016482,Slough 014D,E06000039,Slough,TLJ,South East (England),217.786,228.807,250.297,287.232,306.672,333.916,311.295,328.551,354.079,371.454,401.786,357.338,380.718,406.89,411.451,406.796,399.679,390.182,317.805,310.18,345.651,367.598,396.877,438.668,480.31,437.384
E01016570,Windsor and Maidenhead 001A,E06000040,Windsor and Maidenhead,TLJ,South East (England),7.881,8.144,8.495,8.524,8.254,8.23,7.63,8.376,8.217,8.379,9.307,8.217,7.833,8.303,8.568,9.113,10.604,10.903,11.857,12.392,13.548,11.823,10.48,10.611,10.016,10.688
E01016572,Windsor and Maidenhead 001B,E06000040,Windsor and Maidenhead,TLJ,South East (England),13.981,14.871,15.434,16.363,16.756,17.536,17.058,18.178,20.403,21.187,23.489,24.053,24.064,25.117,25.944,22.067,23.853,20.591,21.162,33.154,33.636,38.381,39.065,44.755,39.917,41.9
E01016582,Windsor and Maidenhead 001C,E06000040,Windsor and Maidenhead,TLJ,South East (England),11.168,11.788,11.782,11.952,12.031,12.098,11.399,13.242,14.34,17.992,19.069,17.832,17.368,13.317,16.243,16.884,21.627,25.077,27.442,22.105,19.448,18.108,16.409,17.444,18.375,19.984
E01016600,Windsor and Maidenhead 001D,E06000040,Windsor and Maidenhead,TLJ,South East (England),10.237,11.019,11.589,12.151,12.418,13.067,12.617,12.726,13.694,12.189,12.543,11.741,12.908,12.486,12.312,10.916,12.708,13.663,13.02,14.069,15.83,17.329,17.971,21.735,20.712,17.009
E01016530,Windsor and Maidenhead 002A,E06000040,Windsor and Maidenhead,TLJ,South East (England),13.217,13.731,14.642,14.6,15.04,14.925,14.193,14.782,15.038,15.224,17.163,16.354,16.511,16.795,15.825,15.814,15.982,20.692,23.379,22.605,23.367,20.435,19.851,18.628,20.552,22.891
E01016531,Windsor and Maidenhead 002B,E06000040,Windsor and Maidenhead,TLJ,South East (England),18.501,19.554,20.754,21.437,22.39,23.573,23.337,24.713,25.502,26.453,27.839,26.095,27.687,29.796,30.579,34.576,42.091,46.698,40.677,36.0,38.571,37.163,37.489,43.543,47.355,52.446
E01016532,Windsor and Maidenhead 002C,E06000040,Windsor and Maidenhead,TLJ,South East (England),33.246,34.972,37.829,40.563,42.113,45.219,47.56,50.384,53.591,56.726,55.1,46.745,51.278,53.976,59.245,63.828,60.893,64.089,68.817,65.73,72.472,77.077,64.699,73.335,86.971,92.52
E01016533,Windsor and Maidenhead 002D,E06000040,Windsor and Maidenhead,TLJ,South East (England),18.542,19.312,20.662,21.431,22.18,22.891,21.47,22.58,22.963,24.021,26.036,25.206,27.044,27.149,27.249,25.476,25.523,28.771,33.996,33.31,32.605,30.706,32.334,34.549,34.688,35.099
E01016578,Windsor and Maidenhead 002E,E06000040,Windsor and Maidenhead,TLJ,South East (England),83.77,90.198,91.802,95.228,101.148,117.011,110.149,121.09,121.931,134.141,136.487,135.294,138.011,147.377,140.651,142.113,128.081,108.341,89.924,104.277,174.109,163.917,151.199,190.226,235.381,208.251
E01016579,Windsor and Maidenhead 002F,E06000040,Windsor and Maidenhead,TLJ,South East (England),23.034,24.832,26.231,27.475,28.313,29.413,30.493,31.589,32.944,38.062,39.437,35.357,37.852,41.047,43.261,47.83,82.185,118.706,183.967,184.48,165.584,174.558,136.354,148.761,158.104,152.078
E01016581,Windsor and Maidenhead 002G,E06000040,Windsor and Maidenhead,TLJ,South East (England),14.1,14.477,15.456,15.906,16.239,18.077,17.35,19.511,20.102,21.208,22.583,22.288,22.428,23.735,20.868,21.414,22.266,21.936,25.836,25.625,24.869,25.062,24.15,25.786,25.534,27.162
E01016571,Windsor and Maidenhead 003A,E06000040,Windsor and Maidenhead,TLJ,South East (England),22.538,23.474,24.877,25.875,26.851,28.3,30.339,30.49,29.927,31.837,33.848,33.568,34.005,33.512,34.946,36.041,35.858,39.585,41.173,49.219,42.436,47.094,45.91,45.359,69.87,91.425
E01016573,Windsor and Maidenhead 003B,E06000040,Windsor and Maidenhead,TLJ,South East (England),14.871,15.784,16.617,16.483,16.258,16.025,15.626,15.947,15.642,15.949,16.806,14.541,14.317,16.346,15.214,12.174,12.686,13.435,13.076,15.473,15.489,14.318,11.377,15.21,18.335,19.954
E01016574,Windsor and Maidenhead 003C,E06000040,Windsor and Maidenhead,TLJ,South East (England),7.262,7.516,7.88,7.934,7.65,7.586,7.21,7.464,8.026,8.164,9.29,8.129,7.815,7.841,8.285,8.904,9.306,9.629,9.558,10.52,10.404,10.783,10.472,11.267,11.493,13.115
E01016599,Windsor and Maidenhead 003D,E06000040,Windsor and Maidenhead,TLJ,South East (England),7.078,7.407,7.788,8.04,7.852,7.828,7.53,8.099,9.746,10.294,11.511,10.428,10.122,10.577,11.193,11.418,13.853,13.597,13.192,13.301,10.739,11.187,11.084,13.168,14.087,15.571
E01016583,Windsor and Maidenhead 004A,E06000040,Windsor and Maidenhead,TLJ,South East (England),12.085,12.564,13.197,13.582,13.353,13.491,13.298,14.088,14.517,14.634,16.119,15.849,14.804,15.288,16.241,15.148,16.891,20.221,20.899,21.529,19.77,28.387,27.65,26.224,27.806,31.634
E01016585,Windsor and Maidenhead 004B,E06000040,Windsor and Maidenhead,TLJ,South East (England),12.317,12.71,13.703,13.968,13.762,13.806,14.137,15.492,15.739,16.295,17.651,15.474,15.649,15.782,16.963,15.889,17.784,22.281,21.345,26.033,26.232,33.415,35.26,31.941,32.612,28.273
E01016586,Windsor and Maidenhead 004C,E06000040,Windsor and Maidenhead,TLJ,South East (England),16.342,17.78,18.065,18.016,18.105,19.261,18.566,20.267,20.475,21.525,22.993,23.357,23.494,24.213,26.554,27.664,27.105,38.39,38.523,59.536,68.556,48.619,37.254,30.282,24.276,23.196
E01016591,Windsor and Maidenhead 004D,E06000040,Windsor and Maidenhead,TLJ,South East (England),14.351,14.623,15.333,15.679,16.277,16.525,17.866,18.7,19.098,20.452,19.822,30.58,27.421,28.122,30.286,28.182,27.189,20.506,22.402,24.801,23.094,24.529,23.941,27.911,30.513,40.735
E01016592,Windsor and Maidenhead 004E,E06000040,Windsor and Maidenhead,TLJ,South East (England),69.588,71.469,77.821,82.122,85.813,89.024,89.652,91.171,94.389,110.108,125.344,128.418,129.062,124.631,124.857,108.366,111.607,110.493,88.857,94.924,114.058,124.433,121.093,97.458,106.354,119.691
E01016525,Windsor and Maidenhead 005A,E06000040,Windsor and Maidenhead,TLJ,South East (England),167.715,170.127,140.681,133.703,153.475,167.441,179.801,181.546,167.642,182.413,194.395,196.244,219.96,225.544,254.033,243.798,153.56,187.065,185.993,241.326,261.955,113.558,96.249,115.692,131.058,98.029
E01016528,Windsor and Maidenhead 005B,E06000040,Windsor and Maidenhead,TLJ,South East (England),51.322,53.403,53.842,55.134,56.297,61.043,59.798,64.106,64.379,68.362,70.079,76.315,76.782,89.345,90.431,100.521,104.052,88.108,84.794,88.828,85.849,90.879,72.989,74.545,77.067,70.739
E01016529,Windsor and Maidenhead 005C,E06000040,Windsor and Maidenhead,TLJ,South East (England),17.042,18.115,18.474,19.575,20.696,20.503,19.376,20.471,20.955,21.629,22.475,21.449,20.676,21.343,20.366,22.199,26.748,26.748,29.345,42.444,36.31,33.37,38.054,65.891,54.094,62.817
E01016536,Windsor and Maidenhead 005D,E06000040,Windsor and Maidenhead,TLJ,South East (England),39.767,41.972,44.555,47.18,48.968,53.605,53.302,56.289,58.238,65.213,61.438,57.274,57.884,59.549,60.733,63.018,70.542,73.681,92.274,100.119,90.583,106.065,105.951,109.782,100.282,104.547
E01016584,Windsor and Maidenhead 005E,E06000040,Windsor and Maidenhead,TLJ,South East (England),9.172,9.62,10.17,10.498,10.368,10.492,11.865,12.56,12.785,9.97,10.802,8.304,8.017,13.31,13.036,10.698,15.052,15.953,18.418,19.129,23.828,20.703,20.701,23.391,26.541,27.892
E01032733,Windsor and Maidenhead 005G,E06000040,Windsor and Maidenhead,TLJ,South East (England),101.592,110.809,112.347,114.921,120.096,135.803,128.249,138.688,142.582,156.15,164.854,163.881,173.58,188.693,185.194,200.04,183.407,206.508,214.222,191.835,230.417,239.79,263.027,286.716,272.805,290.404
E01032734,Windsor and Maidenhead 005H,E06000040,Windsor and Maidenhead,TLJ,South East (England),349.663,387.967,414.391,404.814,418.961,440.873,461.879,489.202,506.019,527.631,558.243,556.867,563.795,599.676,646.77,650.626,617.832,619.15,695.29,842.716,857.819,875.265,967.485,937.638,749.13,771.313
E01016526,Windsor and Maidenhead 006A,E06000040,Windsor and Maidenhead,TLJ,South East (England),20.577,19.698,21.036,21.566,22.448,22.911,22.041,23.279,23.382,24.667,31.575,31.97,32.435,34.276,35.386,27.921,31.588,33.246,37.116,41.745,40.134,46.56,45.297,44.025,47.077,49.623
E01016527,Windsor and Maidenhead 006B,E06000040,Windsor and Maidenhead,TLJ,South East (England),15.474,16.1,17.438,19.688,20.34,21.478,23.415,26.635,28.781,32.538,32.518,22.177,24.59,25.346,27.781,30.101,28.824,48.211,51.286,46.94,52.761,52.399,45.041,46.913,52.751,59.399
E01016534,Windsor and Maidenhead 006C,E06000040,Windsor and Maidenhead,TLJ,South East (England),14.175,14.864,16.167,17.422,18.169,19.655,20.05,20.899,21.675,22.061,22.894,25.199,26.865,25.572,26.495,29.162,29.799,26.57,27.257,22.498,21.036,23.811,25.675,25.948,29.675,37.005
E01016598,Windsor and Maidenhead 006D,E06000040,Windsor and Maidenhead,TLJ,South East (England),9.893,10.374,11.377,11.649,11.669,12.54,12.078,13.647,11.973,12.346,13.428,13.219,13.124,13.264,14.538,18.153,18.243,15.396,15.326,16.197,15.042,15.994,15.069,16.745,16.48,19.247
E01016601,Windsor and Maidenhead 006E,E06000040,Windsor and Maidenhead,TLJ,South East (England),8.256,8.701,9.343,9.402,9.305,9.444,8.593,9.506,9.557,10.007,11.087,10.688,10.38,10.401,10.287,10.559,11.633,11.592,11.666,12.294,12.775,13.372,14.293,14.255,14.412,15.74
E01016602,Windsor and Maidenhead 006F,E06000040,Windsor and Maidenhead,TLJ,South East (England),10.329,10.855,11.403,11.841,11.864,12.245,11.989,12.579,12.488,13.047,16.087,15.938,15.934,16.561,16.98,16.601,18.211,18.447,16.864,19.04,20.802,21.871,24.107,25.282,29.678,26.663
E01016535,Windsor and Maidenhead 007A,E06000040,Windsor and Maidenhead,TLJ,South East (England),5.972,6.107,6.367,6.399,6.264,6.07,5.778,6.131,6.256,6.319,6.88,6.382,6.07,6.431,6.753,6.98,7.273,7.609,9.146,8.211,8.279,8.902,8.24,8.668,8.899,9.85
E01016537,Windsor and Maidenhead 007B,E06000040,Windsor and Maidenhead,TLJ,South East (England),10.187,11.086,11.712,12.389,12.353,12.709,14.043,14.904,14.977,11.089,11.969,12.58,11.923,13.224,13.553,10.36,11.676,14.369,18.125,17.46,17.372,14.959,10.309,11.03,14.393,16.938
E01016538,Windsor and Maidenhead 007C,E06000040,Windsor and Maidenhead,TLJ,South East (England),9.943,10.378,10.951,11.307,11.213,11.376,11.085,11.64,10.332,12.188,13.318,10.99,10.618,13.492,13.739,13.642,14.689,15.737,16.421,16.8,16.58,15.841,16.309,17.283,17.343,19.581
E01016593,Windsor and Maidenhead 007D,E06000040,Windsor and Maidenhead,TLJ,South East (England),7.843,8.076,8.475,8.581,8.33,8.233,7.962,8.479,8.565,9.163,9.846,8.535,8.143,10.191,11.004,9.914,10.947,11.319,11.733,12.055,12.415,12.331,12.007,12.124,12.971,14.518
E01016594,Windsor and Maidenhead 007E,E06000040,Windsor and Maidenhead,TLJ,South East (England),395.376,427.818,443.212,472.748,471.726,501.209,508.577,541.075,561.326,588.704,623.799,627.942,652.732,710.473,754.163,775.408,795.985,848.021,1074.213,1302.922,1215.343,1123.064,1012.559,1182.192,1316.892,1363.765
E01016559,Windsor and Maidenhead 008A,E06000040,Windsor and Maidenhead,TLJ,South East (England),7.127,7.316,7.735,7.874,7.664,7.997,7.683,8.653,9.235,9.287,10.723,10.157,10.47,10.34,10.158,11.954,10.672,11.956,12.936,13.245,13.024,13.371,13.697,14.313,14.519,16.779
E01016560,Windsor and Maidenhead 008B,E06000040,Windsor and Maidenhead,TLJ,South East (England),11.666,12.262,12.704,12.933,12.749,12.884,12.718,13.358,15.158,14.193,15.424,15.461,17.415,16.241,17.943,36.569,40.179,43.06,49.533,23.031,18.691,21.093,22.225,23.943,21.764,22.894
E01016561,Windsor and Maidenhead 008C,E06000040,Windsor and Maidenhead,TLJ,South East (England),115.499,128.177,140.563,157.133,181.585,220.534,235.601,240.069,253.699,240.163,216.82,209.664,217.087,230.793,207.282,265.782,228.084,274.681,284.922,316.133,249.631,288.641,290.933,258.545,263.918,220.432
E01016562,Windsor and Maidenhead 008D,E06000040,Windsor and Maidenhead,TLJ,South East (England),11.666,12.262,12.704,12.933,12.749,12.884,12.718,13.358,15.158,14.193,15.424,15.461,17.415,16.241,17.943,36.569,40.179,43.06,49.533,23.031,18.691,21.093,22.225,23.943,21.764,22.894
E01016563,Windsor and Maidenhead 008E,E06000040,Windsor and Maidenhead,TLJ,South East (England),11.92,12.26,12.533,12.627,12.502,12.597,12.271,13.034,13.459,14.371,15.118,13.835,13.901,14.415,15.119,14.377,15.98,18.357,21.012,23.909,35.927,40.105,38.734,32.069,39.006,48.365
E01016580,Windsor and Maidenhead 008F,E06000040,Windsor and Maidenhead,TLJ,South East (England),7.752,8.033,8.355,8.504,8.108,8.087,7.703,8.227,8.364,8.861,9.802,8.598,8.872,8.674,9.33,9.644,11.694,12.321,12.235,12.94,12.314,12.416,12.334,13.157,13.664,14.497
E01016539,Windsor and Maidenhead 009A,E06000040,Windsor and Maidenhead,TLJ,South East (England),38.579,40.985,41.541,40.87,42.58,42.208,38.374,40.364,42.615,44.287,47.96,48.711,49.934,50.593,58.12,53.541,47.132,43.285,32.675,39.718,56.532,61.807,43.695,44.61,42.946,37.6
E01016540,Windsor and Maidenhead 009B,E06000040,Windsor and Maidenhead,TLJ,South East (England),19.304,20.644,21.996,22.559,23.39,24.651,23.579,24.873,25.971,27.972,31.923,28.553,30.805,28.232,28.483,35.556,33.644,39.596,47.702,42.766,49.174,51.499,48.04,70.862,93.833,96.671
E01016541,Windsor and Maidenhead 009C,E06000040,Windsor and Maidenhead,TLJ,South East (England),30.787,32.329,33.398,33.65,33.776,36.198,36.259,38.136,38.529,41.698,43.7,48.435,53.229,57.833,68.685,62.398,65.534,71.958,71.836,56.079,61.415,68.022,40.26,29.933,31.742,38.151
E01016542,Windsor and Maidenhead 009D,E06000040,Windsor and Maidenhead,TLJ,South East (England),7.278,7.8,8.262,8.567,8.398,8.403,7.711,8.797,10.569,9.484,9.617,9.067,8.689,9.633,10.236,11.32,10.657,11.426,10.071,10.254,10.318,12.26,11.591,12.688,16.766,19.129
E01016543,Windsor and Maidenhead 009E,E06000040,Windsor and Maidenhead,TLJ,South East (England),32.294,34.256,36.675,38.689,39.597,40.888,38.972,41.89,46.543,48.526,49.995,48.253,45.187,46.861,47.607,45.203,48.462,55.762,59.087,50.174,59.936,56.638,47.54,52.976,60.368,54.705
E01016544,Windsor and Maidenhead 010A,E06000040,Windsor and Maidenhead,TLJ,South East (England),208.487,221.529,236.929,242.239,244.231,264.806,271.898,292.567,291.127,312.384,326.012,325.919,329.149,351.431,378.344,522.656,451.532,365.013,483.446,538.668,630.06,639.815,727.087,738.332,712.706,587.491
E01016567,Windsor and Maidenhead 010B,E06000040,Windsor and Maidenhead,TLJ,South East (England),70.281,74.783,80.695,86.654,93.535,101.133,102.051,112.997,115.067,120.334,127.599,130.163,133.138,136.97,146.959,156.994,152.035,160.458,165.746,188.701,188.603,193.431,150.387,177.311,215.811,251.497
E01016568,Windsor and Maidenhead 010C,E06000040,Windsor and Maidenhead,TLJ,South East (England),6.849,7.121,7.518,7.636,7.464,7.409,7.185,7.758,7.862,7.982,9.324,9.896,9.518,9.716,9.56,9.241,10.48,8.347,9.559,9.895,10.695,11.14,12.078,11.194,11.253,12.066
E01016569,Windsor and Maidenhead 010D,E06000040,Windsor and Maidenhead,TLJ,South East (England),21.241,22.562,23.919,24.974,25.082,25.311,24.028,25.006,26.986,27.57,28.156,28.146,27.678,28.176,31.35,29.287,15.544,10.254,10.615,11.57,11.38,10.887,10.115,12.251,13.058,14.942
E01016564,Windsor and Maidenhead 011A,E06000040,Windsor and Maidenhead,TLJ,South East (England),93.292,97.298,101.742,106.721,118.923,136.937,127.271,139.911,140.536,155.717,159.357,158.193,165.895,183.21,182.347,166.717,161.611,242.581,209.533,226.148,180.544,164.655,106.309,65.546,98.259,94.901
E01016565,Windsor and Maidenhead 011B,E06000040,Windsor and Maidenhead,TLJ,South East (England),21.127,21.949,24.278,25.585,25.916,27.101,26.883,29.429,29.586,31.086,31.805,30.175,32.213,33.569,35.478,28.136,29.313,30.569,29.707,31.217,29.86,30.14,31.008,35.775,35.391,35.309
E01016566,Windsor and Maidenhead 011C,E06000040,Windsor and Maidenhead,TLJ,South East (England),15.808,16.766,17.692,18.427,18.231,18.656,18.313,19.419,20.271,22.081,24.229,21.791,21.564,22.467,23.693,22.516,23.068,28.306,29.22,32.252,31.342,60.126,114.974,147.806,98.672,38.888
E01016577,Windsor and Maidenhead 011D,E06000040,Windsor and Maidenhead,TLJ,South East (England),30.423,32.584,35.758,37.341,39.715,40.962,38.873,44.109,42.982,46.774,42.91,36.257,37.724,40.044,42.579,36.633,38.808,42.787,37.296,44.848,62.922,58.203,50.505,45.781,44.185,57.623
E01016545,Windsor and Maidenhead 012A,E06000040,Windsor and Maidenhead,TLJ,South East (England),90.743,93.788,98.382,100.496,105.44,117.166,113.825,120.381,120.392,127.435,130.021,120.486,126.375,133.874,136.387,129.006,115.765,119.507,146.814,154.455,143.774,144.885,124.483,156.825,160.022,170.278
E01016547,Windsor and Maidenhead 012B,E06000040,Windsor and Maidenhead,TLJ,South East (England),39.295,39.578,41.716,43.622,45.402,45.837,45.362,47.249,48.793,51.806,57.397,71.816,74.751,74.811,78.205,74.731,80.669,62.944,66.479,65.755,59.064,70.766,62.269,62.484,83.914,90.358
E01016550,Windsor and Maidenhead 012C,E06000040,Windsor and Maidenhead,TLJ,South East (England),23.238,21.152,23.243,24.141,25.857,26.233,24.439,25.776,25.067,29.071,34.013,31.059,32.09,34.229,32.35,33.292,34.357,37.346,37.219,41.649,36.827,39.095,41.087,44.086,46.933,51.801
E01016552,Windsor and Maidenhead 012D,E06000040,Windsor and Maidenhead,TLJ,South East (England),152.526,158.727,171.208,160.901,166.55,210.681,217.701,237.883,252.724,254.374,266.929,313.862,269.626,229.14,257.415,402.063,532.093,614.502,624.914,665.764,676.402,561.84,564.089,462.094,513.325,619.985
E01016551,Windsor and Maidenhead 013A,E06000040,Windsor and Maidenhead,TLJ,South East (England),7.521,7.687,8.027,8.052,7.811,7.734,7.478,8.041,8.005,7.998,8.981,8.201,7.906,8.413,8.876,9.055,9.213,9.762,10.611,11.04,12.253,11.653,11.758,12.467,12.943,13.415
E01016553,Windsor and Maidenhead 013B,E06000040,Windsor and Maidenhead,TLJ,South East (England),10.527,10.868,11.899,12.185,12.103,12.314,11.727,12.772,13.016,13.441,14.724,13.413,13.228,14.549,14.263,14.004,16.19,16.653,19.117,19.051,17.367,16.687,22.5,17.135,19.637,26.404
E01016557,Windsor and Maidenhead 013C,E06000040,Windsor and Maidenhead,TLJ,South East (England),12.705,13.316,14.041,14.276,13.977,13.873,13.121,13.909,14.364,14.867,16.149,15.612,15.223,15.712,16.971,17.629,17.667,17.246,18.256,18.197,19.41,20.486,20.667,21.828,21.462,22.337
E01016558,Windsor and Maidenhead 013D,E06000040,Windsor and Maidenhead,TLJ,South East (England),39.115,39.434,42.345,43.887,45.397,46.756,46.282,48.787,50.176,53.946,60.281,54.145,55.428,58.034,60.906,64.575,67.764,59.693,38.241,43.216,44.863,49.286,50.119,55.717,51.164,55.284
E01016548,Windsor and Maidenhead 014A,E06000040,Windsor and Maidenhead,TLJ,South East (England),14.294,15.352,16.145,16.856,17.137,18.136,18.763,19.957,20.766,23.111,25.988,23.902,23.161,23.966,22.853,25.519,26.339,32.297,31.678,33.228,36.667,37.496,49.827,45.548,36.112,42.535
E01016549,Windsor and Maidenhead 014B,E06000040,Windsor and Maidenhead,TLJ,South East (England),13.786,14.274,15.384,15.939,15.837,16.156,15.781,17.361,16.78,17.638,19.235,19.888,20.383,20.293,21.772,21.985,23.142,18.932,19.17,20.552,19.391,19.162,21.336,22.717,19.586,21.489
E01016554,Windsor and Maidenhead 014C,E06000040,Windsor and Maidenhead,TLJ,South East (England),9.157,9.564,10.056,10.31,10.11,10.157,9.876,10.588,10.773,11.157,12.357,13.899,13.764,16.199,16.753,16.129,15.748,15.404,16.772,14.403,14.639,16.235,15.484,16.458,17.524,19.097
E01016555,Windsor and Maidenhead 014D,E06000040,Windsor and Maidenhead,TLJ,South East (England),27.369,29.575,29.115,28.818,29.195,30.557,28.663,28.916,29.229,31.37,33.063,32.03,32.237,34.804,41.334,34.199,33.356,28.889,27.896,33.822,39.076,42.384,43.624,42.514,35.138,24.857
E01016556,Windsor and Maidenhead 014E,E06000040,Windsor and Maidenhead,TLJ,South East (England),12.569,13.143,13.756,14.253,14.138,14.196,14.196,15.073,15.773,15.624,16.723,15.456,15.097,16.194,17.458,17.681,18.412,18.511,17.677,19.042,20.423,20.829,19.835,22.67,23.265,26.014
E01016546,Windsor and Maidenhead 015A,E06000040,Windsor and Maidenhead,TLJ,South East (England),51.03,49.226,49.62,52.442,55.988,59.518,57.045,60.743,61.533,64.899,64.305,60.154,61.839,60.687,59.933,57.343,65.628,57.294,43.709,44.162,44.225,71.705,81.74,91.554,81.012,91.284
E01016595,Windsor and Maidenhead 015B,E06000040,Windsor and Maidenhead,TLJ,South East (England),42.455,42.94,45.047,50.827,57.513,63.885,65.292,69.578,69.3,69.045,74.376,68.86,67.593,74.042,72.036,72.279,80.436,79.527,73.093,86.663,97.687,99.909,82.385,94.143,106.757,127.909
E01016596,Windsor and Maidenhead 015C,E06000040,Windsor and Maidenhead,TLJ,South East (England),16.665,17.277,18.537,19.87,20.511,20.928,20.303,19.432,19.78,23.619,21.872,14.053,13.988,18.166,19.91,19.716,30.557,48.364,46.519,53.691,49.664,50.919,51.405,50.384,55.265,64.845
E01016597,Windsor and Maidenhead 015D,E06000040,Windsor and Maidenhead,TLJ,South East (England),11.387,11.537,12.1,12.111,12.296,12.874,13.033,13.997,14.622,14.941,15.928,21.852,23.939,29.942,39.527,41.142,34.209,17.304,17.833,18.847,17.961,18.359,17.742,16.649,16.855,18.915
E01016575,Windsor and Maidenhead 016A,E06000040,Windsor and Maidenhead,TLJ,South East (England),10.705,11.203,11.742,11.986,11.823,11.865,11.446,12.172,12.511,12.86,14.501,13.028,12.574,13.276,13.504,13.88,13.274,15.785,15.821,16.483,16.318,17.118,15.838,16.942,18.403,18.967
E01016576,Windsor and Maidenhead 016B,E06000040,Windsor and Maidenhead,TLJ,South East (England),13.266,13.684,14.417,14.732,15.238,15.424,14.883,15.747,16.04,16.565,18.156,18.919,19.655,19.102,20.723,20.321,21.727,26.514,27.768,35.494,34.701,36.667,32.971,31.874,32.276,34.248
E01016587,Windsor and Maidenhead 016C,E06000040,Windsor and Maidenhead,TLJ,South East (England),8.661,9.014,9.502,9.672,9.572,9.607,9.213,9.669,9.878,10.252,11.174,10.784,10.149,10.124,10.59,11.556,12.515,13.926,14.276,15.439,16.488,16.372,17.919,17.22,17.859,20.392
E01016588,Windsor and Maidenhead 016D,E06000040,Windsor and Maidenhead,TLJ,South East (England),15.022,15.656,16.907,17.465,17.612,17.959,18.333,19.298,19.936,20.628,21.883,20.845,21.559,22.386,25.398,26.497,28.033,24.828,25.185,25.365,24.458,24.977,20.407,22.901,26.34,28.443
E01016589,Windsor and Maidenhead 016E,E06000040,Windsor and Maidenhead,TLJ,South East (England),33.43,33.38,36.778,38.415,41.489,41.732,40.96,41.716,43.234,48.657,58.01,57.136,58.476,57.434,60.069,78.37,82.058,80.103,55.384,51.898,61.751,66.377,53.904,56.2,60.289,59.065
E01016522,Windsor and Maidenhead 017A,E06000040,Windsor and Maidenhead,TLJ,South East (England),7.716,7.98,8.318,8.501,8.316,8.507,9.653,9.532,9.559,9.883,10.656,9.444,9.007,9.557,9.931,10.133,11.924,12.748,13.212,13.082,13.906,14.513,14.31,13.991,14.864,16.443
E01016523,Windsor and Maidenhead 017B,E06000040,Windsor and Maidenhead,TLJ,South East (England),77.391,80.773,86.266,92.37,98.664,105.687,104.889,109.742,114.054,118.179,123.586,119.052,122.662,129.202,134.21,145.361,136.721,127.733,127.161,147.72,126.28,142.493,120.193,122.155,132.055,137.416
E01016524,Windsor and Maidenhead 017C,E06000040,Windsor and Maidenhead,TLJ,South East (England),44.296,47.56,50.021,54.5,61.866,69.759,74.107,81.171,81.254,81.833,78.811,59.589,61.83,67.244,62.64,71.328,66.269,88.287,87.967,90.647,93.241,97.095,81.793,100.558,117.766,129.191
E01016609,Windsor and Maidenhead 017D,E06000040,Windsor and Maidenhead,TLJ,South East (England),33.485,36.507,37.048,37.388,38.161,39.946,37.602,41.389,41.36,44.486,46.74,45.041,46.559,49.068,51.821,53.459,53.292,59.544,65.01,68.866,61.131,64.887,68.33,68.285,63.554,70.077
E01016603,Windsor and Maidenhead 018A,E06000040,Windsor and Maidenhead,TLJ,South East (England),18.8,19.702,20.911,21.614,22.481,23.274,23.181,24.136,24.969,25.345,27.162,26.202,26.963,27.631,28.239,31.169,34.293,33.747,33.256,35.808,42.472,45.022,40.315,47.037,45.226,50.392
E01016604,Windsor and Maidenhead 018B,E06000040,Windsor and Maidenhead,TLJ,South East (England),27.365,28.366,31.181,34.222,36.063,38.035,37.755,39.896,46.17,47.199,52.191,47.638,50.701,52.55,53.576,49.401,64.233,65.455,83.499,92.788,75.514,66.206,68.485,64.832,77.151,83.818
E01016605,Windsor and Maidenhead 018C,E06000040,Windsor and Maidenhead,TLJ,South East (England),21.896,23.433,25.297,25.519,26.446,28.306,41.39,37.412,40.857,43.16,37.082,39.648,41.488,42.531,33.564,32.44,40.128,41.427,42.087,35.262,33.775,39.889,23.727,30.981,40.792,45.551
E01016606,Windsor and Maidenhead 018D,E06000040,Windsor and Maidenhead,TLJ,South East (England),20.556,22.152,22.554,22.877,22.915,24.441,23.585,25.575,26.117,27.829,29.608,29.999,29.717,31.047,32.989,31.223,30.92,30.875,26.342,28.246,27.85,37.142,36.821,37.677,39.147,40.544
E01016607,Windsor and Maidenhead 018E,E06000040,Windsor and Maidenhead,TLJ,South East (England),10.963,11.762,12.893,13.466,13.251,13.918,18.171,17.899,15.963,16.741,18.378,17.579,17.483,22.276,23.135,22.889,28.379,28.622,25.83,28.657,28.19,28.657,31.467,34.442,38.113,45.159
E01016608,Windsor and Maidenhead 018F,E06000040,Windsor and Maidenhead,TLJ,South East (England),22.043,23.489,25.028,25.733,26.62,28.708,28.019,28.185,29.194,30.499,32.205,30.695,32.472,32.228,34.598,35.635,34.623,39.626,41.606,40.116,45.179,46.723,47.011,54.319,53.898,53.445
E01016676,Wokingham 001B,E06000041,Wokingham,TLJ,South East (England),8.698,9.446,9.832,9.705,9.796,10.173,10.476,10.767,10.801,11.216,11.866,10.647,10.618,11.183,11.287,13.226,14.725,13.234,13.713,13.349,14.117,15.461,15.573,16.201,15.657,18.162
E01016678,Wokingham 001D,E06000041,Wokingham,TLJ,South East (England),126.17,137.724,151.191,159.703,174.587,188.978,186.142,203.969,209.425,223.816,227.415,211.124,224.172,245.079,246.473,254.011,290.019,309.026,318.599,309.369,331.23,355.249,309.884,265.48,235.754,247.263
E01016619,Wokingham 002A,E06000041,Wokingham,TLJ,South East (England),8.433,9.781,10.375,10.576,10.625,11.653,11.73,12.825,13.434,14.072,15.342,15.373,15.609,15.133,16.237,16.567,18.317,18.136,19.475,21.666,19.509,20.453,22.399,20.165,22.089,27.158
E01016620,Wokingham 002B,E06000041,Wokingham,TLJ,South East (England),4.958,5.791,6.176,6.307,6.237,6.438,6.407,6.571,6.641,6.806,7.205,6.805,7.247,6.993,7.395,6.838,7.512,9.127,9.236,8.733,9.241,9.688,8.418,8.376,10.437,12.287
E01016692,Wokingham 002C,E06000041,Wokingham,TLJ,South East (England),8.009,8.656,9.022,9.344,9.458,9.66,9.374,9.655,9.853,10.766,11.332,12.938,11.973,11.693,12.362,11.263,11.195,10.737,11.458,11.22,11.402,11.738,10.33,10.212,12.211,13.312
E01016693,Wokingham 002D,E06000041,Wokingham,TLJ,South East (England),6.859,7.426,7.673,7.528,7.513,7.573,7.609,7.727,8.092,8.428,8.995,8.484,8.387,8.898,8.775,9.38,9.122,11.203,12.266,12.201,12.081,13.369,12.911,13.137,16.095,19.118
E01016694,Wokingham 002E,E06000041,Wokingham,TLJ,South East (England),18.901,20.566,22.312,23.233,24.335,25.42,25.882,26.904,27.855,29.161,29.93,26.778,27.124,28.983,30.102,33.531,31.801,35.769,36.641,37.75,40.804,41.044,40.186,44.737,41.216,50.027
E01016695,Wokingham 002F,E06000041,Wokingham,TLJ,South East (England),8.209,8.967,9.332,9.249,9.272,9.6,9.406,9.916,10.151,10.868,11.29,14.263,14.439,15.932,15.445,13.887,16.631,17.991,22.945,23.25,28.737,26.881,26.767,25.669,25.293,28.441
E01016621,Wokingham 003A,E06000041,Wokingham,TLJ,South East (England),18.423,20.332,21.547,21.645,22.143,23.087,23.694,24.132,24.953,25.589,26.829,24.624,24.322,25.594,25.76,29.816,29.392,29.763,31.06,35.439,40.515,45.038,44.935,46.838,42.557,59.131
E01016623,Wokingham 003B,E06000041,Wokingham,TLJ,South East (England),17.407,18.704,18.989,19.82,20.232,21.325,20.2,21.214,21.079,21.232,21.994,18.118,18.494,20.012,21.844,23.169,27.552,26.056,27.334,31.712,31.015,25.211,23.461,28.607,27.515,27.88
E01016624,Wokingham 003C,E06000041,Wokingham,TLJ,South East (England),8.06,8.666,9.024,9.208,9.404,9.585,9.833,10.138,10.345,11.025,10.168,10.537,11.098,11.489,11.782,9.39,10.813,11.177,8.47,8.229,7.902,8.147,8.804,8.63,8.784,11.256
E01016684,Wokingham 003D,E06000041,Wokingham,TLJ,South East (England),87.949,94.638,98.542,104.94,113.11,133.538,125.27,136.064,138.722,154.349,153.246,153.018,159.295,168.525,198.169,153.601,151.712,185.741,178.813,336.964,580.035,823.797,915.484,1143.043,1174.566,1391.787
E01016685,Wokingham 003E,E06000041,Wokingham,TLJ,South East (England),87.949,94.638,98.542,104.94,113.11,133.538,125.27,136.064,138.722,154.349,153.246,153.018,159.295,168.525,198.169,153.601,151.712,185.741,178.813,336.964,580.035,823.797,915.484,1143.043,1174.566,1391.787
E01016622,Wokingham 004A,E06000041,Wokingham,TLJ,South East (England),8.42,9.245,9.624,9.881,9.994,10.357,9.732,9.875,11.337,18.366,21.931,23.165,22.531,24.197,14.631,13.955,14.138,13.599,14.296,15.095,15.942,16.364,18.26,20.203,21.292,24.197
E01016657,Wokingham 004B,E06000041,Wokingham,TLJ,South East (England),8.213,8.817,9.22,9.322,9.45,9.806,9.723,10.222,10.495,11.123,13.28,12.533,13.039,13.862,11.451,10.658,10.841,11.882,12.575,12.162,12.801,13.84,12.729,11.569,12.662,12.932
E01016658,Wokingham 004C,E06000041,Wokingham,TLJ,South East (England),6.503,7.019,6.984,6.848,7.043,7.112,6.79,7.745,8.427,8.396,8.326,7.245,6.897,7.495,8.657,7.769,8.201,11.244,11.077,10.654,13.033,14.881,14.658,19.488,18.308,20.888
E01016659,Wokingham 004D,E06000041,Wokingham,TLJ,South East (England),9.9,10.565,11.045,11.172,11.25,11.508,12.312,11.564,11.457,12.548,13.217,10.604,11.027,11.585,12.206,13.106,13.726,15.81,17.163,17.982,19.314,19.898,19.599,20.928,20.64,24.687
E01016660,Wokingham 004E,E06000041,Wokingham,TLJ,South East (England),6.343,6.821,6.948,6.727,6.55,6.46,6.443,6.531,6.598,6.696,7.289,9.313,8.172,8.07,8.488,7.896,9.028,8.225,8.696,7.967,8.451,8.66,7.986,8.017,9.006,10.654
E01016615,Wokingham 005A,E06000041,Wokingham,TLJ,South East (England),9.967,10.745,11.254,11.596,11.888,12.323,11.892,11.99,12.346,12.606,14.278,15.587,20.378,21.64,20.519,20.608,23.855,23.236,20.687,21.868,24.526,27.756,29.314,32.99,31.628,43.663
E01016616,Wokingham 005B,E06000041,Wokingham,TLJ,South East (England),29.092,30.996,31.127,31.081,31.66,32.353,32.346,34.835,36.497,37.152,37.529,34.533,35.684,36.544,35.985,38.268,40.187,47.627,49.365,49.998,49.908,52.826,50.712,45.376,48.289,53.123
E01016617,Wokingham 005C,E06000041,Wokingham,TLJ,South East (England),24.523,24.196,24.502,24.885,26.251,26.18,26.324,26.387,27.195,29.383,31.83,30.839,27.175,30.638,28.845,27.517,33.573,30.037,28.312,30.765,30.426,31.356,36.969,42.902,46.461,46.409
E01016662,Wokingham 005D,E06000041,Wokingham,TLJ,South East (England),8.419,9.094,9.568,9.427,9.417,9.628,9.49,10.078,10.282,10.732,11.48,10.084,10.18,10.994,12.388,13.034,13.23,13.674,13.778,13.906,17.843,17.617,17.22,17.303,19.076,20.904
E01016613,Wokingham 006A,E06000041,Wokingham,TLJ,South East (England),658.89,707.607,688.454,712.476,788.654,937.133,1048.722,1139.088,1272.333,1529.143,1442.734,1486.841,1479.831,1543.264,1555.068,1235.908,1253.381,988.783,1052.569,1079.667,938.098,1032.024,1273.535,1304.297,1245.705,1350.091
E01016614,Wokingham 006B,E06000041,Wokingham,TLJ,South East (England),5.216,5.607,5.796,5.7,5.658,5.696,5.669,5.98,6.086,6.295,6.68,6.451,6.042,6.384,6.476,6.59,9.631,10.761,9.345,8.916,10.021,9.472,8.974,9.163,10.083,11.511
E01016618,Wokingham 006C,E06000041,Wokingham,TLJ,South East (England),5.719,6.173,6.365,6.259,6.251,6.414,6.523,6.354,5.918,6.204,7.129,6.243,6.309,6.677,6.873,6.856,7.06,6.483,6.756,6.142,6.879,6.588,6.302,6.721,7.378,8.225
E01016664,Wokingham 006D,E06000041,Wokingham,TLJ,South East (England),8.756,9.617,10.032,10.217,10.414,10.879,11.493,11.749,13.2,11.572,16.467,17.887,18.582,20.063,22.596,22.376,18.676,19.405,19.175,19.363,23.622,21.922,26.292,25.054,27.091,28.733
E01016668,Wokingham 006E,E06000041,Wokingham,TLJ,South East (England),6.149,6.594,6.758,6.555,6.645,6.67,6.461,6.796,7.076,8.318,9.127,9.04,9.025,9.466,9.483,9.587,9.773,11.789,13.051,13.439,13.416,14.269,13.514,15.115,16.334,19.675
E01016669,Wokingham 006F,E06000041,Wokingham,TLJ,South East (England),7.564,8.156,8.464,8.787,8.69,8.92,8.896,9.502,8.773,9.344,9.751,9.103,8.733,9.271,10.035,10.148,10.332,11.586,13.184,11.914,12.112,12.787,12.079,12.318,14.582,16.283
E01016661,Wokingham 007A,E06000041,Wokingham,TLJ,South East (England),6.204,6.741,6.947,6.854,6.836,6.949,6.765,7.823,6.932,7.025,7.413,6.29,6.571,6.924,6.807,7.207,7.104,7.365,8.204,7.948,11.889,11.445,11.606,10.548,11.256,12.782
E01016663,Wokingham 007B,E06000041,Wokingham,TLJ,South East (England),6.457,7.021,7.218,7.03,6.922,6.913,6.869,7.019,7.154,7.373,8.196,7.023,6.793,7.186,7.39,7.504,7.86,9.585,9.72,9.004,9.045,9.615,8.934,9.32,9.793,10.501
E01016686,Wokingham 007C,E06000041,Wokingham,TLJ,South East (England),4.886,5.274,5.392,5.21,5.088,5.018,4.963,5.182,5.105,5.194,5.539,4.863,4.694,4.911,5.087,4.926,5.331,6.831,7.36,6.585,7.256,7.373,6.657,6.602,7.135,8.077
E01016687,Wokingham 007D,E06000041,Wokingham,TLJ,South East (England),5.182,5.666,5.796,5.631,5.508,5.516,5.454,5.621,5.548,5.732,6.254,5.212,5.064,5.375,5.569,5.388,6.272,7.673,7.979,7.743,7.533,7.424,7.101,7.131,8.093,9.364
E01016688,Wokingham 007E,E06000041,Wokingham,TLJ,South East (England),5.754,6.114,6.342,6.313,6.334,6.429,6.384,6.448,8.343,8.737,7.621,6.492,6.472,7.413,7.278,6.928,7.278,8.776,10.033,11.812,14.101,17.456,17.775,19.176,20.049,24.606
E01016689,Wokingham 007F,E06000041,Wokingham,TLJ,South East (England),8.056,8.769,9.118,9.289,9.354,9.487,8.396,9.692,8.68,10.725,10.867,8.569,8.506,11.135,10.831,9.36,9.515,11.317,12.7,12.423,12.448,12.883,12.634,13.186,14.445,18.1
E01016652,Wokingham 008B,E06000041,Wokingham,TLJ,South East (England),5.031,5.437,5.578,5.411,5.307,5.336,5.305,5.403,5.472,5.66,6.005,5.383,5.673,5.972,6.13,6.152,6.197,7.645,7.647,7.059,6.952,7.383,6.963,6.903,7.607,8.659
E01016653,Wokingham 008C,E06000041,Wokingham,TLJ,South East (England),23.475,25.191,26.901,28.054,28.785,29.498,28.401,29.371,30.949,31.798,33.866,33.226,35.704,34.98,35.933,39.785,41.715,39.889,42.054,39.258,40.512,42.564,38.951,37.941,39.835,46.238
E01016665,Wokingham 008D,E06000041,Wokingham,TLJ,South East (England),7.589,8.239,8.501,8.436,8.427,8.536,8.48,8.593,7.88,9.148,9.679,8.137,8.054,8.503,8.568,8.738,9.486,16.184,17.175,19.323,18.616,18.925,18.39,19.792,20.433,23.311
E01016666,Wokingham 008E,E06000041,Wokingham,TLJ,South East (England),5.778,6.235,6.439,6.325,6.239,6.323,6.187,6.48,6.434,6.968,7.094,12.279,10.607,12.31,11.815,10.5,11.249,8.463,9.859,10.066,10.563,9.974,8.199,7.831,8.242,9.618
E01016647,Wokingham 009A,E06000041,Wokingham,TLJ,South East (England),6.991,7.994,8.944,9.657,9.704,9.971,9.918,10.945,11.206,12.562,13.459,10.852,11.204,11.292,11.952,16.547,16.069,14.489,15.088,14.433,15.093,14.672,14.412,14.332,15.747,17.402
E01016701,Wokingham 009B,E06000041,Wokingham,TLJ,South East (England),11.951,12.869,13.283,13.534,13.806,14.234,15.059,14.853,15.51,16.46,17.254,16.556,18.17,18.163,18.671,24.454,23.873,29.246,31.243,34.028,30.773,30.175,26.474,28.803,23.139,25.761
E01016702,Wokingham 009C,E06000041,Wokingham,TLJ,South East (England),130.655,144.735,147.981,148.14,155.285,175.137,176.055,188.02,190.794,205.456,208.634,205.631,212.522,227.025,250.723,286.374,319.311,372.251,445.869,412.353,432.852,515.028,579.42,606.947,765.447,747.377
E01016703,Wokingham 009D,E06000041,Wokingham,TLJ,South East (England),14.645,15.37,16.483,17.594,19.291,21.201,21.794,22.96,22.972,23.183,26.516,23.37,24.672,26.297,24.703,24.015,25.859,32.73,31.276,34.15,38.615,42.335,35.079,33.927,37.457,35.179
E01016704,Wokingham 009E,E06000041,Wokingham,TLJ,South East (England),11.083,12.178,12.811,13.286,13.862,14.76,14.372,14.594,15.819,17.459,19.449,19.798,20.163,21.239,20.781,20.673,24.792,28.174,29.43,30.977,28.684,30.697,30.361,27.332,31.409,32.96
E01016627,Wokingham 010A,E06000041,Wokingham,TLJ,South East (England),22.973,23.582,25.162,25.955,27.132,28.153,26.337,30.658,23.264,25.755,29.063,26.611,27.147,28.391,28.737,28.234,32.757,32.646,35.049,36.504,34.684,42.075,47.838,49.621,59.448,65.184
E01016628,Wokingham 010B,E06000041,Wokingham,TLJ,South East (England),11.374,12.498,13.147,13.495,13.504,13.849,14.386,14.77,15.026,14.859,21.729,22.774,27.389,22.302,23.123,24.652,23.84,25.213,21.301,24.164,26.088,30.791,29.798,35.337,44.085,56.407
E01016656,Wokingham 010C,E06000041,Wokingham,TLJ,South East (England),29.07,31.639,33.334,34.477,36.289,38.921,38.137,40.619,41.902,45.582,47.493,44.174,45.655,47.918,48.903,46.986,58.726,65.769,73.612,72.833,73.411,78.396,77.105,82.752,96.119,131.184
E01016700,Wokingham 010D,E06000041,Wokingham,TLJ,South East (England),71.212,73.21,76.146,76.819,79.89,85.299,86.767,91.738,98.587,100.762,104.922,119.534,106.504,94.997,103.067,104.888,115.928,130.405,114.085,134.842,140.55,152.074,185.857,158.685,154.208,171.759
E01016644,Wokingham 011A,E06000041,Wokingham,TLJ,South East (England),6.69,7.25,7.408,7.278,7.239,7.339,7.507,7.668,7.761,8.072,10.024,8.258,10.262,10.942,10.724,10.582,12.879,12.812,13.432,15.309,15.447,15.293,14.912,15.656,18.768,23.267
E01016645,Wokingham 011B,E06000041,Wokingham,TLJ,South East (England),9.006,9.734,10.174,9.933,9.908,9.96,9.931,10.184,10.383,10.663,11.363,10.114,9.912,10.35,10.797,10.929,12.397,14.929,14.336,14.289,14.68,15.027,14.769,15.875,16.504,18.248
E01016646,Wokingham 011C,E06000041,Wokingham,TLJ,South East (England),6.813,7.347,7.506,7.292,7.193,7.338,7.199,7.37,7.436,7.693,8.111,8.123,8.082,8.221,9.118,8.81,9.541,10.399,11.343,11.283,11.689,11.887,10.752,11.032,11.527,12.216
E01016648,Wokingham 011D,E06000041,Wokingham,TLJ,South East (England),6.735,7.469,7.674,7.468,7.396,7.543,7.463,7.643,7.701,8.305,8.794,7.329,7.191,7.518,7.982,8.134,8.341,9.579,10.07,11.181,14.083,12.085,13.272,12.228,13.956,12.394
E01016649,Wokingham 011E,E06000041,Wokingham,TLJ,South East (England),21.355,23.872,26.109,25.066,25.179,25.31,27.433,28.528,29.402,29.63,30.75,29.773,29.633,31.737,29.281,42.414,27.47,32.539,20.157,23.099,26.937,26.236,24.108,23.589,28.494,32.106
E01016651,Wokingham 012A,E06000041,Wokingham,TLJ,South East (England),8.153,9.044,9.698,9.781,10.0,10.341,10.239,11.56,11.382,11.64,11.411,10.008,9.709,10.898,10.072,6.734,7.339,8.677,9.12,9.603,11.0,9.671,9.663,8.982,9.42,10.746
E01016654,Wokingham 012B,E06000041,Wokingham,TLJ,South East (England),11.561,12.477,13.118,13.208,13.368,13.71,13.0,13.177,13.705,14.312,16.359,14.666,16.807,17.655,17.532,17.687,18.853,19.777,18.61,22.23,21.406,25.495,20.112,21.355,23.075,26.9
E01016655,Wokingham 012C,E06000041,Wokingham,TLJ,South East (England),5.076,5.488,5.591,5.407,5.314,5.299,5.218,5.444,5.366,5.482,5.809,5.164,5.006,5.249,5.507,5.391,6.831,7.922,9.434,9.062,10.536,10.626,11.191,11.836,11.65,12.602
E01016679,Wokingham 012D,E06000041,Wokingham,TLJ,South East (England),36.444,39.596,41.127,41.443,42.301,44.499,47.232,45.78,48.172,51.576,54.931,53.386,56.939,56.52,57.793,73.652,72.866,58.455,49.646,31.052,17.892,19.446,36.154,47.619,50.934,69.744
E01016680,Wokingham 012E,E06000041,Wokingham,TLJ,South East (England),6.698,7.325,7.644,7.593,7.792,7.949,8.512,8.521,8.728,9.447,9.455,7.575,11.743,10.338,12.1,12.655,12.504,15.96,13.942,15.15,16.382,16.655,15.45,19.081,21.187,24.853
E01032759,Wokingham 012H,E06000041,Wokingham,TLJ,South East (England),36.444,39.596,41.127,41.443,42.301,44.499,47.232,45.78,48.172,51.576,54.931,53.386,56.939,56.52,57.793,73.652,72.866,58.455,49.646,31.052,17.892,19.446,36.154,47.619,50.934,69.744
E01016626,Wokingham 013A,E06000041,Wokingham,TLJ,South East (England),37.477,36.069,38.15,40.142,42.996,43.741,42.459,43.799,47.954,62.152,69.774,88.994,101.869,98.646,110.57,121.932,114.698,117.339,112.905,105.426,126.242,138.556,172.765,171.054,182.624,201.471
E01016671,Wokingham 013B,E06000041,Wokingham,TLJ,South East (England),20.694,22.269,23.472,24.137,24.852,25.688,25.203,23.854,25.447,25.217,26.861,22.613,22.713,24.977,25.015,25.884,28.385,34.035,34.742,38.923,45.143,43.54,42.572,38.417,41.999,46.274
E01016673,Wokingham 013C,E06000041,Wokingham,TLJ,South East (England),14.194,15.482,16.465,16.794,17.357,18.568,16.937,17.754,19.209,20.37,19.424,19.02,19.359,20.484,24.149,24.119,23.799,21.58,21.375,23.118,21.667,21.169,18.557,19.354,24.522,22.735
E01016674,Wokingham 013D,E06000041,Wokingham,TLJ,South East (England),6.218,6.697,6.87,6.66,6.555,6.487,6.454,6.53,6.612,6.748,7.352,6.408,6.72,7.633,7.183,6.689,7.337,8.397,9.222,8.21,9.476,10.321,10.408,11.359,12.921,15.855
E01016696,Wokingham 013E,E06000041,Wokingham,TLJ,South East (England),62.858,66.991,71.316,75.291,79.299,85.168,88.259,94.31,102.039,113.034,112.396,104.883,114.548,114.778,115.695,107.469,103.848,113.4,121.777,123.429,123.451,135.931,132.528,122.302,137.669,146.873
E01016670,Wokingham 014A,E06000041,Wokingham,TLJ,South East (England),13.23,15.007,15.724,15.812,15.989,16.584,16.334,17.297,17.911,19.797,21.419,19.045,21.7,23.182,20.779,15.618,18.305,20.152,22.056,23.225,25.996,27.99,26.504,28.773,32.219,37.946
E01016672,Wokingham 014B,E06000041,Wokingham,TLJ,South East (England),8.43,9.063,9.63,9.509,9.549,9.632,9.657,10.006,10.202,10.588,11.342,12.833,14.083,12.428,13.907,15.372,15.291,16.43,16.881,15.812,17.206,21.649,21.391,24.129,27.491,29.752
E01016612,Wokingham 015A,E06000041,Wokingham,TLJ,South East (England),16.046,17.193,18.017,17.914,18.377,19.308,19.456,20.43,20.74,21.426,22.029,20.519,21.365,21.723,21.954,22.932,28.61,29.616,30.914,31.478,27.206,29.906,32.361,40.746,35.606,38.182
E01016629,Wokingham 015B,E06000041,Wokingham,TLJ,South East (England),5.665,6.107,6.291,6.111,6.032,6.102,6.087,6.218,6.407,6.623,7.036,6.269,6.218,6.595,6.812,6.807,7.714,8.847,9.712,8.522,8.298,8.724,7.69,7.534,8.178,9.796
E01016630,Wokingham 015C,E06000041,Wokingham,TLJ,South East (England),6.488,6.986,7.197,7.021,6.921,6.956,6.729,6.88,7.196,7.402,7.806,7.912,7.026,7.001,7.503,7.424,8.193,9.047,9.722,7.853,8.306,8.811,8.438,8.552,9.383,10.137
E01016635,Wokingham 015D,E06000041,Wokingham,TLJ,South East (England),5.916,6.403,6.598,6.491,6.423,6.463,6.701,6.8,6.881,7.207,7.617,7.153,7.555,7.979,7.469,9.696,10.261,10.772,11.124,10.785,11.952,12.221,10.871,11.569,12.033,13.836
E01016625,Wokingham 016A,E06000041,Wokingham,TLJ,South East (England),18.882,20.444,21.803,23.1,23.862,24.769,25.299,26.41,26.675,27.737,33.631,20.466,21.184,21.745,22.18,26.745,26.106,35.183,32.173,42.774,42.042,34.875,35.912,33.72,34.299,37.643
E01016631,Wokingham 016B,E06000041,Wokingham,TLJ,South East (England),5.555,6.005,6.151,5.939,5.813,5.77,5.734,5.816,5.852,5.922,6.493,5.285,5.089,5.325,5.515,5.667,6.032,6.909,7.143,6.894,7.492,7.516,6.987,7.154,7.896,9.067
E01016632,Wokingham 016C,E06000041,Wokingham,TLJ,South East (England),7.151,7.696,7.898,7.786,7.768,7.778,7.109,7.023,6.926,7.095,7.267,6.498,6.88,6.551,6.807,6.927,7.546,8.656,9.78,10.548,11.371,11.646,10.643,10.738,10.944,11.937
E01016634,Wokingham 016D,E06000041,Wokingham,TLJ,South East (England),208.729,201.126,203.374,209.537,216.792,210.299,213.344,216.227,223.021,234.462,251.257,239.954,253.091,275.424,287.686,263.252,262.702,269.224,276.531,331.594,292.841,345.473,325.134,304.399,313.366,333.263
E01016699,Wokingham 016E,E06000041,Wokingham,TLJ,South East (England),24.721,26.765,28.236,29.891,30.978,33.046,32.676,34.391,35.269,37.174,39.379,34.615,37.757,39.115,39.968,38.173,48.61,44.219,42.443,48.929,48.934,51.803,52.014,55.108,46.698,58.482
E01016690,Wokingham 017C,E06000041,Wokingham,TLJ,South East (England),54.933,56.222,64.596,74.974,79.105,125.156,126.068,152.799,165.128,182.38,207.33,215.113,212.03,228.267,266.071,293.791,441.504,503.423,601.085,604.574,728.863,774.97,761.964,691.888,741.48,783.651
E01016691,Wokingham 017D,E06000041,Wokingham,TLJ,South East (England),17.485,18.686,19.15,19.45,20.135,20.75,20.394,21.81,21.869,21.713,22.514,20.218,21.501,21.899,21.235,19.893,22.704,23.176,21.075,22.71,24.294,26.313,25.498,26.719,27.656,29.515
E01016611,Wokingham 018B,E06000041,Wokingham,TLJ,South East (England),40.827,38.667,41.807,43.606,47.011,48.137,51.904,54.673,56.748,53.48,58.992,64.675,59.69,56.592,54.321,50.81,53.871,52.302,19.334,17.039,20.91,21.209,42.703,44.247,38.863,43.655
E01016633,Wokingham 019A,E06000041,Wokingham,TLJ,South East (England),11.876,12.432,13.833,15.204,16.108,17.491,16.479,16.814,17.677,18.901,20.49,18.046,19.617,20.383,18.314,21.349,22.696,23.214,19.517,18.21,19.252,19.961,12.812,11.132,13.058,17.318
E01016636,Wokingham 019B,E06000041,Wokingham,TLJ,South East (England),6.162,6.704,6.871,6.681,6.578,6.578,6.485,6.792,6.889,7.174,7.589,6.761,6.722,7.138,7.511,7.904,9.991,11.262,12.019,10.03,9.504,9.519,9.592,10.636,10.557,11.459
E01016637,Wokingham 019C,E06000041,Wokingham,TLJ,South East (England),6.508,6.948,7.191,7.27,7.446,7.706,7.245,7.462,7.671,8.007,8.493,7.413,7.294,7.887,7.923,7.513,7.0,7.979,7.894,8.22,8.56,9.286,9.228,9.61,10.036,11.116
E01016638,Wokingham 019D,E06000041,Wokingham,TLJ,South East (England),5.348,5.844,5.981,5.888,5.818,5.892,5.775,5.9,5.974,6.161,6.513,6.927,6.486,6.836,7.188,7.597,7.588,8.916,9.291,9.795,8.746,9.166,7.81,7.768,8.289,9.662
E01016639,Wokingham 019E,E06000041,Wokingham,TLJ,South East (England),8.587,9.441,9.959,9.907,9.822,10.034,10.284,10.613,10.947,11.545,12.279,11.961,11.517,10.312,10.713,10.465,12.425,13.072,15.631,15.336,15.47,15.26,16.554,16.46,18.102,21.736
E01016640,Wokingham 019F,E06000041,Wokingham,TLJ,South East (England),12.578,13.432,14.272,14.437,14.846,15.64,15.784,17.731,17.632,18.583,20.831,20.003,20.873,21.791,21.319,23.691,23.631,25.347,36.63,36.055,33.346,34.252,28.907,30.817,37.108,40.263
E01016643,Wokingham 019G,E06000041,Wokingham,TLJ,South East (England),5.291,5.681,5.826,5.742,5.665,5.68,5.646,5.714,5.77,5.916,6.334,5.691,5.524,5.73,6.017,6.366,6.454,6.97,7.412,7.209,7.84,8.138,7.464,8.019,9.011,9.485
E01016705,Wokingham 020A,E06000041,Wokingham,TLJ,South East (England),55.615,60.854,61.335,62.23,65.032,68.56,67.056,72.213,73.424,79.584,75.97,73.917,82.024,84.381,90.926,88.57,107.526,96.493,111.048,116.84,113.458,125.757,123.703,144.501,140.283,155.784
E01016706,Wokingham 020B,E06000041,Wokingham,TLJ,South East (England),6.815,7.561,7.848,7.67,7.588,7.665,7.542,7.727,7.909,8.037,8.496,7.509,7.33,7.674,8.171,8.754,9.193,10.344,11.651,12.272,14.739,15.802,16.087,15.799,14.181,15.727
E01016707,Wokingham 020C,E06000041,Wokingham,TLJ,South East (England),7.772,8.236,8.511,8.393,8.384,8.506,8.387,9.056,9.326,8.95,10.087,8.714,8.965,9.479,9.462,8.906,9.206,10.481,10.885,11.062,11.963,12.7,12.331,12.105,12.367,13.339
E01016708,Wokingham 020D,E06000041,Wokingham,TLJ,South East (England),9.328,9.961,10.289,10.177,10.367,10.827,10.559,11.081,10.846,11.532,12.275,11.944,11.574,11.887,12.84,13.243,15.508,18.245,17.198,12.927,13.255,13.143,14.408,13.047,14.132,16.258
E01016709,Wokingham 020E,E06000041,Wokingham,TLJ,South East (England),8.731,9.459,9.817,9.787,9.832,10.02,9.076,9.269,10.636,11.381,12.063,10.099,13.187,12.423,12.188,11.984,12.963,14.732,14.826,15.791,16.336,17.474,19.836,19.454,22.964,24.298
E01028479,Cherwell 001A,E07000177,Cherwell,TLJ,South East (England),6.173,6.589,6.889,6.816,7.664,7.984,7.604,7.721,7.837,7.826,9.164,13.721,13.753,14.364,14.748,13.631,8.475,10.119,10.485,9.777,10.477,12.076,10.703,11.513,12.682,19.244
E01028480,Cherwell 001B,E07000177,Cherwell,TLJ,South East (England),9.163,9.846,10.519,10.847,11.955,12.468,11.769,12.093,13.249,13.088,15.958,11.702,12.179,12.681,12.953,13.669,15.365,17.472,17.732,19.246,20.16,21.249,23.224,22.174,22.394,25.275
E01028508,Cherwell 001C,E07000177,Cherwell,TLJ,South East (England),11.244,12.182,12.358,12.553,13.919,14.606,14.224,16.285,17.952,17.684,18.127,16.653,16.63,17.879,16.912,22.717,28.646,28.475,26.891,24.815,23.496,22.338,18.882,20.856,24.292,26.364
E01028441,Cherwell 002A,E07000177,Cherwell,TLJ,South East (England),5.826,6.472,6.818,6.927,7.055,7.349,8.822,10.201,11.27,11.299,14.513,12.522,11.971,12.595,13.771,14.115,15.253,16.055,16.582,16.68,17.042,16.661,15.295,16.882,18.869,20.227
E01028443,Cherwell 002C,E07000177,Cherwell,TLJ,South East (England),6.139,6.914,7.332,7.617,7.796,8.15,8.483,8.998,9.028,9.361,10.867,10.46,9.767,10.244,11.339,11.107,12.15,12.15,12.9,12.197,12.501,12.987,12.604,14.021,15.405,16.99
E01028444,Cherwell 002D,E07000177,Cherwell,TLJ,South East (England),4.209,4.709,4.95,5.046,5.089,5.271,5.754,5.756,6.066,5.874,6.361,5.824,5.499,5.764,6.217,7.91,8.761,9.497,9.304,8.541,8.734,8.666,8.353,8.594,9.652,10.592
E01032943,Cherwell 002E,E07000177,Cherwell,TLJ,South East (England),1.045,1.164,1.24,1.277,1.325,2.314,2.776,3.136,3.946,4.488,5.488,4.835,4.759,5.329,5.868,5.392,5.682,5.977,7.032,6.829,8.891,9.743,9.779,9.719,10.899,13.533
E01032944,Cherwell 002F,E07000177,Cherwell,TLJ,South East (England),3.044,3.41,3.568,3.555,3.531,3.601,3.669,3.7,3.967,3.996,4.907,4.202,4.112,4.748,5.335,4.723,4.995,5.42,6.01,5.872,6.708,6.771,6.314,6.391,6.57,7.548
E01028445,Cherwell 003A,E07000177,Cherwell,TLJ,South East (England),117.857,115.736,117.523,121.478,127.098,130.448,117.657,118.258,112.105,125.298,127.276,123.154,120.819,118.391,129.904,139.951,152.229,162.973,187.917,174.954,176.908,136.257,117.207,134.967,148.453,158.399
E01028446,Cherwell 003B,E07000177,Cherwell,TLJ,South East (England),131.763,139.728,139.491,131.251,131.444,129.075,137.525,138.744,133.403,131.482,134.784,118.078,126.184,135.327,132.107,132.081,160.388,206.76,190.809,200.118,124.243,116.393,175.795,148.339,136.575,159.992
E01028447,Cherwell 003C,E07000177,Cherwell,TLJ,South East (England),4.514,5.151,5.415,5.706,5.93,6.179,5.973,6.544,7.123,6.185,6.509,4.357,4.284,4.357,5.752,6.555,6.968,7.093,7.096,6.62,6.157,5.885,5.542,5.611,5.956,6.676
E01028448,Cherwell 003D,E07000177,Cherwell,TLJ,South East (England),3.644,4.071,4.249,4.257,4.269,4.392,4.493,4.448,4.673,4.414,5.212,5.238,4.27,4.492,4.599,4.563,5.386,5.988,6.293,7.14,7.934,8.714,8.217,8.222,10.785,10.119
E01028435,Cherwell 004A,E07000177,Cherwell,TLJ,South East (England),81.048,87.87,94.175,97.893,102.621,109.587,113.916,119.757,130.289,130.887,134.623,126.146,128.276,129.836,131.534,134.252,144.46,142.28,138.445,138.496,124.959,142.401,172.942,198.233,210.332,204.537
E01028437,Cherwell 004C,E07000177,Cherwell,TLJ,South East (England),194.179,203.862,218.584,221.809,232.329,242.928,244.846,251.39,251.732,261.95,289.222,274.405,274.433,283.316,272.48,272.459,276.562,253.821,255.061,322.806,300.297,303.994,292.167,299.121,304.827,359.156
E01028439,Cherwell 004E,E07000177,Cherwell,TLJ,South East (England),5.628,6.241,6.551,6.624,6.87,7.125,6.899,7.149,7.366,7.399,8.332,7.777,7.73,8.363,9.131,9.796,8.712,8.884,9.469,9.827,10.096,12.09,15.318,14.784,17.696,16.206
E01028440,Cherwell 004F,E07000177,Cherwell,TLJ,South East (England),4.236,5.123,5.491,5.516,5.524,5.676,5.773,5.809,5.894,5.684,6.645,5.825,5.706,6.653,7.05,7.152,7.32,7.66,8.394,7.54,8.344,9.01,7.767,7.618,8.879,9.86
E01032941,Cherwell 004G,E07000177,Cherwell,TLJ,South East (England),111.597,115.239,120.6,119.32,125.853,131.869,123.159,126.805,121.919,131.588,135.519,136.03,135.593,133.257,138.7,124.861,133.19,153.124,214.344,215.089,235.978,262.301,254.068,279.93,278.418,275.222
E01032942,Cherwell 004H,E07000177,Cherwell,TLJ,South East (England),67.914,74.197,77.906,80.511,81.204,84.825,81.151,87.987,90.901,99.165,103.911,98.448,100.152,105.237,111.65,133.554,128.376,124.829,71.912,78.405,78.892,78.311,61.894,68.539,73.33,79.556
E01028449,Cherwell 005A,E07000177,Cherwell,TLJ,South East (England),3.122,3.505,3.671,3.698,3.692,3.799,3.904,3.193,3.372,3.515,3.82,3.369,3.52,3.686,3.862,3.529,3.892,4.392,4.823,4.471,5.352,5.695,5.537,5.827,6.385,6.22
E01028450,Cherwell 005B,E07000177,Cherwell,TLJ,South East (England),3.59,4.234,4.396,4.602,4.645,4.794,4.872,5.204,5.49,4.894,5.224,4.705,4.459,4.654,7.588,7.34,6.913,8.119,8.492,8.15,8.807,8.815,8.55,9.166,9.718,10.547
E01028451,Cherwell 005C,E07000177,Cherwell,TLJ,South East (England),2.844,3.182,3.414,3.417,3.394,3.45,3.505,3.518,3.707,4.585,5.359,4.575,4.426,4.639,4.904,5.65,6.005,7.758,6.808,6.66,7.385,7.366,6.857,7.753,8.245,9.651
E01028452,Cherwell 005D,E07000177,Cherwell,TLJ,South East (England),6.725,6.578,7.108,7.29,7.687,7.778,3.837,3.799,4.005,3.885,4.582,4.008,3.935,4.052,4.259,4.231,4.497,4.767,5.108,4.659,4.888,4.89,4.493,4.604,5.269,6.108
E01028453,Cherwell 005E,E07000177,Cherwell,TLJ,South East (England),3.187,3.547,3.722,3.728,3.708,3.779,3.813,3.987,4.017,3.822,4.45,3.907,3.789,3.932,4.047,3.961,4.284,4.474,5.205,4.834,5.038,4.554,4.145,4.572,4.811,5.359
E01028454,Cherwell 005F,E07000177,Cherwell,TLJ,South East (England),6.318,7.2,7.581,7.875,8.075,8.567,8.744,6.879,7.379,7.095,7.36,6.473,6.167,6.634,6.274,6.407,9.136,9.516,9.612,9.652,9.457,10.2,10.745,9.909,10.997,12.53
E01028430,Cherwell 006A,E07000177,Cherwell,TLJ,South East (England),60.502,59.049,64.391,68.236,74.454,78.583,74.429,75.42,74.586,75.883,83.829,71.91,81.945,77.418,88.988,77.181,76.416,74.516,85.506,92.193,97.996,105.08,137.823,131.982,114.989,131.306
E01028431,Cherwell 006B,E07000177,Cherwell,TLJ,South East (England),16.669,18.531,19.768,20.793,21.462,23.148,20.823,25.059,31.006,30.986,45.526,50.431,37.695,32.092,34.451,30.178,34.917,31.716,24.566,25.081,27.194,22.986,22.094,31.663,32.941,35.165
E01028432,Cherwell 006C,E07000177,Cherwell,TLJ,South East (England),14.675,14.512,15.752,16.455,17.496,18.108,18.242,15.962,21.232,21.103,16.984,16.982,17.554,19.188,19.843,21.707,22.19,16.876,18.162,18.009,17.595,22.038,20.323,22.647,21.765,21.97
E01028433,Cherwell 006D,E07000177,Cherwell,TLJ,South East (England),6.806,7.724,8.184,8.524,8.653,8.967,9.277,9.406,11.658,11.454,11.777,11.117,10.37,10.903,11.972,12.152,11.738,12.823,13.348,13.182,13.925,14.446,13.743,14.355,14.787,16.095
E01028434,Cherwell 006E,E07000177,Cherwell,TLJ,South East (England),13.435,14.793,15.83,17.214,17.711,18.613,19.214,19.507,20.709,21.774,23.061,22.533,19.888,22.366,23.986,23.378,29.229,27.478,30.61,30.366,32.407,36.459,37.919,41.022,41.845,44.97
E01028426,Cherwell 007A,E07000177,Cherwell,TLJ,South East (England),4.108,4.609,4.867,4.961,4.947,5.079,5.14,5.243,5.792,5.645,6.777,6.215,5.361,5.619,6.536,6.549,7.372,8.236,10.142,11.247,12.13,14.133,11.879,12.725,12.85,14.355
E01028427,Cherwell 007B,E07000177,Cherwell,TLJ,South East (England),11.639,13.266,14.156,15.49,16.549,17.533,20.812,21.093,17.148,20.768,23.577,36.006,37.422,37.344,35.481,36.927,33.759,35.633,36.231,34.106,39.074,40.927,37.893,43.89,50.708,55.881
E01028428,Cherwell 007C,E07000177,Cherwell,TLJ,South East (England),11.639,13.266,14.156,15.49,16.549,17.533,20.812,21.093,17.148,20.768,23.577,36.006,37.422,37.344,35.481,36.927,33.759,35.633,36.231,34.106,39.074,40.927,37.893,43.89,50.708,55.881
E01028429,Cherwell 007D,E07000177,Cherwell,TLJ,South East (England),14.314,15.852,16.806,17.641,18.205,18.759,17.941,18.383,19.708,19.235,21.029,17.584,17.444,17.437,19.007,20.851,24.883,22.701,29.218,28.818,25.164,32.003,52.614,42.995,45.667,38.968
E01028422,Cherwell 008A,E07000177,Cherwell,TLJ,South East (England),12.005,13.154,13.976,14.632,15.885,16.596,16.059,16.9,18.854,22.219,25.277,17.238,17.086,17.835,20.751,24.049,49.556,70.462,58.693,56.445,139.864,156.305,174.35,193.628,179.287,198.691
E01028423,Cherwell 008B,E07000177,Cherwell,TLJ,South East (England),10.212,11.397,11.899,12.127,12.888,13.288,13.097,13.601,14.77,14.838,15.822,19.968,19.793,22.461,23.77,28.72,30.909,18.568,22.726,24.637,22.814,26.361,19.637,26.322,24.049,23.502
E01028476,Cherwell 008D,E07000177,Cherwell,TLJ,South East (England),10.565,11.797,12.566,13.18,13.641,14.482,14.919,15.333,14.536,15.432,22.01,16.444,16.285,17.037,21.443,21.69,23.148,27.556,26.663,28.701,28.932,29.303,39.161,45.823,42.321,51.991
E01028474,Cherwell 009A,E07000177,Cherwell,TLJ,South East (England),11.33,12.235,12.673,12.815,13.662,14.481,14.703,15.455,16.407,17.344,18.918,16.499,17.331,17.896,19.272,17.798,20.53,21.607,21.714,24.587,26.494,28.629,27.372,26.039,26.249,29.939
E01028485,Cherwell 009B,E07000177,Cherwell,TLJ,South East (England),6.038,6.624,6.976,7.153,7.43,7.722,7.802,7.937,7.985,8.266,9.164,7.712,7.409,7.777,7.892,9.488,9.894,11.809,13.041,14.276,16.904,16.491,15.65,16.204,17.832,20.77
E01028486,Cherwell 009C,E07000177,Cherwell,TLJ,South East (England),16.881,18.666,21.056,20.734,23.09,22.417,20.809,21.499,23.007,23.785,26.677,24.258,22.407,23.687,23.771,27.51,20.45,22.134,22.714,22.885,25.773,26.186,24.739,24.777,29.784,35.728
E01028503,Cherwell 009D,E07000177,Cherwell,TLJ,South East (England),3.901,4.122,4.289,4.272,4.778,5.098,5.183,5.145,5.4,6.376,7.156,8.526,7.959,7.946,8.281,9.209,9.602,7.533,9.069,8.57,9.026,9.81,9.221,10.532,11.227,10.576
E01028504,Cherwell 009E,E07000177,Cherwell,TLJ,South East (England),11.33,12.403,13.171,13.817,14.77,15.609,14.426,15.03,16.383,18.963,18.884,13.757,16.668,17.725,15.976,13.447,16.558,15.768,16.904,17.447,18.535,19.668,17.798,24.133,25.311,28.647
E01028481,Cherwell 010A,E07000177,Cherwell,TLJ,South East (England),16.083,17.473,18.51,19.052,19.843,20.571,22.472,25.421,22.968,22.991,25.242,23.281,26.582,27.395,27.288,29.321,29.863,32.391,33.164,29.907,32.879,26.812,25.154,25.389,22.309,32.975
E01028482,Cherwell 010B,E07000177,Cherwell,TLJ,South East (England),6.221,6.853,7.159,7.239,7.449,7.751,8.159,8.045,8.379,8.801,9.511,10.374,10.895,11.215,11.582,12.099,10.536,9.002,10.052,10.275,11.591,11.833,11.047,13.661,15.147,15.672
E01028506,Cherwell 010D,E07000177,Cherwell,TLJ,South East (England),25.914,27.976,29.991,31.351,34.896,37.44,35.446,36.5,37.814,40.586,44.648,40.942,42.962,43.888,43.494,50.828,57.558,66.626,72.964,68.398,56.296,58.063,62.226,72.831,77.891,85.471
E01028507,Cherwell 010E,E07000177,Cherwell,TLJ,South East (England),10.245,11.0,11.654,11.736,12.666,13.385,13.25,12.391,13.261,13.322,14.716,15.268,13.883,14.771,15.148,18.679,19.346,15.496,17.039,16.015,17.359,17.125,14.829,16.775,18.961,20.802
E01028477,Cherwell 011B,E07000177,Cherwell,TLJ,South East (England),31.386,33.773,36.931,37.431,39.994,41.642,54.019,61.222,46.846,47.842,48.873,47.595,47.666,50.34,53.877,66.865,71.94,59.409,57.767,54.329,77.228,68.436,82.326,87.537,91.985,87.269
E01028478,Cherwell 011C,E07000177,Cherwell,TLJ,South East (England),5.589,6.229,6.608,6.985,7.32,7.634,7.241,7.311,7.895,7.148,8.269,6.927,7.576,6.312,6.973,6.854,7.337,5.786,6.275,6.203,6.988,7.448,6.775,7.121,7.429,8.532
E01028483,Cherwell 011D,E07000177,Cherwell,TLJ,South East (England),14.6,15.883,16.62,17.015,18.341,19.117,18.508,19.935,21.346,22.137,24.101,22.69,22.254,23.257,24.078,23.206,23.834,23.752,20.979,21.837,29.222,37.628,25.292,27.633,54.874,58.372
E01028484,Cherwell 011E,E07000177,Cherwell,TLJ,South East (England),41.286,36.991,40.801,42.795,47.0,48.126,47.569,48.579,53.26,53.955,22.168,21.363,25.278,25.945,27.89,27.182,22.52,28.964,32.322,34.942,41.138,38.975,38.244,50.547,52.987,78.552
E01028499,Cherwell 011F,E07000177,Cherwell,TLJ,South East (England),11.786,12.665,12.613,12.725,13.67,14.556,14.763,15.307,16.316,16.958,18.377,16.449,17.562,17.794,19.191,18.441,20.445,24.078,23.426,22.663,22.284,25.847,35.233,37.502,48.105,62.808
E01028459,Cherwell 012A,E07000177,Cherwell,TLJ,South East (England),5.469,6.105,6.449,6.612,6.663,6.895,7.369,7.448,7.859,7.693,8.521,7.567,7.222,7.531,7.923,7.98,8.472,9.425,10.074,9.707,9.792,10.282,10.159,10.897,11.85,12.225
E01028460,Cherwell 012B,E07000177,Cherwell,TLJ,South East (England),7.845,9.424,11.319,11.92,12.275,14.485,15.113,16.487,17.503,16.841,18.85,20.381,21.351,20.897,21.888,8.685,7.803,8.61,9.389,8.571,9.111,9.314,8.998,9.577,10.551,12.107
E01028461,Cherwell 012C,E07000177,Cherwell,TLJ,South East (England),7.001,7.596,8.526,9.339,9.821,10.5,9.29,10.185,11.987,10.47,11.022,9.419,10.837,11.334,12.699,13.098,15.238,15.03,13.16,12.558,11.376,10.358,10.36,10.631,11.411,19.782
E01028462,Cherwell 012D,E07000177,Cherwell,TLJ,South East (England),4.306,4.995,5.809,6.088,6.514,6.86,7.107,7.307,7.674,7.565,8.451,7.853,7.519,8.437,8.613,8.939,9.519,10.125,13.834,13.533,15.512,15.791,15.795,16.531,19.293,20.632
E01028455,Cherwell 013A,E07000177,Cherwell,TLJ,South East (England),163.034,171.277,169.717,169.993,169.666,171.786,169.667,178.016,177.537,184.834,189.232,178.912,175.128,182.395,189.479,198.299,197.974,199.981,182.999,184.675,205.993,249.832,202.645,226.933,269.375,287.977
E01028456,Cherwell 013B,E07000177,Cherwell,TLJ,South East (England),30.091,30.682,31.287,31.277,32.237,33.062,29.936,31.957,32.719,34.373,37.101,32.673,34.773,36.405,34.89,40.513,44.323,42.479,46.2,47.436,47.119,47.055,42.771,46.555,48.151,50.296
E01028457,Cherwell 013C,E07000177,Cherwell,TLJ,South East (England),5.659,6.274,6.698,7.118,7.317,7.68,7.789,7.887,10.082,15.75,15.204,14.767,16.611,17.444,16.137,15.568,14.72,16.339,15.656,15.764,16.639,18.821,20.046,20.656,22.211,22.407
E01028458,Cherwell 013D,E07000177,Cherwell,TLJ,South East (England),4.01,4.439,4.659,4.679,4.668,4.758,4.816,4.788,5.077,5.081,5.895,4.934,4.837,5.015,5.32,5.271,5.62,6.364,6.999,7.308,7.218,7.533,7.492,7.235,8.117,9.428
E01028467,Cherwell 013E,E07000177,Cherwell,TLJ,South East (England),20.596,21.861,23.731,25.911,27.821,30.222,34.68,30.921,33.126,33.914,36.666,33.063,38.904,35.37,34.781,37.79,40.18,45.867,51.018,45.233,44.346,46.003,50.467,56.615,59.116,62.946
E01028466,Cherwell 014A,E07000177,Cherwell,TLJ,South East (England),12.785,12.881,14.081,14.974,15.954,16.682,18.358,19.026,14.436,10.118,12.751,11.485,10.463,10.299,16.223,16.446,14.498,12.188,10.569,10.776,10.565,14.788,16.574,14.74,17.372,19.57
E01028469,Cherwell 014B,E07000177,Cherwell,TLJ,South East (England),5.065,5.619,6.08,6.241,6.331,6.522,6.47,6.711,7.558,9.224,9.737,20.435,20.537,18.625,20.546,18.701,19.661,10.998,12.124,12.394,12.656,11.943,12.794,13.423,15.514,16.878
E01028470,Cherwell 014C,E07000177,Cherwell,TLJ,South East (England),6.6,7.15,7.583,8.222,8.794,9.342,9.46,9.928,12.116,17.102,18.191,16.399,18.45,19.451,19.106,18.92,24.742,22.787,24.207,23.78,25.259,25.614,27.885,27.369,30.012,33.43
E01028471,Cherwell 014D,E07000177,Cherwell,TLJ,South East (England),3.56,3.767,3.871,3.896,3.945,4.055,4.11,4.106,4.25,4.177,4.805,4.343,4.207,4.308,4.447,4.796,4.984,5.637,6.033,6.414,6.974,7.423,5.285,5.317,5.971,6.514
E01028472,Cherwell 014E,E07000177,Cherwell,TLJ,South East (England),3.109,3.459,3.638,3.651,3.645,3.713,3.756,3.727,4.008,3.865,4.514,3.953,4.134,4.305,4.902,4.992,5.184,4.633,5.053,5.081,5.435,5.154,5.074,5.21,5.536,6.422
E01028473,Cherwell 014F,E07000177,Cherwell,TLJ,South East (England),13.299,13.619,14.252,14.525,15.088,15.734,13.472,16.054,17.054,17.317,18.758,17.962,20.609,21.323,23.565,26.736,27.744,25.445,26.542,29.099,31.168,33.8,33.062,33.654,30.292,37.031
E01028463,Cherwell 015A,E07000177,Cherwell,TLJ,South East (England),6.32,6.758,7.437,8.933,9.829,11.596,12.21,13.623,15.723,15.549,17.046,15.405,16.182,16.724,18.873,27.22,27.639,49.055,48.833,45.273,91.53,94.621,96.642,77.613,74.38,81.126
E01028464,Cherwell 015B,E07000177,Cherwell,TLJ,South East (England),5.085,5.68,6.092,6.241,6.388,6.696,6.808,7.01,10.17,9.099,9.582,16.487,16.712,18.804,22.368,24.164,27.987,10.122,10.111,11.761,11.881,11.854,12.268,13.044,13.763,14.804
E01028465,Cherwell 015C,E07000177,Cherwell,TLJ,South East (England),3.893,4.359,4.655,4.68,4.685,4.979,5.153,4.979,5.032,4.876,5.713,5.687,5.694,6.955,7.237,6.563,7.274,6.79,6.751,6.822,6.846,6.934,6.549,6.367,6.194,6.97
E01028497,Cherwell 016B,E07000177,Cherwell,TLJ,South East (England),58.295,58.114,60.173,62.466,65.507,65.811,65.388,65.899,70.397,71.933,79.375,74.439,74.505,77.373,85.916,82.622,76.651,77.722,75.565,75.709,83.166,89.987,85.166,83.632,90.866,91.978
E01028498,Cherwell 016C,E07000177,Cherwell,TLJ,South East (England),15.008,17.115,18.093,18.147,18.751,19.631,19.76,20.349,21.494,21.841,22.918,21.693,21.616,22.611,22.286,29.564,34.027,30.466,26.294,20.807,22.486,25.412,25.067,27.049,28.862,34.885
E01028500,Cherwell 016D,E07000177,Cherwell,TLJ,South East (England),45.272,44.181,47.984,50.758,56.308,58.795,66.303,75.076,67.249,75.505,125.577,127.237,154.44,154.109,134.037,134.653,132.695,122.785,164.259,165.959,140.596,124.716,119.268,102.984,85.633,119.835
E01028501,Cherwell 016E,E07000177,Cherwell,TLJ,South East (England),11.31,12.506,13.324,14.02,14.826,15.511,15.435,15.752,14.88,16.71,17.46,13.674,13.792,16.33,16.165,18.608,16.384,15.968,18.424,21.674,23.678,19.556,17.356,17.163,18.315,20.328
E01028502,Cherwell 016F,E07000177,Cherwell,TLJ,South East (England),10.279,11.257,11.633,12.105,12.276,12.404,12.577,13.365,14.126,14.768,15.739,13.36,13.398,13.856,14.533,17.197,16.22,18.171,19.621,20.327,19.476,24.335,26.651,21.054,23.062,26.689
E01028487,Cherwell 017A,E07000177,Cherwell,TLJ,South East (England),14.686,15.498,16.431,17.051,17.964,18.883,19.404,21.252,21.074,25.337,23.857,22.728,22.664,22.235,22.287,18.203,20.754,24.842,18.814,18.592,17.745,19.028,18.115,17.884,21.027,25.894
E01028489,Cherwell 017B,E07000177,Cherwell,TLJ,South East (England),6.616,7.23,7.621,7.87,8.219,8.477,8.552,8.633,10.339,8.099,8.887,9.951,11.734,12.074,14.81,14.487,14.947,10.498,11.686,11.086,11.363,11.85,13.37,14.644,14.441,15.887
E01028490,Cherwell 017C,E07000177,Cherwell,TLJ,South East (England),3.0,3.429,3.588,3.605,3.555,3.663,3.692,3.731,3.999,3.961,4.685,5.001,4.512,3.879,4.05,4.404,4.733,4.874,5.265,5.267,5.916,6.261,5.909,6.585,6.969,7.905
E01028491,Cherwell 017D,E07000177,Cherwell,TLJ,South East (England),16.364,17.356,19.089,20.729,21.796,22.806,25.249,27.685,26.127,93.262,100.407,95.86,75.662,76.933,82.749,82.123,82.238,88.251,74.629,75.039,77.84,84.993,84.747,86.168,98.591,115.919
E01028494,Cherwell 017E,E07000177,Cherwell,TLJ,South East (England),3.392,3.66,3.852,3.924,3.824,3.968,3.957,3.804,3.912,3.931,4.515,3.992,3.734,3.731,4.012,3.257,3.594,3.834,4.224,3.943,4.179,4.178,3.889,4.237,4.647,5.318
E01028492,Cherwell 018A,E07000177,Cherwell,TLJ,South East (England),8.12,8.819,9.459,9.895,10.188,10.669,10.655,12.361,12.821,12.732,13.612,13.321,15.464,14.763,17.058,14.436,15.451,14.351,14.599,15.445,16.374,17.962,17.433,16.46,21.201,20.085
E01028493,Cherwell 018B,E07000177,Cherwell,TLJ,South East (England),3.541,3.946,4.18,4.179,4.238,4.307,5.213,5.225,5.777,5.442,6.301,4.603,4.463,4.73,4.703,4.74,7.695,7.504,9.041,7.453,7.264,7.154,7.095,6.668,6.331,7.599
E01028495,Cherwell 018C,E07000177,Cherwell,TLJ,South East (England),6.516,6.318,6.805,6.978,7.358,7.48,9.464,9.542,10.467,3.462,4.159,3.601,3.544,3.72,3.926,4.072,4.595,4.652,5.309,5.092,5.372,5.479,5.541,5.776,5.91,7.129
E01028496,Cherwell 018D,E07000177,Cherwell,TLJ,South East (England),4.661,5.145,5.379,5.528,5.619,5.737,5.758,5.789,5.837,6.468,7.158,5.73,5.524,5.605,5.98,6.011,6.453,6.096,6.86,6.82,6.834,7.221,6.579,7.238,7.567,8.425
E01028488,Cherwell 019A,E07000177,Cherwell,TLJ,South East (England),292.28,294.031,305.669,310.817,315.506,326.5,351.105,362.798,375.124,369.692,404.47,405.848,463.298,478.477,472.805,516.533,610.519,568.019,577.76,546.94,541.323,674.905,684.099,614.478,677.76,676.732
E01028510,Cherwell 019B,E07000177,Cherwell,TLJ,South East (England),19.917,20.746,22.136,22.012,23.067,24.041,23.647,24.56,24.573,24.696,25.663,23.393,23.692,22.695,24.523,27.56,26.101,29.327,32.416,34.351,39.993,44.783,49.242,56.724,55.955,56.834
E01028511,Cherwell 019C,E07000177,Cherwell,TLJ,South East (England),120.778,112.536,116.682,117.43,125.334,126.898,123.907,126.959,127.807,125.847,135.959,141.902,145.606,148.44,178.499,171.908,176.413,170.885,166.922,184.403,178.379,211.97,244.429,173.737,192.03,225.578
E01028512,Cherwell 019D,E07000177,Cherwell,TLJ,South East (England),5.813,6.059,6.498,6.816,7.035,7.302,7.04,7.207,8.744,9.132,9.791,9.974,11.706,12.127,12.648,16.789,17.899,19.847,18.182,16.733,18.226,17.692,16.997,17.166,18.882,19.63
E01028594,Oxford 001A,E07000178,Oxford,TLJ,South East (England),49.027,51.314,53.875,54.715,54.143,55.368,61.838,62.123,62.795,67.701,74.381,77.875,92.494,100.205,103.165,100.52,90.53,87.18,102.982,91.24,86.751,64.124,62.742,59.664,65.892,69.966
E01028595,Oxford 001B,E07000178,Oxford,TLJ,South East (England),5.066,5.462,5.67,5.635,5.761,5.945,6.406,6.351,6.748,6.474,7.087,6.173,6.343,6.183,7.205,7.356,7.629,10.556,9.327,9.936,9.185,9.758,8.849,9.443,12.125,14.776
E01028596,Oxford 001C,E07000178,Oxford,TLJ,South East (England),8.389,9.14,9.434,9.624,9.883,10.325,11.252,11.626,12.399,11.999,13.283,12.015,12.264,11.803,12.015,11.041,13.021,14.33,15.107,14.48,15.684,17.629,16.474,17.67,20.573,23.087
E01028597,Oxford 001D,E07000178,Oxford,TLJ,South East (England),5.207,5.745,6.092,6.057,6.191,6.841,7.093,7.074,11.844,14.008,15.141,6.784,6.486,6.664,7.799,8.315,10.877,8.86,9.599,10.058,11.539,12.309,13.915,14.307,15.95,15.399
E01028591,Oxford 002C,E07000178,Oxford,TLJ,South East (England),39.205,43.146,45.928,49.189,52.692,57.366,60.092,61.791,44.826,46.177,47.434,49.993,48.281,49.664,57.361,81.548,76.63,72.8,70.085,78.057,69.83,72.299,79.169,75.155,79.843,87.042
E01028592,Oxford 002D,E07000178,Oxford,TLJ,South East (England),32.567,34.619,37.027,39.729,42.838,46.235,51.745,57.104,56.501,60.279,59.008,61.265,62.05,63.383,62.089,66.772,78.543,75.636,76.449,81.642,81.592,78.228,84.44,86.907,89.214,118.949
E01032554,Oxford 002F,E07000178,Oxford,TLJ,South East (England),16.626,17.787,19.217,20.497,21.417,22.887,28.512,29.817,27.437,30.105,31.596,25.381,26.103,25.72,30.357,29.875,82.873,87.886,86.38,69.649,64.792,98.319,125.496,84.88,100.067,155.543
E01032555,Oxford 002G,E07000178,Oxford,TLJ,South East (England),7.589,8.257,8.584,8.947,9.41,9.783,10.432,11.632,10.948,11.053,11.356,13.602,12.75,12.719,13.254,14.179,14.71,12.514,14.234,15.771,17.341,16.081,13.57,15.032,15.314,17.079
E01028565,Oxford 003A,E07000178,Oxford,TLJ,South East (England),5.763,6.778,7.464,7.527,7.853,8.309,8.556,8.701,9.162,9.551,10.208,9.375,9.328,9.444,10.395,10.204,8.86,9.458,9.129,8.639,8.49,8.853,10.62,9.32,10.286,10.403
E01028584,Oxford 003C,E07000178,Oxford,TLJ,South East (England),35.334,38.126,40.911,43.455,45.559,47.08,47.163,49.241,55.499,56.282,59.829,60.845,60.988,60.97,64.099,62.259,40.571,42.391,38.885,41.408,45.479,46.273,47.271,44.381,53.135,47.628
E01028560,Oxford 004A,E07000178,Oxford,TLJ,South East (England),5.43,5.894,6.192,6.232,6.35,6.538,6.929,7.327,7.832,7.787,8.613,7.059,6.783,7.164,7.846,7.965,8.03,9.347,10.142,9.417,9.14,9.556,9.73,9.644,9.648,11.922
E01028561,Oxford 004B,E07000178,Oxford,TLJ,South East (England),9.069,9.972,10.536,11.158,11.632,12.175,12.583,13.64,12.065,11.01,15.348,13.984,12.452,12.625,15.451,14.265,15.188,17.008,15.605,15.721,16.03,14.965,18.972,21.323,26.494,28.418
E01028562,Oxford 004C,E07000178,Oxford,TLJ,South East (England),4.928,5.412,5.579,5.708,5.804,5.972,6.157,6.236,6.689,6.648,7.446,6.08,5.82,6.049,6.655,7.138,8.065,9.975,10.231,9.137,8.452,9.609,9.799,8.368,8.224,9.087
E01028563,Oxford 004D,E07000178,Oxford,TLJ,South East (England),4.832,5.281,5.451,5.613,5.711,5.915,6.662,7.36,8.739,8.527,9.189,6.255,6.302,6.531,6.926,7.422,9.83,10.517,10.67,10.709,10.968,11.535,11.229,12.001,14.035,15.542
E01028513,Oxford 005A,E07000178,Oxford,TLJ,South East (England),7.446,8.005,8.401,8.726,9.164,9.589,10.118,8.256,9.275,9.302,10.429,17.233,150.824,177.802,180.307,176.231,172.714,11.291,12.235,12.612,14.725,14.768,14.183,13.641,17.439,17.141
E01028514,Oxford 005B,E07000178,Oxford,TLJ,South East (England),2.801,3.047,3.167,3.301,3.526,3.613,3.794,3.707,3.965,4.044,4.679,3.61,3.396,3.523,3.869,3.916,4.132,4.575,4.856,4.753,5.15,5.806,5.072,5.013,5.53,6.53
E01028516,Oxford 005C,E07000178,Oxford,TLJ,South East (England),5.562,6.198,6.49,6.681,6.584,7.097,7.621,8.703,9.406,9.643,10.577,8.849,7.712,7.561,8.306,9.559,9.442,12.153,12.777,14.639,11.908,12.486,11.136,12.316,12.632,15.334
E01028538,Oxford 005D,E07000178,Oxford,TLJ,South East (England),7.446,8.005,8.401,8.726,9.164,9.589,10.118,8.256,9.275,9.302,10.429,17.233,150.824,177.802,180.307,176.231,172.714,11.291,12.235,12.612,14.725,14.768,14.183,13.641,17.439,17.141
E01028534,Oxford 006A,E07000178,Oxford,TLJ,South East (England),8.84,9.555,10.289,11.207,11.853,12.592,11.992,14.461,15.801,16.383,19.384,9.245,9.894,10.191,12.07,16.647,15.614,27.728,29.024,27.341,32.958,31.554,26.579,28.464,35.401,38.693
E01028535,Oxford 006B,E07000178,Oxford,TLJ,South East (England),13.982,15.424,15.953,16.652,17.366,18.522,19.869,17.966,19.543,20.473,21.8,30.98,26.304,28.653,35.69,39.326,37.333,29.881,30.44,29.837,30.525,30.89,30.346,34.83,40.093,41.661
E01028536,Oxford 006C,E07000178,Oxford,TLJ,South East (England),22.117,24.742,26.386,29.216,31.822,33.741,34.331,34.586,38.041,41.51,41.49,10.688,9.139,9.419,10.704,12.128,12.176,63.808,65.272,58.53,55.343,68.732,66.444,67.6,77.02,76.308
E01028537,Oxford 006D,E07000178,Oxford,TLJ,South East (England),19.055,20.827,22.161,23.817,25.14,26.718,27.434,31.872,34.148,41.638,44.046,58.347,72.032,64.99,63.97,68.022,73.549,219.779,227.266,230.555,260.866,248.121,261.397,290.287,323.675,334.932
E01028539,Oxford 006E,E07000178,Oxford,TLJ,South East (England),9.707,10.742,11.33,12.008,12.585,13.286,14.109,9.08,10.329,8.991,9.885,8.194,7.909,8.198,9.068,9.456,9.667,12.854,12.964,10.987,11.792,11.625,12.19,12.848,13.649,14.827
E01028540,Oxford 006F,E07000178,Oxford,TLJ,South East (England),19.055,20.827,22.161,23.817,25.14,26.718,27.434,31.872,34.148,41.638,44.046,58.347,72.032,64.99,63.97,68.022,73.549,219.779,227.266,230.555,260.866,248.121,261.397,290.287,323.675,334.932
E01028515,Oxford 007A,E07000178,Oxford,TLJ,South East (England),5.683,6.108,6.493,6.838,7.086,7.587,8.36,8.893,11.825,9.554,9.767,7.79,7.97,8.309,10.687,8.868,9.37,9.687,10.506,12.301,10.053,10.282,11.608,12.178,17.232,19.48
E01028571,Oxford 007B,E07000178,Oxford,TLJ,South East (England),18.518,19.87,22.206,24.465,27.764,32.159,35.0,35.159,37.54,35.204,33.32,32.495,34.068,35.57,42.875,41.389,41.681,52.436,45.679,43.707,37.966,17.311,16.488,18.271,21.446,23.647
E01028572,Oxford 007C,E07000178,Oxford,TLJ,South East (England),18.518,19.87,22.206,24.465,27.764,32.159,35.0,35.159,37.54,35.204,33.32,32.495,34.068,35.57,42.875,41.389,41.681,52.436,45.679,43.707,37.966,17.311,16.488,18.271,21.446,23.647
E01028573,Oxford 007D,E07000178,Oxford,TLJ,South East (England),8.262,9.126,9.304,9.573,9.852,10.377,11.212,11.115,12.646,12.696,14.634,12.678,11.851,12.245,12.406,12.229,13.553,13.328,10.794,12.081,12.963,11.938,11.432,12.619,14.36,16.616
E01028574,Oxford 007E,E07000178,Oxford,TLJ,South East (England),5.037,5.549,5.737,5.868,6.003,6.111,6.587,7.229,6.952,6.824,7.684,7.112,10.279,10.774,6.244,6.028,6.756,7.637,7.93,7.8,7.637,7.981,7.563,7.408,7.902,8.725
E01028521,Oxford 008A,E07000178,Oxford,TLJ,South East (England),539.308,583.039,629.971,680.228,722.563,771.428,824.11,880.018,899.966,1001.676,1088.831,1098.075,1117.343,1137.905,1100.247,1165.497,1162.327,1172.367,1191.101,1304.227,1420.899,1532.526,1693.511,1882.384,2218.88,2349.57
E01028522,Oxford 008B,E07000178,Oxford,TLJ,South East (England),149.401,154.015,169.816,182.127,193.386,205.287,197.012,210.341,208.694,222.388,251.952,263.207,282.676,298.07,274.806,267.268,289.161,321.371,293.389,282.116,274.806,286.24,286.205,297.171,300.192,321.408
E01028548,Oxford 009A,E07000178,Oxford,TLJ,South East (England),18.933,19.898,20.976,21.905,22.772,24.047,25.407,26.146,28.908,29.961,31.214,29.454,32.74,32.518,35.265,72.57,91.685,97.739,91.287,83.47,99.329,86.974,96.084,106.091,102.999,96.603
E01028549,Oxford 009B,E07000178,Oxford,TLJ,South East (England),69.183,73.98,76.265,77.823,79.417,83.074,84.456,96.85,94.559,101.513,103.289,100.967,109.874,108.759,112.052,98.461,122.665,136.27,124.724,119.872,116.295,112.902,86.106,85.599,93.4,102.329
E01028550,Oxford 009C,E07000178,Oxford,TLJ,South East (England),18.933,19.898,20.976,21.905,22.772,24.047,25.407,26.146,28.908,29.961,31.214,29.454,32.74,32.518,35.265,72.57,91.685,97.739,91.287,83.47,99.329,86.974,96.084,106.091,102.999,96.603
E01028551,Oxford 009D,E07000178,Oxford,TLJ,South East (England),18.946,20.247,21.925,23.674,25.256,27.335,27.431,26.814,30.916,30.883,35.083,34.514,35.682,32.026,38.511,43.482,41.103,38.522,50.492,53.049,48.928,54.519,58.956,52.677,79.372,66.207
E01028523,Oxford 010A,E07000178,Oxford,TLJ,South East (England),50.945,57.814,62.133,69.88,76.014,81.144,83.822,87.93,90.278,106.151,109.08,115.287,65.585,64.357,71.231,65.614,68.791,82.695,86.818,88.948,91.73,101.772,113.273,124.216,143.106,146.085
E01028524,Oxford 010B,E07000178,Oxford,TLJ,South East (England),50.945,57.814,62.133,69.88,76.014,81.144,83.822,87.93,90.278,106.151,109.08,115.287,65.585,64.357,71.231,65.614,68.791,82.695,86.818,88.948,91.73,101.772,113.273,124.216,143.106,146.085
E01028525,Oxford 010C,E07000178,Oxford,TLJ,South East (England),50.945,57.814,62.133,69.88,76.014,81.144,83.822,87.93,90.278,106.151,109.08,115.287,65.585,64.357,71.231,65.614,68.791,82.695,86.818,88.948,91.73,101.772,113.273,124.216,143.106,146.085
E01028526,Oxford 010D,E07000178,Oxford,TLJ,South East (England),50.945,57.814,62.133,69.88,76.014,81.144,83.822,87.93,90.278,106.151,109.08,115.287,65.585,64.357,71.231,65.614,68.791,82.695,86.818,88.948,91.73,101.772,113.273,124.216,143.106,146.085
E01028579,Oxford 011A,E07000178,Oxford,TLJ,South East (England),10.322,11.3,11.923,12.972,13.92,14.888,15.224,16.048,14.762,21.998,22.165,10.343,9.898,10.302,11.0,12.829,12.961,24.206,26.024,24.869,26.131,42.115,53.651,48.115,39.471,35.88
E01028580,Oxford 011B,E07000178,Oxford,TLJ,South East (England),14.081,15.101,15.992,16.937,17.733,18.491,19.503,18.533,19.892,20.461,21.636,29.951,32.485,26.975,34.688,39.239,36.169,26.13,28.071,22.883,21.57,20.575,20.692,28.684,32.898,40.348
E01028581,Oxford 011C,E07000178,Oxford,TLJ,South East (England),5.602,6.144,6.471,6.812,7.06,7.475,7.988,7.959,6.561,6.536,7.036,8.205,8.569,7.789,7.841,7.822,8.448,6.426,7.123,6.302,6.287,6.361,6.38,6.836,7.305,8.139
E01028582,Oxford 011D,E07000178,Oxford,TLJ,South East (England),12.439,13.363,14.296,14.681,15.655,16.539,18.941,19.627,17.268,17.579,19.179,17.358,17.259,17.933,20.456,20.912,22.727,27.082,27.839,28.541,26.899,29.185,32.775,32.61,32.538,34.634
E01028586,Oxford 011E,E07000178,Oxford,TLJ,South East (England),6.057,6.774,7.045,7.193,7.418,7.76,10.256,10.426,10.806,11.404,11.932,10.518,10.472,9.871,10.156,10.039,10.371,10.14,10.303,10.709,10.948,11.067,10.81,10.754,11.51,12.861
E01028587,Oxford 011F,E07000178,Oxford,TLJ,South East (England),12.21,13.234,14.065,14.598,15.373,15.934,16.949,18.449,19.721,22.414,23.439,16.275,15.748,16.396,17.831,18.875,16.51,25.873,28.697,27.036,23.419,25.121,28.948,30.21,40.654,55.849
E01028588,Oxford 011G,E07000178,Oxford,TLJ,South East (England),24.948,26.824,28.925,30.945,32.612,34.652,36.949,39.366,45.989,47.055,49.682,54.582,48.979,56.251,51.329,59.251,59.08,56.219,61.856,63.346,64.574,67.792,71.242,72.957,85.241,88.765
E01028541,Oxford 012A,E07000178,Oxford,TLJ,South East (England),5.086,5.571,5.72,5.923,6.146,6.448,6.778,7.258,7.708,7.881,8.589,7.359,11.11,9.514,7.708,9.153,8.751,13.723,16.928,14.559,20.796,17.884,15.204,8.846,18.259,22.088
E01028542,Oxford 012B,E07000178,Oxford,TLJ,South East (England),8.496,9.276,9.564,9.917,10.303,10.93,10.872,11.208,12.672,13.06,14.337,13.27,13.129,14.103,13.974,13.22,14.229,15.652,15.552,16.334,16.385,15.169,14.004,14.935,18.453,18.799
E01028543,Oxford 012C,E07000178,Oxford,TLJ,South East (England),4.89,5.349,5.92,6.115,6.291,6.646,6.971,7.543,7.711,7.118,8.345,7.005,6.722,6.935,9.479,10.018,10.315,10.774,12.228,11.692,12.229,15.82,15.975,19.607,21.801,28.895
E01028544,Oxford 012D,E07000178,Oxford,TLJ,South East (England),4.648,5.124,5.327,5.597,5.78,6.056,6.363,6.343,6.546,6.604,7.201,5.837,5.702,5.955,6.497,7.387,6.694,7.619,8.85,9.157,9.099,9.982,7.668,7.836,8.69,9.198
E01028531,Oxford 013A,E07000178,Oxford,TLJ,South East (England),6.978,7.752,8.485,8.914,9.383,9.793,10.564,11.847,12.485,11.91,13.127,10.907,11.06,13.734,14.295,21.007,21.615,24.674,24.368,24.867,24.033,26.254,28.915,27.068,27.388,30.461
E01028532,Oxford 013B,E07000178,Oxford,TLJ,South East (England),8.764,9.679,10.097,10.684,11.293,11.923,12.437,14.51,13.137,19.084,17.494,19.641,18.599,17.779,20.247,18.068,18.128,16.843,17.805,18.92,19.725,20.85,23.66,29.276,35.501,35.198
E01028556,Oxford 013D,E07000178,Oxford,TLJ,South East (England),21.032,24.289,27.149,30.238,32.926,34.865,35.146,35.746,38.297,41.648,41.281,9.605,9.236,11.674,12.842,12.553,13.585,21.395,19.548,21.126,20.112,27.236,29.741,35.232,46.334,46.061
E01028557,Oxford 013E,E07000178,Oxford,TLJ,South East (England),382.138,339.022,372.641,368.113,498.496,561.568,538.997,547.84,553.83,522.582,634.398,627.674,666.478,689.028,744.948,685.338,755.331,733.357,782.337,769.882,790.263,885.741,776.957,925.844,1096.121,1063.39
E01028558,Oxford 013F,E07000178,Oxford,TLJ,South East (England),25.023,28.43,29.967,29.616,30.27,34.786,34.934,40.137,39.764,40.311,42.46,47.077,49.158,46.638,47.299,52.927,48.4,37.781,40.426,39.054,37.336,37.367,30.95,39.678,41.969,61.076
E01028559,Oxford 013G,E07000178,Oxford,TLJ,South East (England),3.929,4.287,4.369,4.389,4.448,4.581,4.869,4.775,5.169,5.351,5.715,6.15,5.494,5.585,8.42,9.661,10.779,6.436,6.687,6.456,6.746,6.768,6.447,6.514,6.918,8.034
E01028545,Oxford 014A,E07000178,Oxford,TLJ,South East (England),5.952,6.498,6.789,7.1,7.358,7.717,8.103,7.162,7.67,7.334,7.778,5.993,6.464,6.567,7.244,7.776,7.741,8.666,8.517,9.943,10.133,10.219,12.33,14.133,11.555,13.112
E01028546,Oxford 014B,E07000178,Oxford,TLJ,South East (England),36.639,34.014,37.31,39.771,43.415,44.99,46.387,30.235,29.391,30.146,33.167,33.27,36.082,36.36,25.822,29.371,21.962,22.803,22.473,21.414,21.529,19.583,23.121,18.202,20.194,22.033
E01028547,Oxford 014C,E07000178,Oxford,TLJ,South East (England),8.175,8.715,9.37,10.26,10.885,11.494,11.438,12.149,13.29,13.765,15.145,12.593,12.518,12.997,14.503,15.16,15.366,17.404,17.396,14.461,13.658,13.752,14.741,14.719,16.168,17.888
E01028527,Oxford 015A,E07000178,Oxford,TLJ,South East (England),6.038,6.648,6.937,7.161,7.396,7.806,8.852,8.193,8.915,9.772,10.515,21.041,21.327,20.091,20.781,22.397,24.983,15.509,16.094,17.984,16.1,20.127,18.395,20.665,21.851,22.715
E01028528,Oxford 015B,E07000178,Oxford,TLJ,South East (England),36.169,37.792,39.061,39.406,38.264,38.395,43.931,44.014,47.419,48.472,53.402,60.239,72.678,73.79,80.589,66.532,65.308,29.417,29.125,30.144,31.059,34.672,35.666,36.913,41.822,38.991
E01028529,Oxford 015C,E07000178,Oxford,TLJ,South East (England),99.097,101.515,112.489,115.489,122.386,134.161,129.252,146.319,170.666,163.988,201.44,157.471,164.537,173.34,180.263,187.546,345.054,408.088,389.042,339.978,310.021,346.882,297.734,272.664,305.418,269.278
E01028530,Oxford 015D,E07000178,Oxford,TLJ,South East (England),5.653,5.875,6.1,6.157,6.368,6.608,7.266,5.538,5.946,5.176,6.207,23.129,23.417,26.374,26.399,24.581,25.763,23.729,9.648,9.689,9.774,9.716,20.673,22.121,24.041,12.825
E01028575,Oxford 015E,E07000178,Oxford,TLJ,South East (England),6.038,6.648,6.937,7.161,7.396,7.806,8.852,8.193,8.915,9.772,10.515,21.041,21.327,20.091,20.781,22.397,24.983,15.509,16.094,17.984,16.1,20.127,18.395,20.665,21.851,22.715
E01028578,Oxford 015F,E07000178,Oxford,TLJ,South East (England),5.868,6.364,6.754,7.035,7.344,7.679,7.793,7.781,8.61,8.435,9.303,7.593,7.44,7.772,8.108,9.22,10.172,11.318,11.374,10.114,16.001,15.275,13.01,12.322,12.765,15.085
E01028552,Oxford 016A,E07000178,Oxford,TLJ,South East (England),19.239,20.78,21.618,22.312,23.474,25.264,27.909,26.962,29.284,27.972,26.379,38.751,38.675,43.095,39.075,41.467,44.445,35.628,38.142,39.799,31.104,33.714,29.777,30.763,34.826,44.361
E01028553,Oxford 016B,E07000178,Oxford,TLJ,South East (England),97.039,105.537,112.699,118.354,125.323,135.33,137.664,144.2,144.673,154.2,173.076,145.139,147.04,156.471,197.516,259.763,353.231,370.713,387.182,421.343,513.212,739.619,828.233,792.064,744.027,607.047
E01028554,Oxford 016C,E07000178,Oxford,TLJ,South East (England),19.239,20.78,21.618,22.312,23.474,25.264,27.909,26.962,29.284,27.972,26.379,38.751,38.675,43.095,39.075,41.467,44.445,35.628,38.142,39.799,31.104,33.714,29.777,30.763,34.826,44.361
E01028555,Oxford 016D,E07000178,Oxford,TLJ,South East (England),10.105,11.264,11.406,11.621,11.755,12.521,14.744,16.383,20.55,20.031,17.456,16.563,15.766,16.924,18.915,16.712,17.688,16.905,17.048,18.238,18.869,19.894,19.946,19.905,21.742,24.51
E01028576,Oxford 016E,E07000178,Oxford,TLJ,South East (England),3.552,3.776,3.833,3.883,3.968,4.139,4.303,3.768,4.026,3.853,4.481,3.759,3.567,3.705,3.997,4.995,4.528,4.927,5.343,5.424,5.294,5.427,5.375,5.426,6.121,6.8
E01028577,Oxford 016F,E07000178,Oxford,TLJ,South East (England),6.566,6.881,7.247,7.66,7.955,8.329,10.774,12.727,13.32,12.51,13.224,11.441,11.601,12.583,12.965,15.138,16.425,17.21,16.821,13.493,16.053,14.761,17.263,12.471,14.66,16.343
E01028517,Oxford 017A,E07000178,Oxford,TLJ,South East (England),4.315,4.77,4.903,4.911,4.933,5.035,5.754,5.211,5.614,5.417,5.879,8.497,7.262,7.147,8.545,8.899,9.031,6.802,6.724,6.423,6.506,7.167,6.73,6.321,6.872,7.371
E01028518,Oxford 017B,E07000178,Oxford,TLJ,South East (England),5.606,6.024,6.671,6.882,7.05,7.342,8.688,6.719,9.9,9.45,10.25,7.613,7.309,7.544,11.991,9.939,11.529,11.484,15.095,14.738,17.438,22.033,20.605,20.573,22.309,22.22
E01028519,Oxford 017C,E07000178,Oxford,TLJ,South East (England),40.242,45.24,47.618,49.727,49.853,51.12,50.349,50.802,56.166,58.154,59.169,54.72,52.869,54.093,55.549,62.679,61.705,63.873,70.509,67.862,65.773,64.449,58.993,58.294,70.05,87.255
E01028567,Oxford 017D,E07000178,Oxford,TLJ,South East (England),4.981,5.449,5.625,5.774,6.033,6.261,6.614,6.478,6.857,6.684,7.492,6.921,6.157,6.764,7.101,9.009,9.139,7.611,8.244,8.236,8.339,8.413,8.227,8.767,9.932,11.36
E01028520,Oxford 018A,E07000178,Oxford,TLJ,South East (England),10.965,11.717,12.434,13.269,14.006,14.83,12.927,12.081,15.371,15.165,14.517,12.044,12.147,12.052,13.671,9.512,9.329,8.876,13.205,16.513,14.528,15.42,15.863,16.57,20.052,20.058
E01028568,Oxford 018B,E07000178,Oxford,TLJ,South East (England),7.987,9.222,9.771,10.133,10.765,11.216,11.629,12.208,13.478,12.546,14.551,11.781,11.703,12.534,18.2,17.088,17.156,23.839,24.806,23.552,22.339,23.572,25.985,21.714,17.796,20.559
E01028569,Oxford 018C,E07000178,Oxford,TLJ,South East (England),4.953,5.525,5.908,6.107,6.242,6.45,7.902,7.525,8.662,8.787,7.859,6.79,7.134,6.561,6.791,7.057,7.123,7.7,8.201,8.248,8.256,8.498,8.43,8.792,9.565,10.985
E01028570,Oxford 018D,E07000178,Oxford,TLJ,South East (England),3.163,4.606,5.408,5.466,5.542,5.71,6.364,6.01,6.734,6.507,7.026,5.547,5.225,5.427,5.971,6.07,6.281,7.191,7.38,7.405,7.403,7.634,7.394,6.923,7.541,8.65
E01028666,South Oxfordshire 001A,E07000179,South Oxfordshire,TLJ,South East (England),124.612,113.731,110.85,116.573,126.327,133.08,130.912,136.593,137.34,147.063,151.056,157.085,153.497,147.144,136.69,149.018,151.134,206.743,180.741,190.49,192.911,210.195,172.752,195.681,150.314,123.003
E01028667,South Oxfordshire 001B,E07000179,South Oxfordshire,TLJ,South East (England),5.022,5.386,5.75,5.56,5.707,5.841,5.768,6.193,6.314,6.436,6.769,9.172,9.328,10.626,9.798,11.02,11.373,8.503,8.037,7.84,7.991,8.057,7.824,8.056,8.746,10.024
E01028668,South Oxfordshire 001C,E07000179,South Oxfordshire,TLJ,South East (England),5.032,5.356,5.597,5.399,5.504,5.493,5.354,5.707,5.9,5.992,6.212,5.7,8.584,8.724,10.285,9.614,10.376,10.544,7.572,8.027,8.357,8.43,8.22,8.375,9.117,10.176
E01028669,South Oxfordshire 001D,E07000179,South Oxfordshire,TLJ,South East (England),72.454,80.748,83.54,86.709,92.99,105.204,105.298,110.197,114.327,116.208,114.638,112.101,114.459,121.499,132.477,121.996,121.066,117.758,104.801,108.855,107.714,121.678,121.129,130.032,141.331,142.482
E01028638,South Oxfordshire 002A,E07000179,South Oxfordshire,TLJ,South East (England),11.597,12.339,13.205,13.449,14.512,15.094,15.007,14.08,16.005,17.26,15.947,15.45,15.534,15.894,16.263,16.33,18.185,19.455,20.03,22.828,22.716,24.43,23.599,28.92,29.631,32.951
E01028639,South Oxfordshire 002B,E07000179,South Oxfordshire,TLJ,South East (England),10.547,11.083,12.057,12.572,13.47,14.064,13.84,14.961,15.542,16.798,23.878,22.807,21.813,22.058,22.527,22.971,22.452,21.489,17.789,20.218,25.824,22.695,39.26,41.76,45.822,47.864
E01028640,South Oxfordshire 002C,E07000179,South Oxfordshire,TLJ,South East (England),7.606,8.27,8.697,8.648,9.036,9.184,9.15,9.668,9.859,10.185,10.979,12.632,13.886,12.302,11.025,11.415,13.701,13.574,14.218,14.96,18.343,19.089,18.747,21.207,24.018,20.969
E01028683,South Oxfordshire 002D,E07000179,South Oxfordshire,TLJ,South East (England),11.506,12.515,12.566,12.644,13.786,14.033,13.153,16.542,20.388,20.006,19.942,16.936,16.589,17.885,12.957,12.383,14.716,13.35,13.553,12.649,13.21,15.967,18.182,17.811,20.939,31.714
E01028670,South Oxfordshire 003A,E07000179,South Oxfordshire,TLJ,South East (England),23.54,25.547,27.406,28.789,29.585,30.529,29.774,31.246,32.11,34.217,36.875,33.526,32.143,32.161,36.723,37.723,24.545,27.659,25.064,25.801,35.161,31.671,32.538,28.688,32.867,29.259
E01028671,South Oxfordshire 003B,E07000179,South Oxfordshire,TLJ,South East (England),20.22,21.601,22.822,23.037,24.444,25.963,26.749,27.97,29.539,30.168,31.002,34.196,39.617,34.619,33.758,38.529,35.235,36.951,36.166,36.46,38.574,41.476,37.734,39.374,52.315,50.492
E01028672,South Oxfordshire 003C,E07000179,South Oxfordshire,TLJ,South East (England),37.851,40.687,41.73,43.405,45.844,48.732,51.586,51.235,54.586,55.179,54.974,53.361,56.459,60.117,47.268,54.108,60.281,64.327,78.202,85.798,98.273,125.554,122.365,142.689,140.197,152.155
E01028673,South Oxfordshire 003D,E07000179,South Oxfordshire,TLJ,South East (England),68.54,77.144,78.275,79.91,82.16,86.923,82.043,84.405,87.112,93.556,96.649,87.068,89.786,93.285,95.415,118.434,128.164,126.844,105.512,126.287,118.319,122.184,95.228,100.997,102.092,115.478
E01028646,South Oxfordshire 004A,E07000179,South Oxfordshire,TLJ,South East (England),36.335,38.685,37.867,36.772,37.841,39.085,38.778,40.038,40.264,42.57,42.277,41.717,43.426,49.34,56.697,58.947,62.823,60.266,62.895,60.148,65.727,77.581,80.273,89.343,88.075,107.567
E01028647,South Oxfordshire 004B,E07000179,South Oxfordshire,TLJ,South East (England),46.622,50.429,54.084,54.517,57.208,60.097,60.598,64.684,67.841,70.177,71.837,68.309,71.767,74.648,76.908,72.106,79.119,87.411,87.907,94.362,91.251,94.028,76.251,88.907,100.945,108.551
E01028681,South Oxfordshire 004C,E07000179,South Oxfordshire,TLJ,South East (England),7.031,7.667,8.306,8.537,8.846,9.161,9.174,9.976,10.054,11.806,10.237,9.422,10.958,11.314,12.902,12.822,12.223,13.976,14.897,13.95,13.281,12.482,12.466,13.369,13.612,14.976
E01028682,South Oxfordshire 004D,E07000179,South Oxfordshire,TLJ,South East (England),16.324,17.179,18.217,18.864,20.115,21.566,20.807,23.072,23.516,23.124,24.128,22.637,23.817,24.702,26.169,25.222,24.21,26.945,27.281,25.578,29.033,32.943,30.562,32.812,34.986,36.676
E01028684,South Oxfordshire 004E,E07000179,South Oxfordshire,TLJ,South East (England),9.536,10.183,11.004,11.292,11.718,12.239,12.029,12.383,12.973,13.463,14.184,13.468,14.515,13.51,14.058,12.818,12.864,12.875,12.285,12.954,13.38,14.545,14.061,13.547,15.341,16.465
E01028598,South Oxfordshire 005A,E07000179,South Oxfordshire,TLJ,South East (England),16.154,16.94,18.155,18.204,19.591,20.271,20.244,21.807,22.192,22.489,23.162,21.763,22.153,22.528,23.29,26.162,29.555,29.741,30.769,39.172,37.243,39.833,42.75,42.554,53.628,57.213
E01028613,South Oxfordshire 005B,E07000179,South Oxfordshire,TLJ,South East (England),11.007,11.677,12.355,12.602,13.278,13.761,13.349,14.728,15.001,15.737,15.561,15.833,16.345,16.545,15.658,16.067,16.31,18.789,20.071,32.037,43.55,43.429,35.927,45.878,46.335,44.976
E01028614,South Oxfordshire 005C,E07000179,South Oxfordshire,TLJ,South East (England),6.547,6.899,7.299,7.181,7.47,7.594,7.045,7.568,7.748,8.098,8.729,8.651,10.061,9.728,10.218,11.811,13.441,12.232,12.5,11.647,13.251,15.104,16.131,17.798,21.099,24.403
E01028615,South Oxfordshire 005D,E07000179,South Oxfordshire,TLJ,South East (England),9.876,10.802,11.657,12.075,12.585,13.37,13.261,14.249,14.196,15.614,15.493,14.324,14.578,15.202,14.593,16.859,17.756,17.152,16.203,16.056,16.154,19.289,21.671,19.719,20.762,23.736
E01028616,South Oxfordshire 005E,E07000179,South Oxfordshire,TLJ,South East (England),8.202,8.88,9.36,9.594,9.878,10.078,10.012,11.071,11.907,12.58,13.627,12.076,12.089,12.349,13.133,11.174,12.744,14.491,14.531,15.178,12.309,14.548,13.833,13.204,14.879,16.382
E01028604,South Oxfordshire 006A,E07000179,South Oxfordshire,TLJ,South East (England),19.834,28.644,27.267,24.056,22.272,21.345,21.501,20.34,21.022,21.273,21.958,16.41,14.756,15.274,16.559,15.314,16.987,18.709,17.52,18.133,21.025,22.723,22.695,22.615,27.484,27.328
E01028605,South Oxfordshire 006B,E07000179,South Oxfordshire,TLJ,South East (England),11.181,12.041,12.95,13.643,14.378,14.852,14.882,15.983,14.913,15.936,15.754,16.045,16.262,16.126,17.308,17.508,19.693,23.928,22.967,23.909,21.922,15.94,14.75,15.225,16.05,16.411
E01028607,South Oxfordshire 006C,E07000179,South Oxfordshire,TLJ,South East (England),10.294,10.98,11.517,11.479,11.941,12.409,12.823,12.839,13.224,14.495,14.615,12.12,12.204,12.803,13.808,14.23,13.38,17.808,19.663,18.274,20.095,19.401,20.627,19.863,19.334,22.684
E01028641,South Oxfordshire 006D,E07000179,South Oxfordshire,TLJ,South East (England),9.44,10.077,10.88,10.975,11.591,12.299,12.356,12.043,11.931,12.221,12.43,11.184,11.31,11.767,12.134,14.661,15.111,16.031,16.114,15.711,14.95,14.277,14.197,14.415,15.702,19.047
E01028657,South Oxfordshire 006E,E07000179,South Oxfordshire,TLJ,South East (England),12.56,12.901,15.515,17.776,18.58,30.281,30.758,37.489,40.476,44.808,51.069,52.97,51.914,55.642,29.493,31.335,33.217,39.594,37.575,39.867,47.653,52.157,69.597,64.409,57.086,64.11
E01028658,South Oxfordshire 006F,E07000179,South Oxfordshire,TLJ,South East (England),29.337,31.03,32.267,32.678,34.479,36.058,35.811,40.364,39.343,52.273,54.111,45.213,44.426,40.142,43.514,44.844,52.438,58.389,55.164,60.463,61.122,66.733,66.969,63.64,62.944,79.606
E01028600,South Oxfordshire 007A,E07000179,South Oxfordshire,TLJ,South East (England),8.267,8.735,9.319,9.402,9.96,10.317,10.233,11.047,9.792,10.04,10.531,10.767,10.85,11.11,12.033,11.52,12.285,12.555,12.375,12.917,13.616,13.529,14.612,14.504,15.728,16.483
E01028603,South Oxfordshire 007B,E07000179,South Oxfordshire,TLJ,South East (England),16.344,16.164,16.439,16.896,18.115,18.857,19.137,19.449,18.699,19.931,20.59,20.25,20.89,20.304,20.831,19.776,25.262,25.783,27.423,23.884,21.934,23.061,21.907,24.322,33.978,42.138
E01028606,South Oxfordshire 007C,E07000179,South Oxfordshire,TLJ,South East (England),11.105,12.22,12.784,12.712,12.997,13.533,13.505,14.968,14.822,15.094,15.402,15.866,15.277,15.949,16.677,18.011,18.133,20.317,22.15,20.972,24.642,24.674,23.675,19.865,24.914,25.791
E01028609,South Oxfordshire 007D,E07000179,South Oxfordshire,TLJ,South East (England),6.033,6.445,6.824,6.798,7.025,7.18,7.057,6.153,6.845,7.089,7.712,7.729,8.97,8.531,9.504,8.543,8.996,9.595,9.461,8.176,9.011,9.251,9.072,9.938,11.51,13.48
E01028610,South Oxfordshire 007E,E07000179,South Oxfordshire,TLJ,South East (England),49.968,51.338,52.118,53.565,56.842,57.89,57.198,58.121,58.311,61.619,61.63,58.222,59.55,59.826,65.184,55.606,55.615,58.819,67.465,69.114,70.176,76.301,91.327,96.575,84.832,89.497
E01028678,South Oxfordshire 008A,E07000179,South Oxfordshire,TLJ,South East (England),14.559,15.719,16.69,16.966,17.975,18.562,18.32,20.783,21.607,22.827,25.361,23.349,21.895,21.838,23.192,19.899,20.965,27.855,26.561,27.176,28.012,29.269,34.18,28.922,26.351,27.613
E01028679,South Oxfordshire 008B,E07000179,South Oxfordshire,TLJ,South East (England),20.436,22.054,24.158,25.09,26.199,27.126,26.716,29.816,29.974,31.449,33.905,31.508,32.317,36.595,38.379,31.894,30.514,28.248,32.396,33.846,34.078,37.261,37.681,40.211,44.956,45.312
E01028680,South Oxfordshire 008C,E07000179,South Oxfordshire,TLJ,South East (England),22.199,23.312,24.411,24.395,25.604,26.903,26.597,27.225,27.873,29.325,31.201,29.966,31.756,31.253,33.623,39.565,40.817,34.15,27.105,25.445,24.976,24.632,29.905,24.745,28.365,33.491
E01028625,South Oxfordshire 009A,E07000179,South Oxfordshire,TLJ,South East (England),56.522,59.227,61.056,62.168,63.95,66.293,63.716,68.769,68.204,71.247,73.05,72.24,75.262,77.083,89.306,86.958,89.469,87.218,84.805,98.611,107.312,122.215,125.483,105.761,111.771,138.133
E01028626,South Oxfordshire 009B,E07000179,South Oxfordshire,TLJ,South East (England),4.657,5.998,7.385,7.387,7.603,7.745,7.698,8.169,8.353,8.873,8.944,10.084,10.001,11.364,11.936,10.497,9.09,8.598,10.288,11.032,10.793,11.274,10.421,10.378,10.472,11.874
E01028627,South Oxfordshire 009C,E07000179,South Oxfordshire,TLJ,South East (England),5.315,5.842,6.255,6.073,6.229,6.235,6.088,6.65,6.783,6.509,6.732,6.196,6.465,6.213,6.514,6.889,7.035,7.48,7.903,7.748,8.135,8.226,9.344,10.116,12.378,13.672
E01028628,South Oxfordshire 009D,E07000179,South Oxfordshire,TLJ,South East (England),9.159,10.018,10.709,10.898,11.308,11.65,11.272,11.832,12.599,12.741,13.401,12.764,12.81,12.84,14.107,13.913,14.384,13.486,15.139,15.209,18.624,22.176,23.368,25.343,27.199,26.722
E01028629,South Oxfordshire 009E,E07000179,South Oxfordshire,TLJ,South East (England),6.118,6.616,6.992,6.881,7.081,7.15,7.082,7.582,7.673,7.708,7.778,7.641,7.573,7.2,7.949,7.743,8.105,9.308,10.086,9.665,9.934,9.932,10.212,10.349,11.691,13.676
E01028622,South Oxfordshire 010B,E07000179,South Oxfordshire,TLJ,South East (England),5.695,6.233,6.571,6.391,6.53,6.556,6.582,7.247,7.096,7.2,7.524,6.934,7.036,7.055,7.495,8.555,9.678,11.416,12.256,12.642,13.32,13.218,13.125,15.967,18.208,21.341
E01028623,South Oxfordshire 010C,E07000179,South Oxfordshire,TLJ,South East (England),58.188,61.739,64.643,66.232,70.755,73.142,74.472,78.592,81.095,84.555,86.793,85.233,89.056,95.704,104.398,110.768,118.657,131.711,131.872,121.85,123.484,128.517,134.681,132.031,143.495,151.83
E01028624,South Oxfordshire 010D,E07000179,South Oxfordshire,TLJ,South East (England),13.672,14.892,16.075,17.119,18.157,19.197,19.217,22.022,25.403,26.915,26.085,22.794,25.886,22.078,21.1,27.72,32.053,30.096,29.891,30.943,33.379,37.099,41.736,43.475,47.917,50.363
E01028599,South Oxfordshire 011A,E07000179,South Oxfordshire,TLJ,South East (England),34.387,36.595,39.088,40.077,41.083,41.597,40.613,42.368,46.19,47.22,49.967,48.937,51.962,51.765,60.712,54.577,34.535,41.018,35.667,36.945,37.772,36.672,39.733,43.063,82.85,122.08
E01028601,South Oxfordshire 011B,E07000179,South Oxfordshire,TLJ,South East (England),42.45,38.473,41.98,43.439,48.658,49.46,45.464,47.308,46.274,48.109,61.907,64.9,60.604,68.157,68.359,66.5,68.668,70.773,70.92,69.868,71.485,71.093,77.444,78.343,78.039,87.952
E01028602,South Oxfordshire 011C,E07000179,South Oxfordshire,TLJ,South East (England),42.45,38.473,41.98,43.439,48.658,49.46,45.464,47.308,46.274,48.109,61.907,64.9,60.604,68.157,68.359,66.5,68.668,70.773,70.92,69.868,71.485,71.093,77.444,78.343,78.039,87.952
E01028608,South Oxfordshire 012A,E07000179,South Oxfordshire,TLJ,South East (England),5.362,5.794,6.115,6.056,6.305,6.445,6.449,6.646,6.814,7.249,7.578,10.592,11.501,11.064,11.838,11.624,11.688,8.362,8.657,9.177,9.787,12.04,11.501,12.71,14.218,17.626
E01028617,South Oxfordshire 012B,E07000179,South Oxfordshire,TLJ,South East (England),56.959,59.74,59.506,54.985,71.687,73.035,66.781,63.73,69.341,87.908,103.417,87.429,92.931,105.363,108.703,114.072,124.987,143.638,118.585,117.178,116.837,121.655,116.813,139.58,151.835,159.867
E01028674,South Oxfordshire 012C,E07000179,South Oxfordshire,TLJ,South East (England),41.51,45.81,45.783,45.628,46.562,49.569,50.248,51.153,51.865,56.015,57.717,55.837,58.517,61.212,68.346,71.471,81.768,61.983,57.366,68.806,71.646,81.784,83.281,75.34,102.812,114.453
E01028675,South Oxfordshire 012D,E07000179,South Oxfordshire,TLJ,South East (England),5.037,5.435,6.082,6.047,6.234,6.314,6.237,5.284,4.905,4.936,5.174,4.819,4.798,4.807,5.203,5.125,5.256,5.778,6.039,6.139,6.606,6.815,6.747,6.89,6.938,8.252
E01028676,South Oxfordshire 012E,E07000179,South Oxfordshire,TLJ,South East (England),12.971,13.824,14.789,15.315,16.06,17.182,18.476,18.035,18.583,20.21,22.354,19.609,20.374,20.285,24.133,25.228,27.966,31.89,35.859,35.71,34.033,39.209,40.21,44.116,43.599,47.663
E01028677,South Oxfordshire 012F,E07000179,South Oxfordshire,TLJ,South East (England),33.294,35.361,37.815,39.379,42.0,44.054,43.881,47.372,51.268,53.804,52.412,50.164,53.36,52.864,56.231,62.726,57.477,56.957,55.113,52.644,56.027,62.308,54.967,56.523,55.573,62.007
E01028630,South Oxfordshire 013A,E07000179,South Oxfordshire,TLJ,South East (England),5.696,6.152,6.492,6.264,6.402,6.398,6.22,6.642,6.822,6.917,7.223,6.545,6.572,6.551,6.827,6.921,7.355,7.906,8.271,8.296,8.528,8.651,8.193,8.332,8.808,10.15
E01028631,South Oxfordshire 013B,E07000179,South Oxfordshire,TLJ,South East (England),10.144,10.514,11.068,11.113,11.685,12.181,12.358,15.236,13.664,14.093,14.484,17.982,17.847,18.964,15.399,15.142,19.044,18.609,16.285,17.522,17.831,17.557,17.601,17.079,17.743,22.677
E01028632,South Oxfordshire 013C,E07000179,South Oxfordshire,TLJ,South East (England),5.209,5.489,5.818,5.683,5.953,6.04,5.959,6.329,6.437,6.564,6.95,7.561,7.796,7.783,8.396,8.044,8.181,7.706,7.878,8.064,8.611,8.52,7.862,8.121,8.151,9.364
E01028633,South Oxfordshire 013D,E07000179,South Oxfordshire,TLJ,South East (England),5.532,5.962,6.276,5.944,6.183,6.313,6.141,6.559,6.717,6.772,7.055,6.418,6.437,6.49,7.022,6.932,7.387,8.269,9.151,8.706,9.67,8.858,8.856,9.092,9.785,10.344
E01028634,South Oxfordshire 014A,E07000179,South Oxfordshire,TLJ,South East (England),4.482,4.87,5.152,4.984,5.088,5.118,5.0,5.841,5.512,5.617,5.806,5.902,5.256,5.271,5.463,5.447,6.352,6.816,7.372,8.145,7.387,8.538,9.611,9.488,9.901,11.438
E01028635,South Oxfordshire 014B,E07000179,South Oxfordshire,TLJ,South East (England),9.7,10.673,11.34,11.663,12.117,12.589,14.118,13.481,17.24,14.89,16.036,14.933,12.853,13.512,11.165,11.139,12.37,13.692,14.125,18.154,17.683,19.209,22.772,22.273,22.121,24.964
E01028636,South Oxfordshire 014C,E07000179,South Oxfordshire,TLJ,South East (England),8.117,8.95,9.552,9.81,10.389,11.038,10.423,11.325,11.301,10.251,10.175,8.984,9.203,9.768,9.568,9.33,9.359,9.644,9.612,8.976,10.153,11.188,9.386,10.308,12.823,13.749
E01028637,South Oxfordshire 014D,E07000179,South Oxfordshire,TLJ,South East (England),7.822,8.116,8.758,8.885,9.335,9.512,9.998,9.251,9.633,10.118,10.429,9.645,8.563,9.081,10.075,9.74,10.444,11.64,12.979,14.772,15.151,15.555,16.827,17.693,21.265,20.408
E01028619,South Oxfordshire 015B,E07000179,South Oxfordshire,TLJ,South East (England),9.367,10.121,11.023,11.141,11.574,11.801,11.597,13.044,13.815,14.364,14.66,14.68,15.305,14.283,15.201,16.047,16.001,18.217,18.954,19.894,19.886,21.493,21.073,19.457,22.878,24.729
E01028644,South Oxfordshire 015C,E07000179,South Oxfordshire,TLJ,South East (England),11.264,12.021,12.93,13.037,13.896,14.402,14.215,15.433,16.109,16.228,16.646,15.655,15.884,16.301,16.939,15.299,16.066,17.803,19.086,19.235,20.042,20.608,20.725,19.941,21.967,23.221
E01028649,South Oxfordshire 015E,E07000179,South Oxfordshire,TLJ,South East (England),10.424,10.97,11.652,11.531,12.299,12.685,12.748,13.265,14.102,14.473,14.735,13.572,13.68,14.103,14.557,14.346,14.814,16.469,19.425,19.581,19.428,19.107,20.143,25.024,28.802,28.265
E01028650,South Oxfordshire 016A,E07000179,South Oxfordshire,TLJ,South East (England),9.413,10.248,10.874,10.809,11.138,11.549,12.161,12.495,13.885,13.664,14.199,12.249,15.279,14.937,14.767,14.785,17.383,18.767,17.657,16.248,16.471,17.166,18.291,17.843,18.041,19.609
E01028651,South Oxfordshire 016B,E07000179,South Oxfordshire,TLJ,South East (England),10.772,11.577,12.043,12.098,12.816,13.252,14.285,14.875,16.5,17.468,18.578,13.891,14.048,14.353,15.758,14.611,18.455,20.281,17.317,19.578,23.704,24.309,27.68,28.952,31.937,31.083
E01028652,South Oxfordshire 016C,E07000179,South Oxfordshire,TLJ,South East (England),77.373,82.39,86.524,86.271,90.787,96.145,99.608,104.727,108.83,113.301,113.805,112.916,118.117,121.845,127.068,127.997,123.648,137.563,139.503,135.819,126.906,134.337,113.461,125.763,150.026,159.73
E01028653,South Oxfordshire 017A,E07000179,South Oxfordshire,TLJ,South East (England),43.922,45.605,49.572,56.063,60.87,68.13,64.461,64.428,69.44,74.022,74.582,92.144,96.563,94.193,97.167,103.219,136.378,130.852,106.31,117.358,102.347,106.831,127.233,128.155,111.347,124.96
E01028654,South Oxfordshire 017B,E07000179,South Oxfordshire,TLJ,South East (England),6.421,6.957,7.399,7.251,7.514,7.764,7.47,8.134,8.613,8.704,8.926,8.859,8.541,8.661,11.358,10.857,10.602,9.837,10.283,9.838,10.421,10.701,10.466,10.559,11.407,12.808
E01028655,South Oxfordshire 017C,E07000179,South Oxfordshire,TLJ,South East (England),24.622,27.123,29.462,29.701,30.916,33.99,35.862,37.744,38.799,39.683,41.513,39.139,43.721,46.509,45.63,78.367,78.0,73.743,68.134,73.688,84.346,80.068,59.167,108.002,159.874,152.279
E01028656,South Oxfordshire 017D,E07000179,South Oxfordshire,TLJ,South East (England),12.658,13.735,13.695,13.923,15.345,16.077,15.331,18.854,20.909,22.193,19.457,17.337,18.186,19.806,14.873,12.948,13.168,15.378,12.931,13.212,12.866,14.666,13.535,16.315,20.35,21.648
E01028611,South Oxfordshire 018A,E07000179,South Oxfordshire,TLJ,South East (England),17.622,19.339,19.543,19.76,20.664,20.855,20.183,21.549,21.856,22.639,23.431,23.247,23.798,24.018,22.249,21.337,21.888,17.781,18.518,17.537,19.714,22.251,18.509,20.3,20.602,20.876
E01028642,South Oxfordshire 018B,E07000179,South Oxfordshire,TLJ,South East (England),10.511,11.695,12.586,13.208,13.589,14.121,14.698,15.685,14.689,15.7,16.294,14.539,15.078,15.135,17.084,18.493,17.675,17.034,13.79,15.064,17.305,18.765,17.83,23.306,25.788,26.363
E01028643,South Oxfordshire 018C,E07000179,South Oxfordshire,TLJ,South East (England),102.037,101.516,107.7,85.829,89.7,94.494,87.49,101.103,101.502,98.95,88.719,86.582,98.241,119.155,115.023,154.485,153.079,168.696,127.915,121.537,121.295,170.334,186.932,154.139,99.539,85.943
E01028645,South Oxfordshire 018D,E07000179,South Oxfordshire,TLJ,South East (England),14.39,15.336,16.087,16.283,17.247,17.96,17.016,18.881,19.702,20.463,21.193,19.955,19.981,20.421,20.736,20.146,19.301,22.095,22.423,24.445,23.677,22.295,20.054,23.186,23.595,24.122
E01028685,South Oxfordshire 018E,E07000179,South Oxfordshire,TLJ,South East (England),5.505,6.124,6.512,6.486,6.676,6.769,6.747,7.015,7.395,7.629,7.615,7.204,7.413,7.428,8.196,8.237,8.756,12.713,10.51,11.292,11.23,9.745,9.477,9.969,11.694,12.915
E01028686,South Oxfordshire 018F,E07000179,South Oxfordshire,TLJ,South East (England),102.037,101.516,107.7,85.829,89.7,94.494,87.49,101.103,101.502,98.95,88.719,86.582,98.241,119.155,115.023,154.485,153.079,168.696,127.915,121.537,121.295,170.334,186.932,154.139,99.539,85.943
E01028612,South Oxfordshire 019A,E07000179,South Oxfordshire,TLJ,South East (England),125.215,127.031,110.209,104.301,117.206,125.817,133.014,133.853,123.403,133.13,139.028,119.977,134.732,140.312,123.661,155.287,172.495,228.691,164.682,203.444,225.606,281.758,449.016,387.059,398.589,369.23
E01028660,South Oxfordshire 019B,E07000179,South Oxfordshire,TLJ,South East (England),18.378,19.545,20.937,21.0,22.673,23.755,23.851,25.06,26.282,27.096,28.492,27.356,27.781,29.203,30.928,30.775,33.065,35.469,36.426,33.267,34.036,36.187,34.62,35.91,42.869,42.278
E01028661,South Oxfordshire 019C,E07000179,South Oxfordshire,TLJ,South East (England),10.194,11.006,11.821,12.042,12.698,13.514,13.65,14.552,14.327,14.808,16.398,14.982,15.891,15.855,17.783,17.186,18.72,20.156,21.081,22.364,20.519,20.86,20.107,19.252,19.315,21.991
E01028662,South Oxfordshire 019D,E07000179,South Oxfordshire,TLJ,South East (England),125.215,127.031,110.209,104.301,117.206,125.817,133.014,133.853,123.403,133.13,139.028,119.977,134.732,140.312,123.661,155.287,172.495,228.691,164.682,203.444,225.606,281.758,449.016,387.059,398.589,369.23
E01028659,South Oxfordshire 020A,E07000179,South Oxfordshire,TLJ,South East (England),12.983,13.886,14.775,15.121,16.244,17.155,16.922,19.448,19.497,20.171,18.952,19.081,19.072,21.288,23.772,21.574,22.302,22.829,23.704,22.786,28.038,23.278,21.361,24.638,26.845,30.054
E01028663,South Oxfordshire 020B,E07000179,South Oxfordshire,TLJ,South East (England),10.443,11.26,12.241,12.442,13.124,13.811,13.669,14.196,14.696,15.185,15.905,14.65,14.911,15.002,15.39,17.312,16.838,16.748,16.53,17.826,17.801,19.318,20.338,19.973,20.368,23.871
E01028664,South Oxfordshire 020C,E07000179,South Oxfordshire,TLJ,South East (England),8.588,9.406,9.992,10.231,10.668,11.018,10.897,11.883,12.414,12.993,16.79,14.939,15.322,14.864,16.098,14.557,16.047,15.807,16.972,21.898,20.425,21.723,21.054,22.98,25.671,24.279
E01028665,South Oxfordshire 020D,E07000179,South Oxfordshire,TLJ,South East (England),6.155,6.546,7.038,6.964,7.233,7.381,7.368,7.72,7.818,8.259,8.772,7.69,7.742,7.707,7.881,7.625,8.082,8.688,8.623,8.455,8.519,8.989,8.341,8.913,9.817,10.82
E01028708,Vale of White Horse 001A,E07000180,Vale of White Horse,TLJ,South East (England),14.083,15.013,16.114,16.911,17.475,18.427,18.534,19.877,20.985,22.142,24.838,21.608,22.94,22.898,35.728,38.324,43.704,46.86,39.962,43.227,51.036,50.145,47.445,45.582,52.878,47.096
E01028709,Vale of White Horse 001B,E07000180,Vale of White Horse,TLJ,South East (England),8.203,8.678,9.257,9.761,9.872,10.303,11.783,10.779,12.983,12.962,14.396,13.346,13.148,13.869,14.908,14.577,15.351,14.088,15.165,19.252,20.321,18.368,15.993,16.765,20.028,21.78
E01028710,Vale of White Horse 001C,E07000180,Vale of White Horse,TLJ,South East (England),16.766,18.6,20.521,22.221,23.57,25.403,24.535,27.677,28.699,30.127,29.896,25.194,26.392,28.36,29.02,31.632,34.321,52.238,62.105,54.768,41.155,39.487,37.583,36.158,38.833,49.884
E01028711,Vale of White Horse 001D,E07000180,Vale of White Horse,TLJ,South East (England),16.908,17.975,19.623,20.329,21.945,24.565,23.609,25.639,26.505,28.462,31.181,26.509,26.5,28.772,28.586,26.899,23.688,26.685,24.316,25.722,26.378,24.294,21.681,21.364,23.897,22.041
E01028733,Vale of White Horse 002A,E07000180,Vale of White Horse,TLJ,South East (England),10.573,11.382,12.127,12.8,13.137,13.885,13.856,14.561,13.32,15.19,16.583,15.764,13.634,14.429,18.026,19.171,19.016,18.78,18.644,23.368,25.411,23.496,26.027,24.294,29.561,34.157
E01028734,Vale of White Horse 002B,E07000180,Vale of White Horse,TLJ,South East (England),6.402,6.654,7.106,7.328,7.414,7.701,7.842,8.289,8.694,8.922,10.259,7.502,7.593,7.845,8.143,7.628,8.383,10.569,10.088,10.242,12.583,11.249,10.428,11.037,12.761,14.507
E01028735,Vale of White Horse 002C,E07000180,Vale of White Horse,TLJ,South East (England),5.459,5.621,6.011,6.193,6.158,6.207,6.436,6.649,8.651,8.558,9.958,10.196,11.081,11.434,10.077,9.846,11.135,11.407,11.084,10.862,10.803,11.029,10.883,11.499,12.168,14.067
E01028740,Vale of White Horse 002D,E07000180,Vale of White Horse,TLJ,South East (England),5.007,5.06,5.328,5.449,5.485,5.51,5.329,5.533,5.765,5.717,6.695,5.508,5.532,5.658,6.036,7.143,8.764,10.881,10.532,10.816,13.102,12.524,10.925,10.915,11.619,14.754
E01028741,Vale of White Horse 002E,E07000180,Vale of White Horse,TLJ,South East (England),14.696,15.091,16.478,17.716,19.475,20.732,22.522,22.056,27.864,25.095,22.543,22.871,24.292,23.446,30.753,31.224,34.543,28.724,29.651,32.839,26.739,25.278,24.439,24.051,27.184,29.144
E01028742,Vale of White Horse 002F,E07000180,Vale of White Horse,TLJ,South East (England),63.013,64.968,67.657,69.263,75.885,79.766,83.924,87.136,91.021,95.928,100.284,99.692,106.864,114.29,137.236,133.288,123.923,158.365,147.14,127.158,129.967,118.048,176.288,140.764,166.558,193.969
E01028738,Vale of White Horse 003A,E07000180,Vale of White Horse,TLJ,South East (England),32.732,30.406,33.18,34.874,37.875,39.128,42.624,44.464,43.721,49.308,57.308,54.493,58.922,61.974,67.957,65.862,58.196,56.699,56.259,56.495,60.031,61.189,66.101,66.805,70.793,78.553
E01028739,Vale of White Horse 003B,E07000180,Vale of White Horse,TLJ,South East (England),31.186,28.303,28.981,29.62,31.177,29.13,30.683,29.859,31.834,33.685,35.58,33.832,34.162,37.576,38.422,47.044,43.991,39.188,37.878,58.747,53.826,52.293,64.251,57.609,63.96,72.088
E01028743,Vale of White Horse 003C,E07000180,Vale of White Horse,TLJ,South East (England),32.732,30.406,33.18,34.874,37.875,39.128,42.624,44.464,43.721,49.308,57.308,54.493,58.922,61.974,67.957,65.862,58.196,56.699,56.259,56.495,60.031,61.189,66.101,66.805,70.793,78.553
E01028744,Vale of White Horse 003D,E07000180,Vale of White Horse,TLJ,South East (England),10.534,11.263,11.943,12.755,13.386,13.891,14.288,15.667,13.789,14.821,15.902,13.357,13.582,14.365,17.634,15.997,16.892,17.098,15.939,14.935,17.175,15.984,15.34,16.285,17.227,20.125
E01028750,Vale of White Horse 003E,E07000180,Vale of White Horse,TLJ,South East (England),7.096,7.001,7.569,7.866,8.02,8.169,8.446,8.209,8.437,11.29,13.96,12.013,12.485,13.397,13.121,13.012,13.321,14.859,14.968,14.985,15.012,14.635,14.133,14.675,16.562,18.423
E01028751,Vale of White Horse 003F,E07000180,Vale of White Horse,TLJ,South East (England),14.168,15.007,16.118,16.972,17.858,18.816,18.992,20.045,20.62,20.996,23.12,20.53,21.434,20.702,23.718,24.343,25.108,24.825,26.271,24.58,23.199,22.038,20.138,19.706,21.772,24.96
E01028752,Vale of White Horse 003G,E07000180,Vale of White Horse,TLJ,South East (England),12.226,13.327,14.59,15.352,15.688,16.314,16.349,17.429,18.47,20.36,22.719,18.991,19.357,20.193,20.368,24.598,32.069,33.559,35.476,34.865,41.722,39.676,39.385,41.264,41.054,47.125
E01028693,Vale of White Horse 004A,E07000180,Vale of White Horse,TLJ,South East (England),5.911,6.154,6.478,6.718,6.73,6.804,6.79,7.077,7.353,7.132,8.059,6.62,6.526,6.636,8.31,8.035,7.338,8.865,10.525,9.652,11.445,11.721,10.174,11.466,11.908,14.547
E01028694,Vale of White Horse 004B,E07000180,Vale of White Horse,TLJ,South East (England),5.783,5.936,6.305,6.533,6.5,6.703,6.828,6.846,7.303,7.311,8.709,8.687,8.24,8.533,7.158,6.709,8.804,8.701,7.733,9.318,8.339,9.089,8.634,7.736,8.526,10.729
E01028701,Vale of White Horse 004C,E07000180,Vale of White Horse,TLJ,South East (England),4.831,4.944,5.212,5.328,5.206,5.259,5.139,5.373,5.801,5.7,6.561,5.178,5.935,5.363,5.536,5.435,6.055,6.836,6.803,7.181,7.022,7.269,7.478,7.151,7.756,8.711
E01028705,Vale of White Horse 004D,E07000180,Vale of White Horse,TLJ,South East (England),4.309,4.443,4.669,4.742,4.679,4.756,4.624,4.815,5.149,5.226,5.91,4.865,5.813,6.326,6.682,6.862,7.362,6.988,6.699,6.687,7.506,8.232,6.935,7.003,6.37,6.598
E01028706,Vale of White Horse 004E,E07000180,Vale of White Horse,TLJ,South East (England),4.83,4.939,5.21,5.354,5.28,5.342,5.062,5.261,5.686,5.524,6.31,5.565,5.59,5.697,6.009,6.45,6.749,6.855,6.919,6.85,7.136,7.551,7.666,7.652,8.787,8.95
E01028707,Vale of White Horse 004F,E07000180,Vale of White Horse,TLJ,South East (England),5.844,6.018,6.364,6.556,6.558,6.733,6.625,6.911,7.226,7.17,8.056,6.794,6.863,7.039,7.399,7.856,8.189,8.487,8.116,9.017,9.193,8.943,9.448,9.341,8.711,9.56
E01028688,Vale of White Horse 005A,E07000180,Vale of White Horse,TLJ,South East (England),6.954,6.942,7.437,7.755,7.941,8.158,8.253,10.712,10.445,11.026,10.825,15.531,15.404,16.016,17.319,18.213,16.237,11.468,11.267,10.793,11.415,11.288,11.291,11.721,13.622,15.019
E01028689,Vale of White Horse 005B,E07000180,Vale of White Horse,TLJ,South East (England),84.239,96.613,107.56,116.262,126.227,143.42,138.46,162.173,156.885,171.909,158.433,135.63,143.592,157.162,160.381,151.777,121.989,145.397,147.298,151.744,151.74,135.741,152.089,109.733,108.494,119.844
E01028695,Vale of White Horse 005C,E07000180,Vale of White Horse,TLJ,South East (England),5.814,5.88,6.252,6.521,6.477,6.563,6.378,6.729,7.381,7.527,8.299,6.974,7.083,7.306,8.178,7.941,7.987,8.466,8.658,8.547,9.647,9.004,9.122,9.344,10.355,11.601
E01028699,Vale of White Horse 005D,E07000180,Vale of White Horse,TLJ,South East (England),11.287,11.801,12.576,13.085,13.297,13.761,13.592,14.543,17.025,15.483,18.153,36.545,46.584,56.347,48.566,56.208,56.496,17.352,18.919,17.323,24.067,22.019,19.072,22.523,24.912,29.112
E01028696,Vale of White Horse 006B,E07000180,Vale of White Horse,TLJ,South East (England),12.023,13.014,14.064,14.98,15.506,16.368,16.827,16.834,19.607,21.478,20.071,18.685,17.954,19.311,20.706,20.127,19.703,22.779,25.295,25.621,25.571,27.066,29.304,30.745,32.644,39.325
E01028697,Vale of White Horse 006C,E07000180,Vale of White Horse,TLJ,South East (England),8.648,9.026,9.615,10.17,10.275,10.591,10.125,10.905,12.945,13.08,14.366,11.021,12.709,13.33,12.393,11.978,12.201,13.474,15.788,16.343,17.264,14.173,16.508,17.482,18.548,21.426
E01028698,Vale of White Horse 006D,E07000180,Vale of White Horse,TLJ,South East (England),153.49,157.747,163.508,166.818,178.952,187.744,187.092,206.91,219.062,232.033,243.965,222.14,229.724,242.209,252.493,277.13,270.678,274.284,283.034,274.294,275.878,311.89,289.801,288.053,334.641,392.426
E01028700,Vale of White Horse 006E,E07000180,Vale of White Horse,TLJ,South East (England),13.293,14.343,15.388,16.636,17.203,18.201,24.462,26.502,26.771,26.692,21.738,21.067,27.559,29.684,33.015,32.602,31.579,28.693,32.247,34.654,30.091,30.519,31.986,33.477,34.384,41.373
E01028703,Vale of White Horse 006F,E07000180,Vale of White Horse,TLJ,South East (England),23.902,25.402,26.781,27.856,29.254,31.384,31.76,33.457,33.593,34.976,36.802,33.479,34.799,37.086,42.395,38.247,58.821,54.283,52.543,46.074,49.4,42.848,46.802,52.039,54.381,58.494
E01033305,Vale of White Horse 006G,E07000180,Vale of White Horse,TLJ,South East (England),39.088,41.091,42.018,44.062,46.291,49.425,50.156,53.312,52.029,62.098,64.006,61.733,64.969,64.938,73.123,66.361,79.85,110.195,102.474,108.065,94.301,86.283,119.123,105.025,100.286,119.669
E01033306,Vale of White Horse 006H,E07000180,Vale of White Horse,TLJ,South East (England),45.031,46.182,49.251,51.35,54.59,57.365,62.057,63.684,62.424,67.831,66.723,62.961,66.411,66.393,72.202,75.867,68.839,73.41,65.865,77.996,81.882,71.86,67.529,82.349,81.836,91.026
E01028726,Vale of White Horse 007A,E07000180,Vale of White Horse,TLJ,South East (England),23.518,24.472,25.96,26.772,29.551,30.78,29.728,32.142,33.567,36.46,39.526,35.019,35.649,39.377,46.756,45.079,47.506,53.186,53.39,48.926,53.771,57.163,65.536,65.48,69.623,72.121
E01028737,Vale of White Horse 007C,E07000180,Vale of White Horse,TLJ,South East (England),29.187,31.308,33.699,35.356,36.485,37.894,37.006,38.852,40.712,42.112,43.058,43.679,44.79,44.802,48.028,45.74,37.139,41.872,39.233,39.263,45.925,46.263,48.249,48.93,60.366,60.866
E01028690,Vale of White Horse 008A,E07000180,Vale of White Horse,TLJ,South East (England),5.203,5.428,5.675,5.859,5.791,6.264,6.376,6.724,7.34,7.124,8.133,6.671,6.616,6.613,6.774,7.846,8.641,9.106,9.653,8.594,8.701,8.457,7.935,8.038,8.796,9.762
E01028691,Vale of White Horse 008B,E07000180,Vale of White Horse,TLJ,South East (England),4.85,4.987,5.3,5.42,5.342,5.414,5.343,5.734,6.021,5.776,6.569,5.313,6.463,7.121,7.128,7.333,8.068,9.413,10.068,8.194,10.366,12.271,14.084,11.272,11.797,12.518
E01028692,Vale of White Horse 008C,E07000180,Vale of White Horse,TLJ,South East (England),4.118,4.295,4.518,4.616,4.523,4.629,4.511,5.242,5.453,5.375,5.998,4.745,4.743,4.562,4.706,4.856,5.203,5.61,6.101,6.005,6.225,5.765,5.631,5.715,6.023,7.037
E01028702,Vale of White Horse 008D,E07000180,Vale of White Horse,TLJ,South East (England),23.882,25.711,27.706,29.29,29.886,30.696,29.556,30.332,32.814,33.526,35.689,34.294,35.08,34.816,37.386,39.03,39.747,41.612,30.912,28.718,29.583,32.726,39.283,45.43,49.153,53.02
E01028704,Vale of White Horse 008E,E07000180,Vale of White Horse,TLJ,South East (England),8.298,8.815,9.384,9.805,10.239,11.157,13.514,15.412,16.634,15.679,19.802,15.888,14.588,15.616,20.012,17.566,16.675,18.144,17.139,17.703,19.195,20.058,23.609,26.364,27.274,30.686
E01028716,Vale of White Horse 009A,E07000180,Vale of White Horse,TLJ,South East (England),9.664,10.233,10.839,11.155,11.987,12.664,12.885,13.339,13.728,14.091,15.419,15.415,16.775,17.425,20.286,19.025,19.193,21.941,22.396,24.681,27.067,29.671,30.094,30.116,33.539,40.821
E01028717,Vale of White Horse 009B,E07000180,Vale of White Horse,TLJ,South East (England),11.531,12.145,12.979,13.361,13.771,14.382,16.374,16.0,17.234,17.953,19.662,19.919,23.525,21.444,20.217,19.663,23.663,22.528,23.882,27.715,28.353,28.905,26.067,27.823,29.636,33.998
E01028718,Vale of White Horse 009C,E07000180,Vale of White Horse,TLJ,South East (England),33.817,35.426,39.282,39.429,42.387,43.951,40.458,40.93,41.094,40.748,46.304,46.274,45.939,44.198,38.822,42.715,38.68,39.415,27.672,30.228,30.753,31.528,31.737,32.323,31.494,30.768
E01028719,Vale of White Horse 009D,E07000180,Vale of White Horse,TLJ,South East (England),8.748,9.109,9.868,10.4,10.519,10.82,11.135,11.646,12.247,12.483,13.502,11.722,12.406,12.659,12.502,12.577,14.963,14.996,15.095,14.836,15.2,18.557,20.21,20.104,17.683,19.744
E01028749,Vale of White Horse 009E,E07000180,Vale of White Horse,TLJ,South East (England),18.389,19.534,20.446,21.102,21.471,22.304,22.47,23.824,23.818,25.395,26.943,23.039,23.926,25.244,26.956,29.798,32.17,37.034,38.893,40.403,48.954,48.219,46.055,46.744,49.037,50.843
E01028731,Vale of White Horse 010B,E07000180,Vale of White Horse,TLJ,South East (England),9.962,10.603,11.314,12.128,12.447,12.807,13.112,14.158,14.59,15.795,15.878,27.221,28.279,28.864,30.802,33.871,38.147,17.986,21.083,25.417,25.97,28.151,26.787,26.703,28.445,36.305
E01028732,Vale of White Horse 010C,E07000180,Vale of White Horse,TLJ,South East (England),69.984,79.129,78.085,79.577,83.146,88.548,65.0,69.965,79.426,77.25,83.23,76.993,78.997,85.95,99.978,101.241,101.328,84.779,90.164,95.885,90.749,211.305,185.432,177.383,185.01,230.858
E01028753,Vale of White Horse 010D,E07000180,Vale of White Horse,TLJ,South East (England),302.341,305.385,301.775,290.74,301.48,336.016,348.291,385.94,419.522,429.813,443.329,521.332,454.148,448.932,554.88,554.989,429.341,442.17,426.947,425.248,482.642,473.615,532.691,531.571,717.996,680.613
E01028754,Vale of White Horse 010E,E07000180,Vale of White Horse,TLJ,South East (England),33.692,31.613,31.722,33.215,36.201,37.7,36.821,39.043,38.034,40.383,43.193,44.194,43.321,43.307,40.875,35.825,25.382,27.057,25.312,29.077,31.964,30.174,27.741,29.451,31.046,33.424
E01028721,Vale of White Horse 011A,E07000180,Vale of White Horse,TLJ,South East (England),4.03,4.122,4.357,4.467,4.398,4.515,4.336,4.551,4.788,4.684,5.422,4.475,5.229,4.642,4.778,5.274,5.788,7.202,7.012,6.571,7.986,9.846,8.024,7.818,8.764,12.325
E01028722,Vale of White Horse 011B,E07000180,Vale of White Horse,TLJ,South East (England),22.247,23.669,24.664,25.073,25.711,27.066,29.398,29.819,30.449,32.832,34.252,33.358,37.501,35.331,40.486,33.657,37.347,43.188,54.014,63.111,56.494,65.787,40.56,56.204,72.311,67.529
E01028723,Vale of White Horse 011C,E07000180,Vale of White Horse,TLJ,South East (England),22.247,23.669,24.664,25.073,25.711,27.066,29.398,29.819,30.449,32.832,34.252,33.358,37.501,35.331,40.486,33.657,37.347,43.188,54.014,63.111,56.494,65.787,40.56,56.204,72.311,67.529
E01028724,Vale of White Horse 011D,E07000180,Vale of White Horse,TLJ,South East (England),4.256,4.382,4.643,4.75,4.682,4.778,4.627,4.854,5.22,5.172,5.816,5.959,6.064,5.739,5.732,6.025,6.773,6.062,7.624,6.754,5.721,5.691,5.581,6.543,7.315,8.502
E01028725,Vale of White Horse 011E,E07000180,Vale of White Horse,TLJ,South East (England),7.415,7.988,8.548,9.036,8.878,8.957,8.882,9.33,9.61,9.909,11.06,10.548,10.359,10.851,12.971,12.791,13.09,18.955,17.959,19.805,22.542,24.621,25.07,26.299,30.02,32.313
E01028755,Vale of White Horse 014A,E07000180,Vale of White Horse,TLJ,South East (England),8.054,8.436,9.109,9.928,10.199,10.666,10.422,10.724,12.287,12.35,13.709,12.184,12.142,12.598,12.587,11.911,13.132,14.77,13.951,13.747,14.444,14.307,14.739,14.924,16.84,18.988
E01028758,Vale of White Horse 014C,E07000180,Vale of White Horse,TLJ,South East (England),4.947,5.138,5.422,5.566,5.476,5.636,5.412,5.679,5.966,5.847,6.643,5.474,5.503,6.087,6.349,6.035,6.711,7.511,7.262,7.349,7.259,7.139,7.048,8.723,9.235,10.288
E01028759,Vale of White Horse 014D,E07000180,Vale of White Horse,TLJ,South East (England),4.842,4.93,5.198,5.32,5.226,5.297,5.152,5.382,5.534,5.383,6.26,5.117,5.161,5.304,5.527,5.402,5.819,6.628,6.888,6.702,7.147,7.69,8.009,8.265,8.417,9.183
E01028760,Vale of White Horse 014E,E07000180,Vale of White Horse,TLJ,South East (England),6.936,7.186,7.821,8.284,8.367,8.766,9.019,9.453,10.228,10.568,11.996,9.779,10.453,10.964,12.104,10.932,10.891,9.67,10.883,10.783,13.187,11.492,11.936,12.866,14.014,14.793
E01028761,Vale of White Horse 014F,E07000180,Vale of White Horse,TLJ,South East (England),10.935,11.286,12.089,10.725,10.938,11.363,11.086,12.224,12.095,11.842,12.361,11.426,12.138,13.803,11.566,11.114,14.882,17.243,13.667,13.901,17.916,24.165,19.519,23.754,19.893,20.479
E01028712,Vale of White Horse 015A,E07000180,Vale of White Horse,TLJ,South East (England),11.44,11.815,12.64,12.96,13.206,13.738,13.321,14.748,15.519,15.659,17.078,15.514,16.044,17.059,17.432,16.737,17.861,22.071,21.583,21.237,24.108,26.983,25.099,24.741,34.561,47.322
E01028728,Vale of White Horse 015C,E07000180,Vale of White Horse,TLJ,South East (England),6.448,6.598,7.053,7.298,7.416,7.62,7.74,8.353,8.753,8.82,9.922,8.646,9.592,10.425,10.121,8.88,9.702,9.348,10.669,10.844,11.074,11.644,13.195,13.271,14.831,14.524
E01028729,Vale of White Horse 015D,E07000180,Vale of White Horse,TLJ,South East (England),94.724,91.02,88.703,89.169,97.667,100.995,79.969,80.822,81.804,83.091,88.592,82.847,95.773,98.005,109.222,147.167,170.893,208.533,174.203,182.452,201.289,188.86,251.231,282.123,315.873,353.797
E01028730,Vale of White Horse 015E,E07000180,Vale of White Horse,TLJ,South East (England),22.686,22.388,24.041,23.852,25.867,28.172,27.29,30.397,29.816,31.126,39.296,32.279,32.636,34.386,31.117,39.742,44.844,62.927,72.529,82.116,82.153,77.424,77.101,92.298,94.787,119.65
E01028757,Vale of White Horse 015F,E07000180,Vale of White Horse,TLJ,South East (England),18.207,19.617,19.932,21.402,23.142,22.834,23.143,23.484,22.87,23.204,26.371,29.965,28.424,29.802,34.554,34.612,38.653,54.391,49.928,41.819,37.263,26.408,22.358,21.917,26.523,30.068
E01028745,Vale of White Horse 016A,E07000180,Vale of White Horse,TLJ,South East (England),37.096,36.28,39.579,42.401,45.563,47.552,54.774,57.054,49.852,57.315,66.751,80.62,63.765,67.524,64.979,68.5,72.971,63.318,72.277,78.331,79.962,81.228,91.584,97.75,109.416,119.105
E01028746,Vale of White Horse 016B,E07000180,Vale of White Horse,TLJ,South East (England),6.34,6.743,7.201,7.521,7.577,7.822,7.635,8.426,11.038,11.363,12.689,11.429,12.445,13.065,13.27,15.895,16.671,14.842,15.45,16.494,17.18,17.811,22.136,22.157,26.988,28.629
E01028747,Vale of White Horse 016C,E07000180,Vale of White Horse,TLJ,South East (England),32.974,32.662,34.883,37.202,39.387,41.05,44.114,45.011,45.105,50.564,66.845,58.629,55.269,57.815,60.096,57.0,59.038,65.82,63.997,72.084,84.782,90.803,80.903,83.234,85.887,97.756
E01028748,Vale of White Horse 016D,E07000180,Vale of White Horse,TLJ,South East (England),9.885,9.38,9.901,11.05,11.635,11.905,12.244,12.657,12.604,14.19,16.575,13.925,14.8,14.948,16.272,15.52,15.345,21.182,19.018,19.176,20.185,20.244,20.123,22.02,24.263,26.267
E01028713,Vale of White Horse 016E,E07000180,Vale of White Horse,TLJ,South East (England),17.755,18.161,19.076,19.728,21.299,22.301,21.615,23.019,24.38,25.122,27.486,27.476,28.78,26.647,29.454,28.737,34.57,42.584,48.833,42.897,32.136,31.494,29.647,29.176,33.537,34.669
E01028715,Vale of White Horse 016F,E07000180,Vale of White Horse,TLJ,South East (England),9.517,9.711,10.287,10.887,12.45,12.982,13.171,12.534,12.28,12.731,13.677,11.86,17.365,18.746,18.658,18.856,21.141,24.333,30.439,30.511,31.458,32.625,43.262,44.881,50.779,51.509
E01028720,Vale of White Horse 016G,E07000180,Vale of White Horse,TLJ,South East (England),79.329,81.733,79.886,82.599,87.955,101.556,102.576,114.367,113.507,123.027,132.242,130.179,136.157,141.243,143.491,145.367,146.354,155.579,143.47,171.163,174.803,200.397,201.379,202.431,200.133,202.333
E01028780,West Oxfordshire 001A,E07000181,West Oxfordshire,TLJ,South East (England),28.566,30.314,31.702,32.406,34.177,36.891,37.46,39.516,41.41,45.144,54.534,52.057,54.643,47.512,47.517,53.74,51.329,53.423,48.184,48.507,54.623,63.499,65.177,71.866,78.664,87.826
E01028781,West Oxfordshire 001B,E07000181,West Oxfordshire,TLJ,South East (England),3.871,4.262,4.259,4.199,4.211,4.238,4.183,4.197,4.404,4.354,4.844,5.339,5.055,5.326,8.536,8.393,9.152,4.835,5.309,5.593,6.903,7.784,7.866,8.022,8.858,9.642
E01028782,West Oxfordshire 001C,E07000181,West Oxfordshire,TLJ,South East (England),24.086,25.262,25.422,27.363,27.166,28.262,27.769,31.389,31.599,35.392,34.988,36.291,37.569,36.541,43.764,42.586,45.405,32.86,37.559,35.42,37.134,40.481,39.485,36.153,40.757,39.18
E01028783,West Oxfordshire 001D,E07000181,West Oxfordshire,TLJ,South East (England),19.834,21.014,23.473,24.781,25.363,26.498,28.072,29.909,27.669,28.739,30.338,27.823,35.471,33.993,32.289,32.072,29.063,29.321,23.812,26.359,35.264,37.488,28.99,30.703,28.355,35.247
E01028795,West Oxfordshire 002A,E07000181,West Oxfordshire,TLJ,South East (England),18.115,19.825,20.974,21.05,22.272,23.316,23.18,24.839,25.709,26.431,27.575,25.951,25.755,27.647,28.335,30.61,33.897,36.59,50.669,59.931,63.776,59.086,42.657,65.828,77.52,90.709
E01028796,West Oxfordshire 002B,E07000181,West Oxfordshire,TLJ,South East (England),11.41,12.173,12.779,13.2,13.773,14.711,15.532,17.118,16.912,16.888,16.736,15.584,15.91,18.122,17.482,19.388,21.056,22.9,22.756,22.905,22.919,24.094,24.902,24.014,27.865,33.262
E01028797,West Oxfordshire 002C,E07000181,West Oxfordshire,TLJ,South East (England),51.584,52.439,55.163,60.122,66.339,75.321,78.387,82.213,81.512,81.294,85.81,80.559,78.634,86.437,82.132,75.462,80.981,72.151,93.359,97.412,93.916,117.201,118.99,105.264,123.58,130.963
E01028806,West Oxfordshire 002D,E07000181,West Oxfordshire,TLJ,South East (England),12.409,13.634,13.932,13.863,15.05,15.498,15.106,15.846,16.582,17.633,18.937,17.047,17.484,18.763,18.61,17.883,16.445,19.29,18.763,18.956,19.996,23.625,24.258,28.146,28.606,26.739
E01028763,West Oxfordshire 003A,E07000181,West Oxfordshire,TLJ,South East (England),17.8,18.969,19.839,20.471,20.772,21.515,20.85,21.119,21.951,23.294,24.412,21.227,21.741,21.545,22.33,23.951,34.207,28.68,29.176,34.123,37.283,39.489,37.827,39.498,44.644,49.653
E01028776,West Oxfordshire 003B,E07000181,West Oxfordshire,TLJ,South East (England),21.098,22.686,23.757,24.453,26.355,29.207,28.606,30.686,31.058,32.267,33.11,30.857,31.309,33.623,34.702,32.186,37.142,32.788,33.705,31.849,35.393,40.328,34.393,35.86,39.23,42.662
E01028798,West Oxfordshire 003C,E07000181,West Oxfordshire,TLJ,South East (England),11.756,13.086,13.433,13.593,14.242,14.661,14.37,14.802,15.767,16.008,17.066,15.04,15.059,16.335,17.734,17.458,16.545,18.657,22.398,20.832,24.536,22.25,22.725,23.666,25.787,32.231
E01028804,West Oxfordshire 004B,E07000181,West Oxfordshire,TLJ,South East (England),5.707,6.065,6.274,6.323,6.606,6.77,6.767,7.26,8.391,8.845,9.133,9.061,8.224,8.777,8.46,8.954,9.722,10.455,10.559,11.485,12.919,12.136,13.18,14.086,15.444,17.743
E01028823,West Oxfordshire 004D,E07000181,West Oxfordshire,TLJ,South East (England),18.929,20.057,21.791,22.59,24.102,25.105,24.404,25.344,25.643,28.184,29.933,25.692,28.288,29.931,28.455,32.522,26.831,26.923,32.587,32.722,31.329,31.957,31.323,36.663,33.301,37.98
E01028824,West Oxfordshire 004E,E07000181,West Oxfordshire,TLJ,South East (England),21.913,23.385,23.508,25.808,25.892,27.516,28.673,32.062,33.912,37.24,36.573,39.212,40.322,40.287,50.001,44.143,49.759,36.886,45.672,40.375,39.962,45.512,45.17,40.951,43.679,39.91
E01028825,West Oxfordshire 004F,E07000181,West Oxfordshire,TLJ,South East (England),15.439,15.917,17.415,19.15,21.316,21.646,22.524,25.762,26.579,26.793,30.125,30.475,32.361,31.82,32.373,38.466,46.21,48.747,54.123,51.444,63.394,60.451,90.604,79.751,73.41,92.369
E01028777,West Oxfordshire 005A,E07000181,West Oxfordshire,TLJ,South East (England),8.512,9.318,9.722,10.036,10.493,11.121,11.307,11.656,11.452,11.942,12.181,10.331,10.619,11.51,12.133,13.338,15.192,15.728,16.243,17.701,20.519,26.038,18.882,20.145,25.294,25.808
E01028778,West Oxfordshire 005B,E07000181,West Oxfordshire,TLJ,South East (England),6.816,7.33,7.479,7.583,7.859,8.076,8.211,8.478,7.889,8.06,8.612,9.523,9.63,11.072,10.728,11.725,10.601,9.869,10.242,10.168,10.768,10.92,10.714,10.445,11.168,11.803
E01028779,West Oxfordshire 005C,E07000181,West Oxfordshire,TLJ,South East (England),4.985,5.48,5.567,5.572,5.808,5.961,5.857,6.333,6.632,6.494,7.283,6.611,6.638,6.705,7.244,7.799,9.893,11.326,10.852,12.514,11.168,11.351,10.227,10.036,10.596,12.115
E01028799,West Oxfordshire 005D,E07000181,West Oxfordshire,TLJ,South East (England),26.934,25.9,35.239,42.385,36.986,37.433,38.877,35.833,36.468,35.919,40.688,42.555,44.297,37.673,38.425,32.888,35.823,34.316,33.948,30.264,32.121,32.082,33.2,32.987,37.185,46.104
E01028788,West Oxfordshire 006A,E07000181,West Oxfordshire,TLJ,South East (England),18.281,19.525,20.841,21.556,22.787,24.118,23.685,25.657,24.682,25.864,26.762,26.847,28.686,26.451,29.47,30.938,34.69,39.513,39.512,40.502,41.835,45.035,42.123,43.758,44.981,54.774
E01028789,West Oxfordshire 006B,E07000181,West Oxfordshire,TLJ,South East (England),7.419,7.804,8.152,8.365,8.722,9.007,9.618,9.796,10.999,11.965,13.239,13.636,14.289,14.146,15.402,17.412,16.181,18.254,17.751,13.782,14.208,15.975,14.546,16.491,18.744,26.246
E01028790,West Oxfordshire 006C,E07000181,West Oxfordshire,TLJ,South East (England),34.328,35.676,37.308,38.546,40.67,43.27,44.275,48.933,49.395,52.209,53.305,52.917,52.812,53.494,54.275,54.234,53.816,58.196,58.458,68.681,65.3,54.771,55.639,54.875,66.311,68.156
E01028791,West Oxfordshire 006D,E07000181,West Oxfordshire,TLJ,South East (England),8.51,9.021,9.37,9.415,9.7,9.967,9.774,10.641,10.743,10.948,11.548,9.908,11.208,10.592,11.052,10.557,12.009,11.836,12.487,13.404,15.202,15.543,13.951,19.291,19.922,22.023
E01028784,West Oxfordshire 007A,E07000181,West Oxfordshire,TLJ,South East (England),53.652,57.293,56.04,60.186,58.851,64.162,65.727,72.259,71.005,75.507,75.889,69.617,71.14,79.58,84.417,77.583,86.851,87.386,87.265,78.055,82.139,93.339,118.059,106.729,93.156,93.996
E01028792,West Oxfordshire 007B,E07000181,West Oxfordshire,TLJ,South East (England),9.575,11.26,12.064,12.399,13.049,12.683,12.51,13.346,13.486,16.297,20.141,22.699,23.145,23.149,27.413,32.08,41.463,38.144,36.792,39.173,41.541,39.253,21.929,24.197,36.895,49.502
E01028793,West Oxfordshire 007C,E07000181,West Oxfordshire,TLJ,South East (England),11.348,12.02,12.627,13.065,13.872,14.647,14.254,16.041,16.599,17.757,18.585,16.644,17.211,17.991,18.045,19.986,21.585,20.553,20.583,20.007,20.979,20.611,20.683,20.61,22.764,26.448
E01028794,West Oxfordshire 007D,E07000181,West Oxfordshire,TLJ,South East (England),9.159,10.068,10.726,11.13,11.521,12.018,11.979,13.035,14.058,15.019,14.611,12.483,12.399,13.132,13.378,13.577,16.658,15.239,15.834,17.3,17.276,17.666,16.941,18.671,20.85,23.066
E01028810,West Oxfordshire 008A,E07000181,West Oxfordshire,TLJ,South East (England),4.471,4.93,4.942,4.905,4.931,4.984,4.901,4.952,5.199,5.194,5.756,4.965,4.828,5.156,5.326,5.512,5.766,6.128,6.247,6.485,6.821,6.991,6.887,6.408,7.055,7.472
E01028811,West Oxfordshire 008B,E07000181,West Oxfordshire,TLJ,South East (England),7.086,7.752,8.153,8.448,8.685,8.945,9.466,9.256,10.437,10.621,12.405,10.603,9.17,9.568,10.623,10.647,10.826,12.143,12.573,12.508,12.386,12.339,12.665,12.956,14.958,16.826
E01028813,West Oxfordshire 008D,E07000181,West Oxfordshire,TLJ,South East (England),5.631,6.235,6.433,6.589,6.747,6.91,6.794,7.067,7.473,7.701,7.794,9.493,10.41,7.846,7.94,8.171,8.47,8.861,9.708,8.712,9.708,9.838,9.83,9.51,10.931,11.826
E01028814,West Oxfordshire 008E,E07000181,West Oxfordshire,TLJ,South East (England),14.867,14.357,15.544,16.094,17.173,17.586,10.995,15.092,15.248,16.249,14.244,12.422,25.93,22.998,18.9,21.484,19.352,22.294,31.352,31.62,30.292,36.964,18.628,14.721,15.67,26.833
E01028815,West Oxfordshire 008F,E07000181,West Oxfordshire,TLJ,South East (England),4.622,5.053,5.174,5.218,5.338,5.394,14.715,12.33,11.994,12.947,15.817,14.693,19.152,21.2,18.771,15.043,16.108,15.0,11.095,11.69,9.423,9.627,8.692,9.919,10.825,11.603
E01032947,West Oxfordshire 008G,E07000181,West Oxfordshire,TLJ,South East (England),3.702,3.859,4.204,4.687,5.311,6.223,6.913,6.068,8.613,12.596,15.667,12.31,10.367,11.421,14.333,17.332,18.453,21.993,22.989,24.179,28.985,27.527,23.579,21.618,23.257,24.777
E01032948,West Oxfordshire 008H,E07000181,West Oxfordshire,TLJ,South East (England),6.302,7.085,7.774,8.317,9.195,10.044,10.369,10.907,13.567,17.243,19.395,14.581,12.589,13.692,16.562,17.133,16.956,18.139,19.625,18.962,18.4,20.227,24.778,30.207,35.628,39.983
E01032952,West Oxfordshire 008I,E07000181,West Oxfordshire,TLJ,South East (England),7.847,8.575,8.957,9.397,9.671,10.175,10.17,9.575,11.278,14.476,15.05,14.263,12.862,13.712,15.537,16.164,15.57,14.107,13.681,13.775,13.901,15.534,17.183,19.0,19.266,20.319
E01028809,West Oxfordshire 009A,E07000181,West Oxfordshire,TLJ,South East (England),3.771,4.199,4.21,4.191,4.224,4.273,4.537,4.58,4.767,5.352,5.873,5.039,5.143,5.478,5.89,4.931,6.083,6.434,6.539,7.782,8.148,7.986,8.544,8.767,9.662,11.143
E01028820,West Oxfordshire 009B,E07000181,West Oxfordshire,TLJ,South East (England),87.271,89.491,87.784,82.9,83.636,83.493,80.059,86.532,85.842,88.511,80.645,76.843,82.408,90.567,93.573,96.181,109.234,159.54,153.046,159.211,173.287,200.691,181.786,192.342,213.064,219.434
E01028821,West Oxfordshire 009C,E07000181,West Oxfordshire,TLJ,South East (England),5.083,5.819,5.988,6.052,6.155,6.368,6.349,6.223,6.894,6.919,7.277,7.905,7.846,6.736,7.153,7.787,9.767,9.034,9.683,9.654,10.62,10.141,9.991,9.947,11.496,12.339
E01028822,West Oxfordshire 009D,E07000181,West Oxfordshire,TLJ,South East (England),4.929,5.387,5.476,5.512,5.622,5.833,5.558,5.643,5.895,5.932,6.546,5.713,5.602,5.986,6.081,6.384,6.745,6.602,7.348,7.903,8.691,20.503,29.846,33.663,36.46,43.041
E01028807,West Oxfordshire 010A,E07000181,West Oxfordshire,TLJ,South East (England),31.388,33.45,36.331,37.905,39.097,41.75,42.778,47.416,49.501,49.127,51.182,48.451,51.112,51.528,51.616,51.656,51.426,69.197,62.068,65.04,68.385,67.645,60.582,65.456,68.009,76.605
E01028808,West Oxfordshire 010B,E07000181,West Oxfordshire,TLJ,South East (England),7.384,8.089,8.383,8.56,8.926,9.362,9.448,10.606,14.13,15.807,9.56,12.196,12.572,21.346,23.561,23.792,26.512,12.142,14.599,13.918,16.332,15.92,18.937,20.408,26.261,34.72
E01028816,West Oxfordshire 010C,E07000181,West Oxfordshire,TLJ,South East (England),4.69,5.125,5.31,5.536,5.655,5.779,5.732,5.768,6.138,8.267,6.527,5.968,5.816,6.098,6.388,6.421,6.851,7.731,7.389,7.52,7.698,8.947,9.648,9.801,12.413,13.004
E01028817,West Oxfordshire 010D,E07000181,West Oxfordshire,TLJ,South East (England),4.477,4.96,4.999,5.033,5.106,5.193,5.143,5.318,5.422,5.378,5.928,4.653,4.588,4.878,5.293,4.898,5.277,5.416,5.901,5.698,5.97,5.843,5.647,5.561,6.024,6.838
E01028818,West Oxfordshire 010E,E07000181,West Oxfordshire,TLJ,South East (England),124.977,129.439,136.768,139.424,150.362,157.471,151.929,163.649,162.986,167.916,171.912,172.623,179.592,184.38,189.3,205.958,215.079,215.473,213.167,209.606,220.11,235.926,239.42,233.698,257.873,264.47
E01028819,West Oxfordshire 010F,E07000181,West Oxfordshire,TLJ,South East (England),23.046,24.016,25.408,26.513,28.596,29.57,30.21,31.378,35.61,41.365,43.433,43.524,37.188,39.706,33.525,40.1,38.072,39.889,42.216,41.529,46.29,48.208,45.651,49.165,52.617,55.437
E01028785,West Oxfordshire 011A,E07000181,West Oxfordshire,TLJ,South East (England),10.082,10.678,11.006,11.87,12.435,13.201,12.707,13.208,14.063,14.771,14.973,14.664,15.745,15.644,18.148,14.577,13.041,11.752,13.57,14.231,13.137,14.783,18.32,15.99,22.662,24.756
E01028786,West Oxfordshire 011B,E07000181,West Oxfordshire,TLJ,South East (England),7.031,7.775,8.081,8.454,8.75,9.158,9.147,8.971,10.41,10.911,10.874,9.984,9.825,11.009,12.398,12.277,12.539,14.497,14.135,13.312,14.643,15.925,13.82,18.807,16.517,21.777
E01028787,West Oxfordshire 011C,E07000181,West Oxfordshire,TLJ,South East (England),142.432,124.548,125.711,126.872,134.815,120.82,123.162,117.261,125.639,127.834,139.234,132.792,137.998,151.453,176.63,189.333,179.286,169.507,175.699,193.233,209.217,205.101,248.72,216.677,269.179,292.09
E01028800,West Oxfordshire 011D,E07000181,West Oxfordshire,TLJ,South East (England),24.436,25.462,24.959,25.095,26.515,27.043,25.52,26.563,25.733,28.105,27.959,26.116,26.454,27.495,27.643,36.913,46.36,44.309,40.558,42.634,49.723,50.376,48.974,50.944,54.173,55.063
E01028762,West Oxfordshire 012A,E07000181,West Oxfordshire,TLJ,South East (England),13.558,14.256,14.941,15.445,17.141,17.701,17.97,19.183,20.189,20.794,22.002,21.324,21.855,22.364,23.678,26.173,27.95,27.236,28.312,29.193,29.015,30.188,30.538,31.974,35.91,41.958
E01028767,West Oxfordshire 012C,E07000181,West Oxfordshire,TLJ,South East (England),21.046,23.102,24.201,24.788,25.92,27.16,27.427,28.965,31.264,32.613,32.412,34.643,36.301,36.805,40.819,44.492,46.781,47.976,52.053,57.892,56.649,66.196,46.308,56.835,71.621,82.519
E01028772,West Oxfordshire 013D,E07000181,West Oxfordshire,TLJ,South East (England),8.373,8.545,8.84,8.977,9.369,9.523,9.436,9.576,9.86,10.374,12.095,11.442,11.401,12.321,13.426,12.762,13.316,13.2,14.424,15.444,17.838,19.102,17.763,17.459,19.617,22.555
E01032949,West Oxfordshire 013E,E07000181,West Oxfordshire,TLJ,South East (England),6.403,6.07,6.761,7.206,7.946,9.159,10.604,10.75,12.041,13.408,15.372,14.367,14.307,15.653,17.093,16.587,15.731,18.155,18.787,18.592,19.688,19.584,20.626,20.916,24.5,26.417
E01032950,West Oxfordshire 013F,E07000181,West Oxfordshire,TLJ,South East (England),7.855,7.187,8.179,8.683,9.255,9.5,9.574,11.026,12.604,15.262,18.631,17.897,18.293,19.573,21.137,21.084,21.408,19.482,20.325,20.421,23.208,23.142,23.51,23.591,24.744,26.494
E01032951,West Oxfordshire 013G,E07000181,West Oxfordshire,TLJ,South East (England),25.277,23.863,25.844,27.095,29.689,30.836,33.073,31.854,34.418,37.386,43.472,41.236,41.538,45.186,49.219,59.557,67.99,67.464,68.469,76.975,87.713,92.041,90.922,90.048,93.523,108.788
E01032953,West Oxfordshire 013H,E07000181,West Oxfordshire,TLJ,South East (England),41.644,40.344,43.355,45.373,48.811,50.357,51.487,49.455,45.505,49.119,65.352,64.848,61.873,66.449,73.375,72.385,76.016,76.245,66.328,70.181,71.997,73.338,75.92,75.259,80.02,87.47
E01028771,West Oxfordshire 014A,E07000181,West Oxfordshire,TLJ,South East (England),11.734,12.318,12.671,13.019,13.783,14.369,15.291,17.877,18.042,18.884,18.67,17.322,17.823,18.699,19.523,20.188,20.375,23.2,23.091,21.251,29.032,27.683,24.07,23.124,24.962,28.403
E01028773,West Oxfordshire 014B,E07000181,West Oxfordshire,TLJ,South East (England),55.997,50.869,55.464,58.032,63.446,64.986,64.325,66.069,66.242,73.958,91.592,88.282,88.999,117.762,120.647,117.52,101.291,103.102,104.466,114.42,111.374,125.68,128.218,126.964,136.36,147.615
E01028774,West Oxfordshire 014C,E07000181,West Oxfordshire,TLJ,South East (England),55.997,50.869,55.464,58.032,63.446,64.986,64.325,66.069,66.242,73.958,91.592,88.282,88.999,117.762,120.647,117.52,101.291,103.102,104.466,114.42,111.374,125.68,128.218,126.964,136.36,147.615
E01028775,West Oxfordshire 014D,E07000181,West Oxfordshire,TLJ,South East (England),6.768,6.876,7.164,7.32,7.641,7.723,7.699,7.105,7.342,7.65,8.935,8.617,8.534,9.031,9.581,9.777,10.041,9.712,9.985,10.411,10.666,12.038,12.645,11.96,12.642,13.871
E01028764,West Oxfordshire 015A,E07000181,West Oxfordshire,TLJ,South East (England),10.034,10.867,11.073,11.236,11.817,12.348,12.458,12.195,12.973,13.427,14.297,14.154,14.204,14.702,14.55,14.73,16.66,18.923,18.75,18.158,18.005,21.608,21.41,22.771,24.638,24.914
E01028765,West Oxfordshire 015B,E07000181,West Oxfordshire,TLJ,South East (England),10.748,11.586,12.17,12.46,12.939,13.38,13.399,16.617,13.754,14.415,15.498,15.461,15.278,16.562,16.777,18.737,19.893,18.674,19.761,20.931,24.09,26.972,26.949,26.825,29.354,33.265
E01028801,West Oxfordshire 015C,E07000181,West Oxfordshire,TLJ,South East (England),59.594,61.479,59.162,47.924,76.517,75.079,62.972,53.068,61.886,67.611,88.167,79.196,75.281,89.129,83.122,87.897,81.073,86.734,80.558,77.634,79.298,84.933,78.537,105.065,106.376,101.785
E01028802,West Oxfordshire 015D,E07000181,West Oxfordshire,TLJ,South East (England),10.975,11.647,12.343,12.922,13.632,14.347,14.283,16.201,17.182,16.414,17.072,15.462,17.94,17.958,17.543,19.454,19.075,21.235,21.842,21.012,21.449,21.993,22.831,22.58,25.749,27.816
E01015519,Swindon 001A,E06000030,Swindon,TLK,South West (England),7.432,7.797,8.005,8.433,8.548,8.979,9.832,10.185,10.388,10.728,9.957,9.136,9.251,9.543,12.306,12.333,9.382,12.336,14.011,15.138,14.385,15.398,14.443,14.534,13.706,16.131
E01015520,Swindon 001B,E06000030,Swindon,TLK,South West (England),12.551,13.571,14.48,15.923,16.609,17.432,18.131,18.368,18.154,19.078,21.063,21.919,21.75,20.81,21.205,23.444,26.286,26.066,26.769,30.985,31.273,32.401,33.751,57.488,46.552,47.182
E01015521,Swindon 001C,E06000030,Swindon,TLK,South West (England),30.317,28.58,30.631,34.664,37.131,39.485,39.06,40.763,42.398,49.855,55.863,52.031,59.059,54.518,56.779,59.425,62.614,55.709,60.471,54.889,48.065,46.727,68.02,59.866,31.982,94.153
E01015522,Swindon 001D,E06000030,Swindon,TLK,South West (England),3.475,3.555,3.712,3.82,3.599,3.508,3.234,3.385,3.467,3.522,3.713,3.421,3.64,3.627,3.474,3.582,3.651,3.893,4.213,4.428,4.674,5.131,4.744,4.949,6.145,6.817
E01015523,Swindon 001E,E06000030,Swindon,TLK,South West (England),12.514,13.704,16.36,17.102,18.614,19.336,19.562,19.251,20.54,21.128,21.699,19.409,18.564,18.524,13.832,13.183,15.943,15.899,16.599,15.203,16.3,15.275,13.042,13.441,20.616,21.086
E01015524,Swindon 001F,E06000030,Swindon,TLK,South West (England),2.354,2.396,2.5,2.547,2.375,2.298,2.082,2.198,2.26,2.265,2.402,2.881,2.775,2.469,2.518,2.912,2.93,2.468,2.716,3.216,3.229,3.513,3.319,3.399,4.141,4.977
E01015543,Swindon 003A,E06000030,Swindon,TLK,South West (England),4.87,5.186,5.518,5.923,5.917,5.951,6.031,6.018,5.985,6.082,6.911,4.372,3.152,4.476,4.965,7.653,6.311,7.66,9.211,13.804,14.632,15.34,13.576,17.01,11.482,13.004
E01015544,Swindon 003B,E06000030,Swindon,TLK,South West (England),3.53,3.586,3.739,3.815,3.548,3.422,3.112,3.275,3.452,3.401,3.732,3.445,3.676,3.618,3.873,4.367,4.355,3.95,3.865,4.216,4.671,4.971,4.627,4.806,5.983,6.755
E01015545,Swindon 003C,E06000030,Swindon,TLK,South West (England),4.663,4.872,5.156,5.422,5.348,5.301,5.253,5.299,4.817,4.925,4.754,3.436,3.125,3.102,3.097,3.306,3.516,4.188,4.606,4.82,5.493,5.794,5.326,5.508,6.66,7.356
E01015546,Swindon 003D,E06000030,Swindon,TLK,South West (England),3.345,3.397,3.538,3.599,3.348,3.222,2.908,3.068,3.201,3.164,3.344,3.044,2.956,3.339,3.449,3.542,3.593,3.426,4.02,4.194,4.702,5.048,4.699,4.983,6.649,6.83
E01015513,Swindon 004A,E06000030,Swindon,TLK,South West (England),4.489,5.047,5.348,5.837,5.807,5.856,5.723,5.906,6.078,6.396,6.754,7.906,8.303,7.705,7.653,8.599,11.386,10.193,10.266,9.999,10.609,10.974,10.11,10.512,7.395,8.066
E01015514,Swindon 004B,E06000030,Swindon,TLK,South West (England),3.745,3.876,4.055,4.255,4.335,4.346,3.87,4.039,4.127,4.175,4.446,4.179,4.19,4.288,4.155,4.507,4.486,4.523,4.765,4.758,5.079,5.57,4.847,5.112,5.838,6.643
E01015515,Swindon 004C,E06000030,Swindon,TLK,South West (England),5.045,5.159,5.554,5.781,5.928,6.065,6.44,6.839,6.121,6.34,7.133,6.648,7.458,6.505,6.143,3.829,3.995,4.397,4.831,4.275,5.128,4.807,4.337,4.022,4.881,5.253
E01015516,Swindon 004D,E06000030,Swindon,TLK,South West (England),8.549,9.007,9.855,10.553,10.922,11.283,11.543,12.966,11.861,12.172,13.051,10.928,12.273,11.754,12.593,13.419,13.681,15.591,15.796,14.543,16.191,19.036,17.34,20.851,19.805,25.349
E01015517,Swindon 004E,E06000030,Swindon,TLK,South West (England),3.913,4.06,4.271,4.434,4.266,4.196,3.796,4.06,4.23,4.188,4.471,5.596,5.661,5.554,5.499,4.829,4.4,3.991,4.03,4.314,4.394,4.869,4.792,5.235,5.733,7.218
E01015555,Swindon 005A,E06000030,Swindon,TLK,South West (England),4.985,5.169,5.458,5.783,5.707,5.746,5.736,5.924,5.969,6.174,6.62,5.817,5.645,5.803,6.738,7.11,7.035,6.731,7.938,7.807,8.686,8.512,9.694,8.599,10.27,11.777
E01015556,Swindon 005B,E06000030,Swindon,TLK,South West (England),10.172,10.55,11.587,12.581,13.148,14.013,14.002,14.33,14.805,15.235,15.448,13.678,14.519,14.607,14.711,13.613,15.837,18.792,17.834,14.242,15.402,14.837,15.092,15.806,21.628,24.611
E01015557,Swindon 005C,E06000030,Swindon,TLK,South West (England),9.053,9.423,10.021,10.95,10.947,11.061,11.149,13.819,12.533,13.156,12.706,12.492,13.978,14.456,13.979,15.046,18.845,21.096,21.263,19.428,17.02,18.105,16.442,19.147,21.376,24.269
E01015558,Swindon 005D,E06000030,Swindon,TLK,South West (England),4.798,5.05,5.338,5.624,5.583,5.614,5.275,5.157,5.029,4.855,4.851,5.749,6.898,6.915,7.76,7.522,7.166,6.479,6.764,6.865,7.02,7.345,6.938,7.082,8.307,8.066
E01015559,Swindon 005E,E06000030,Swindon,TLK,South West (England),6.246,6.725,7.197,7.836,7.814,8.008,7.197,8.414,8.729,9.122,10.131,12.726,12.257,10.699,11.094,10.748,10.452,8.994,7.493,8.032,9.731,8.169,7.861,9.267,11.207,11.688
E01015560,Swindon 005F,E06000030,Swindon,TLK,South West (England),8.853,9.551,10.254,10.977,11.375,11.439,11.891,10.812,10.182,10.795,13.465,15.265,15.467,13.913,16.388,17.462,20.121,13.756,14.102,12.206,14.0,16.858,15.218,13.951,19.831,20.749
E01015526,Swindon 006A,E06000030,Swindon,TLK,South West (England),4.173,4.409,4.538,4.557,4.364,4.323,4.25,4.528,4.306,4.216,4.465,3.97,4.131,4.116,4.071,5.255,4.96,4.681,5.339,5.43,6.006,6.377,5.908,6.599,8.286,9.077
E01015528,Swindon 006B,E06000030,Swindon,TLK,South West (England),6.628,6.964,7.404,7.936,8.305,8.352,8.619,8.84,8.531,10.197,9.639,4.716,4.764,4.873,4.905,4.494,5.061,5.28,5.803,6.325,7.841,8.071,7.586,7.487,8.654,9.359
E01015529,Swindon 006C,E06000030,Swindon,TLK,South West (England),5.908,6.204,6.616,7.075,7.12,7.241,7.259,7.611,7.844,8.139,7.967,6.676,7.32,7.244,7.9,8.249,9.697,10.191,9.881,9.948,10.184,10.496,9.72,10.759,13.543,14.488
E01015530,Swindon 006D,E06000030,Swindon,TLK,South West (England),4.688,4.917,5.212,5.497,5.402,5.371,5.28,6.235,4.364,6.513,6.268,11.223,10.432,11.023,12.403,11.625,15.391,13.046,12.66,13.922,16.294,17.314,19.163,17.163,20.825,20.742
E01015506,Swindon 007A,E06000030,Swindon,TLK,South West (England),6.242,6.47,6.912,7.226,7.549,7.759,7.861,7.45,6.884,6.73,7.012,6.91,7.099,7.332,7.175,9.107,9.961,10.827,10.412,10.219,11.185,11.149,10.486,12.234,14.714,15.447
E01015507,Swindon 007B,E06000030,Swindon,TLK,South West (England),5.014,5.298,5.662,6.104,6.138,6.12,6.512,6.669,6.104,4.609,4.721,3.3,3.248,3.237,3.157,3.121,3.411,3.096,3.472,3.907,4.232,4.506,4.159,4.334,5.715,6.181
E01015527,Swindon 007C,E06000030,Swindon,TLK,South West (England),4.38,4.515,4.796,5.109,5.018,4.962,4.438,5.247,5.347,5.516,5.721,4.829,4.771,4.852,4.781,4.586,6.86,16.53,17.366,16.741,19.106,22.402,24.884,24.47,27.222,28.082
E01015580,Swindon 007D,E06000030,Swindon,TLK,South West (England),3.417,3.502,3.677,3.79,3.656,3.538,3.455,3.602,3.664,3.653,3.819,3.455,3.39,3.369,3.484,3.54,3.646,3.929,4.433,4.704,5.109,5.582,6.181,7.786,8.764,10.626
E01015473,Swindon 008A,E06000030,Swindon,TLK,South West (England),183.997,194.862,203.208,228.119,229.089,237.324,248.533,251.878,272.906,300.608,315.348,299.879,324.524,327.187,321.416,360.504,382.457,419.421,415.002,486.054,508.321,465.79,404.998,411.019,425.141,495.26
E01015547,Swindon 008C,E06000030,Swindon,TLK,South West (England),18.842,19.472,20.253,21.675,22.349,23.902,47.175,49.897,40.831,46.683,49.635,79.454,95.203,98.069,95.727,85.02,94.191,120.794,128.944,136.823,135.796,142.609,164.862,199.291,222.749,316.009
E01015548,Swindon 008D,E06000030,Swindon,TLK,South West (England),18.842,19.472,20.253,21.675,22.349,23.902,47.175,49.897,40.831,46.683,49.635,79.454,95.203,98.069,95.727,85.02,94.191,120.794,128.944,136.823,135.796,142.609,164.862,199.291,222.749,316.009
E01015549,Swindon 009A,E06000030,Swindon,TLK,South West (England),187.161,163.043,181.301,233.236,280.01,297.235,286.157,295.377,293.56,301.519,307.103,249.936,331.578,291.481,367.417,398.772,421.439,384.939,474.829,498.375,454.905,477.692,407.134,247.921,398.325,457.8
E01015550,Swindon 009B,E06000030,Swindon,TLK,South West (England),44.054,46.774,49.789,54.055,56.379,60.298,47.936,48.524,48.402,46.237,43.89,40.395,45.441,45.928,45.315,45.553,53.951,53.073,48.153,52.939,55.868,58.906,62.962,62.652,57.695,47.754
E01015551,Swindon 009C,E06000030,Swindon,TLK,South West (England),187.161,163.043,181.301,233.236,280.01,297.235,286.157,295.377,293.56,301.519,307.103,249.936,331.578,291.481,367.417,398.772,421.439,384.939,474.829,498.375,454.905,477.692,407.134,247.921,398.325,457.8
E01015552,Swindon 009D,E06000030,Swindon,TLK,South West (England),44.175,46.851,48.944,52.616,53.568,55.659,56.836,60.749,60.778,61.887,63.325,60.001,60.925,66.215,62.649,70.165,82.294,114.129,122.565,118.654,126.762,112.703,114.718,129.189,153.108,184.911
E01015553,Swindon 009E,E06000030,Swindon,TLK,South West (England),4.613,4.714,4.992,5.256,5.177,5.233,5.819,6.353,6.424,6.541,6.728,6.805,6.719,6.668,6.339,8.523,10.29,10.011,8.163,6.571,7.187,7.235,6.743,7.24,10.018,10.99
E01015554,Swindon 009F,E06000030,Swindon,TLK,South West (England),7.731,8.143,8.694,9.157,8.987,9.472,9.407,7.835,8.398,8.767,9.256,6.577,5.374,5.596,6.997,6.462,7.381,12.045,14.249,15.081,12.593,9.74,10.402,10.597,10.204,11.272
E01015508,Swindon 010A,E06000030,Swindon,TLK,South West (England),4.202,4.205,4.392,4.513,4.7,4.703,4.876,4.425,3.909,3.866,4.067,3.274,3.277,2.75,3.06,2.725,2.978,3.316,3.319,3.631,4.126,4.681,4.313,4.773,6.272,6.604
E01015509,Swindon 010B,E06000030,Swindon,TLK,South West (England),255.888,266.753,282.085,291.321,277.693,314.62,351.628,372.29,402.104,541.451,652.202,658.533,686.529,673.403,623.083,607.292,706.864,769.833,775.277,754.981,816.628,850.239,574.559,420.771,686.003,706.386
E01015510,Swindon 010C,E06000030,Swindon,TLK,South West (England),11.743,11.775,12.412,13.639,13.633,13.918,13.839,14.208,14.361,16.633,16.815,18.64,14.969,16.283,15.05,16.036,18.429,21.626,23.961,26.835,29.424,32.306,26.505,30.162,31.628,37.88
E01015511,Swindon 010D,E06000030,Swindon,TLK,South West (England),4.037,4.111,4.272,4.512,4.294,4.167,3.881,4.282,4.527,4.629,4.864,4.297,4.294,4.262,4.409,5.021,5.209,4.665,5.032,4.985,5.063,5.655,5.177,5.735,6.738,9.168
E01015562,Swindon 011A,E06000030,Swindon,TLK,South West (England),5.973,6.218,6.698,7.22,7.267,7.497,7.472,7.87,8.502,9.241,9.514,8.241,8.371,8.649,8.655,8.312,9.415,8.773,9.489,10.86,11.608,13.588,11.095,14.382,14.393,18.859
E01015563,Swindon 011B,E06000030,Swindon,TLK,South West (England),4.431,4.678,5.06,5.362,5.283,5.26,5.177,5.53,5.75,5.787,6.121,6.18,6.484,6.23,5.781,5.563,5.657,5.585,5.907,5.037,5.892,6.598,7.417,8.14,9.31,8.853
E01015565,Swindon 011C,E06000030,Swindon,TLK,South West (England),6.022,6.287,6.794,7.132,7.288,7.621,7.914,8.728,8.84,8.54,8.445,8.053,9.184,8.317,8.61,7.763,7.75,8.329,9.199,7.623,10.266,10.022,9.747,13.455,15.518,15.312
E01015566,Swindon 011D,E06000030,Swindon,TLK,South West (England),5.935,6.194,6.598,7.053,7.028,7.2,7.1,8.387,6.529,6.88,7.33,6.824,6.921,7.097,7.244,10.852,11.859,10.74,11.181,12.763,13.707,13.717,11.663,11.048,8.44,11.995
E01015578,Swindon 012B,E06000030,Swindon,TLK,South West (England),102.427,105.813,110.457,117.285,124.962,136.734,129.905,139.321,143.537,138.191,148.767,149.126,157.733,146.434,148.497,161.545,180.535,164.827,152.344,176.926,212.738,204.23,175.919,147.894,158.643,202.928
E01015579,Swindon 012C,E06000030,Swindon,TLK,South West (England),5.826,6.144,6.502,6.939,6.878,6.947,6.898,7.085,6.709,6.874,7.996,6.154,6.24,5.907,5.935,6.459,6.403,8.61,9.045,9.744,11.349,12.261,17.609,18.92,25.688,26.329
E01015581,Swindon 012D,E06000030,Swindon,TLK,South West (England),101.722,99.218,105.562,111.875,114.174,121.339,120.916,125.019,144.461,163.68,166.613,164.511,148.817,148.861,142.856,129.813,162.116,140.656,157.126,168.088,162.322,174.544,252.008,274.863,185.013,222.95
E01015582,Swindon 012E,E06000030,Swindon,TLK,South West (England),27.692,30.227,32.908,37.333,42.166,45.552,44.161,45.871,58.078,58.037,63.099,58.299,57.914,54.577,75.765,83.919,93.953,81.377,73.782,80.827,92.034,75.937,84.184,68.387,114.41,104.261
E01032708,Swindon 012F,E06000030,Swindon,TLK,South West (England),24.388,26.839,27.965,32.759,32.907,34.489,37.436,38.487,38.26,39.632,40.627,38.224,43.084,42.971,42.586,42.972,48.277,56.341,51.425,49.516,49.305,58.564,55.472,62.659,60.777,74.089
E01032716,Swindon 012G,E06000030,Swindon,TLK,South West (England),34.377,35.71,38.524,43.344,47.746,53.079,56.835,61.427,63.395,56.0,59.357,64.236,61.397,54.293,59.307,63.194,77.107,76.384,79.387,85.167,89.477,92.445,85.768,95.426,117.768,138.002
E01015481,Swindon 013A,E06000030,Swindon,TLK,South West (England),5.204,5.505,5.865,6.309,6.424,6.605,5.762,6.85,6.245,6.358,7.915,6.798,7.369,7.197,7.56,8.02,9.02,9.648,9.75,10.061,10.692,11.249,12.733,12.762,18.912,15.851
E01015482,Swindon 013B,E06000030,Swindon,TLK,South West (England),12.458,16.546,21.352,20.5,22.554,20.354,23.47,27.676,45.316,45.952,65.513,72.031,69.154,67.647,72.699,71.74,87.744,91.765,113.311,111.842,154.328,169.16,172.132,273.138,179.645,77.772
E01015483,Swindon 013C,E06000030,Swindon,TLK,South West (England),3.49,3.574,3.723,3.893,3.656,3.509,3.236,3.458,3.629,3.657,3.889,3.554,3.436,3.449,3.418,3.66,3.881,3.971,4.164,4.13,5.112,5.27,5.524,5.179,6.532,7.25
E01015484,Swindon 013D,E06000030,Swindon,TLK,South West (England),12.458,16.546,21.352,20.5,22.554,20.354,23.47,27.676,45.316,45.952,65.513,72.031,69.154,67.647,72.699,71.74,87.744,91.765,113.311,111.842,154.328,169.16,172.132,273.138,179.645,77.772
E01015485,Swindon 013E,E06000030,Swindon,TLK,South West (England),4.371,4.671,4.88,5.608,5.233,4.966,4.868,5.048,5.274,5.545,5.399,4.77,4.836,4.947,5.39,5.706,6.122,7.342,6.763,7.057,7.324,7.547,6.498,6.342,9.394,10.289
E01015486,Swindon 013F,E06000030,Swindon,TLK,South West (England),5.338,5.712,6.064,6.527,6.486,6.501,6.517,6.545,6.136,6.349,7.446,5.846,5.598,5.965,6.879,7.726,8.827,9.732,9.749,8.274,8.738,9.936,8.459,8.905,9.722,12.036
E01015561,Swindon 014A,E06000030,Swindon,TLK,South West (England),62.31,64.953,66.08,74.86,83.546,87.293,99.746,102.933,114.447,124.636,139.871,156.997,173.887,162.37,161.974,141.897,154.906,185.66,224.361,174.658,165.837,220.272,197.41,144.776,158.0,251.871
E01015564,Swindon 014B,E06000030,Swindon,TLK,South West (England),62.31,64.953,66.08,74.86,83.546,87.293,99.746,102.933,114.447,124.636,139.871,156.997,173.887,162.37,161.974,141.897,154.906,185.66,224.361,174.658,165.837,220.272,197.41,144.776,158.0,251.871
E01015567,Swindon 014C,E06000030,Swindon,TLK,South West (England),19.214,20.095,20.883,22.301,23.614,24.075,33.582,32.571,26.986,28.864,31.658,32.01,30.657,32.349,32.299,31.443,33.571,41.431,35.887,30.669,23.862,24.91,34.999,28.804,32.228,36.07
E01015568,Swindon 014D,E06000030,Swindon,TLK,South West (England),120.185,119.241,124.288,146.327,157.194,164.308,165.474,160.85,162.527,179.298,183.277,184.998,188.712,196.054,200.549,217.232,499.45,538.276,589.66,543.907,456.092,506.355,563.351,518.741,544.064,520.949
E01015475,Swindon 015A,E06000030,Swindon,TLK,South West (England),12.819,13.733,15.083,15.925,16.007,17.04,19.013,16.212,12.949,16.534,15.326,13.833,13.503,14.21,14.386,18.855,26.947,34.482,37.317,34.553,178.616,163.294,161.229,95.193,109.323,99.694
E01015477,Swindon 015C,E06000030,Swindon,TLK,South West (England),6.694,7.036,7.396,7.975,7.936,7.972,8.094,8.234,7.865,9.723,9.73,9.379,10.499,10.005,10.99,11.457,10.322,11.734,11.97,12.832,11.782,12.927,13.905,14.604,16.9,19.806
E01015480,Swindon 015D,E06000030,Swindon,TLK,South West (England),6.73,7.168,7.534,8.47,8.304,8.155,7.924,8.644,9.018,9.522,9.996,9.719,9.749,10.146,9.744,7.762,7.345,7.8,7.986,8.702,9.679,11.068,9.321,11.695,12.207,13.183
E01015538,Swindon 016A,E06000030,Swindon,TLK,South West (England),4.719,4.938,5.218,5.469,5.316,5.24,5.084,5.116,4.919,4.939,5.473,4.705,4.971,4.735,5.278,5.384,5.882,5.931,6.685,7.611,7.479,7.932,7.96,8.534,10.044,10.932
E01015572,Swindon 016B,E06000030,Swindon,TLK,South West (England),9.379,10.032,10.498,11.184,10.96,10.88,11.086,11.371,11.852,12.132,11.992,11.198,11.48,11.196,12.336,9.586,11.031,9.697,9.806,11.541,11.945,10.358,7.57,8.893,9.818,11.495
E01015573,Swindon 016C,E06000030,Swindon,TLK,South West (England),6.453,6.673,7.146,7.674,7.559,7.905,15.925,16.013,19.593,26.015,28.318,23.401,22.337,25.406,30.714,31.798,35.066,34.864,32.035,32.143,42.108,40.962,41.512,51.125,30.051,36.872
E01015575,Swindon 016D,E06000030,Swindon,TLK,South West (England),9.405,9.684,9.947,11.416,11.105,11.41,11.338,11.615,11.975,12.743,12.867,12.06,11.373,12.566,13.67,12.34,17.71,17.939,14.707,19.118,22.039,23.854,21.18,30.564,28.633,30.818
E01015479,Swindon 017A,E06000030,Swindon,TLK,South West (England),61.367,64.53,68.729,74.709,78.083,83.412,88.188,92.032,89.974,100.248,105.307,108.541,113.395,113.764,107.841,105.627,99.462,100.669,97.315,95.447,102.276,106.219,96.759,106.788,115.947,127.924
E01015493,Swindon 017B,E06000030,Swindon,TLK,South West (England),24.001,25.029,26.396,27.465,28.603,30.376,39.386,31.162,35.805,29.814,32.064,31.708,46.576,50.635,40.341,41.904,40.161,52.009,61.128,53.78,48.481,54.621,53.785,57.349,67.071,74.525
E01015574,Swindon 017C,E06000030,Swindon,TLK,South West (England),6.154,6.473,6.888,7.32,7.316,7.426,8.019,9.144,8.513,11.015,12.546,12.37,11.083,10.781,9.931,12.915,11.928,14.543,15.386,12.509,14.938,15.699,15.507,14.055,17.94,17.479
E01015576,Swindon 017D,E06000030,Swindon,TLK,South West (England),24.001,25.029,26.396,27.465,28.603,30.376,39.386,31.162,35.805,29.814,32.064,31.708,46.576,50.635,40.341,41.904,40.161,52.009,61.128,53.78,48.481,54.621,53.785,57.349,67.071,74.525
E01015499,Swindon 018A,E06000030,Swindon,TLK,South West (England),9.443,10.841,11.468,14.797,14.208,13.65,14.528,15.768,16.38,18.126,16.039,13.0,15.073,15.237,18.163,18.089,19.202,27.992,32.398,30.459,33.415,24.059,21.897,21.313,17.031,19.464
E01015500,Swindon 018B,E06000030,Swindon,TLK,South West (England),3.339,3.399,3.555,3.642,3.411,3.302,3.029,3.181,3.306,3.277,3.443,3.18,3.118,3.108,3.145,3.221,3.831,3.705,4.02,4.117,4.159,4.425,4.203,4.345,5.741,6.596
E01015504,Swindon 018C,E06000030,Swindon,TLK,South West (England),9.443,10.841,11.468,14.797,14.208,13.65,14.528,15.768,16.38,18.126,16.039,13.0,15.073,15.237,18.163,18.089,19.202,27.992,32.398,30.459,33.415,24.059,21.897,21.313,17.031,19.464
E01015505,Swindon 018D,E06000030,Swindon,TLK,South West (England),3.495,3.553,3.704,3.792,3.557,3.473,3.618,3.336,3.399,3.45,3.673,3.406,3.317,3.332,3.251,3.283,3.333,3.605,4.249,4.615,4.823,5.222,4.89,5.589,6.518,7.027
E01015494,Swindon 019A,E06000030,Swindon,TLK,South West (England),31.565,33.638,36.54,39.128,40.694,42.631,46.715,47.008,47.217,50.932,50.687,51.571,55.967,53.827,55.406,57.918,63.18,62.329,51.599,49.726,45.162,49.087,48.389,56.159,43.983,45.818
E01015496,Swindon 019C,E06000030,Swindon,TLK,South West (England),13.359,14.06,15.222,16.556,16.048,16.917,17.044,17.487,18.147,19.512,20.165,20.649,21.966,22.089,23.778,25.344,26.901,23.259,21.518,22.497,21.183,18.673,19.293,16.096,17.895,21.155
E01015497,Swindon 019D,E06000030,Swindon,TLK,South West (England),6.07,6.136,6.505,6.705,7.132,7.331,7.076,8.403,6.812,6.882,6.92,5.585,5.846,5.966,5.75,4.946,5.683,5.477,6.25,6.712,7.673,10.225,10.955,10.568,13.383,11.67
E01032714,Swindon 019E,E06000030,Swindon,TLK,South West (England),58.752,62.891,67.125,72.435,76.856,82.645,92.802,101.859,84.445,89.964,95.06,96.105,106.51,99.033,103.943,84.018,86.179,93.109,108.904,113.78,106.517,119.04,121.94,102.699,110.685,123.529
E01032715,Swindon 019F,E06000030,Swindon,TLK,South West (England),32.334,34.227,37.642,40.255,42.313,45.719,52.267,57.424,39.667,42.06,44.242,38.374,42.172,43.819,47.225,40.6,36.802,37.62,46.425,39.733,46.882,47.283,44.473,50.723,53.323,57.034
E01015537,Swindon 020A,E06000030,Swindon,TLK,South West (England),5.514,5.867,6.261,6.731,6.681,6.811,6.925,7.777,9.473,8.646,8.175,7.826,7.451,7.043,7.965,10.017,9.007,9.408,9.815,10.056,11.06,11.685,10.644,12.02,12.756,17.395
E01015539,Swindon 020B,E06000030,Swindon,TLK,South West (England),2.936,2.98,3.104,3.153,2.93,2.825,2.552,2.697,2.845,2.816,2.977,2.715,2.61,2.619,2.588,2.644,2.847,2.997,3.534,3.894,4.444,4.956,4.634,5.091,5.525,6.161
E01015540,Swindon 020C,E06000030,Swindon,TLK,South West (England),8.47,9.075,9.754,10.565,10.999,11.225,6.965,7.43,6.182,6.177,6.385,5.242,5.149,5.245,5.119,4.51,4.445,7.711,8.676,10.412,10.055,10.57,11.182,12.378,13.389,13.423
E01015541,Swindon 020D,E06000030,Swindon,TLK,South West (England),5.476,5.774,6.157,6.581,6.6,6.733,6.871,7.123,6.247,6.514,7.628,8.24,7.664,7.079,7.682,9.725,9.646,10.298,11.72,11.8,12.797,13.363,12.589,14.074,14.198,14.903
E01015542,Swindon 020E,E06000030,Swindon,TLK,South West (England),3.331,3.417,3.576,3.694,3.512,3.414,3.215,3.168,3.045,3.026,3.183,3.496,3.375,3.055,3.361,3.623,4.006,3.112,3.664,3.659,3.996,4.127,3.722,3.962,4.974,5.362
E01015478,Swindon 021A,E06000030,Swindon,TLK,South West (England),16.162,17.468,18.036,21.542,21.247,21.662,23.213,23.031,23.625,24.773,24.529,22.794,23.487,23.712,23.611,21.601,25.026,26.003,20.029,25.759,33.74,36.699,58.995,91.275,166.75,194.209
E01015498,Swindon 021B,E06000030,Swindon,TLK,South West (England),7.563,7.941,8.52,9.01,9.027,9.07,9.069,9.299,9.55,9.565,9.731,10.376,10.638,10.131,10.453,11.532,11.179,10.581,5.928,6.419,7.805,7.307,7.928,7.943,9.081,8.954
E01015532,Swindon 021D,E06000030,Swindon,TLK,South West (England),12.28,12.7,13.436,14.424,15.323,15.954,20.186,21.634,18.026,19.048,19.098,26.083,30.277,28.364,23.784,24.653,23.538,21.019,18.208,22.069,28.897,27.346,23.366,21.966,26.438,25.173
E01032706,Swindon 021E,E06000030,Swindon,TLK,South West (England),25.264,24.424,25.811,27.02,29.267,29.726,4.193,4.54,4.187,4.482,5.571,4.763,6.448,6.465,7.224,7.39,9.397,4.85,5.257,5.546,6.187,6.605,6.52,6.212,7.691,8.705
E01032707,Swindon 021F,E06000030,Swindon,TLK,South West (England),31.045,30.518,32.443,34.569,36.806,37.232,11.704,12.679,12.415,12.483,12.419,10.523,12.483,11.73,12.056,14.332,17.89,24.361,24.519,21.689,22.387,24.435,25.351,28.541,34.636,40.928
E01015501,Swindon 022A,E06000030,Swindon,TLK,South West (England),84.763,99.027,109.632,122.433,127.654,127.046,142.138,155.261,194.608,202.662,248.362,255.902,266.168,253.924,260.103,243.706,210.42,222.835,269.574,265.228,291.818,265.444,296.94,273.668,347.906,410.402
E01015502,Swindon 022B,E06000030,Swindon,TLK,South West (England),3.325,3.372,3.517,3.581,3.363,3.268,3.005,3.3,3.347,3.338,3.574,3.217,3.118,3.163,3.149,3.411,4.019,4.246,4.821,4.736,5.117,5.201,4.279,4.442,5.613,6.456
E01015503,Swindon 022C,E06000030,Swindon,TLK,South West (England),773.572,837.255,813.167,829.822,912.013,1103.64,1182.43,1339.734,1606.925,1849.662,1885.36,1962.478,1640.496,1687.077,1610.16,1716.199,1678.89,1700.073,1374.861,1567.726,2040.797,2211.562,1663.771,2321.729,3067.559,3412.047
E01015569,Swindon 022D,E06000030,Swindon,TLK,South West (England),10.514,11.076,12.009,12.869,13.266,13.757,14.638,15.16,16.073,24.929,27.843,25.794,26.866,26.449,29.105,29.555,29.505,18.155,19.003,19.625,19.407,19.766,17.952,19.672,21.902,24.916
E01015570,Swindon 022E,E06000030,Swindon,TLK,South West (England),10.514,11.076,12.009,12.869,13.266,13.757,14.638,15.16,16.073,24.929,27.843,25.794,26.866,26.449,29.105,29.555,29.505,18.155,19.003,19.625,19.407,19.766,17.952,19.672,21.902,24.916
E01015571,Swindon 022F,E06000030,Swindon,TLK,South West (England),10.166,9.465,10.17,9.647,9.515,8.932,8.467,9.319,9.269,9.381,9.701,9.05,7.7,8.565,8.979,9.261,8.903,8.679,6.874,7.727,7.296,8.179,8.583,7.701,9.155,9.311
E01015487,Swindon 023A,E06000030,Swindon,TLK,South West (England),2.932,2.98,3.106,3.167,2.939,2.82,3.067,2.719,2.848,2.818,2.993,2.724,2.623,2.621,2.625,2.69,2.965,3.018,3.458,3.76,4.119,5.007,5.386,4.472,5.527,7.887
E01015488,Swindon 023B,E06000030,Swindon,TLK,South West (England),49.479,51.824,57.253,65.992,67.553,68.655,72.144,74.393,73.325,74.87,85.993,89.533,93.204,89.672,91.071,92.468,91.04,89.085,92.782,79.473,81.56,61.719,50.05,44.261,55.023,57.559
E01015489,Swindon 023C,E06000030,Swindon,TLK,South West (England),6.07,6.49,6.642,7.152,7.135,7.449,7.545,8.735,8.53,8.756,9.541,9.235,8.486,9.24,11.824,11.81,11.941,11.38,12.356,11.834,11.788,12.079,10.439,11.9,13.765,15.488
E01015490,Swindon 023D,E06000030,Swindon,TLK,South West (England),2.643,2.683,2.797,2.835,2.635,2.539,2.302,2.421,2.539,2.499,2.639,2.406,2.316,2.329,2.4,2.522,2.789,3.119,3.885,3.534,4.353,4.043,3.661,4.027,5.023,5.126
E01015491,Swindon 023E,E06000030,Swindon,TLK,South West (England),104.632,104.601,103.656,101.724,108.898,114.053,110.593,116.433,125.393,132.799,134.96,123.311,116.958,113.368,110.383,114.288,138.893,132.648,134.738,154.825,124.808,149.82,127.646,137.526,150.108,174.488
E01015492,Swindon 023F,E06000030,Swindon,TLK,South West (England),47.583,51.736,52.029,53.924,56.627,59.871,56.819,63.737,65.867,69.661,70.43,69.039,72.128,77.607,73.631,67.109,66.122,70.219,63.09,63.133,67.013,69.403,68.609,74.395,104.132,81.796
E01015533,Swindon 024A,E06000030,Swindon,TLK,South West (England),4.926,5.199,5.508,5.843,5.778,5.756,5.728,5.859,5.534,5.602,6.782,7.056,7.9,7.21,8.0,5.268,6.187,5.821,6.795,6.767,7.724,8.234,9.248,7.725,9.823,11.166
E01015534,Swindon 024B,E06000030,Swindon,TLK,South West (England),43.486,46.458,49.394,55.686,58.281,61.621,67.833,68.935,74.332,80.272,85.59,84.977,93.871,91.344,93.775,82.693,82.579,96.095,82.619,68.188,61.874,64.757,58.909,64.667,76.183,81.715
E01015535,Swindon 024C,E06000030,Swindon,TLK,South West (England),78.876,77.321,71.095,78.578,69.524,75.077,71.069,79.034,76.603,98.882,131.04,112.07,115.857,96.005,91.174,132.4,109.678,135.915,142.944,163.708,248.305,221.617,288.257,369.395,548.015,354.575
E01015584,Swindon 025B,E06000030,Swindon,TLK,South West (England),6.399,6.867,7.35,7.944,8.152,8.229,8.51,10.216,11.242,10.428,8.63,7.987,9.488,9.701,11.664,12.06,11.364,10.286,10.478,13.948,15.379,16.647,14.686,15.556,17.252,12.988
E01015585,Swindon 025C,E06000030,Swindon,TLK,South West (England),16.234,16.779,17.799,20.093,21.611,23.116,24.875,27.198,23.742,26.063,27.083,21.822,20.817,22.822,22.751,22.816,22.684,39.471,41.936,40.057,39.337,44.429,43.263,50.534,58.179,69.096
E01015586,Swindon 025D,E06000030,Swindon,TLK,South West (England),3.896,3.924,4.106,4.221,4.328,4.293,3.576,4.616,3.622,3.563,3.735,11.488,12.772,12.987,12.864,12.549,14.239,4.544,5.353,5.336,5.707,6.064,6.241,6.043,7.863,8.566
E01015587,Swindon 025E,E06000030,Swindon,TLK,South West (England),9.009,9.475,10.069,10.795,11.101,11.286,11.964,12.16,11.881,11.911,13.107,11.362,11.482,11.21,12.552,13.206,14.57,19.338,19.095,20.17,21.214,19.818,22.272,22.02,20.979,26.866
E01015588,Swindon 025F,E06000030,Swindon,TLK,South West (England),12.919,13.989,15.257,16.358,16.66,16.936,17.31,17.747,18.244,18.642,17.956,19.844,20.468,21.229,22.339,24.48,24.9,19.586,11.156,12.743,12.682,11.5,11.454,11.476,13.089,15.173
E01015525,Swindon 026A,E06000030,Swindon,TLK,South West (England),3.546,3.839,4.023,4.157,3.931,3.837,3.556,3.749,3.888,3.893,4.093,3.789,3.734,3.717,3.714,4.106,4.385,4.466,5.032,5.093,5.728,5.954,5.066,5.486,6.759,7.426
E01032700,Swindon 026B,E06000030,Swindon,TLK,South West (England),2.564,2.807,3.142,3.54,3.821,4.193,4.816,5.089,6.971,7.66,8.715,7.123,7.708,8.552,10.329,11.974,12.274,6.16,5.573,6.372,6.542,8.328,7.286,7.316,8.943,8.302
E01032703,Swindon 026C,E06000030,Swindon,TLK,South West (England),1.243,1.414,1.612,2.047,2.426,2.599,3.42,3.722,5.847,6.16,7.089,5.616,5.837,6.207,8.856,9.798,10.533,5.396,6.392,4.621,5.27,5.864,5.801,6.263,7.456,7.717
E01032705,Swindon 026D,E06000030,Swindon,TLK,South West (England),1.206,1.263,1.343,1.502,1.639,1.824,2.51,2.984,5.695,6.349,7.627,6.175,6.268,6.338,8.475,8.937,9.909,4.621,4.721,4.772,5.256,5.425,5.254,5.626,6.928,7.855
E01032709,Swindon 026E,E06000030,Swindon,TLK,South West (England),0.873,0.921,0.988,1.091,1.19,1.263,1.777,2.246,5.021,5.762,6.631,4.847,4.805,5.314,7.715,9.042,8.797,3.802,4.555,4.52,6.882,6.759,5.85,7.09,7.63,8.474
E01032713,Swindon 026F,E06000030,Swindon,TLK,South West (England),0.988,1.046,1.114,1.274,1.357,1.69,3.159,4.446,6.905,7.108,7.683,6.063,6.203,6.488,9.008,9.366,10.803,16.133,18.531,18.403,17.502,18.176,20.267,19.417,21.424,22.418
E01032701,Swindon 027A,E06000030,Swindon,TLK,South West (England),1.103,1.169,1.25,1.344,1.467,1.595,2.092,2.295,4.436,5.313,6.527,5.064,5.224,5.748,8.083,8.568,9.241,5.145,5.676,5.993,6.542,7.417,7.539,8.005,9.864,10.113
E01032702,Swindon 027B,E06000030,Swindon,TLK,South West (England),1.718,1.875,2.107,2.301,2.5,2.712,3.324,4.09,6.685,7.321,8.52,6.794,6.882,7.035,9.307,9.966,10.003,7.585,8.001,7.691,8.127,8.724,8.383,9.043,10.361,12.622
E01032704,Swindon 027C,E06000030,Swindon,TLK,South West (England),1.282,1.358,1.438,1.56,1.672,1.999,2.685,2.988,5.288,5.573,6.505,5.061,5.633,6.392,9.062,10.053,11.352,9.839,10.084,10.569,11.447,13.644,15.537,18.243,16.588,13.823
E01032711,Swindon 027D,E06000030,Swindon,TLK,South West (England),1.103,1.169,1.25,1.344,1.467,1.595,2.092,2.295,4.436,5.313,6.527,5.064,5.224,5.748,8.083,8.568,9.241,5.145,5.676,5.993,6.542,7.417,7.539,8.005,9.864,10.113
E01032712,Swindon 027E,E06000030,Swindon,TLK,South West (England),1.89,2.001,2.165,2.364,2.47,2.703,3.507,3.906,6.081,6.477,7.506,6.256,6.961,7.455,9.776,11.293,12.885,13.065,10.982,10.792,11.463,12.896,13.141,14.271,16.861,19.897
E01015471,Swindon 028A,E06000030,Swindon,TLK,South West (England),2.052,2.882,3.395,3.702,3.585,3.542,3.325,3.576,3.83,4.498,4.774,25.472,24.763,24.694,12.818,13.326,8.363,5.111,5.821,6.039,10.643,9.813,8.498,9.25,12.069,15.064
E01015512,Swindon 028C,E06000030,Swindon,TLK,South West (England),2.076,2.426,3.074,4.178,4.11,4.069,4.457,4.577,4.715,5.057,4.866,4.061,4.022,4.343,4.098,3.841,4.493,6.321,7.57,7.237,8.468,8.861,8.482,9.122,13.193,11.147
E01015518,Swindon 028D,E06000030,Swindon,TLK,South West (England),2.651,3.252,3.462,3.619,3.47,3.453,3.25,4.333,4.31,4.693,4.942,4.667,4.739,4.52,5.137,5.264,5.917,5.69,6.382,6.411,6.254,6.239,7.179,7.331,8.173,8.509
E01032710,Swindon 028E,E06000030,Swindon,TLK,South West (England),28.567,31.44,35.083,38.795,40.109,42.989,46.953,47.675,56.456,58.757,59.324,51.427,56.227,56.762,61.913,84.556,81.168,80.829,65.38,48.917,50.332,57.695,56.965,69.52,81.947,90.29
