LSOA21CD,MSOA21CD,asset_value_per_worker,log_median_hereditament_value,real_asset_value_growth,working_age_share,pct_level4plus,employment_to_pop,full_time_share,sme_share,enterprise_density,sector_diversity,log_gva_per_worker_2023
E01015471,E02006849,1701487177.7777777,24.21803076821753,9.103386853652644,0.6673989455184535,26.889279437609844,0.035149385,0.37037037037037035,0.9655172413793104,105.4481546572935,0.8961111111111111,12.145797025305598
E01015473,E02003219,1133588370.8906448,24.218948491027906,2.9818794139868965,0.6127698667891593,24.02388608176389,4.708314193844741,0.21949078138718173,0.9606741573033708,351.4010105649977,0.9216639313218028,10.785581146580652
E01015475,E02003226,1393678323.2438607,24.218748275608554,13.140404833780549,0.7129109863672815,15.99839615076183,0.7016840417000801,0.1427755568246716,0.9647058823529411,124.29831595829992,0.9058956916099772,10.950262539222262
E01015477,E02003226,3015247073.705179,24.21788978555782,15.772389800292546,0.7119955776672194,19.955776672194585,0.1381978993919292,0.49800796812749004,0.9647058823529411,171.36539524599226,0.9058956916099772,11.28004718455912
E01015478,E02003232,5666403851.441241,24.2183302752174,4.880264749,0.6957590657652121,24.76951444376153,0.2765826674861709,0.3325942350332594,0.9701492540597015,181.31530424093424,0.9048442906574394,12.975200191047264
E01015479,E02003228,1730362164.3713906,24.232580948086465,-24.26059684,0.6910339256865913,21.60743134087237,0.9087237479806138,0.44424700133274103,0.9400000000000001,82.79483037156704,0.912,10.948278988759624
E01015480,E02003226,9052756911.504425,24.217893216250385,10.720651400972688,0.7537537537537538,14.714714714714711,0.075075075,0.4424778761061947,0.9647058823529411,103.43677010343676,0.9058956916099772,10.978355343825374
E01015481,E02003224,1844006358.139535,24.217690238656637,15.557417116560112,0.6506300114547537,20.4467354,0.1718213058419244,0.33222591362126247,0.9999999998823528,85.91065292096219,0.8494809688581314,10.87497959919544
E01015482,E02003224,156686792.32779098,24.219245070417685,17.90153265450911,0.6199842643587726,18.17466561762392,0.3304484657749803,0.047505938242280284,0.9999999998823528,118.01730920535012,0.8494809688581314,12.12904271630703
E01015483,E02003224,2104611031.5789473,24.178051133903768,17.484360954009954,0.5727871250914411,17.702999268471103,0.054864667,0.32894736842105265,0.9999999998823528,109.7293343087052,0.8494809688581314,11.479034258068626
E01015484,E02003224,3378643473.267327,24.217596736687458,-11.8367142,0.5738714090287278,17.16826265389877,0.068399453,0.49504950495049505,0.9999999998823528,102.59917920656636,0.8494809688581314,13.56412312701874
E01015485,E02003224,13032311624.590162,24.19532244167518,8.928744767857959,0.6770280515542078,21.455648218347235,0.045489006823351,0.2459016393442623,0.9999999998823528,113.72251705837756,0.8494809688581314,12.052247190589346
E01015486,E02003224,1378009931.6831684,24.25900577469746,9.404269829110907,0.573469388,17.891156462585034,0.068027211,0.49504950495049505,0.9999999998823528,102.04081632653062,0.8494809688581314,11.698250839117575
E01015487,E02003234,978737965.7746478,24.271307206055113,8.919449874354454,0.6161548731642189,19.492656875834445,0.046728972,0.28169014084507044,0.8979591836734694,120.16021361815754,0.9072,11.632240025655909
E01015488,E02003234,134273931.73117822,24.21771759824852,-2.818446614,0.6029411764705882,16.97860962566845,1.570855614973262,0.25521054870267973,0.8979591836734694,120.32085561497324,0.9072,10.106191286357554
E01015489,E02003234,1264398733.067729,24.178539901339345,-3.758361584,0.5746730901582932,22.161046111493462,0.1720578114246387,0.5976095617529881,0.8979591836734694,123.88162422573986,0.9072,11.0341313120349
E01015490,E02003234,17281978458.69565,24.19532244167518,8.928744767857959,0.6386217948717948,19.95192307692308,0.0360576923076923,0.5434782608695652,0.8979591836734694,144.23076923076923,0.9072,11.643182474872171
E01015491,E02003234,980136026.4993025,24.218610594770215,-7.982543913,0.6368876080691642,15.85014409221902,1.5489913544668588,0.18596001859600186,0.8979591836734694,129.6829971181556,0.9072,11.304155729900453
E01015492,E02003234,2311822277.0870337,24.219782815974607,8.019774811835427,0.6558823529411765,15.441176470588236,0.8272058823529411,0.19982238010657194,0.8979591836734694,132.35294117647058,0.9072,11.19421433961753
E01015493,E02003228,324404468.6827268,24.217889117634,-4.304149031,0.6950291088222122,23.60053739364084,0.8732646663681146,0.23065094823167606,0.9400000000000001,91.80474697716078,0.912,10.551086711344505
E01015494,E02003230,7721451474.604496,24.21978380081333,-10.95536496,0.7519025875190258,21.95585997,0.456621005,0.4995836802664446,0.9624060150375939,178.84322678843225,0.8989349112426035,10.550136939436491
E01015496,E02003230,1739590311.294766,24.21846236608242,11.922377137324949,0.7509784735812133,26.810176125244617,0.3546966731898239,0.30991735537190085,0.9624060150375939,229.9412915851272,0.8989349112426035,10.28124945755235
E01015497,E02003230,3375351050.884956,24.217898407807017,13.835241620968048,0.7070471753057659,29.586488060570765,0.1310425160163075,0.33185840707964603,0.9624060150375939,273.7332557,0.8989349112426035,10.856450882078112
E01015498,E02003232,1707859718.0327868,24.218380588934238,-27.65583257,0.7120954003407155,28.22260079500284,0.0340715502555366,0.32786885245901637,0.9701492540597015,167.5184554230551,0.9048442906574394,11.913273056454289
E01015499,E02003229,124395459.28286852,24.16442917582542,18.90319891806284,0.6480938416422287,27.27272727272727,0.1832844574780058,0.398406374501992,1.0,84.31085044,0.8854166666666667,11.262629089726
E01015500,E02003229,25644226099.999996,24.19532244167518,8.928744767857959,0.711864407,21.610169491525426,0.021186441,0.3225806451612903,1.0,81.21468926553672,0.8854166666666667,12.300781129200166
E01015501,E02003233,1010900415.4715341,24.218104166049702,1.357203368284578,0.6197494473102432,22.10759027266028,1.694915254237288,0.1303780964797914,0.9315068493150684,198.96831245394253,0.9290123456790124,12.091988927431547
E01015502,E02003233,1063205428.3870969,24.21854137557221,13.070951369605169,0.6407147415443523,16.14550095724314,0.019144863,0.3225806451612903,0.9315068493150684,172.3037651563497,0.9290123456790124,12.279327754099118
E01015503,E02003233,603355844.5011699,24.219776164499976,-4.326831233,0.6491904394757132,15.265998457979954,3.623747108712413,0.14890448840672196,0.9315068493150684,208.1727062451812,0.9290123456790124,13.49526183116618
E01015504,E02003229,1252495495.2380953,24.16555008303969,18.49835883402084,0.7091633466135459,28.764940239043824,0.099601594,0.3968253968253968,1.0,91.63346613545816,0.8854166666666667,11.95576984823519
E01015505,E02003229,646208280.0000001,24.218458057397722,15.164785265564102,0.732728542,20.865317515701324,0.0348918353105373,0.19607843137254902,1.0,80.25122121423587,0.8854166666666667,11.853254540132856
E01015506,E02003218,5578978333.333333,24.217610220459896,15.65754985116375,0.6626586506346025,14.228456913827657,0.1336005344021376,0.4975124378109453,1.0,70.14028056112224,0.8582230623818525,11.25462094856243
E01015507,E02003218,1061805783.2258065,24.217224069238956,14.474061242530285,0.6451219512195122,10.48780487804878,0.0182926829268292,0.16129032258064516,1.0,64.02439024390245,0.8582230623818525,12.23579810055104
E01015508,E02003221,270899493.79310346,24.170848629580114,17.722217149585173,0.6623292127521145,13.337670787247886,0.07482108,0.3448275862068966,0.9555555555555555,217.957059206246,0.918646694,10.958271369195964
E01015509,E02003221,2791782669.847762,24.21871650012291,4.861870190697713,0.6978947368421052,16.94736842105263,2.3157894736842106,0.20449897750511248,0.9555555555555555,176.3157894736842,0.918646694,11.986318797221353
E01015510,E02003221,5702690809.635723,24.218115229895872,8.152353117666598,0.6996450754214729,15.794143744454304,0.3771073646850044,0.5875440658049353,0.9555555555555555,148.62466725820764,0.918646694,10.704719915827976
E01015511,E02003221,3433521175.0,24.218182065671886,15.071439985694424,0.6910695742471443,15.939771547248183,0.049325026,0.46875,0.9555555555555555,173.93561786085152,0.918646694,11.477363188411577
E01015512,E02006849,1114383913.4920635,24.253243936153794,9.766445573217606,0.6910519951632407,28.89963724304716,0.075574365,0.3968253968253968,0.9655172413793104,145.10278113663847,0.8961111111111111,11.398378437786077
E01015513,E02003215,2819458206.5789475,24.305838043532187,-29.52726288,0.7137123745819398,22.47491638795987,0.050167224,0.4605263157894737,0.9629629628888888,76.92307692307693,0.8834019204389575,11.585689439125026
E01015514,E02003215,4290555108.3333335,24.21803486625338,1.3649617141358996,0.531404959,15.950413223140496,0.078512397,0.46875,0.9629629628888888,95.04132231,0.8834019204389575,11.155211635712307
E01015515,E02003215,4117163285.625,24.217871781818932,15.27645720863639,0.6228253305497564,21.99025748086291,0.0104384133611691,0.3125,0.9629629628888888,80.02783576896312,0.8834019204389575,12.766262554340948
E01015516,E02003215,636738969.2015209,24.21831828816237,2.6045877695850903,0.5327174749807544,19.01462663587375,0.4041570438799076,0.5703422053231939,0.9629629628888888,88.52963818321787,0.8834019204389575,10.784872287561706
E01015517,E02003215,972186084.3939394,24.19156535029302,19.149689983454746,0.5516201959306707,17.935192162773173,0.0489826676714393,0.5303030303030303,0.9629629628888888,86.66164280331574,0.8834019204389575,11.617710199513304
E01015518,E02006849,430266838.2417582,24.390775634780827,-5.140117205,0.7159559834938102,25.378266850068776,0.061898211829436,0.43956043956043955,0.9655172413793104,165.06189821182943,0.8961111111111111,11.456835891481573
E01015519,E02003212,5285102905.960265,24.21818092749783,-19.58446544,0.5685111989459816,19.16996047,0.098814229,0.4966887417218543,1.0,177.86561264822134,0.9120685311161502,11.585627449185973
E01015520,E02003212,5504375093.178037,24.217932046012105,9.533992751125195,0.5853658536585366,29.192073170731707,0.4573170731707317,0.49916805324459235,1.0,205.7926829268293,0.9120685311161502,11.272606083305911
E01015521,E02003212,5676082545.212766,24.262944117058094,-7.27580106,0.5843568196509373,25.46864899806076,0.24240465416936,0.19946808510638298,1.0,174.5313510019392,0.9120685311161502,12.43350963350711
E01015522,E02003212,2744382662.5,24.217298346512504,16.09389468878508,0.6160305343511451,22.748091603053435,0.0267175572519083,0.5555555555555556,1.0,206.10687022900763,0.9120685311161502,12.179587123065597
E01015523,E02003212,5828690347.826087,24.218370043898684,8.206837445,0.5529340592861464,30.67150635208712,0.1663641863278886,0.2717391304347826,1.0,163.3393829401089,0.9120685311161502,11.247361815196118
E01015524,E02003212,72270091736.36363,24.19532244167518,8.928744767857959,0.6278229448961157,16.982836495031616,0.009033424,0.45454545454545453,1.0,243.90243902439025,0.9120685311161502,13.117754774087144
E01015525,E02006847,2447148092.6829267,24.217383796526523,11.59840198804397,0.6664495114006515,22.34527687296417,0.0260586319218241,0.24390243902439024,0.9777777777777779,143.3224755700326,0.8730864197530864,12.131623846070656
E01015526,E02003217,2033184057.7464788,24.307951851909273,-20.30899058,0.6788931788931789,19.305019305019304,0.045045045,0.28169014084507044,1.0000000003333331,77.22007722007721,0.8666666666666667,11.772766769228722
E01015527,E02003218,176125554.7074468,24.223149640397292,13.062573057568937,0.6189931350114416,14.530892448512589,0.2145308924485126,0.19946808510638298,1.0,60.068649885583525,0.8582230623818525,11.223726687346886
E01015528,E02003217,3008222618.4210525,24.217688355949093,15.526368323371614,0.6381039197812215,16.226071103008206,0.0341841385597082,0.32894736842105265,1.0000000003333331,54.69462169553328,0.8666666666666667,11.73436890524765
E01015529,E02003217,4570802394.422311,24.217727284761448,16.039996713492382,0.6278935185185185,15.104166666666666,0.1446759259259259,0.5976095617529881,1.0000000003333331,69.44444444444444,0.8666666666666667,10.967387616194118
E01015530,E02003217,1390332430.7692308,24.21731046731083,16.025379709961435,0.6270022883295194,14.324942791762012,0.160183066361556,0.42735042735042733,1.0000000003333331,54.919908466819216,0.8666666666666667,10.9897549074815
E01015532,E02003232,5159657692.708333,24.218768250420858,3.322324627039976,0.691853601,33.88429752066116,0.3394332939787485,0.390625,0.9701492540597015,174.14403778040142,0.9048442906574394,10.686935350395911
E01015533,E02003235,3023505667.4603176,24.217890271320314,-20.60660138,0.5751633986928104,32.61437908496732,0.081699346,0.3968253968253968,0.9887640449438202,261.43790849673206,0.9056937255397046,11.400081462185671
E01015534,E02003235,5744391042.464613,24.218536778992966,9.472640529591882,0.6536312849162011,32.05844434894714,0.5156854318865493,0.4163197335553705,0.9887640449438202,171.89514396218306,0.9056937255397046,11.128685990811697
E01015535,E02003235,1679150834.1880343,24.219232988205473,10.309568479515685,0.6059397163120568,29.07801418439716,0.1551418439716312,0.3561253561253561,0.9887640449438202,177.3049645390071,0.9056937255397046,13.828498279758229
E01015537,E02003231,319605689.4029851,24.19275630070892,15.744995214148329,0.6644951140065146,12.160694896851249,0.1085776330076004,0.373134328358209,0.9565217391304348,57.00325732899022,0.875,11.373387497510816
E01015538,E02003231,3261086887.3239436,24.180198519891064,-2.868041581,0.6482067510548524,12.81645569620253,0.036919831,0.4225352112676056,0.9565217391304348,55.37974683544304,0.875,11.958715987180142
E01015539,E02003231,4320341723.125,24.266041880213322,11.658549712239353,0.6615293420272673,13.455838767042088,0.008891523,0.3125,0.9565217391304348,62.24066390041494,0.875,12.92570189356123
E01015540,E02003231,2877143568.75,24.23529825512404,-17.84791992,0.6864,13.173333333333334,0.0506666666666666,0.5208333333333334,0.9565217391304348,56.0,0.875,11.858610397248643
E01015541,E02003231,2940745879.710145,24.2177160799778,-2.128013046,0.6370839936608558,12.466983623877445,0.1452720549392498,0.36231884057971014,0.9565217391304348,55.467511885895405,0.875,10.900320447754648
E01015542,E02003231,2309308676.0869565,24.21855851774413,8.598009606,0.63081761,11.572327044025158,0.028301887,0.21739130434782608,0.9565217391304348,66.03773585,0.875,11.688193500363404
E01015543,E02003214,632050139.800995,24.174235845432047,16.862481561220626,0.6268852459016393,13.114754098360656,0.1311475409836065,0.373134328358209,1.0,39.34426229508197,0.8533333333333333,11.08246557362274
E01015544,E02003214,20728741612.5,24.217263760419364,14.647046267847186,0.6195230171935663,9.927897948,0.008319468,0.3125,1.0,33.277870216306155,0.8533333333333333,13.017745548849112
E01015545,E02003214,8120316708.333333,24.217381670237227,15.577654935122837,0.6015756893640968,9.229037703995498,0.0196961170512099,0.4166666666666667,1.0,33.76477208778841,0.8533333333333333,12.25568356122628
E01015546,E02003214,10010925962.5,24.17853974344609,16.40111769876891,0.618230563,8.686327078,0.008042895,0.3125,1.0,32.17158177,0.8533333333333333,13.028787226635616
E01015547,E02003219,147673289.21384826,24.218655130384203,6.3845324647058135,0.6255616575137294,33.74937593609585,3.99400898652022,0.3749531308586427,0.9606741573033708,381.9271093,0.9216639313218028,10.584109746910537
E01015548,E02003219,4442591425.531915,24.218613704439825,0.5379503461897941,0.62951235,37.49208359721343,0.2374920835972134,0.39893617021276595,0.9606741573033708,484.4838505383154,0.9216639313218028,13.644356412862216
E01015549,E02003220,2172711770.988007,24.218949431196634,2.359925909925879,0.6408268733850129,16.795865633074936,0.9043927648578812,0.2855511136493432,0.9444444444444443,173.1266149870801,0.9091358024691358,12.474575721187843
E01015550,E02003220,2225102480.769231,24.21818010801171,13.81669298891113,0.6121266161390995,15.06910387873384,0.3009362460989745,0.2588757396449704,0.9444444444444443,149.3535443602318,0.9091358024691358,11.16687483498519
E01015551,E02003220,481448818.43317974,24.217422646073548,-2.821777097,0.6054711246200608,19.51367781155015,0.3951367781155015,0.38402457757296465,0.9444444444444443,203.64741641337383,0.9091358024691358,13.464972022426036
E01015552,E02003220,1598551059.5675235,24.218525962536663,7.475863899376263,0.6530348687042618,19.845027981058973,1.0546706844597504,0.1835985312117503,0.9444444444444443,144.21007318123117,0.9091358024691358,11.231555132195725
E01015553,E02003220,1838948464.7727273,24.21746141817842,15.92481382164399,0.6662116040955631,23.890784982935152,0.1194539249146757,0.2840909090909091,0.9444444444444443,228.66894197952217,0.9091358024691358,11.047726275896393
E01015554,E02003220,1890836968.8741722,24.241793523086542,-19.81036924,0.5956204379562043,19.05109489051095,0.1094890510948905,0.4966887417218543,0.9444444444444443,244.52554744525548,0.9091358024691358,11.227210345686006
E01015555,E02003216,2288815615.909091,24.21807441902503,3.2731095092975404,0.5901302261823167,17.683344756682658,0.119945167923235,0.42613636363636365,0.9795918367346939,147.36120630568882,0.895427795,11.116887920261622
E01015556,E02003216,3022220291.0299006,24.218853377778213,8.738948939901382,0.6399190829399866,19.217801753202966,0.2022926500337154,0.33222591362126247,0.9795918367346939,144.97639919082943,0.895427795,11.31493377037116
E01015557,E02003216,3219034259.259259,24.21853649075792,4.723781866036648,0.6122004357298475,20.20697167755992,0.1906318082788671,0.42735042735042733,0.9795918367346939,117.10239651416124,0.895427795,11.146791640825246
E01015558,E02003216,1132042556.3953488,24.218642434295823,16.18261231492421,0.585603113,10.959792477302203,0.055123217,0.5813953488372093,0.9795918367346939,139.42931258106356,0.895427795,11.460527535930606
E01015559,E02003216,3050098440.3409095,24.218089247116815,-1.571350842,0.6176271186440678,17.423728813559322,0.1186440677966101,0.42613636363636365,0.9795918367346939,145.76271186440678,0.895427795,11.109302230998562
E01015560,E02003216,3014219769.230769,24.21886274998936,0.4498639900254582,0.6773749426342359,20.972923359339145,0.1606241395135383,0.3561253561253561,0.9795918367346939,98.66911427260212,0.895427795,10.99009232436567
E01015561,E02003225,3247451050.8280983,24.2185278740087,10.60345737797604,0.6672897196261682,28.59813084112149,1.0903426791277258,0.2855511136493432,0.9404761904761905,202.49221183800623,0.9183673469387756,11.87706349070528
E01015562,E02003222,1009132075.221239,24.217322405697896,15.998386488267894,0.7126038781163435,25.96952908587258,0.1558171745152354,0.5530973451327433,1.0000000004516127,96.95290858725762,0.8888888888888888,11.336412339862108
E01015563,E02003222,3591994745.054945,24.217613272504774,15.454540584380648,0.6792582417582418,30.013736263736263,0.0618131868131868,0.43956043956043955,1.0000000004516127,96.15384615384616,0.8888888888888888,11.496467438256657
E01015564,E02003225,88153767.84296428,24.219309102189534,13.886354774082047,0.6631853785900783,26.631853785900784,4.438642297650131,0.11762976032936333,0.9404761904761905,212.14099216710184,0.9183673469387756,10.519776716064545
E01015565,E02003222,2778743273.8636365,24.21771796263315,14.755827029984104,0.6789951151430565,25.819958129797627,0.1221214235868806,0.42613636363636365,1.0000000004516127,97.69713886950454,0.8888888888888888,11.379372847630668
E01015566,E02003222,860155371.5231788,24.217740356850364,14.79476896636663,0.6921119592875318,26.78117048346056,0.095419847,0.4966887417218543,1.0000000004516127,89.05852417302799,0.8888888888888888,11.28937766529199
E01015567,E02003225,762208108.478803,24.218860566181018,12.267265817379384,0.6500593119810202,21.41162514827996,0.2372479240806643,0.43640897755610975,0.9404761904761905,192.7639383155397,0.9183673469387756,11.409518595258351
E01015568,E02003225,1438685193.1548626,24.2190536328074,-5.373586371,0.7068764568764568,23.484848484848484,1.719114219114219,0.23720772619451033,0.9404761904761905,189.3939393939394,0.9183673469387756,12.081607919643128
E01015569,E02003233,2073018593.8748336,24.217704298118658,13.84560663336901,0.6312154696132597,16.22928177,0.5179558011049724,0.6657789613848203,0.9315068493150684,186.46408839779005,0.9290123456790124,10.410977619512616
E01015570,E02003233,1923760798.013245,24.217579152846202,16.167012169859355,0.6726361031518625,15.04297994269341,0.1074498567335243,0.4966887417218543,0.9315068493150684,193.40974212034385,0.9290123456790124,12.02039145146976
E01015571,E02003233,642637851.981982,24.297474927974104,7.848459442350679,0.5705368289637952,16.853932584269664,0.06866417,0.3153153153153153,0.9315068493150684,168.53932584269663,0.9290123456790124,11.346238502991929
E01015572,E02003227,4180826358.3333335,24.218093754691722,6.475825686,0.674690007,9.919766593727209,0.1130561633843909,0.19230769230769232,0.9375,43.76367615,0.8984375,11.214011083292794
E01015573,E02003227,1486332511.4713216,24.21866163763584,14.46162358091514,0.6683291770573566,14.297589359933498,0.1662510390689942,0.3740648379052369,0.9375,24.93765586034913,0.8984375,11.43150931455586
E01015574,E02003228,2566608165.1741295,24.218666097126494,-3.864553787,0.6384284837323512,22.5291589932474,0.1227747084100675,0.373134328358209,0.9400000000000001,125.84407612031924,0.912,11.378204794005915
E01015575,E02003227,765517297.6525822,24.21803928300655,16.189495350735733,0.6382505559673832,9.785025945144552,0.3150481838398813,0.4107981220657277,0.9375,44.47739065974796,0.8984375,11.19153411444626
E01015576,E02003228,717428904.4247788,24.217222641360017,16.54231750542762,0.596130593,23.39782345828295,0.1360338573155985,0.33185840707964603,0.9400000000000001,123.94195888754535,0.912,12.710547814440533
E01015578,E02003223,1135792337.3006427,24.218664853324977,3.847825982,0.7516805061289047,21.352313167259787,1.660735469,0.16662699357295882,0.9506172839506173,219.45432977461445,0.9096174363664076,10.785542686799689
E01015579,E02003223,1216980157.6687117,24.218097609638658,26.27367957596826,0.6837262794709603,19.03392754456584,0.1868890166762507,0.3834355828220859,0.9506172839506173,319.1489361702128,0.9096174363664076,11.302368712657668
E01015580,E02003218,1291911520.9803922,24.21806720979145,14.400169668779505,0.6303962152572442,15.90774689532821,0.029568303,0.39215686274509803,1.0,62.09343583678297,0.8582230623818525,12.266796085993295
E01015581,E02003223,5035844606.682452,24.2236389563259,-12.92171983,0.6431273644388399,20.239596469104665,2.3959646910466583,0.2104709287029729,0.9506172839506173,349.93694829760403,0.9096174363664076,10.979718787358342
E01015582,E02003223,265076157.34348965,24.218273995506333,-0.858153387,0.662795891,24.38588655649844,1.8758374274229568,0.16662699357295882,0.9506172839506173,247.8785171951764,0.9096174363664076,10.119608407100763
E01015584,E02003236,645841673.4219269,24.217699970983478,15.518401250818048,0.5194621372965322,21.797593772116063,0.2123142250530785,0.4152823920265781,0.9811320754716981,318.4713375796178,0.9049483802064792,10.675777035526446
E01015585,E02003236,1751846478.450968,24.218652703426365,4.316396334872879,0.6323060573857598,19.16400991852639,0.5667729365922777,0.4372267332916927,0.9811320754716981,159.4048884165781,0.9049483802064792,10.673271647634778
E01015586,E02003236,731763936.8604652,24.17216864485296,17.68627774813206,0.497787611,23.00884955752212,0.062684366,0.5813953488372093,0.9811320754716981,331.85840707964604,0.9049483802064792,11.520670103569108
E01015587,E02003236,3935199553.99061,24.21781731322203,14.528667198615132,0.5761802575107297,22.90772532188841,0.2280042918454935,0.528169014084507,0.9811320754716981,241.41630901287556,0.9049483802064792,11.054298754806654
E01015588,E02003236,4665271358.565737,24.218122059369442,15.82860787906293,0.5905466970387244,28.18906605922552,0.1423690205011389,0.398406374501992,0.9811320754716981,256.26423690205013,0.9049483802064792,11.013583649145524
E01016180,E02003356,1050042664.084507,24.192394097345232,18.55388192358729,0.6154411764705883,29.411764705882355,0.3125,0.2934272300469484,0.9682539678888888,213.23529411764704,0.8899408284023669,11.18691583332557
E01016181,E02003356,932127944.4063927,24.192627635764197,11.242075807860576,0.5998988366211432,29.84319676277188,0.4425897824987355,0.1997716894977169,0.9682539678888888,146.68689934243804,0.8899408284023669,11.145034798070588
E01016182,E02003356,2283358124.233129,24.19239461122388,12.42774528690212,0.6565916398713826,35.88424437299035,0.2090032154340836,0.3834355828220859,0.9682539678888888,186.4951768488746,0.8899408284023669,11.24620472482776
E01016183,E02003356,1916220459.4339623,24.19222540630145,11.548286188434162,0.6443949517446177,33.11061618411284,0.077951002,0.2830188679245283,0.9682539678888888,215.29324424647365,0.8899408284023669,11.409162085908882
E01016185,E02003353,1585748165.3944018,24.192743022443196,8.602710721055196,0.6602972399150743,36.30573248407643,1.94621373,0.1817520901490367,0.9797297297297297,491.861288,0.9068444444444445,12.028153927455868
E01016187,E02003353,1280785341.444867,24.192505244705284,1.9207868825484649,0.6070983810709838,40.72229140722292,0.3268991282689912,0.5703422053231939,0.9797297297297297,432.7521793275218,0.9068444444444445,10.888612032126607
E01016188,E02003353,142902458.68263474,24.301131768921692,4.454807509672048,0.6669175762137749,23.560406473466315,0.1881821603312006,0.2994011976047904,0.9797297297297297,261.57320286036884,0.9068444444444445,10.871440510734075
E01016190,E02003354,657825920.7986689,24.192502519889704,5.867020996384324,0.6048689138576779,28.15230961298377,0.3745318352059925,0.16638935108153077,0.9710144928695652,196.6292134831461,0.8638895076854534,12.625279567594836
E01016191,E02003357,1276686932.1052632,24.19261617732085,16.744760651188034,0.6484601975595584,24.57873329459616,0.043579314,0.32894736842105265,0.9701492537313432,162.69610691458456,0.900423257,11.89646983750715
E01016192,E02003365,1982471344.389027,24.19532244167518,8.928744767857959,0.6644640234948604,25.91776798825257,0.2936857562408223,0.43640897755610975,0.9818181818181817,165.19823788546256,0.8979591836734694,10.827964684213782
E01016193,E02003366,25644226099.999996,24.19532244167518,8.928744767857959,0.7199017199017199,22.44062244062244,0.024570025,0.16129032258064516,0.98,159.7051597051597,0.8872,12.52355984910535
E01016194,E02003365,5264708669.536423,24.19532244167518,8.928744767857959,0.552892562,33.88429752066116,0.1239669421487603,0.4966887417218543,0.9818181818181817,185.9504132231405,0.8979591836734694,11.252179556923933
E01016195,E02003365,13032311624.590162,24.19532244167518,8.928744767857959,0.6896551724137931,23.88561816652649,0.0504625735912531,0.32786885245901637,0.9818181818181817,189.2346509671993,0.8979591836734694,11.925483139039969
E01016196,E02003366,441405335.424764,24.19532244167518,8.928744767857959,0.7542262678803641,28.95535327264846,0.7802340702210663,0.555247084952804,0.98,84.52535760728217,0.8872,11.585389785481064
E01016197,E02003366,4516880733.522727,24.19532244167518,8.928744767857959,0.6445698166431594,21.15655853314528,0.1234132581100141,0.42613636363636365,0.98,137.51763046544428,0.8872,11.224494540770385
E01016198,E02003366,3167215175.697211,24.19532244167518,8.928744767857959,0.6394439617723718,24.41355343179844,0.2172024326672458,0.398406374501992,0.98,169.41789748045178,0.8872,12.921365295023596
E01016199,E02003366,6309293723.015872,24.19532244167518,8.928744767857959,0.6482758620689655,33.01724137931035,0.1077586206896551,0.3968253968253968,0.98,168.10344827586206,0.8872,11.64410283906595
E01016200,E02003359,618179956.039604,24.164263500350035,18.33695112960769,0.7225563909774436,29.32330827067669,0.07518797,0.24752475247524752,0.9999999999999999,116.54135338345864,0.8631772268135904,11.936629887534313
E01016201,E02003359,4017310596.694215,24.192491184577214,17.01298616066905,0.726568552,27.73044151820294,0.092951201,0.371900826446281,0.9999999999999999,120.06196746707978,0.8631772268135904,11.399207904060908
E01016202,E02003359,17281978458.69565,24.19532244167518,8.928744767857959,0.799835255,31.713344316309723,0.037067545,0.21739130434782608,0.9999999999999999,127.67710049423394,0.8631772268135904,12.097874156014104
E01016203,E02003359,1811617021.590909,24.192441544360218,18.745921613680807,0.6653846153846154,20.923076923076923,0.1346153846153846,0.42613636363636365,0.9999999999999999,119.23076923076924,0.8631772268135904,11.39060769866135
E01016204,E02003359,867299980.0,24.16441441108275,18.400957416704728,0.6705882352941176,22.268907563025213,0.0294117647058823,0.2777777777777778,0.9999999999999999,130.25210084033614,0.8631772268135904,12.080191101730922
E01016205,E02003361,2052578807.4074075,24.193099186266256,14.281014351673402,0.6591251885369532,22.09653092006033,0.060331825,0.43209876543209874,1.0000000002857143,120.66365007541478,0.8788927335640139,12.451226190036492
E01016206,E02003363,4286754588.719154,24.193231586972132,14.687684376433246,0.5589818893783651,37.54282917278512,0.4160548213411649,0.2937720329024677,0.9868421056315789,166.42192853646597,0.8925619834710744,10.790721367967697
E01016207,E02003364,225220090.9090909,24.193459921052625,5.805777433,0.7078159240321402,21.47552958363769,4.382761139517896,0.16665277893508873,0.9791666666666666,78.52447042,0.8967999999999999,9.464135978845384
E01016208,E02003363,2673460148.061105,24.19310748030263,17.027730254618223,0.628051487,32.31247225920994,0.3772747447847314,0.4112808460634548,0.9868421056315789,150.9098979138926,0.8925619834710744,11.15279666416921
E01016209,E02003358,616204391.4631802,24.286762912871055,5.529358601642096,0.6311258278145695,22.317880794701985,3.443708609271523,0.13458950201884254,0.9448818897637796,268.2119205298013,0.9038378076756154,11.707158490020454
E01016210,E02003360,5475653840.79602,24.192512640595854,17.48317311544589,0.6324324324324324,20.07722007722008,0.1544401544401544,0.373134328358209,0.925,250.96525096525096,0.8972921006248998,11.258497623616252
E01016212,E02003362,678756484.3478261,24.16441437905487,18.55644374939233,0.6333841463414634,19.35975609756097,0.03429878,0.21739130434782608,1.0,91.46341463414636,0.8609467455621301,11.990958577020724
E01016213,E02003360,1295551133.7028825,24.192160239586023,16.231560304945745,0.6353543979504697,21.69086251067464,0.3842869342442357,0.4434589800443459,0.925,277.5405636208369,0.8972921006248998,11.281790343733055
E01016214,E02003360,575520315.8730159,24.313919813178575,8.312265362714271,0.5682310469314079,30.03610108303249,0.090252708,0.3968253968253968,0.925,234.65703971119132,0.8972921006248998,11.423361742607485
E01016215,E02003360,2560408906.153846,24.228382169140495,14.48667794449007,0.6672091131000814,17.493897477624085,0.020341741,0.19230769230769232,0.925,264.44263628966644,0.8972921006248998,12.45246777163835
E01016216,E02003362,635805619.4059407,24.192376781037655,18.763506030400467,0.6453089244851259,21.43401983218917,0.076277651,0.24752475247524752,1.0,91.53318077803203,0.8609467455621301,11.51253538890045
E01016217,E02003361,635516701.8726592,24.192378789869288,-16.88504912,0.6742147552958364,25.785244704163624,0.5843681519357194,0.6242197253433208,1.0000000002857143,116.8736303871439,0.8788927335640139,10.479250836523088
E01016218,E02003361,3809129196.3190184,24.19273139408679,13.520150322698584,0.6772525849335302,20.38404726735598,0.2400295420974889,0.4601226993865031,1.0000000002857143,118.16838995568683,0.8788927335640139,11.09228385100792
E01016219,E02003362,1107303497.5124378,24.192398379659224,18.53777247851636,0.5908028059236166,27.82540919719408,0.1558846453624318,0.4975124378109453,1.0,93.53078721745908,0.8609467455621301,11.007435580793755
E01016220,E02003362,14195910876.785711,24.19532244167518,8.928744767857959,0.7049754730203224,25.78836720392432,0.038542397,0.26785714285714285,1.0,84.09250175192712,0.8609467455621301,11.80043320404501
E01016221,E02003362,13032311624.590162,24.19532244167518,8.928744767857959,0.6666666666666666,25.76489533011272,0.048309179,0.16393442622950818,1.0,96.61835748792272,0.8609467455621301,11.79861304975316
E01016222,E02003356,606733731.6981132,24.193892503595514,18.49310493135996,0.6601694915254237,42.03389830508474,0.088983051,0.2830188679245283,0.9682539678888888,245.7627118644068,0.8899408284023669,11.22627206959792
E01016223,E02003357,15753376410.596027,24.24154177746832,13.737080716877784,0.6960705693664796,24.21812349639134,0.1202886928628708,0.4966887417218543,0.9701492537313432,224.53889334402567,0.900423257,11.073401896325109
E01016224,E02003357,792049688.5572139,24.192864901898208,18.631898686378086,0.6875852660300137,25.32969531605276,0.090950432,0.4975124378109453,0.9701492537313432,127.3306048203729,0.900423257,11.41140202276584
E01016226,E02003357,1687651466.2234042,24.193219030741393,7.995554002196262,0.6558109833971902,24.521072796934863,0.239463601532567,0.598404255319149,0.9701492537313432,178.79948914431674,0.900423257,11.121259706373497
E01016227,E02003365,3955079647.263681,24.19532244167518,8.928744767857959,0.6198920585967618,33.61603700848111,0.1542020046260601,0.373134328358209,0.9818181818181817,173.47725520431763,0.8979591836734694,11.310270580083335
E01016228,E02003365,611046125.3651037,24.19532244167518,8.928744767857959,0.6082872928176796,30.27624309392265,0.7182320441988951,0.4611837048424289,0.9818181818181817,124.30939226519337,0.8979591836734694,10.827979943282246
E01016229,E02003363,7871000090.099009,24.19532244167518,8.928744767857959,0.5713073005093379,30.98471986417657,0.084889643,0.49504950495049505,0.9868421056315789,288.6247877758913,0.8925619834710744,11.631605875642965
E01016230,E02003363,170215786.64169788,24.257274285056305,11.05829498151349,0.628140704,24.824120603015075,0.4020100502512563,0.37453183520599254,0.9868421056315789,170.8542713567839,0.8925619834710744,10.851344778626704
E01016231,E02003361,2874156133.3333335,24.192607474420846,18.82163793993045,0.6886075949367089,24.0,0.055696203,0.3153153153153153,1.0000000002857143,81.01265823,0.8788927335640139,11.686963566053942
E01016232,E02003361,747425775.3846153,24.24985788714081,9.106888337133244,0.6481099656357389,23.436426116838486,0.0618556701030927,0.16483516483516483,1.0000000002857143,109.9656357388316,0.8788927335640139,11.608446733604849
E01016233,E02003358,1041951668.1551117,24.19250591423026,7.207246956661487,0.6990654205607477,23.252336448598133,0.3177570093457944,0.5287896592244419,0.9448818897637796,151.40186915887853,0.9038378076756154,10.913908088701064
E01016234,E02003364,15587666845.098038,24.19532244167518,8.928744767857959,0.6427145708582834,29.44111776447106,0.0499002,0.19607843137254902,0.9791666666666666,214.57085828343315,0.8967999999999999,11.740546975244024
E01016235,E02003364,25644226099.999996,24.19532244167518,8.928744767857959,0.6564019448946515,31.118314424635336,0.0243111831442463,0.16129032258064516,0.9791666666666666,174.23014586709886,0.8967999999999999,12.349744326212376
E01016236,E02003364,3517570836.725663,24.19532244167518,8.928744767857959,0.6682892906815021,20.723226703755216,0.1564673157162726,0.5530973451327433,0.9791666666666666,149.51321279554938,0.8967999999999999,11.287291314687703
E01016237,E02003364,4516880733.522727,24.19532244167518,8.928744767857959,0.6476964769647696,28.72628726287263,0.1580849141824751,0.42613636363636365,0.9791666666666666,194.2186088527552,0.8967999999999999,11.30791473022698
E01016238,E02003354,1083391865.0872817,24.192744361174345,4.503177485828531,0.6517954298150164,27.20348204570185,0.2176278563656148,0.43640897755610975,0.9710144928695652,171.38193688792165,0.8638895076854534,13.03074357975554
E01016239,E02003355,1368654917.2413793,24.192613592925536,18.76165349355733,0.6354300385109114,19.83311938382542,0.07381258,0.3448275862068966,0.8942307692307692,250.32092426187415,0.9022528042228296,11.354603852507427
E01016240,E02003355,180788142.7960057,24.18083640901349,19.09867576837728,0.6751740139211136,19.489559164733176,0.4060324825986079,0.14265335235378032,0.8942307692307692,226.21809744779583,0.9022528042228296,11.57132509231288
E01016241,E02003355,2266229179.20354,24.192396230718494,18.74937062266807,0.6526374859708193,17.17171717171717,0.1262626262626262,0.5530973451327433,0.8942307692307692,218.85521885521885,0.9022528042228296,12.706298624350886
E01016242,E02003355,1895360033.6806653,24.19390593764116,9.836831856434111,0.7456769295655842,24.16701813580768,4.006748207507381,0.15787811809283234,0.8942307692307692,164.48755799240828,0.9022528042228296,11.789901883226078
E01016243,E02003354,164837577.4563591,24.22128541477012,15.357868662746464,0.71,33.0,0.2857142857142857,0.6234413965087282,0.9710144928695652,225.0,0.8638895076854534,11.025791953461026
E01016245,E02003354,249861281.11553785,24.168722204892,18.287414170461744,0.6749252456215292,34.600598035027765,0.1067919692439128,0.398406374501992,0.9710144928695652,134.55788124733022,0.8638895076854534,11.21819192257168
E01016246,E02003354,472215526.1764706,24.19245376779164,18.76150721146183,0.6893394375408763,36.36363636363637,0.088293002,0.25735294117647056,0.9710144928695652,206.01700457815568,0.8638895076854534,11.392901169566564
E01016247,E02003354,124391738.16733068,24.1643992617818,18.47086263879532,0.6964784795975405,32.42034656232532,0.1397428731134712,0.29880478087649404,0.9710144928695652,176.07602012297374,0.8638895076854534,11.32143802955998
E01016248,E02003358,2730588466.6666665,24.19250233304494,17.942149273232307,0.6540880503144654,20.251572327044027,0.1257861635220125,0.373134328358209,0.9448818897637796,254.71698113207543,0.9038378076756154,11.14686374563683
E01016250,E02003358,421776791.32743365,24.192150504709705,19.00170431528596,0.6552270327349525,24.604012671594507,0.1187961985216473,0.33185840707964603,0.9448818897637796,213.83315733896515,0.9038378076756154,10.982065298128784
E01016252,E02003352,3576089000.0,24.192383461555153,3.6873036207145975,0.6127946127946128,33.1986532,0.2693602693602693,0.3740648379052369,0.986486487,239.05723905723903,0.8924444444444444,11.20403337531354
E01016253,E02003352,1817311600.9433963,24.192147296073703,18.765134803842543,0.7091575091575092,37.50915750915751,0.076923077,0.2830188679245283,0.986486487,260.0732600732601,0.8924444444444444,11.616178475684512
E01016254,E02003377,847770325.687699,24.195458732210724,8.487813287991976,0.5963060686015831,28.034300791556728,8.080474934036939,0.10203248714390661,0.9593908629441623,560.6860158311346,0.91929394959698,11.227740679862354
E01016255,E02003377,2967142727.3795533,24.19492983012701,2.543013478894565,0.606514658,35.11400651465798,0.5537459283387622,0.2937720329024677,0.9593908629441623,553.7459283387623,0.91929394959698,10.89175634284851
E01016256,E02003369,1670107161.9747896,24.19532244167518,8.928744767857959,0.6291936433195998,47.20423778693349,0.279576221,0.36764705882352944,0.9894736842105263,247.20423778693348,0.9006663890045814,10.940391463476807
E01016257,E02003369,2264874669.8005695,24.19532244167518,8.928744767857959,0.6184310738766184,47.98172124904798,0.2665651180502665,0.4985754985754986,0.9894736842105263,319.87814166031984,0.9006663890045814,10.878443340472396
E01016258,E02003371,363895803.514377,24.195044081755753,16.93325143835958,0.5726384364820847,21.30293159609121,0.4071661237785016,0.35942492012779553,0.9705882352941175,97.71986971,0.84765625,10.98215900435756
E01016259,E02003372,566097177.0095793,24.19464044610009,6.798273746214552,0.6402048655569782,22.279129321382843,1.536491677336748,0.3748438150770512,0.9433962264150944,137.6440460947503,0.8921324314702741,11.96027973131018
E01016260,E02003372,1319981145.6953642,24.1954550063395,14.13765812963354,0.5962009803921569,29.47303921568628,0.091911765,0.33112582781456956,0.9433962264150944,131.74019607843138,0.8921324314702741,11.162720024779892
E01016261,E02003371,658057286.5753424,24.193001768982864,18.51462762378057,0.6722119531731362,28.40418977202711,0.089340727,0.3082191780821918,0.9705882352941175,92.42144177449168,0.84765625,11.181365488247945
E01016262,E02003372,1940766431.0756972,24.195453826477383,17.167169629151065,0.5822064056939502,21.99288256227758,0.1779359430604982,0.5976095617529881,0.9433962264150944,153.02491103202848,0.8921324314702741,11.088170498077638
E01016263,E02003373,2498610802.5210085,24.194339306465086,11.976635704121977,0.6453930684699916,34.277261200338124,0.2007607776838546,0.4726890756302521,0.9759036142891566,160.60862214708368,0.8996875,10.91545107788816
E01016264,E02003377,2241734968.601332,24.194352501385506,11.742904703343337,0.607630979,27.44874715261959,0.5979498861047836,0.42816365366317793,0.9593908629441623,484.0546697038724,0.91929394959698,11.011893787049774
E01016265,E02003377,2113804384.3853822,24.194330183373545,-4.461192732,0.6094447989789407,35.60944479897894,0.1914486279514997,0.4152823920265781,0.9593908629441623,542.4377791959157,0.91929394959698,11.164327339351132
E01016266,E02003377,2476074592.0318723,24.19312968557358,9.672960412203398,0.6057761732851985,35.88447653429603,0.1805054151624548,0.398406374501992,0.9593908629441623,613.7184115523465,0.91929394959698,11.153976508853129
E01016267,E02003381,1325708724.714829,24.19517021555159,8.757299834662863,0.6102257636122178,35.45816733067729,0.348605577689243,0.42775665399239543,0.96875,182.60292164674635,0.9040060468631896,11.125763962026094
E01016268,E02003381,1541171379.4701986,24.195038739121145,14.213839979804549,0.6161383285302594,25.302593659942364,0.086455331,0.33112582781456956,0.96875,158.5014409221902,0.9040060468631896,11.484947712210994
E01016269,E02003381,2171076619.4317784,24.301540249134977,-6.462652376,0.6352201257861635,35.01048218,1.9916142557651992,0.2104524728165556,0.96875,192.17330538085253,0.9040060468631896,11.133522249788584
E01016270,E02003381,2586178705.3435116,24.388221475145688,4.506680740439026,0.6199731903485255,30.89812332439678,0.087131367,0.22900763358778625,0.96875,184.3163538873995,0.9040060468631896,12.315379862705514
E01016271,E02003374,636485381.7821782,24.193445345446683,18.54401280339069,0.6545454545454545,21.818181818181817,0.06993007,0.49504950495049505,1.0000000002857143,87.41258741258741,0.8587105624142661,12.173037959397275
E01016272,E02003372,162269983.539823,24.325307070378297,3.889710050217617,0.6238651102464332,34.954604409857325,0.1459143968871595,0.33185840707964603,0.9433962264150944,139.42931258106356,0.8921324314702741,10.835408821937984
E01016273,E02003372,2634326965.6716423,24.19324675692908,14.432142365824449,0.6428988895382817,18.00116890707189,0.1168907071887784,0.373134328358209,0.9433962264150944,125.6575102279369,0.8921324314702741,11.40985122268544
E01016274,E02003374,1326027052.2522523,24.357758029525705,-21.65331398,0.6235212247738344,29.64509394572025,0.076548365,0.3153153153153153,1.0000000002857143,86.98677800974251,0.8587105624142661,12.077728296386011
E01016275,E02003374,9814456902.469133,24.19532244167518,8.928744767857959,0.7033957033957033,28.27442827442828,0.055440055,0.37037037037037035,1.0000000002857143,86.62508662508662,0.8587105624142661,11.69034753887587
E01016276,E02003374,2668298092.4528303,24.27991615815601,8.374096353190605,0.6547131147540983,18.442622950819672,0.0537909836065573,0.2830188679245283,1.0000000002857143,64.03688524590163,0.8587105624142661,11.649959466292806
E01016277,E02003367,988008817.0169144,24.195152357140778,8.237704363545243,0.5927367055771725,31.776913099870296,1.264591439688716,0.35879036391594055,0.9662921348314606,259.4033722438392,0.9072830578512396,10.726908662481852
E01016279,E02003379,1132685001.1933174,24.19565054924999,-2.332322641,0.7076425394257986,22.64456126162556,0.6773150020218358,0.10441527446300716,0.9148936170212766,78.85159725030327,0.8865784499054821,11.760185066626295
E01016280,E02003379,700217256.943057,24.19408636239664,18.676183976262138,0.6352941176470588,22.35294117647059,0.5347593582887701,0.3996003996003996,0.9148936170212766,104.27807486631016,0.8865784499054821,11.879497272986272
E01016281,E02003379,497143871.29909366,24.196949859622148,15.814750614600037,0.6513202437373053,25.186188219363576,0.2234258632362897,0.09063444108761329,0.9148936170212766,132.02437373053485,0.8865784499054821,12.98815525368446
E01016282,E02003379,4564421413.043478,24.194578109138885,3.0538692774770504,0.6802403204272364,28.03738317757009,0.1835781041388518,0.2717391304347826,0.9148936170212766,130.1735648,0.8865784499054821,11.398729057846973
E01016284,E02003373,4281350610.2272725,24.227757990516203,-4.274125575,0.6438661710037175,33.234200743494426,0.1301115241635687,0.42613636363636365,0.9759036142891566,282.5278810408922,0.8996875,11.164394817054838
E01016285,E02003373,3437455059.8802395,24.19468034468773,5.939700486059205,0.6246736292428199,35.83550914,0.3263707571801567,0.3992015968063872,0.9759036142891566,248.04177545691903,0.8996875,10.946217083956563
E01016286,E02003367,973359795.640327,24.195573109702895,6.5267142425207485,0.6083838940981798,29.06784335355764,0.6067291781577496,0.2724795640326976,0.9662921348314606,220.62879205736348,0.9072830578512396,11.229031360615126
E01016287,E02003367,3654974532.150776,24.19546515930596,10.834041297117857,0.6751054852320675,35.16174402250351,0.3164556962025316,0.3325942350332594,0.9662921348314606,281.2939521800281,0.9072830578512396,11.287040659850634
E01016288,E02003367,6224362450.142451,24.192945057171546,11.353682237560491,0.638970158,35.049736688121705,0.2047981275599766,0.2849002849002849,0.9662921348314606,234.05500292568755,0.9072830578512396,11.341301343187377
E01016289,E02003387,1669000014.4736843,24.18230970359363,18.57466714327894,0.5160839160839161,39.58041958041958,0.052447552,0.32894736842105265,0.9852941175882352,223.7762237762238,0.8680795847750865,11.747425618600296
E01016290,E02003387,1914457544.9468086,24.195372288423176,0.766710772,0.5941935483870968,32.25806451612903,0.2419354838709677,0.3324468085106383,0.9852941175882352,206.4516129032258,0.8680795847750865,11.161394411371305
E01016291,E02003387,1982088011.7206984,24.195347074244157,5.725192425154807,0.6243602865916069,33.930399181166834,0.2047082906857728,0.43640897755610975,0.9852941175882352,163.76663254861822,0.8680795847750865,11.10339209268611
E01016292,E02003387,1735854771.681416,24.19502642299716,16.328362738692494,0.6252296387017758,25.597060624617267,0.1377832210655235,0.4424778761061947,0.9852941175882352,195.95835884874464,0.8680795847750865,11.408069760145574
E01016294,E02003386,2227935001.6393447,24.267861029601182,11.530577429656216,0.6537691794529686,30.820547031354234,0.040026684,0.2459016393442623,0.9855072462608696,206.8045363575717,0.8772555134773892,12.088701400076566
E01016295,E02003386,2045542074.1444867,24.25199934618852,6.855795201,0.6864899806076277,14.091790562378796,0.3393665158371041,0.6653992395437263,0.9855072462608696,200.38784744667095,0.8772555134773892,11.54655410639342
E01016296,E02003376,8704560969.581749,24.195681281262523,12.329165221805953,0.6305732484076433,27.38853503184713,0.3343949044585987,0.33269961977186313,0.98,289.8089171974522,0.9134948096885812,11.710862948088772
E01016297,E02003376,4912502312.935324,24.39820014595661,-9.420108375,0.5537190082644629,17.63085399449036,0.1101928374655647,0.4975124378109453,0.98,250.68870523415976,0.9134948096885812,11.459218734270976
E01016298,E02003376,3124418732.8487053,24.195286799843355,0.5430311708507422,0.580226904,31.847649918962723,1.7828200972447326,0.31803725579282144,0.98,368.7196110210697,0.9134948096885812,11.515405115367244
E01016299,E02003376,5576295694.610779,24.19461592818765,10.040489382934004,0.6153846153846154,27.77053455019557,0.3259452411994785,0.3992015968063872,0.98,296.6101694915254,0.9134948096885812,11.0659037175564
E01016300,E02003384,4123845813.6363635,24.19492459561107,9.804163441562638,0.6024340770791075,31.10209601081812,0.1183231913455037,0.42613636363636365,0.9780219780989012,290.7369844,0.8873324477720081,11.4424524169296
E01016301,E02003384,3820331189.081225,24.195262173553346,7.692637783006587,0.5894893406048587,37.18393653941497,0.3718393653941497,0.33288948069241014,0.9780219780989012,213.1879028259792,0.8873324477720081,11.476742001367937
E01016302,E02003384,2835943329.1770573,24.19571230722014,-6.436830794,0.6172028890347997,33.749179251477344,0.262639527,0.3740648379052369,0.9780219780989012,282.33749179251475,0.8873324477720081,11.27350643365596
E01016303,E02003368,5235590664.670659,24.195365441532267,-1.277304773,0.6081460674157303,31.67134831460674,0.351123596,0.2994011976047904,0.9895833333333333,308.9887640449438,0.8910803324099723,11.25318276120769
E01016304,E02003368,4333201899.182561,24.195376263014076,4.110313817709592,0.6181702668360864,28.52604828462516,0.6988564167725541,0.2724795640326976,0.9895833333333333,279.5425667090216,0.8910803324099723,11.491823466584224
E01016305,E02003368,5158499649.727768,24.19535666936997,3.628503344175552,0.6573770491803279,28.36065573770492,0.4508196721311475,0.4537205081669691,0.9895833333333333,360.65573770491807,0.8910803324099723,11.105163630495
E01016306,E02003368,2526263509.090909,24.195237298210937,3.3763729695973645,0.5963235294117647,19.044117647058822,0.1286764705882352,0.42613636363636365,0.9895833333333333,323.5294117647059,0.8910803324099723,11.492091363029791
E01016307,E02003388,8389697256.637168,24.19694012475657,-13.60369901,0.6129032258064516,26.920821114369502,0.1319648093841642,0.4424778761061947,0.9846153846153846,173.02052785923755,0.901367188,11.391998743106344
E01016308,E02003388,5553635906.103287,24.194797856044847,8.152332910540718,0.5882352941176471,38.80375679683638,0.2100840336134453,0.2934272300469484,0.9846153846153846,145.8230350963915,0.901367188,11.416192332071706
E01016309,E02003375,2032556888.9711325,24.19491448375343,8.358417537556138,0.6557645134914145,31.84791496320523,0.5519215044971382,0.25906735751295334,0.9312977099236641,216.6802943581357,0.914485767,11.205406957243378
E01016310,E02003378,3318650738.4351797,24.19528058898251,-17.20443811,0.6107997962302598,28.27305145,0.891492613,0.2855511136493432,0.9444444444444444,188.48700967906265,0.8911967153725395,11.122459448826271
E01016311,E02003378,384071050.7252058,24.19450283969307,16.194462186770128,0.6492581602373887,38.93175074183976,1.513353115727003,0.31360250882007057,0.9444444444444444,219.5845697329377,0.8911967153725395,12.783361646268371
E01016312,E02003386,5160231752.136752,24.22847424754865,-13.57199108,0.6909361069836553,33.43239227340267,0.1733531451213472,0.3561253561253561,0.9855072462608696,153.54135710747897,0.8772555134773892,10.826007414461598
E01016313,E02003369,1134052794.7218258,24.19532244167518,8.928744767857959,0.5957683741648107,31.29175946547884,0.3897550111358575,0.28530670470756064,0.9894736842105263,233.85300668151447,0.9006663890045814,11.251740647538693
E01016314,E02003369,1058549945.5392808,24.19532244167518,8.928744767857959,0.6003775959723097,44.49339207048458,0.4719949653870359,0.33288948069241014,0.9894736842105263,264.3171806167401,0.9006663890045814,11.33384265776011
E01016315,E02003370,1120578714.2450142,24.179324654333346,4.608126266183405,0.6038732394366197,33.21596244131456,0.2053990610328638,0.42735042735042733,1.0,132.04225352112675,0.8646446355817112,11.151846962030698
E01016316,E02003370,3955079647.263681,24.19532244167518,8.928744767857959,0.64,33.10843373493976,0.096385542,0.373134328358209,1.0,108.43373493975903,0.8646446355817112,11.398871716868715
E01016317,E02003370,116709895.94202898,24.19560275754203,18.27549223499165,0.5939553219448095,36.07095926412615,0.1806833114323258,0.4528985507246377,1.0,147.8318002628121,0.8646446355817112,10.487659104927658
E01016318,E02003370,206734127.6821192,24.16422395518577,19.02745592751726,0.600655738,26.36065573770492,0.098360656,0.4966887417218543,1.0,147.54098360655738,0.8646446355817112,11.365905412793722
E01016319,E02003386,5955387505.681818,24.19433910442137,-5.521692349,0.5826226012793176,31.18336886993604,0.093283582,0.42613636363636365,0.9855072462608696,165.24520255863538,0.8772555134773892,11.9209083531892
E01016320,E02003386,1526339559.7014925,24.27681941162131,11.400796079353452,0.6409912926992632,36.16878768,0.1339584728734092,0.373134328358209,0.9855072462608696,207.63563295378432,0.8772555134773892,11.384364556141966
E01016321,E02003387,1860932043.373494,24.196944589165287,-0.570417595,0.620485494,31.97158081705151,0.097690941,0.24096385542168675,0.9852941175882352,189.46121965660157,0.8680795847750865,11.420688225511393
E01016322,E02003387,2103241223.8636363,24.19525127319857,2.295275130664111,0.6008258774948383,37.71507226,0.120440467997247,0.2840909090909091,0.9852941175882352,220.2339986235375,0.8680795847750865,11.019301048524012
E01016323,E02003378,851075957.4144486,24.194339228755968,1.3485128197667275,0.5648379052369077,26.870324189526183,0.3273067331670823,0.33269961977186313,0.9444444444444444,230.67331670822944,0.8911967153725395,10.69352483300026
E01016324,E02003378,264431277.58589348,24.194163497455033,9.603504264876564,0.6302197802197802,22.41758241758242,3.021978021978022,0.09089256498818396,0.9444444444444444,203.2967032967033,0.8911967153725395,12.014710160614646
E01016325,E02003378,2302427583.3333335,24.175783394866464,16.19761575470149,0.6083959899749374,22.99498746867168,0.078320802,0.3968253968253968,0.9444444444444444,231.82957393483707,0.8911967153725395,11.53727655583406
E01016326,E02003384,3108043988.8178916,24.194810206053205,9.629733088208388,0.6285506190823015,38.89293517844137,0.4552075746540422,0.2795527156549521,0.9780219780989012,313.18281136198107,0.8873324477720081,11.32862996122426
E01016327,E02003375,4606128987.220448,24.195484688728364,7.336316305142351,0.6494345718901454,32.956381260096926,0.5048465266558966,0.19968051118210864,0.9312977099236641,428.10985460420034,0.914485767,12.426624842183225
E01016328,E02003375,3940378589.018303,24.194444814333245,12.376275418929287,0.6592233009708738,26.65048543689321,0.2912621359223301,0.16638935108153077,0.9312977099236641,257.28155339805824,0.914485767,11.5475136697346
E01016329,E02003380,1038756912.2580645,24.195277763028056,18.28777396149242,0.7021276595744681,26.41232575201761,0.0220102714600146,0.16129032258064516,1.0,135.73000733675715,0.874479477,12.499367685763753
E01016330,E02003382,718938639.2079208,24.315259906499673,4.223061074363164,0.6563176895306859,22.454873646209386,0.072202166,0.49504950495049505,0.9791666666666666,144.4043321299639,0.9149305555555556,11.947437917686935
E01016331,E02003382,2475965817.4418607,24.260522322074447,-10.11880251,0.6668757841907151,17.94228356336261,0.053324969,0.46511627906976744,0.9791666666666666,125.47051442910916,0.9149305555555556,11.781342415643854
E01016332,E02003382,8346730455.39281,24.19524925460131,3.1385139028877007,0.5554194733619106,21.18799755052052,0.4592774035517452,0.46604527296937415,0.9791666666666666,122.4739742804654,0.9149305555555556,11.044749497865403
E01016333,E02003383,5116162775.568182,24.195566295232386,-2.978698927,0.6791569086651054,32.16237314597971,0.1366120218579235,0.42613636363636365,0.9767441860465116,144.4184231069477,0.8934240362811792,11.537488452434888
E01016334,E02003382,2618754908.5227275,24.195134001467906,15.453501950953015,0.6819262782401903,26.51605231866825,0.1040428061831153,0.2840909090909091,0.9791666666666666,118.90606420927467,0.9149305555555556,11.864112377173582
E01016335,E02003383,1002014547.0588236,24.19492680125614,11.194220586440998,0.6543624161073825,26.308724832214764,0.090604027,0.25735294117647056,0.9767441860465116,124.16107382550337,0.8934240362811792,11.286734218592327
E01016336,E02003382,1870106930.7692308,24.19301453025343,11.052303118252343,0.6114068441064638,14.67680608365019,0.068441065,0.4945054945054945,0.9791666666666666,152.0912547528517,0.9149305555555556,11.779051022964545
E01016337,E02003383,2614220592.013889,24.194695632509745,16.098216806070102,0.6416881998277347,22.22222222222222,0.247631352282515,0.390625,0.9767441860465116,79.67269595176572,0.8934240362811792,11.213266447149811
E01016338,E02003383,2202201446.613546,24.194337456986474,9.777417783769693,0.6544927536231884,30.60869565217391,0.144927536231884,0.49800796812749004,0.9767441860465116,107.2463768115942,0.8934240362811792,11.34966508419479
E01016339,E02003377,1375383693.4694746,24.195174159888026,6.1206482165989575,0.6572295247724975,26.59251769464105,1.584091675092686,0.14890448840672196,0.9593908629441623,286.484664644422,0.91929394959698,11.031657610600796
E01016340,E02003380,4534002274.336283,24.19536402867593,4.597403574673301,0.6391752577319587,20.0785468826706,0.1104565537555228,0.33185840707964603,1.0,90.81983308787431,0.874479477,11.217403854595856
E01016341,E02003380,5228421436.633663,24.194104690673125,31.11203441017373,0.6489197530864198,21.219135802469136,0.077160494,0.49504950495049505,1.0,142.7469135802469,0.874479477,11.680818428445384
E01016342,E02003380,2591007604.601227,24.195148692244857,3.9502754320143576,0.708032708,24.146224146224142,0.1563251563251563,0.3067484662576687,1.0,88.98508898508899,0.874479477,11.774089601287914
E01016343,E02003380,1037676536.6336634,24.194229621807153,8.245164317475686,0.5886681383370125,22.958057395143488,0.073583517,0.24752475247524752,1.0,136.12950699043412,0.874479477,11.612870342496732
E01016344,E02003375,1424058109.75122,24.263901392083476,2.413983087598864,0.6620603015075377,25.0,7.851758793969849,0.27997760179185666,0.9312977099236641,332.91457286432166,0.914485767,11.082385596262442
E01016345,E02003375,980333322.0374658,24.195253679982283,1.6544965900629096,0.6518567639257294,28.116710875331563,3.149867374005305,0.26310250473584507,0.9312977099236641,351.4588859416445,0.914485767,11.690130004766292
E01016346,E02003385,3326772984.2539363,24.19503187441501,2.1854732728555017,0.6868686868686869,28.04515745692217,2.3767082590612003,0.24993751562109473,0.9655172413793103,638.7403446226975,0.9244470868014268,11.120205047180413
E01016348,E02003385,2821733859.535386,24.19504906715358,2.201940188795197,0.7106416899163013,32.12435233160622,0.7373455559984058,0.3241491085899514,0.9655172413793103,428.4575528098844,0.9244470868014268,10.862525516362943
E01016349,E02003371,1185473024.7863247,24.194696440396278,18.34102974867012,0.6255144032921811,26.502057613168724,0.2880658436213992,0.42735042735042733,0.9705882352941175,123.45679012345678,0.84765625,11.278516915434857
E01016350,E02003371,963744538.7878788,24.18284437769632,18.61295144149655,0.6390179163901791,23.689449236894493,0.0431320504313205,0.45454545454545453,0.9705882352941175,99.535500995355,0.84765625,11.852805624284446
E01016353,E02006939,4804646806.25543,24.303051141307144,-41.4315017,0.7896241830065359,27.573529411764707,0.4697712418300653,0.13032145960034752,0.9246376811594202,518.7908496732026,0.8878638941398865,10.773910064591911
E01016355,E02003395,2658623088.5433197,24.195401678286327,1.5072630167993464,0.7898481973434535,45.49335863377609,1.4943074003795067,0.2856236115518883,0.9694656487251908,272.7703984819734,0.925207101,10.979465446331428
E01016356,E02003396,990005570.6467662,24.212792353615264,-5.274007351,0.7593261131167268,27.85800240673887,0.1203369434416365,0.4975124378109453,0.9782608695652173,120.33694344163658,0.9102079395085066,11.281699337462662
E01016357,E02003396,1588815277.607362,24.194886617367743,17.42839600737254,0.7595481441635288,36.14846691769769,0.1748251748251748,0.4601226993865031,0.9782608695652173,107.58472296933836,0.9102079395085066,10.925015253975069
E01016358,E02003395,9292873178.807947,24.195509154302822,5.895372965802352,0.7521448999046711,29.26596758817922,0.071496663,0.4966887417218543,0.9694656487251908,274.0705433746425,0.925207101,11.385482168886185
E01016359,E02003395,1993968062.1206713,24.194961081325648,7.064529584064872,0.7098350641417227,23.549175320708613,0.855222969,0.28561228132809713,0.9694656487251908,175.6261453879047,0.925207101,10.935640746787216
E01016360,E02003395,7519398707.224335,24.19550590985434,14.634526209409144,0.7603305785123967,24.54186130075458,0.1886453467481135,0.42775665399239543,0.9694656487251908,206.61157024793388,0.925207101,10.643996439864129
E01016361,E02003395,6748180088.495575,24.19533724613149,15.379182155376526,0.7221719457013575,26.923076923076923,0.1018099547511312,0.33185840707964603,0.9694656487251908,260.18099547511315,0.925207101,11.134636062884454
E01016362,E02003392,4703181099.894848,24.195397408814138,2.227232835,0.699838623,46.69176976869285,0.5110274341043571,0.47318611987381703,0.9852941176470589,161.37708445400753,0.9044995408631772,10.95638559942616
E01016363,E02003392,1995399003.654485,24.194895983915124,8.285728699493948,0.6921066387872452,24.777835859905903,0.1568217459487715,0.24916943521594684,0.9852941176470589,156.82174594877156,0.9044995408631772,10.923315138207196
E01016364,E02003391,3251461286.4583335,24.19451455624253,9.972850704454672,0.630968622,50.40927694406548,0.3922237380627558,0.6076388888888888,0.9838709674516127,187.58526603001363,0.8728836334318731,10.818092516475534
E01016365,E02003392,3932576711.6564417,24.195539052409163,-1.787516874,0.7217815741305674,52.348993288590606,0.1982916412446613,0.3067484662576687,0.9852941176470589,183.03843807199516,0.9044995408631772,10.947309210188068
E01016366,E02003392,4567358275.362319,24.194949835976992,-6.149901181,0.6918566775244299,41.69381107491857,0.1791530944625407,0.2717391304347826,0.9852941176470589,195.4397394136808,0.9044995408631772,11.094721838077511
E01016367,E02003392,2201527124.1134753,24.195635633018615,-1.386159105,0.7035647279549718,36.14759224515322,0.087554722,0.28368794326241137,0.9852941176470589,187.61726078799248,0.9044995408631772,11.35151012797085
E01016368,E02003405,3630026697.5308642,24.19531325767839,16.31763395790686,0.6895087932080048,14.00848999393572,0.048514251,0.43209876543209874,0.9139072847682118,330.50333535476045,0.9134687075128284,11.627601456538116
E01016369,E02003406,1005676842.0833334,24.194379481269745,18.243337536495595,0.6466450216450217,20.183982683982684,0.051406926,0.20833333333333334,0.8888888888888888,143.3982683982684,0.910136878,11.541369184828875
E01016370,E02003404,1163945237.7880185,24.19539483159665,15.55840832925674,0.8631198347107438,20.66115702479339,0.1678719008264463,0.4608294930875576,0.9729729729729729,41.32231404958678,0.912037037,10.38003940682087
E01016371,E02003404,1053284863.1229236,24.19539430373201,-16.51401474,0.5913793103448276,34.08045977011494,0.1724137931034483,0.33222591362126247,0.9729729729729729,91.95402298850574,0.912037037,10.825912763293672
E01016372,E02003405,632267926.3366337,24.186797132666054,17.942698967322777,0.6787671232876712,14.315068493150685,0.068493151,0.49504950495049505,0.9139072847682118,373.28767123287673,0.9134687075128284,11.38100420395923
E01016373,E02003404,4521893924.302789,24.19506945888034,10.541898415700077,0.6982323232323232,19.57070707070708,0.1578282828282828,0.49800796812749004,0.9729729729729729,101.010101010101,0.912037037,11.166158418169656
E01016374,E02003402,1284051468.2119205,24.195307528312227,17.535429020196506,0.7757313109425785,36.78223185265439,0.081256771,0.4966887417218543,0.9636363636363635,119.1765980498375,0.9044628099173554,11.346961392088922
E01016375,E02003402,1533279537.142857,24.195197204440305,18.13952461383873,0.7547974413646056,23.73845060412225,0.0142146410803127,0.23809523809523808,0.9636363636363635,156.36105188343993,0.9044628099173554,12.451959593874657
E01016376,E02003402,3135603385.7677903,24.195423460073446,16.58102941325246,0.7653113741636645,35.254760679361816,0.4117344312918168,0.24968789013732834,0.9636363636363635,113.2269686052496,0.9044628099173554,11.162282293263216
E01016377,E02003405,2762068512.494321,24.195406692952204,6.715311927001316,0.7118110236220473,22.15223097112861,1.1548556430446195,0.2044525215810995,0.9139072847682118,286.0892388451444,0.9134687075128284,10.77226920838781
E01016379,E02003402,9695766068.421053,24.246056889186793,-17.24667306,0.7855499309710078,39.71468016566958,0.034514496,0.32894736842105265,0.9636363636363635,101.24252185918084,0.9044628099173554,11.778369597156942
E01016380,E02003393,4714740857.3529415,24.194778825859167,18.24027875534196,0.6543859649122807,29.064327485380115,0.078947368,0.25735294117647056,1.000000000090909,143.27485380116957,0.8786776859504133,11.659372580137322
E01016381,E02003394,1480257664.347826,24.250976223060054,10.745445636594807,0.6818757921419518,19.581749049429657,0.0285171102661596,0.21739130434782608,0.9795918367346939,126.7427122940431,0.9096,11.730729452820942
E01016382,E02003394,4062899754.716981,24.194984689933488,5.274324925441754,0.6844732900649027,17.62356465302047,0.4493260109835247,0.33296337402885684,0.9795918367346939,99.85022466300548,0.9096,10.755130720290705
E01016383,E02003393,1067192525.8278146,24.194257133472366,16.719690256851038,0.6516129032258065,23.483870967741936,0.096774194,0.4966887417218543,1.000000000090909,158.06451612903226,0.8786776859504133,11.588536830271456
E01016384,E02003393,2014099117.9104478,24.194350993847458,-6.297865729,0.5859375,33.53794642857143,0.1116071428571428,0.24875621890547264,1.000000000090909,136.71875,0.8786776859504133,10.991729588863048
E01016385,E02003394,3167215175.697211,24.19532244167518,8.928744767857959,0.6310461192350956,23.17210348706412,0.140607424,0.29880478087649404,0.9795918367346939,112.4859392575928,0.9096,10.82227516460887
E01016386,E02003390,940779263.6363636,24.195068620234125,13.295679353191243,0.5387727579231288,52.46122724207687,0.1180040458530006,0.42613636363636365,1.0,209.03573836817264,0.8355029585798817,11.24015452411121
E01016387,E02003390,828145031.4049587,24.195630293543523,13.925467362953109,0.5972584856396866,43.60313315926893,0.078328982,0.371900826446281,1.0,202.34986945169717,0.8355029585798817,11.212396782606474
E01016388,E02003401,1151726548.0798771,24.195088996032,16.93214910106975,0.6901960784313725,30.78431373,0.4248366013071895,0.2304147465437788,0.9636363636363635,137.25490196078434,0.8720661157024794,11.516314331654115
E01016389,E02003401,1375978234.710744,24.17869197254753,-10.36679398,0.655064935,17.142857142857142,0.062337662,0.371900826446281,0.9636363636363635,109.09090909090908,0.8720661157024794,11.3150962841344
E01016390,E02003401,1174663996.768061,24.196418209648947,-1.630716595,0.7201599086236437,42.20445459737293,0.2998286693318104,0.42775665399239543,0.9636363636363635,119.93146773272416,0.8720661157024794,11.267451701850591
E01016391,E02006940,985891010.6911447,24.195660591582214,0.079935787,0.7633969118982743,39.28247048138056,0.4200726612170753,0.13498920086393087,0.9505494505494505,320.16348773841963,0.891975214,10.636684754045715
E01016392,E02003401,1118142240.3990026,24.195542560643418,-24.40815088,0.7008477997577715,35.52684699232943,0.1614856681469519,0.3740648379052369,0.9636363636363635,84.77997577714979,0.8720661157024794,11.59026606369489
E01016393,E02003401,618463413.6150235,24.194634790563995,14.773087811579982,0.6709462672372801,37.23252496433666,0.2020922491678554,0.4107981220657277,0.9636363636363635,99.8573466476462,0.8720661157024794,11.5516353010417
E01016394,E02003397,2048069093.1818182,24.19484240856519,16.187092526197738,0.5980024968789014,14.731585518102372,0.1092384519350811,0.5681818181818182,0.9761904757619048,109.23845193508116,0.8804759329367225,11.280609619339629
E01016395,E02003396,4304293539.8773,24.195081137732306,16.522681811477057,0.6173238526179703,23.400129282482222,0.2100840336134453,0.3067484662576687,0.9782608695652173,129.28248222365872,0.9102079395085066,11.460800245681732
E01016396,E02003394,1587543774.3801653,24.194072402211738,39.7347582,0.6526694661067787,24.47510498,0.071985603,0.371900826446281,0.9795918367346939,119.9760047990402,0.9096,11.721978205462284
E01016397,E02003394,2148020125.5868545,24.19468659035057,16.766548628081665,0.6429330499468651,20.51009564293305,0.2258235919234856,0.4107981220657277,0.9795918367346939,106.26992561105207,0.9096,11.263692314705017
E01016398,E02003396,2559916877.631579,24.19517925333883,17.350055539415912,0.7107976125881714,27.509495387954424,0.0406945198046663,0.32894736842105265,0.9782608695652173,108.51871947911016,0.9102079395085066,11.620173198711228
E01016399,E02003396,13032311624.590162,24.19532244167518,8.928744767857959,0.6762860727728983,30.55207026348808,0.0376411543287327,0.2459016393442623,0.9782608695652173,125.47051442910916,0.9102079395085066,11.655156819603755
E01016400,E02003396,3330252954.8672566,24.194823612241834,5.670360028723455,0.7076502732240437,26.775956284153008,0.1229508196721311,0.5530973451327433,0.9782608695652173,109.2896174863388,0.9102079395085066,11.221516456110812
E01016401,E02003400,1650581651.4084506,24.19513676571092,2.073686236454999,0.7147790055248618,45.027624309392266,0.2935082872928177,0.4107981220657277,0.9811320754716981,158.83977900552486,0.903846153846154,10.69276943919531
E01016402,E02003398,4659804361.96319,24.19520894391371,17.66684289492161,0.7790861987753179,24.870466321243523,0.1530852567121997,0.5368098159509203,0.9692307693076924,134.2439943476213,0.9140828402366864,10.78179360704993
E01016403,E02003400,4066763915.4929576,24.194998171441107,11.690408585983151,0.6685314685314685,41.3986014,0.1981351981351981,0.4107981220657277,0.9811320754716981,107.22610722610725,0.903846153846154,11.086924761010051
E01016404,E02003398,6337543466.887417,24.195202390944228,11.06949194580573,0.7213463996591394,30.03834682573498,0.063911376,0.4966887417218543,0.9692307693076924,121.43161482743928,0.9140828402366864,11.338663343501882
E01016405,E02003398,3389135081.5789475,24.19535098683085,18.19989849252419,0.7276878372768784,24.823578248235783,0.0311332503113325,0.32894736842105265,0.9692307693076924,118.30635118306353,0.9140828402366864,11.593346562583722
E01016406,E02003398,5871371968.12749,24.195292855395543,13.375956873450454,0.7957244655581948,29.45368171021377,0.1484560570071258,0.398406374501992,0.9692307693076924,169.23990498812353,0.9140828402366864,10.495957677342496
E01016407,E02003389,4156284677.536232,24.195614864783778,12.73312202705899,0.5774480712166172,33.29376854599407,0.1632047477744807,0.5434782608695652,0.982456140754386,151.3353115727003,0.871811224,11.00550464433858
E01016408,E02003389,2417473822.159091,24.19518316658219,7.350384360419601,0.6371866295264624,25.13927576601671,0.1218662952646239,0.2840909090909091,0.982456140754386,177.5766016713092,0.871811224,11.188790806468509
E01016409,E02003391,1204868857.0552146,24.19438879040421,15.206847574516727,0.58675921,30.218900160170847,0.1735184196476241,0.5368098159509203,0.9838709674516127,146.82327816337423,0.8728836334318731,10.718942559165988
E01016410,E02003389,764994892.2872341,24.19427152627927,18.350610283044364,0.6240721102863203,36.320254506892894,0.1988335100742311,0.39893617021276595,0.982456140754386,135.20678685047722,0.871811224,11.0364529575759
E01016411,E02003389,2582372520.720721,24.30310578791402,-5.593636765,0.5490314769975787,41.28329297820823,0.066585956,0.3153153153153153,0.982456140754386,154.35835351089588,0.871811224,11.440756450982434
E01016412,E02003389,842777411.2582781,24.18413346455712,18.19494432543462,0.6477272727272727,30.14705882352941,0.1002673796791443,0.4966887417218543,0.982456140754386,170.45454545454544,0.871811224,11.13109387222154
E01016413,E02003402,904266507.9545455,24.194039817324736,18.728091382296085,0.7950865438302624,42.15522054718034,0.097710776,0.2840909090909091,0.9636363636363635,122.83640424343942,0.9044628099173554,11.339060053983811
E01016414,E02003402,202686572.04755026,24.195117943860183,4.311432522877588,0.8085561497326204,50.588235294117645,4.812834225,0.33329630041106545,0.9636363636363635,117.6470588235294,0.9044628099173554,10.770546022530056
E01016415,E02003404,4081037570.4225354,24.195314996666504,18.173427259459867,0.6511235955056179,21.292134831460675,0.039325843,0.4225352112676056,0.9729729729729729,89.88764045,0.912037037,12.608488824660288
E01016416,E02003400,756699738.6920981,24.194886555234465,5.078888936439905,0.8625,35.55555555555556,0.5092592592592593,0.2724795640326976,0.9811320754716981,106.48148148148148,0.903846153846154,10.985571574606029
E01016417,E02003400,5074077182.336183,24.1953996134166,5.130041904064465,0.809255079,29.17607223476298,0.1975169300225733,0.42735042735042733,0.9811320754716981,129.79683972911965,0.903846153846154,11.014985510840145
E01016418,E02003400,1453305061.0619469,24.194717367537276,3.7761193863245768,0.8387096774193549,32.63757115749525,0.1423149905123339,0.33185840707964603,0.9811320754716981,145.4775458570525,0.903846153846154,11.36937452004917
E01016419,E02003403,916485305.9936908,24.195430073693952,-0.137583459,0.674537037,34.49074074074074,0.4398148148148148,0.36803364879074657,0.9591836734081632,94.90740740740742,0.8962932111620159,11.15643020413564
E01016420,E02003403,4850250905.208333,24.19541097790993,6.048321276599227,0.6683512318382817,14.90840176879343,0.060012634,0.46875,0.9591836734081632,129.50094756790904,0.8962932111620159,12.200218437782947
E01016421,E02003403,760871447.8862413,24.19495252306766,11.237380373717896,0.618978102,19.708029197080293,0.948905109,0.3074558032282859,0.9591836734081632,149.63503649635038,0.8962932111620159,10.940596708610189
E01016422,E02003403,1700384353.7313433,24.195473557935788,-10.50833879,0.6054421768707483,24.829931972789115,0.1360544217687075,0.4975124378109453,0.9591836734081632,139.45578231292515,0.8962932111620159,11.49731424145601
E01016423,E02003403,4876258700.0,24.19439062424686,-4.814974075,0.6481823783117683,18.299445471349355,0.0246457178065311,0.24390243902439024,0.9591836734081632,126.30930375847196,0.8962932111620159,12.04796163393126
E01016424,E02003403,1153327168.75,24.21665763372821,31.46344965,0.6625850340136055,33.40136054421769,0.119047619047619,0.2840909090909091,0.9591836734081632,139.45578231292515,0.8962932111620159,11.279599895251076
E01016425,E02003390,826293148.2954545,24.316667482434596,-19.81474799,0.6278392545136867,43.73907979033198,0.1019219569015725,0.42613636363636365,1.0,180.54746651135704,0.8355029585798817,11.00430455189968
E01016426,E02003390,2402161710.7361965,24.19563993251708,16.660505937936502,0.6297872340425532,54.96453900709219,0.2304964539007092,0.3067484662576687,1.0,219.8581560283688,0.8355029585798817,10.949203373081405
E01016427,E02003391,612072253.9906104,24.19509837621402,16.182492938008647,0.5905882352941176,43.94117647058823,0.25,0.4107981220657277,0.9838709674516127,161.76470588235296,0.8728836334318731,10.900237556892362
E01016428,E02003391,8453638694.594595,24.19532988662843,9.83140945,0.6060606060606061,40.70010449320794,0.057471264,0.3153153153153153,0.9838709674516127,143.67816091954023,0.8728836334318731,11.861859342197231
E01016429,E02003391,4221213154.761905,24.19551233664637,6.936724481992854,0.6161928306551298,37.021013597033374,0.077255871,0.3968253968253968,0.9838709674516127,169.96291718170582,0.8728836334318731,11.31233809936938
E01016430,E02003390,333436381.79551125,24.25351951694785,12.723062482245098,0.6643405443126309,42.56803907885555,0.2791346824842987,0.49875311720698257,1.0,216.32937892533147,0.8355029585798817,10.987721973258282
E01016431,E02003393,2988283387.2255487,24.195075298323374,9.193454428025468,0.6122569239835003,27.637006482027104,0.2946375957572186,0.3992015968063872,1.000000000090909,144.37242192103713,0.8786776859504133,10.678974799818294
E01016432,E02003393,1131767971.590909,24.19445286411564,-4.150467557,0.5895765472312704,25.732899022801305,0.1140065146579804,0.5681818181818182,1.000000000090909,159.60912052117263,0.8786776859504133,11.28284181536034
E01016433,E02003397,5352256822.942643,24.195616634291447,15.085177460169657,0.6185359301544661,23.90866353,0.2686366689053056,0.49875311720698257,0.9761904757619048,117.5285426460712,0.8804759329367225,10.971056270572776
E01016434,E02003397,525444571.8562874,24.179044479769274,-0.414616125,0.6070588235294118,19.105882352941176,0.2352941176470588,0.499001996007984,0.9761904757619048,82.35294118,0.8804759329367225,11.328894447881249
E01016435,E02003397,13032311624.590162,24.19532244167518,8.928744767857959,0.639161755,19.77734119,0.039292731,0.32786885245901637,0.9761904757619048,114.6037983,0.8804759329367225,11.757055256559822
E01016436,E02003397,3577218143.75,24.19562225323364,8.887776292493465,0.6323436512950095,22.04674668351232,0.1105495893872394,0.2840909090909091,0.9761904757619048,110.54958938723942,0.8804759329367225,11.329426644044142
E01016437,E02003406,2173057887.7073584,24.194873817831123,5.751965442588782,0.6944444444444444,20.0,1.6319444444444444,0.14887282007656316,0.8888888888888888,184.0277777777778,0.910136878,12.128893661497282
E01016438,E02003405,766402162.7906977,24.183046205737902,14.045882447313932,0.6537077033837293,16.19870410367171,0.2159827213822894,0.4152823920265781,0.9139072847682118,392.3686105111592,0.9134687075128284,11.121624569110269
E01016439,E02003406,1208585190.5602117,24.313755583351167,-7.667899771,0.6715849595430747,24.083769633507853,3.236554021894336,0.11762976032936333,0.8888888888888888,126.13041408852926,0.910136878,11.066396605179724
E01016440,E02003406,2133680023.3830845,24.19552101430244,6.201840482271529,0.6845901639344262,18.81967213114754,0.1311475409836065,0.4975124378109453,0.8888888888888888,173.7704918032787,0.910136878,10.866299209135672
E01016441,E02003406,282649209.92907804,24.408477036257892,0.6633204837337401,0.6851368970013038,16.362451108213822,0.091264668,0.10638297872340426,0.8888888888888888,172.7509778357236,0.910136878,11.733445005147912
E01016443,E02003405,634135243.9735099,24.195072596032166,18.43338997852279,0.6767497034400949,14.353499406880193,0.088967972,0.33112582781456956,0.9139072847682118,323.2502965599051,0.9134687075128284,10.988918908683596
E01016444,E02003410,549730862.7272727,24.19720953473173,18.04621917503243,0.7198847262247838,18.61671469740634,0.100864553314121,0.2840909090909091,0.9880952380952379,230.54755043227664,0.8939967550027041,10.454112019009596
E01016445,E02003410,1748497172.3684213,24.23099062161846,13.518317240054898,0.6744669786791472,20.02080083203328,0.03900156,0.32894736842105265,0.9880952380952379,208.0083203328133,0.8939967550027041,11.669823795118129
E01016446,E02003410,877180837.8109453,24.197222583354737,-12.51942265,0.6680965147453083,18.65951742627346,0.1072386058981233,0.373134328358209,0.9880952380952379,214.47721179624665,0.8939967550027041,10.761746548158834
E01016447,E02003410,7445467772.727273,24.1964293454412,10.673190037508542,0.6436222005842259,18.938656280428432,0.085199611,0.42613636363636365,0.9880952380952379,194.7419668938656,0.8939967550027041,10.903717566392242
E01016448,E02003410,2025227714.1073658,24.196743733056724,15.269280006241177,0.6667952178943309,20.94099498650212,0.3085229463941381,0.37453183520599254,0.9880952380952379,154.26147319706905,0.8939967550027041,10.9773545188914
E01016449,E02003410,1565549329.925187,24.196639103227895,9.340178475343514,0.669061876,16.367265469061877,0.1596806387225549,0.43640897755610975,0.9880952380952379,159.6806387225549,0.8939967550027041,10.746529942668444
E01016450,E02003407,1751153574.6341465,24.303965479391945,-46.98408422,0.6885749385749386,20.63882063882064,0.024570025,0.24390243902439024,0.9807692307692308,144.34889434889433,0.8878604485582058,12.093469297102764
E01016451,E02003407,1975040317.0454545,24.21170886979552,-0.771915854,0.6442516268980477,18.87201735357917,0.094902386,0.42613636363636365,0.9807692307692308,127.44034707158352,0.8878604485582058,11.305245659813844
E01016452,E02003407,997610031.87251,24.318431638854832,-7.812896991,0.6692874692874693,21.08108108108108,0.1228501228501228,0.29880478087649404,0.9807692307692308,115.47911547911548,0.8878604485582058,11.07969339830934
E01016453,E02003407,874115385.0746269,24.197321635757792,-12.87999141,0.6275981524249422,22.80600461893765,0.115473441108545,0.373134328358209,0.9807692307692308,135.6812933025404,0.8878604485582058,11.288856485579515
E01016454,E02003407,7871000090.099009,24.19532244167518,8.928744767857959,0.653757225,18.95953757225433,0.0578034682080924,0.24752475247524752,0.9807692307692308,135.83815028901734,0.8878604485582058,11.240210819640234
E01016455,E02003407,4706449342.063492,24.197432035392545,2.5425943739280163,0.6535433070866141,23.94627142195461,0.057897175,0.3968253968253968,0.9807692307692308,108.84668828161186,0.8878604485582058,11.495260351562662
E01016456,E02007069,849929913.453299,24.227019093365413,11.21684401242163,0.7063279857397504,21.345811051693406,1.5597147950089127,0.3570408454727221,0.9574468085106382,178.25311942959,0.9143253555324315,11.062332229244316
E01016457,E02007069,1274574524.2105262,24.196199377027405,16.783110436470817,0.6377079482439926,23.89094269870609,0.034658041,0.32894736842105265,0.9574468085106382,184.84288354898337,0.9143253555324315,11.533652501469842
E01016458,E02007068,1115678009.3023255,24.196534322880815,13.579834978406629,0.6637837837837838,21.83783783783784,0.1621621621621621,0.33222591362126247,0.9811320753584906,129.72972972972974,0.9106443574225704,10.71695528726818
E01016460,E02007069,4210162453.865337,24.1963668096915,14.703153076572702,0.6617647058823529,23.115808823529413,0.1838235294117647,0.3740648379052369,0.9574468085106382,183.82352941176472,0.9143253555324315,10.97620066767855
E01016462,E02003415,1525839614.6527116,24.196438806114347,14.944800022982545,0.709178032,26.46516771102101,0.3870254330998894,0.23786869647954328,0.952755905511811,206.4135643,0.9210738421476844,11.107575350250071
E01016463,E02003415,2473741682.7731094,24.196994331871142,12.813280366699615,0.6404761904761904,19.09523809523809,0.2261904761904762,0.26260504201680673,0.952755905511811,266.6666666666667,0.9210738421476844,10.630755164324649
E01016464,E02003415,5430773028.985507,24.19641462693733,14.246047697791468,0.6397277754147171,19.183326244151424,0.1169715014887282,0.36231884057971014,0.952755905511811,238.19651212250108,0.9210738421476844,10.66567517920891
E01016465,E02003415,1349515340.6145873,24.19717959354225,-12.00722933,0.6784087458244762,21.50015183723049,0.8199210446401458,0.16660496112550907,0.952755905511811,170.0576981475858,0.9210738421476844,11.465832692749
E01016467,E02003412,2716895249.386503,24.197037593147623,-0.650804647,0.6998730964467005,25.19035532994924,0.2062182741116751,0.3067484662576687,0.9870129870000001,218.9086294416244,0.9046679815910584,10.96534674763858
E01016468,E02003412,2045793261.0429447,24.197319869264568,8.236224235049606,0.6638147961751384,26.22043281328636,0.1635631605435329,0.3067484662576687,0.9870129870000001,173.62858580775037,0.9046679815910584,10.91129526513667
E01016469,E02003412,4448438497.3404255,24.196434835744384,11.462426617997863,0.6262425447316103,23.06163021868788,0.1863817097415507,0.39893617021276595,0.9870129870000001,171.47117296222663,0.9046679815910584,11.144076720099788
E01016470,E02003412,1392737756.4784052,24.19654600014504,17.991672837224844,0.6805111821086262,25.82534611288605,0.1597444089456869,0.4983388704318937,0.9870129870000001,183.70607028753997,0.9046679815910584,10.991336568892574
E01016471,E02003412,2998685973.9583335,24.196089229082496,18.301015654654687,0.6591337099811676,21.155053358443187,0.059635907,0.46875,0.9870129870000001,216.57250470809797,0.9046679815910584,11.414104339529349
E01016472,E02003412,1945336043.1034484,24.1962013006302,18.00102518673535,0.6580310880829016,21.99194012665515,0.066206102,0.3448275862068966,0.9870129870000001,198.6183074265976,0.9046679815910584,11.164060317694704
E01016473,E02003412,901599968.5740236,24.197179392071583,7.218951345916018,0.7080723729993041,28.25330549756437,0.3827418232428671,0.18165304268846502,0.9870129870000001,120.04175365344469,0.9046679815910584,12.58490470659185
E01016474,E02003414,691628325.6169213,24.196538370394215,16.352964312469418,0.6239199636198272,20.73669849931787,0.3865393360618463,0.2937720329024677,0.9662921346067416,184.17462482946797,0.901401338214872,12.842733037870255
E01016475,E02003414,1354390773.635153,24.196763981726654,12.075940142007145,0.6472453428458185,20.134760206103845,0.2972651605231867,0.3994673768308921,0.9662921346067416,160.52318668252082,0.901401338214872,10.57240180650057
E01016476,E02003414,281211126.3716814,24.182004103328683,18.29725308763141,0.6697447039652363,26.127104834329167,0.1222161868549701,0.33185840707964603,0.9662921346067416,219.98913633894625,0.901401338214872,10.976001101591578
E01016477,E02003414,531835216.8784029,24.196223949223548,15.717479756483163,0.6633532140490391,26.7064281,0.1822398939695162,0.4537205081669691,0.9662921346067416,134.19483101391648,0.901401338214872,11.258421409778949
E01016478,E02003414,490669538.9380531,24.407217350708247,-30.29471517,0.6663223140495868,26.291322314049587,0.1162190082644628,0.33185840707964603,0.9662921346067416,209.19421487603307,0.901401338214872,11.040196347174785
E01016479,E02003420,150942852.35332045,24.20071058788842,-2.564798449,0.6590519703026841,24.50028555111365,0.885208452,0.032237266279819474,0.9411764705882352,331.23929183323816,0.8352076124567474,12.550315419625402
E01016480,E02003420,1527526648.6111112,24.19738281028212,8.391617951472075,0.6617834394904458,22.10191082802548,0.3662420382165605,0.390625,0.9411764705882352,369.4267515923567,0.8352076124567474,11.631204223146526
E01016481,E02003420,3884773869.5652175,24.196340534824383,16.83033351080636,0.7287581699346405,26.33986928104576,0.1797385620915032,0.2717391304347826,0.9411764705882352,379.0849673202614,0.8352076124567474,11.853086344720444
E01016482,E02003420,1092519119.040101,24.197108440877013,-0.483482973,0.7300843486410497,20.243673851921272,4.451733833177133,0.15787811809283234,0.9411764705882352,271.7900656044986,0.8352076124567474,10.73729672796834
E01016483,E02003408,3515951775.4830112,24.19657937186694,11.16733045983414,0.6508282476024412,17.436791630340018,0.6538796861377506,0.39973351099267157,0.941860465116279,296.4254577157803,0.9138538353681476,10.60499138547712
E01016484,E02003408,2216273490.2173915,24.196432261199185,17.794176470441023,0.6708860759493671,22.52109705,0.145042194,0.4528985507246377,0.941860465116279,358.6497890295359,0.9138538353681476,11.199522706186777
E01016485,E02003408,1825533836.7924528,24.1967574389394,17.993147724991132,0.6949412365866121,20.797138477261115,0.053653551,0.2830188679245283,0.941860465116279,347.4706182933061,0.9138538353681476,11.317154439617934
E01016486,E02003408,1330175976.3218942,24.30471544918422,-33.7750091,0.6730229949523275,17.83510936623668,7.010656197420079,0.1999840012798976,0.941860465116279,381.37969713965225,0.9138538353681476,12.564912983310515
E01016487,E02003408,1699315775.5681818,24.19710061392974,13.84281651073743,0.6924333151878062,23.13554708764289,0.095264017,0.42613636363636365,0.941860465116279,370.1687534022863,0.9138538353681476,10.854723386635731
E01016488,E02003408,207785140.9271523,24.169294964312897,20.026430587320046,0.6696517412935323,21.542288557213933,0.074626866,0.33112582781456956,0.941860465116279,338.3084577114428,0.9138538353681476,11.365905412793722
E01016490,E02003419,989922369.4493784,24.289942240668026,-2.958776143,0.6161158895427795,18.696242643730194,0.5092802172928927,0.11101243339253997,0.958333333,135.80805794477138,0.8982344772862527,12.675921054396516
E01016491,E02003419,3422667720.6982546,24.1967605087833,2.710998732509715,0.6324786324786325,28.685897435897434,0.2136752136752136,0.43640897755610975,0.958333333,160.25641025641028,0.8982344772862527,10.581800244137618
E01016492,E02003419,201175253.2423208,24.197429401437923,1.9371573909539173,0.6457894736842106,29.05263157894737,1.0789473684210529,0.1462701121404193,0.958333333,157.89473684210526,0.8982344772862527,10.59195367205412
E01016493,E02003409,7499726500.943395,24.19532244167518,8.928744767857959,0.6312450436161776,29.103885804916736,0.083267248,0.2830188679245283,0.9629629629629628,372.7200634417129,0.9106472180976504,11.060534204342982
E01016494,E02003409,2392139736.3610396,24.196866831197276,4.312157352540641,0.6982248520710059,27.71203155818541,1.7258382642998027,0.14281633818908884,0.9629629629629628,231.75542406311635,0.9106472180976504,11.4910697887535
E01016495,E02003409,1804227242.9284527,24.19742514061429,1.7146530672806768,0.6760744066709429,27.966645285439384,0.3848620910840282,0.16638935108153077,0.9629629629629628,301.4753046824888,0.9106472180976504,11.461168905397194
E01016496,E02003409,3045241141.3223143,24.196300857536027,3.194353476810833,0.6478260869565218,22.97101449275362,0.086956522,0.371900826446281,0.9629629629629628,340.5797101449276,0.9106472180976504,11.376735302853278
E01016497,E02003409,1653191516.8711658,24.19692059273408,6.207130617372203,0.6688453159041394,37.83587509077705,0.2360203340595497,0.3834355828220859,0.9629629629629628,341.32171387073345,0.9106472180976504,10.88656379839829
E01016498,E02003409,832162421.4634147,24.253110264571593,11.62912929058011,0.7020771513353116,22.967359050445104,0.023738872,0.24390243902439024,0.9629629629629628,278.9317507418398,0.9106472180976504,12.14033874354285
E01016499,E02003409,329998076.5688259,24.1967542450514,-6.502613175,0.6796982167352538,19.54732510288066,1.3545953360768177,0.11386639676113361,0.9629629629629628,322.3593964334705,0.9106472180976504,13.475832461479042
E01016500,E02003418,738613517.8625954,24.196637986786577,17.990808287011745,0.6475840336134454,32.983193277310924,0.068277311,0.22900763358778625,0.9870129870000001,194.32773109243695,0.8739612188365651,11.209231785599863
E01016501,E02003418,1997883176.119403,24.197412450999263,4.496452313,0.661563696,23.83816293056315,0.1093493712411153,0.373134328358209,0.9870129870000001,202.29633679606343,0.8739612188365651,11.110221541281334
E01016502,E02003418,351671146.5425532,24.197214307881985,14.618469364314388,0.6871202916160389,28.311057108140947,0.2278250303766707,0.3324468085106383,0.9870129870000001,224.78736330498177,0.8739612188365651,10.831146751147443
E01016503,E02003418,915590817.2566372,24.187778250369412,-8.627931168,0.682548794,25.602755453501725,0.1291618828932261,0.33185840707964603,0.9870129870000001,212.3995407577497,0.8739612188365651,10.749472646860996
E01016504,E02003418,848210228.7610619,24.196252104122685,18.306335756823504,0.6523605150214592,35.867565910484366,0.137952176578786,0.33185840707964603,0.9870129870000001,226.8546903740037,0.8739612188365651,10.939611562561437
E01016505,E02003418,2130902304.9001815,24.196423948164618,13.507374563466705,0.6550449022715267,25.51505546751189,0.2905441098784997,0.27223230490018147,0.9870129870000001,195.45694664553616,0.8739612188365651,11.08299672941623
E01016506,E02003416,3294834126.4367814,24.197548247860748,2.340903015082308,0.67251462,31.04731525784157,0.1382243487506645,0.13409961685823754,0.9803921568627451,249.86709197235515,0.8992695117262591,12.115732517608247
E01016507,E02003416,3885978903.654485,24.196351268206516,13.765459688302869,0.6264189886480909,27.915376676986583,0.1547987616099071,0.24916943521594684,0.9803921568627451,242.5180598555212,0.8992695117262591,11.01804427269851
E01016508,E02003416,1589935244.222361,24.197540130004164,-6.755632759,0.6464603645612548,32.174650275540486,0.6782534972445952,0.3747657713928795,0.9803921568627451,199.23696481559983,0.8992695117262591,11.595620037954117
E01016509,E02003416,6367172661.764706,24.196637769700622,-1.954534575,0.6674220963172804,29.915014164305948,0.2691218130311614,0.36764705882352944,0.9803921568627451,266.28895184135973,0.8992695117262591,10.734448554859624
E01016510,E02003416,168918855.21276596,24.18137097377144,18.59251645821261,0.6629010393131496,39.177586985991866,0.1694532309082693,0.3324468085106383,0.9803921568627451,212.3813827383642,0.8992695117262591,10.766229817452608
E01016511,E02003417,2522785441.7314095,24.196762276264906,0.4514792454120979,0.6903677758318739,24.763572679509632,0.3152364273204903,0.22197558268590456,0.9725274725274724,271.45359019264447,0.9044760966287436,10.88454386310167
E01016514,E02003417,481059109.09090906,24.19681477214514,3.0566555921626497,0.6761261261261261,32.2972973,0.4504504504504504,0.2997002997002997,0.9725274725274724,349.0990990990991,0.9044760966287436,10.866757285604278
E01016515,E02003417,980399084.717608,24.195796207514807,1.9737703358466752,0.6181988742964353,39.44652908067543,0.1407129455909943,0.33222591362126247,0.9725274725274724,363.5084427767354,0.9044760966287436,11.13328890939415
E01016516,E02003411,2675515644.144144,24.19732867070862,15.455575907994714,0.658774373,16.852367688022284,0.051067781,0.3153153153153153,0.9692307692307693,141.59702878365832,0.8865932047750229,11.268547830497395
E01016517,E02003411,2644864088.52459,24.197533034571727,17.976080029745045,0.6895787139689579,19.40133037694013,0.033259424,0.2459016393442623,0.9692307692307693,169.06873614190687,0.8865932047750229,11.628789623722302
E01016518,E02003411,2988412131.818182,24.171487754528968,-5.694506479,0.666829507,21.299462628236444,0.031753786,0.22727272727272727,0.9692307692307693,148.99853444064485,0.8865932047750229,11.849185041618275
E01016519,E02003411,99479028.23435313,24.195897325485223,6.156570639047991,0.6308661417322835,27.21259842519685,1.5748031496062993,0.19996000799840033,0.9692307692307693,96.06299212598424,0.8865932047750229,10.355098060664972
E01016520,E02003411,790850425.925926,24.197435211622714,-4.169948164,0.6835788325150027,18.49427168576105,0.1909438079650845,0.2849002849002849,0.9692307692307693,166.39388979814512,0.8865932047750229,13.014328495163218
E01016521,E02003411,1604687436.8159204,24.19686207189083,17.99763458350695,0.6532593619972261,21.96024040684235,0.09246417,0.373134328358209,0.9692307692307693,141.0078594544614,0.8865932047750229,11.348475259995237
E01016522,E02003437,116901073.47826087,24.197239475024762,18.55069686034712,0.6004239533651299,45.25702172760997,0.145733969263381,0.2717391304347826,0.9758064516129032,304.7164811870694,0.8971123829344433,10.998656039331951
E01016523,E02003437,3281353880.901744,24.197128279201625,-1.298652175,0.6451016635859519,39.74121996303142,1.447935921133703,0.25521054870267973,0.9758064516129032,354.2821934688848,0.8971123829344433,10.976369873371032
E01016524,E02003437,690226955.1786796,24.230297635387515,-8.339658322,0.6203059805285118,39.68474733426054,0.7649513212795549,0.24227740763173833,0.9758064516129032,266.5739452943904,0.8971123829344433,11.268284692255042
E01016525,E02003425,1965370643.948296,24.38785594840885,-18.46511499,0.6393270241850684,46.95057833859096,0.4468980021030494,0.2937720329024677,0.9565217391304348,544.1640378548896,0.8988111046884032,11.655546232608543
E01016526,E02003426,1307369180.9859154,24.19615469876018,8.23220839,0.6922675026123302,40.54336468129572,0.2220480668756531,0.176056338028169,0.9880952380952379,214.2110762800418,0.8520408163265305,11.667884389508286
E01016527,E02003426,1118628398.0036297,24.196923352042937,17.568791581845563,0.6867030965391621,39.89071038251366,0.3339404978749241,0.3629764065335753,0.9880952380952379,248.93746205221612,0.8520408163265305,11.589878930320085
E01016528,E02003425,2955401384.2213116,24.197028603140314,10.255098176414924,0.6619955156950673,36.827354260089685,0.546524664,0.17930327868852458,0.9565217391304348,580.1569506726457,0.8988111046884032,11.192083917336856
E01016529,E02003425,994084636.6619116,24.258217696626858,3.901825665272409,0.6954526491447642,28.493950771798083,0.2920317062995411,0.14265335235378032,0.9565217391304348,431.7897371714644,0.8988111046884032,11.40466710381734
E01016530,E02003422,4791802336.182336,24.197470041036063,6.832760464156218,0.6070774862721171,28.30994508846858,0.2135448444173276,0.2849002849002849,0.9817351601872146,625.3813300793166,0.90494360000834,11.0883365134257
E01016531,E02003422,881162514.7881695,24.196279141387134,17.291747978777067,0.5435656836461126,43.96782841823057,0.8378016085790885,0.3597122302158273,0.9817351601872146,686.9973190348525,0.90494360000834,10.644419630249129
E01016532,E02003422,3015681816.183816,24.196466799877033,12.443986913108542,0.6061855670103092,43.81443298969072,0.5154639175257731,0.3996003996003996,0.9817351601872146,528.3505154639175,0.90494360000834,11.435190924760809
E01016533,E02003422,3033726374.524715,24.196771191146446,14.957182149429633,0.6089414182939363,45.58067831449127,0.2697841726618705,0.33269961977186313,0.9817351601872146,526.7214799588901,0.90494360000834,11.110299892989367
E01016534,E02003426,325962215.80698836,24.196897417339507,16.63123917908541,0.6230012300123001,42.37392373923739,0.3690036900369003,0.415973377703827,0.9880952380952379,252.1525215252153,0.8520408163265305,11.029650155291243
E01016535,E02003427,3943810997.802198,24.306916760608757,-36.70099117,0.6557142857142857,31.142857142857142,0.064285714,0.43956043956043955,0.9393939394848485,210.7142857142857,0.9077134986225894,11.603181479832102
E01016536,E02003425,850745126.4667536,24.19695556408533,5.701699974,0.7042667974497303,41.19666503187837,1.1280039234919077,0.1303780964797914,0.9565217391304348,507.6017655713585,0.8988111046884032,10.72450488653819
E01016537,E02003427,2442076804.9504952,24.197272327730982,-22.9949644,0.7132796780684104,28.42052314,0.050301811,0.24752475247524752,0.9393939394848485,148.39034205231388,0.9077134986225894,12.03990589434292
E01016538,E02003427,2447511088.8446217,24.196915105097208,17.581714594741495,0.6637770897832818,35.356037151702786,0.1547987616099071,0.49800796812749004,0.9393939394848485,182.6625386996904,0.9077134986225894,11.268622115820392
E01016539,E02003429,3382550332.594235,24.196972475767268,7.599389576665242,0.6339066339066339,40.909090909090914,0.2764127764127764,0.4434589800443459,0.9851851855185184,396.1916461916462,0.8979238754325259,11.333278993609246
E01016540,E02003429,1800841805.1391864,24.196968119990192,11.770522271768955,0.6116152450090744,35.14821536600121,0.8469449485783425,0.35688793718772305,0.9851851855185184,390.1996370235934,0.8979238754325259,11.142610985259372
E01016541,E02003429,2795718401.2605042,24.293157265723544,-3.943089799,0.577922078,34.12698412698413,0.3427128427128427,0.26260504201680673,0.9851851855185184,465.3679653679654,0.8979238754325259,11.293760174084388
E01016542,E02003429,987605358.4070797,24.197010033869336,18.38049845438718,0.6434231378763867,28.28843106180666,0.1782884310618066,0.5530973451327433,0.9851851855185184,511.0935023771791,0.8979238754325259,11.350627426107
E01016543,E02003429,3205962112.513144,24.197016792007865,6.600605552308012,0.5945945945945946,33.503314635390105,0.4844467108618052,0.36803364879074657,0.9851851855185184,328.9138194798572,0.8979238754325259,10.961021052019149
E01016544,E02003430,2869398368.2610784,24.196800229852986,7.178149886,0.7660242043926491,39.75795607350964,2.801434334379202,0.3599424092145257,0.9617834394904459,271.1788435679068,0.9011997993904556,11.451045380390122
E01016545,E02003432,2089838262.7820623,24.196783826885866,9.485413970513198,0.7026315789473684,41.578947368421055,1.5350877192982455,0.3570408454727221,0.9705882352941176,260.9649122807017,0.908641975,10.79244526042836
E01016546,E02003435,1895085562.0542083,24.196997881505332,-2.158758543,0.6988463873709775,54.28051001821493,0.4250151791135397,0.3566333808844508,0.9733333336666666,209.47176684881603,0.8673822714681441,11.77841341707025
E01016547,E02003432,3198039768.820786,24.196688457992227,8.436274696190136,0.7252998286693318,48.08680754,0.8566533409480297,0.39973351099267157,0.9705882352941176,339.80582524271847,0.908641975,11.006086329036595
E01016548,E02003434,3085007151.2605042,24.19715082931924,9.446669063556524,0.6773700305810397,40.16309887869521,0.2420998980632008,0.4726890756302521,0.9868421055789472,178.3893985728848,0.9024194840570422,11.402534187569136
E01016549,E02003434,1206034761.129568,24.197374381188,5.381896058554919,0.6233512457254519,37.76257938446507,0.1465559355153883,0.33222591362126247,0.9868421055789472,170.9819247679531,0.9024194840570422,11.179283220142068
E01016550,E02003432,1632540792.6136363,24.19655328867378,18.798481608506663,0.725185685,32.61309925725861,0.1181634031060094,0.2840909090909091,0.9705882352941176,401.75557056043215,0.908641975,12.598137416446615
E01016551,E02003433,4993158735.761589,24.197373482493628,11.380475618477147,0.6206261510128913,31.246163290362183,0.092081031,0.33112582781456956,1.000000000090909,116.63597298956414,0.9028925619834712,11.401259929196325
E01016552,E02003432,114354546.70264265,24.196866056067478,0.8449862515547248,0.5960227272727273,38.57954545454545,7.159090909090909,0.04761526862947385,0.9705882352941176,338.0681818181818,0.908641975,10.803774072088608
E01016553,E02003433,3466953411.061947,24.197002810670778,7.691193075687445,0.5771941063420885,26.00896860986547,0.1441383728379244,0.4424778761061947,1.000000000090909,121.71684817424727,0.9028925619834712,11.672934190986217
E01016554,E02003434,2315378505.1136365,24.1963002836153,2.687862663114539,0.6397178513293543,23.494302767227342,0.09495388,0.42613636363636365,0.9868421055789472,189.9077590884428,0.9024194840570422,11.600265002395046
E01016555,E02003434,1897843473.5042734,24.196677635195556,3.320342764334792,0.6899641577060932,21.44563918757467,0.2090800477897252,0.3561253561253561,0.9868421055789472,209.08004778972523,0.9024194840570422,11.170730886938642
E01016556,E02003434,2586054368.544601,24.19728638278083,17.649587001320924,0.6321297749869178,25.379382522239663,0.2223966509680795,0.4107981220657277,0.9868421055789472,183.15018315018312,0.9024194840570422,11.02207258090476
E01016557,E02003433,1171068735.39823,24.196932932056153,15.58436442877671,0.6171284634760705,26.09571788413098,0.1133501259445843,0.5530973451327433,1.000000000090909,95.71788413098236,0.9028925619834712,11.505664725033636
E01016558,E02003433,3277701106.463878,24.197281780432345,-13.10703714,0.622830441,20.427236315086784,0.3504672897196261,0.14258555133079848,1.000000000090909,126.83578104138851,0.9028925619834712,11.564605327487833
E01016559,E02003428,772479303.409091,24.196349453466475,-16.44723867,0.5797587131367292,35.187667560321714,0.1172922252010723,0.2840909090909091,0.9552238805970149,207.77479892761397,0.8966262975778546,11.470863118197729
E01016560,E02003428,1359405105.8685446,24.196673665773723,17.844357403410637,0.6488970588235294,21.5686274509804,0.2604166666666667,0.4107981220657277,0.9552238805970149,189.95098039215685,0.8966262975778546,10.894314820179684
E01016561,E02003428,490967767.7440853,24.391056590371694,1.0237296615033906,0.6245901639344262,30.43715846994536,1.639344262295082,0.16661112962345884,0.9552238805970149,169.39890710382514,0.8966262975778546,11.204745857162914
E01016562,E02003428,1061093295.0166113,24.196107256942707,18.62767589387811,0.5973011363636364,33.877840909090914,0.2130681818181818,0.16611295681063123,0.9552238805970149,220.17045454545456,0.8966262975778546,11.242616054588511
E01016563,E02003428,1286981720.1877935,24.196804880928916,18.572233943128147,0.5942350332594235,35.18107908351811,0.3141167775314116,0.2934272300469484,0.9552238805970149,229.12047302291205,0.8966262975778546,11.64220658798198
E01016564,E02003431,149352970.50245813,24.19737239786141,4.535084729,0.6375838926174496,32.77404921700224,6.711409395973154,0.49995833680526625,0.9754098355737704,327.18120805369125,0.9047299113141628,8.975809311729622
E01016565,E02003431,4289450982.638889,24.197246510553608,3.924995679298848,0.6643874643874644,41.82336182336182,0.3276353276353276,0.390625,0.9754098355737704,333.3333333333333,0.9047299113141628,11.025294690784428
E01016566,E02003431,2478514374.722838,24.19626054268186,16.531206211242306,0.6772952171522815,28.36723474436503,0.2473886750962067,0.3325942350332594,0.9754098355737704,321.6052776250688,0.9047299113141628,11.366960266569178
E01016567,E02003430,2369760443.555829,24.197141809333214,9.653001699,0.6466420209488601,25.60073937,1.0012322858903266,0.38449707782220854,0.9617834394904459,186.3832409118916,0.9011997993904556,11.256544266215576
E01016568,E02003430,5878395521.621622,24.1963557352449,11.248638224406196,0.6605080831408776,28.021555042340264,0.084680523,0.3153153153153153,0.9617834394904459,465.7428791377984,0.9011997993904556,11.605430888674649
E01016569,E02003430,4065859725.0996017,24.196770338422084,12.230794322725435,0.6412078152753108,27.797513321492005,0.2220248667850799,0.29880478087649404,0.9617834394904459,537.3001776198935,0.9011997993904556,10.998242410876934
E01016570,E02003421,1214523629.6969697,24.414125324025637,-53.33435196,0.5937880633373934,38.67235079171742,0.039585871,0.22727272727272727,0.9811320754716981,152.25334957369063,0.8727810650887574,12.01025098643126
E01016571,E02003423,1067318958.3148559,24.1971605776319,-12.99156654,0.6248704663212435,38.60103626943005,0.233160621761658,0.3325942350332594,0.972972973,82.90155440414507,0.8947368421052632,12.221786861290507
E01016572,E02003421,2261643315.2053275,24.196691016372608,16.668645791174935,0.5928515928515928,35.35353535353536,0.6993006993006993,0.33296337402885684,0.9811320754716981,194.25019425019423,0.8727810650887574,10.748423101050973
E01016573,E02003423,1637744389.453125,24.196923631073744,18.55493424506788,0.6574550128534704,19.151670951156813,0.1638817480719794,0.1171875,0.972972973,102.82776349614396,0.8947368421052632,11.26768941660811
E01016574,E02003423,6343001958.139534,24.1970604708017,-1.265703334,0.6633444075304541,22.03765227021041,0.047065338,0.4069767441860465,0.972972973,88.59357697,0.8947368421052632,11.94662239590027
E01016575,E02003436,2438561377.607362,24.19532244167518,8.928744767857959,0.6168322007318349,36.80083638264506,0.1698902247778358,0.3067484662576687,0.9898989902929292,250.9147935180345,0.905997693,10.974403137513908
E01016576,E02003436,1586768481.2375247,24.19532244167518,8.928744767857959,0.6559536354056902,29.61011591148577,0.2634351949420442,0.2994011976047904,0.9898989902929292,252.8977871443625,0.905997693,11.134545227670822
E01016577,E02003431,1808719363.3079848,24.196701466900837,12.14982645572511,0.6547425474254742,28.292682926829265,0.2845528455284553,0.2376425855513308,0.9754098355737704,317.0731707317073,0.9047299113141628,11.606043199832582
E01016578,E02003422,1988278175.3171856,24.197148194623832,-2.372910203,0.59368071,34.25720620842572,1.441241685144124,0.2306805074971165,0.9817351601872146,568.1818181818182,0.90494360000834,11.291000401767002
E01016579,E02003422,1436352126.561199,24.19662040267143,1.3115430590008876,0.605945946,34.97297297297297,0.6486486486486487,0.33305578684429643,0.9817351601872146,554.0540540540541,0.90494360000834,11.74983515996525
E01016580,E02003428,2119512261.0294118,24.196256773260735,18.30836688129582,0.6390977443609023,19.61152882205514,0.084586466,0.25735294117647056,0.9552238805970149,194.23558897243103,0.8966262975778546,11.584186823222751
E01016581,E02003422,5217358699.680511,24.196471871239392,4.081013036656778,0.6591836734693878,40.20408163265306,0.4251700680272108,0.2795527156549521,0.9817351601872146,697.2789115646259,0.90494360000834,10.679600855732645
E01016582,E02003421,1302855722.3880596,24.196540556975098,16.165824770656407,0.6578631452581032,26.23049219687876,0.120048019207683,0.373134328358209,0.9811320754716981,150.06002400960384,0.8727810650887574,11.512135152755784
E01016583,E02003424,528479892.7680798,24.236360501405958,-10.1226087,0.6399594320486816,45.63894523326572,0.2028397565922921,0.3740648379052369,0.9787234040212766,225.65922920892496,0.8730194658216388,11.27829114694052
E01016584,E02003425,1041470498.1595092,24.19695536256952,1.3591642562013373,0.6867720465890182,35.19134775374376,0.1351913477537437,0.4601226993865031,0.9565217391304348,430.5324459234609,0.8988111046884032,11.360036937012037
E01016585,E02003424,2596615983.568075,24.196827996455365,13.478489207879273,0.655536028,43.76098418,0.2489748096074985,0.4107981220657277,0.9787234040212766,260.6912712360867,0.8730194658216388,11.105343706572803
E01016586,E02003424,1138884850.6352086,24.196664470919654,15.622375419062758,0.5886312640239342,46.82124158563949,0.4113687359760658,0.18148820326678766,0.9787234040212766,332.8347045624532,0.8730194658216388,10.649595840455504
E01016587,E02003436,889867900.3984064,24.196149548220497,18.40233388599281,0.6219101123595505,30.337078651685395,0.1404494382022472,0.398406374501992,0.9898989902929292,269.6629213483146,0.905997693,11.309204566810385
E01016588,E02003436,2745708619.047619,24.19655806495742,17.144305784691337,0.6141215106732348,27.805145046524355,0.3557744937055281,0.38402457757296465,0.9898989902929292,262.72577996715927,0.905997693,10.686463132140393
E01016589,E02003436,2074266643.948296,24.196807454514968,-0.660922922,0.6177514792899408,40.11834319526627,0.5029585798816568,0.2937720329024677,0.9898989902929292,284.02366863905326,0.905997693,11.1489271317021
E01016591,E02003424,1710364008.5828342,24.19704974502905,-2.437818549,0.6514219830899308,44.50422751729439,0.1921598770176787,0.3992015968063872,0.9787234040212766,171.02229054573405,0.8730194658216388,11.308002407686212
E01016592,E02003424,838263426.8731269,24.197052472982136,13.60256498097999,0.6254595588235294,42.14154411764706,0.4595588235294117,0.4995004995004995,0.9787234040212766,204.50367647058823,0.8730194658216388,11.692677055561546
E01016593,E02003427,1735912150.4504504,24.197507673411476,18.570399415638143,0.6763285024154589,19.484702093397747,0.0590445517981749,0.3153153153153153,0.9393939394848485,158.34675254965111,0.9077134986225894,11.790427027807016
E01016594,E02003427,506122167.81718636,24.313773196102066,-15.16858278,0.7004320691310609,19.39510321651464,2.0163226116178588,0.16662699357295882,0.9393939394848485,141.62265962554008,0.9077134986225894,12.690678369567754
E01016595,E02003435,459674331.3483623,24.196265149732827,12.401122119178556,0.6806201550387597,34.366925064599485,1.2144702842377262,0.7443641003828159,0.9733333336666666,178.29457364341087,0.8673822714681441,10.904677396677664
E01016596,E02003435,551682183.3518313,24.19688065941191,-1.175217317,0.6283185840707964,46.694429984383135,0.4685059864653826,0.33296337402885684,0.9733333336666666,179.5939614783967,0.8673822714681441,11.185129480581873
E01016597,E02003435,3517570836.725663,24.19532244167518,8.928744767857959,0.6116560877091748,45.52798615118292,0.1298326601269475,0.33185840707964603,0.9733333336666666,199.07674552798616,0.8673822714681441,11.339377309095273
E01016598,E02003426,1433015102.8985507,24.196048191992574,5.45180969,0.5811554332874828,39.88995873452545,0.1891334250343879,0.2717391304347826,0.9880952380952379,281.9807428,0.8520408163265305,11.156108952569596
E01016599,E02003423,2535067011.881188,24.19711842208328,18.65639357471245,0.6801881246325691,21.81069958847737,0.0587889476778365,0.49504950495049505,0.972972973,94.06231628453853,0.8947368421052632,11.955757004009955
E01016600,E02003421,2374577930.1136365,24.196259472353848,17.978587147383315,0.5984251968503937,40.59492563429571,0.153105861767279,0.42613636363636365,0.9811320754716981,218.7226596675416,0.8727810650887574,11.48447748839049
E01016601,E02003426,4091544061.589404,24.196895107521584,17.35075197843135,0.650887574,34.49704142011834,0.088757396,0.33112582781456956,0.9880952380952379,242.603550295858,0.8520408163265305,11.561090036672097
E01016602,E02003426,689107082.9787234,24.19699890454167,17.67814100231852,0.5945273631840796,38.059701492537314,0.2332089552238806,0.39893617021276595,0.9880952380952379,254.97512437810943,0.8520408163265305,11.1718754328806
E01016603,E02003438,4559085179.743224,24.19711522934801,11.250129815273391,0.6062948647156268,42.35229155162894,0.3865267807840972,0.3566333808844508,0.975,400.3313086692434,0.8812942526007674,11.18427654623784
E01016604,E02003438,858824298.3016983,24.1966169292294,10.835288253654102,0.5570195365742844,44.388914129940936,0.4543389368468877,0.3996003996003996,0.975,329.3957292139936,0.8812942526007674,11.336414991081003
E01016605,E02003438,1206055425.5591054,24.19724426352885,-3.811979567,0.6116676487919859,33.29404832056571,0.3682969946965232,0.35942492012779553,0.975,427.2245138,0.8812942526007674,11.196605206379829
E01016606,E02003438,2845574356.807512,24.1967859044032,13.372214075350886,0.6365140650854937,39.49255377826806,0.2344180915609487,0.2934272300469484,0.975,399.8896856039713,0.8812942526007674,11.465819675562477
E01016607,E02003438,141029051.26825517,24.294910113205592,2.342472146786336,0.6145833333333334,36.90476190476191,0.6448412698412699,0.4611837048424289,0.975,359.62301587301585,0.8812942526007674,10.455609396820986
E01016608,E02003438,5327244625.971143,24.196491474061844,9.692459916261226,0.6412289395441031,36.22398414271556,0.4459861248761149,0.33296337402885684,0.975,359.26660059464814,0.8812942526007674,10.991785721965876
E01016609,E02003437,2478935707.2927074,24.196797532219033,12.52010417948557,0.664751958,30.548302872062667,0.5221932114882507,0.4995004995004995,0.9758064516129032,300.2610966057441,0.8971123829344433,11.157364186390248
E01016611,E02003456,4409424099.667774,24.392566341741883,-27.29317781,0.7086137281292059,21.534320323014803,0.1009421265141319,0.24916943521594684,0.9684210526315788,149.73082099596232,0.9079861111111112,11.888052778612288
E01016612,E02003453,3518729673.876872,24.19882710242601,3.061026663,0.6248175182481752,40.14598540145985,0.218978102189781,0.33277870216306155,1.0,91.24087591240875,0.8888888888888888,11.060960817208011
E01016613,E02003444,643033710.3093625,24.19792404486807,7.3933922144046305,0.6958495460440985,29.571984435797667,7.944228274967575,0.18365847685903192,0.9416666666666667,330.73929961089493,0.8807813846595806,11.610165691980798
E01016614,E02003444,2207021427.48538,24.19929629603134,2.146273573341379,0.6462006079027356,33.86018237082067,0.1033434650455927,0.2631578947368421,0.9416666666666667,310.0303951367781,0.8807813846595806,11.123029989220203
E01016615,E02003443,473990709.9889012,24.19769538033561,14.999896632292709,0.6016571064372211,20.39515615041428,0.5736137667304015,0.49944506104328523,0.9649122807017543,140.21669853409816,0.8978512396694215,10.789637468387127
E01016616,E02003443,3590661802.4417315,24.19892909016818,14.953372680704955,0.5844079718640094,27.080890973036343,0.5275498241500586,0.5549389567147613,0.9649122807017543,128.95662368112542,0.8978512396694215,10.985742715787822
E01016617,E02003443,3327443583.1485586,24.19838969965806,4.402174197096279,0.5982431807674526,27.508090614886733,0.2080443828016643,0.3325942350332594,0.9649122807017543,101.71058714748035,0.8978512396694215,11.543766077488566
E01016618,E02003444,1444575118.7878788,24.181167043540484,18.634520836310283,0.6452726017943409,33.74741200828157,0.044858523,0.22727272727272727,0.9416666666666667,351.9668737060041,0.8807813846595806,11.74830948742441
E01016619,E02003440,2584248892.0187793,24.240886138052026,3.6494645619854738,0.6276849642004774,39.498806682577566,0.2535799522673031,0.2934272300469484,0.988235294117647,232.69689737470168,0.8877508650519031,11.065108700358165
E01016620,E02003440,1218461274.528302,24.197797235748265,18.44712585969612,0.625,37.972972972972975,0.070945946,0.2830188679245283,0.988235294117647,263.5135135135135,0.8877508650519031,11.670100546272993
E01016621,E02003441,1432001632.279534,24.19906624356771,-2.483519028,0.6186224489795918,27.614795918367346,0.3826530612244898,0.16638935108153077,0.9594594594594594,220.02551020408163,0.8924751360480391,11.49834637123727
E01016622,E02003442,874055636.5030675,24.171864745448268,18.243063820179813,0.5888501742160279,38.41463414634146,0.2831010452961672,0.4601226993865031,0.9811320753584906,217.7700348432056,0.8550295857988166,11.217927465497407
E01016623,E02003441,2151726217.785844,24.198611845062082,16.590136006286933,0.5817941952506597,29.22163588390501,0.3627968337730871,0.3629764065335753,0.9594594594594594,227.5725593667546,0.8924751360480391,10.833521592838654
E01016624,E02003441,1268266862.3762376,24.19728102112029,18.40422625954573,0.6149927219796215,37.190684133915575,0.072780204,0.24752475247524752,0.9594594594594594,251.09170305676847,0.8924751360480391,11.631250575899482
E01016625,E02003454,1742285537.437604,24.19907793770865,2.2203975138701897,0.5673021374927787,44.25187752744078,0.3466204506065858,0.5823627287853578,0.9391304347826086,300.40439052570764,0.8855954631379962,11.046743855824865
E01016626,E02003451,1058890609.1391269,24.199115525092616,-1.330461918,0.6453009961022087,34.08401905586834,1.061065396275444,0.28559771521827826,0.972027972027972,246.8601126028584,0.9038881174370164,11.317324865344291
E01016627,E02003448,1236531072.393301,24.198828943619738,10.313542262617972,0.6098823529411764,36.8,0.8705882352941177,0.6753106428957321,0.9652173913043477,244.7058823529412,0.9054741953167827,10.4698120607314
E01016628,E02003448,2251874340.941512,24.389885859957175,-29.61763201,0.6107213022733652,25.70867246702217,0.1964636542239685,0.42796005706134094,0.9652173913043477,145.94442885209094,0.9054741953167827,11.297035896928913
E01016629,E02003453,1803200790.140845,24.19521540367098,18.433884091948347,0.5611664295874822,43.02987198,0.0497866287339971,0.28169014084507044,1.0,177.8093883357041,0.8888888888888888,11.848996600753091
E01016630,E02003453,1266162246.27451,24.197934761267327,18.504635291763325,0.6513460275771503,40.249507550886406,0.032829941,0.19607843137254902,1.0,164.14970453053184,0.8888888888888888,12.219684581349991
E01016631,E02003454,473799701.2121212,24.165949961126906,18.24734767960682,0.6334072431633407,33.48115299334812,0.04804139,0.30303030303030304,0.9391304347826086,384.3311160384331,0.8855954631379962,11.845771905560946
E01016632,E02003454,969283266.060606,24.18857501686913,18.27606590169213,0.5854297693920335,39.57023060796646,0.0340670859538784,0.22727272727272727,0.9391304347826086,272.53668763102723,0.8855954631379962,12.120771553420964
E01016633,E02003457,781533641.1960133,24.19793507098814,13.4243244,0.6138392857142857,47.39583333333333,0.2232142857142857,0.4152823920265781,0.9888888885555556,312.5,0.8511551571771241,10.963491829200157
E01016634,E02003454,1795408918.6279035,24.198831372752494,4.828135241822807,0.6461538461538462,36.832579185520366,2.9411764705882355,0.46146746654360865,0.9391304347826086,235.2941176470588,0.8855954631379962,10.844904574056107
E01016635,E02003453,473439276.969697,24.16518896148878,19.37275096931753,0.6541459957476967,40.53862508858965,0.046066619,0.30303030303030304,1.0,177.1793054571226,0.8888888888888888,12.268401877022088
E01016636,E02003457,1946176950.0,24.19782983782095,0.6979024722807144,0.5776271186440678,39.389830508474574,0.091525424,0.25735294117647056,0.9888888885555556,284.7457627118644,0.8511551571771241,11.349023008033493
E01016637,E02003457,1323065051.1363637,24.1990581380247,-1.984294518,0.6035283194057567,47.26090993500464,0.1624883936861652,0.2840909090909091,0.9888888885555556,389.9721448467967,0.8511551571771241,11.059125838870145
E01016638,E02003457,12045015289.393938,24.19532244167518,8.928744767857959,0.6567957479119211,32.42217160212604,0.049354594,0.22727272727272727,0.9888888885555556,318.90660592255125,0.8511551571771241,11.909330681563858
E01016639,E02003457,2327152303.0973454,24.19878986007384,16.16115668883335,0.6447028423772609,40.43927648578811,0.1453488372093023,0.33185840707964603,0.9888888885555556,271.3178294573643,0.8511551571771241,11.478390379320938
E01016640,E02003457,2160842378.4722223,24.19803327862063,7.064587538962496,0.6044871794871794,43.07692307692308,0.3685897435897436,0.390625,0.9888888885555556,269.2307692307692,0.8511551571771241,11.156587731250484
E01016643,E02003457,1671344001.2345679,24.198675695189607,42.10348391517872,0.6359516616314199,44.10876132930513,0.060422961,0.37037037037037035,0.9888888885555556,317.22054380664656,0.8511551571771241,11.68320396101186
E01016644,E02003449,155562583.48258707,24.165863582832813,18.73103540312083,0.6743398781313473,36.62830060934326,0.1354096140825998,0.4975124378109453,0.9863013694520548,240.3520649966148,0.8638117283950617,11.664237834889835
E01016645,E02003449,2048372798.2905984,24.19886992864283,17.10683251,0.7414473684210526,39.34210526,0.2302631578947368,0.2849002849002849,0.9863013694520548,233.55263157894737,0.8638117283950617,10.861652068463094
E01016646,E02003449,2311210000.0,24.199315905424427,14.668012184282729,0.6935179358086847,37.69666456891127,0.062932662,0.24752475247524752,0.9863013694520548,223.4109503,0.8638117283950617,11.7130951258446
E01016647,E02003447,3517570836.725663,24.19532244167518,8.928744767857959,0.6597826086956522,37.391304347826086,0.1222826086956521,0.33185840707964603,0.952054794520548,339.67391304347825,0.8755611087972603,11.256008227368428
E01016648,E02003449,1451535391.5492957,24.196833190011205,10.064341500923376,0.6905424200278164,39.22114047287899,0.0486787204450625,0.352112676056338,0.9863013694520548,246.8706536856745,0.8638117283950617,12.084233448333023
E01016649,E02003449,2136677784.741784,24.232956879267437,-15.85953039,0.6963788300835655,39.62395543175488,0.2959610027855153,0.2934272300469484,0.9863013694520548,247.21448467966573,0.8638117283950617,11.232477554910576
E01016651,E02003450,1418141178.1249998,24.198162271816333,13.147184374852468,0.6801675977653632,44.76256983240224,0.066340782,0.20833333333333334,0.9910714285714286,352.65363128491623,0.8651892890120036,11.636176099130076
E01016652,E02003446,13032311624.590162,24.19532244167518,8.928744767857959,0.6439024390243903,41.86991869918699,0.048780488,0.2459016393442623,0.9729729733783784,260.1626016260163,0.8515668981047101,11.879772167390437
E01016653,E02003446,1951797175.0881317,24.198938960395793,10.345140695100316,0.6151026392961877,46.99413489736071,0.6231671554252199,0.5875440658049353,0.9729729733783784,234.60410557184755,0.8515668981047101,10.90409456229255
E01016654,E02003450,2782075975.609756,24.24760123240145,12.599306899873554,0.6139937106918238,43.31761006289308,0.3537735849056603,0.4434589800443459,0.9910714285714286,397.0125786163522,0.8651892890120036,10.998405990292316
E01016655,E02003450,632098151.2582781,24.179052070574315,17.591995052008524,0.6661341853035144,43.29073482428115,0.1198083067092651,0.4966887417218543,0.9910714285714286,403.3546325878594,0.8651892890120036,11.338742698189604
E01016656,E02003448,4173635387.20731,24.198830073089844,12.289674631602816,0.6080055210489993,36.71497584541063,1.207729468599034,0.2855511136493432,0.9652173913043477,358.8681849551415,0.9054741953167827,11.224753748853027
E01016657,E02003442,1345763488.9380531,24.199171918986572,-0.205429422,0.6779783393501805,47.58122743682311,0.1624548736462094,0.33185840707964603,0.9811320753584906,180.50541516245488,0.8550295857988166,10.959132414172585
E01016658,E02003442,1623365537.3015873,24.220800530762112,29.82784392331721,0.6641916976037799,35.36955788052649,0.0421869726628417,0.1984126984126984,0.9811320753584906,84.37394532568344,0.8550295857988166,12.0263776363381
E01016659,E02003442,979039683.0339321,24.198158230870373,16.485854931961693,0.6818181818181818,29.23076923076924,0.3496503496503496,0.3992015968063872,0.9811320753584906,174.82517482517483,0.8550295857988166,10.807199502203424
E01016660,E02003442,1568334334.8484848,24.196607160109004,8.938039661361463,0.6255096097845079,31.275480489225394,0.037856727,0.22727272727272727,0.9811320753584906,145.6027956,0.8550295857988166,12.007064797539766
E01016661,E02003445,1383994227.586207,24.199291223507437,18.29070440106272,0.6555059523809523,26.636904761904763,0.085565476,0.3448275862068966,0.9814814814814814,182.29166666666663,0.8559670781893004,11.618625357815713
E01016662,E02003443,2399843371.5231786,24.198827814148355,16.314289315365098,0.6440866185452526,21.37701277068296,0.083287063,0.33112582781456956,0.9649122807017543,122.15435868961688,0.8978512396694215,11.844822967720743
E01016663,E02003445,1918951838.6138613,24.198774464512685,18.34647450978908,0.6258992805755396,28.117505995203835,0.059952038,0.24752475247524752,0.9814814814814814,146.88249400479617,0.8559670781893004,11.561820385557278
E01016664,E02003444,1148254867.5810473,24.198164903841313,16.086936587035613,0.5970802919708029,40.72992700729928,0.291970803,0.49875311720698257,0.9416666666666667,372.2627737226277,0.8807813846595806,11.182106220040753
E01016665,E02003446,753681587.4643874,24.198961268607746,14.771680472092717,0.6553745928338762,36.41693811074919,0.2280130293159609,0.4985754985754986,0.9729729733783784,208.46905537459284,0.8515668981047101,11.106517769909384
E01016666,E02003446,8280948011.458332,24.19532244167518,8.928744767857959,0.65379113,36.33762517882689,0.06795422,0.20833333333333334,0.9729729733783784,228.89842632331903,0.8515668981047101,11.525279886483794
E01016668,E02003444,1213618033.8645418,24.19860953920079,0.3538472024898966,0.6377402446126965,40.76878276,0.145602796,0.49800796812749004,0.9416666666666667,297.029703,0.8807813846595806,11.273411140805074
E01016669,E02003444,2855347013.9303484,24.19892735745359,-0.305703241,0.6191191191191191,35.785785785785784,0.1001001001001001,0.373134328358209,0.9416666666666667,255.2552552552553,0.8807813846595806,11.307327092871768
E01016670,E02003452,1562433280.798005,24.198162411159004,9.490180711724893,0.6869331541820625,35.00167954316426,0.1343634531407457,0.3740648379052369,0.9857142855714286,109.1703056768559,0.8657142857142857,11.4602206485382
E01016671,E02003451,1237554462.9847238,24.19905659115788,5.630352208204752,0.5023584905660378,40.61320754716981,0.4009433962264151,0.4700352526439483,0.972027972027972,268.8679245283019,0.9038881174370164,10.904872825443134
E01016672,E02003452,2210809753.2763534,24.22349014278358,-16.52628187,0.6204232448773933,33.758817601612364,0.1175680214981525,0.42735042735042733,0.9857142855714286,109.1703056768559,0.8657142857142857,11.35048552394942
E01016673,E02003451,3444681623.5507245,24.198371898650173,16.395727396263016,0.662771285,24.930439621591542,0.1530328324986088,0.36231884057971014,0.972027972027972,317.19532554257097,0.9038881174370164,11.32265714338892
E01016674,E02003451,8735302874.774775,24.198937181286727,-17.4755511,0.6086444007858546,23.22200392927309,0.043222003929273,0.3153153153153153,0.972027972027972,223.96856581532415,0.9038881174370164,11.878522038012589
E01016676,E02003439,1837121836.25498,24.19660729966854,6.531482198907857,0.5663036515054453,48.110185778347216,0.1601537475976938,0.398406374501992,0.9693877551020409,297.8859705317104,0.905213753698602,11.19339490427878
E01016678,E02003439,2667882023.9862933,24.19850174585819,11.286322959582131,0.5982735723771581,33.53253652058433,1.1620185922974768,0.2855511136493432,0.9693877551020409,308.7649402390438,0.905213753698602,11.858599115988577
E01016679,E02003450,163252078.3625731,24.198155041453223,14.030341782142292,0.7057313943541489,32.292557741659536,0.4384088964927288,0.12183235867446393,0.9910714285714286,215.99657827202736,0.8651892890120036,11.127908758384534
E01016680,E02003450,706827419.1489363,24.198779756280036,14.303771353613875,0.6890756302521008,25.140056022408963,0.2626050420168067,0.39893617021276595,0.9910714285714286,353.64145658263305,0.8651892890120036,11.10157809020383
E01016684,E02003441,4148967229.6460176,24.198099225006352,10.066040779979753,0.6081409477521263,34.02187120291616,0.1366950182260024,0.5530973451327433,0.9594594594594594,209.59902794653703,0.8924751360480391,15.637754129367162
E01016685,E02003441,706964017.3875245,24.198169316338245,2.3322281999370937,0.5878674171357098,43.71482176360225,2.8767979987492183,0.13040643338404695,0.9594594594594594,215.75984990619136,0.8924751360480391,12.620046092529718
E01016686,E02003445,739899419.1304348,24.250666211348985,8.826984135582045,0.6414414414414414,31.71171171171171,0.040540541,0.32608695652173914,0.9814814814814814,220.72072072072072,0.8559670781893004,12.097874156014104
E01016687,E02003445,663446203.75,24.184159339886072,18.55084000036156,0.5989138867339022,27.61830876648565,0.073700543,0.20833333333333334,0.9814814814814814,190.0698215671063,0.8559670781893004,11.498516361178012
E01016688,E02003445,390942732.4302789,24.19930124481035,16.907627116971263,0.6074640287769785,34.577338129496404,0.112410071942446,0.398406374501992,0.9814814814814814,110.16187050359711,0.8559670781893004,11.497050115811938
E01016689,E02003445,1107062443.0278885,24.215858222315656,-4.949974073,0.5542347696879644,28.454680534918275,0.1857355126300148,0.49800796812749004,0.9814814814814814,182.02080237741453,0.8559670781893004,11.189975390433116
E01016690,E02003455,9389551495.887192,24.40273594369447,-22.78837981,0.6193181818181818,29.72027972027972,0.3715034965034965,0.2937720329024677,0.9811320758301887,329.9825174825175,0.896953125,13.734239061324985
E01016691,E02003455,10548044899.061033,24.198814507951116,7.388159293121069,0.5957894736842105,34.24561403508772,0.2982456140350877,0.2934272300469484,0.9811320758301887,529.8245614035087,0.896953125,11.148334397086742
E01016692,E02003440,3115682385.5855856,24.19843704879661,0.427325219,0.620051086,36.90932311621967,0.070242656,0.3153153153153153,0.988235294117647,249.0421455938697,0.8877508650519031,11.703704339437724
E01016693,E02003440,727873239.2045455,24.198049382389215,18.56064315096761,0.6894223555888972,46.28657164291073,0.1312828207051763,0.5681818181818182,0.988235294117647,292.57314328582146,0.8877508650519031,11.6013640373176
E01016694,E02003440,2951026837.385197,24.199175971305188,6.712244342587216,0.5979708306911858,42.61255548509829,1.173113506658212,0.3241491085899514,0.988235294117647,247.30500951173116,0.8877508650519031,10.205169478919554
E01016695,E02003440,1436648639.3034825,24.198923087536976,18.101328356956618,0.5749039692701664,42.38156209987197,0.1280409731113956,0.4975124378109453,0.988235294117647,249.6798975672215,0.8877508650519031,11.86503198955396
E01016696,E02003451,4160193862.0459847,24.199173001668726,5.337745052278712,0.722001982,38.156590683845394,1.4866204162537169,0.41652782405864713,0.972027972027972,282.45787908820614,0.9038881174370164,10.798731683699913
E01016699,E02003454,1103249173.5015771,24.199086182305187,-12.85226748,0.6565017261219793,43.49827387802072,0.5466052934407365,0.5257623554153522,0.9391304347826086,299.19447640966627,0.8855954631379962,11.027783832135368
E01016700,E02003448,814190245.2728255,24.1986177721845,8.642399648150874,0.6336032388663968,39.06882591093117,0.9362348178137652,0.18908698001080498,0.9652173913043477,263.1578947368421,0.9054741953167827,11.438672742215903
E01016701,E02003447,3328489496.1977186,24.198491267694717,7.448328034448247,0.6332665330661322,39.77955911823648,0.2630260521042084,0.33269961977186313,0.952054794520548,313.12625250501003,0.8755611087972603,10.800994395167091
E01016702,E02003447,1328583862.3761475,24.292401194809106,1.7535175858156904,0.624117053,32.08879919273461,5.549949545913219,0.2727024815925825,0.952054794520548,315.33804238143284,0.8755611087972603,11.126444467446635
E01016703,E02003447,912452364.8168701,24.19971124340049,6.831796861981006,0.6644801574286652,30.928173171531647,0.2951787471302066,0.49944506104328523,0.952054794520548,204.9852410626435,0.8755611087972603,10.573590691421174
E01016704,E02003447,1784315047.8802993,24.198930900232888,11.79621225394222,0.6551585708550783,28.98434363709353,0.1605780810919309,0.43640897755610975,0.952054794520548,250.90325170614213,0.8755611087972603,11.319352851746254
E01016705,E02003458,1895656577.0768547,24.199046443652218,11.40656383840542,0.6492236917768832,25.35940195514664,1.2938470385278895,0.22212350066637052,0.9733333336666666,201.26509488211616,0.8807556080283353,11.145309938135812
E01016706,E02003458,361958997.5,24.184378311309917,18.11418602304677,0.6143445032333921,39.62375073486184,0.102880658,0.14204545454545456,0.9733333336666666,205.761316872428,0.8807556080283353,11.40611469184803
E01016707,E02003458,1795773798.6754968,24.19994198211504,-1.516888417,0.6042810098792536,33.36992316136114,0.082327113,0.33112582781456956,0.9733333336666666,192.09659714599343,0.8807556080283353,11.39557858418448
E01016708,E02003458,906881542.0454545,24.19239741419367,18.228552168121613,0.564344746,40.55489964580873,0.1033057851239669,0.2840909090909091,0.9733333336666666,206.61157024793388,0.8807556080283353,11.439320443238811
E01016709,E02003458,1691391726.7806268,24.199232702041638,15.252456270734385,0.5636998254799301,38.103548574752764,0.2036067481093659,0.42735042735042733,0.9733333336666666,203.6067481093659,0.8807556080283353,11.147985850287355
E01028422,E02005928,706596608.9712335,24.178967858334282,7.243040383222928,0.6004239533651299,29.78272390037096,1.086380498145204,0.1462701121404193,0.9583333333333334,241.12347641759408,0.9030470914127424,11.481676657425076
E01028423,E02005928,2993830093.1263857,24.177066145617825,17.818909560096113,0.5754601226993865,36.93251533742331,0.2760736196319018,0.3325942350332594,0.9583333333333334,279.1411042944785,0.9030470914127424,10.863367646234964
E01028426,E02005927,3657997417.117117,24.31545081879267,4.825472885083383,0.6496718828874306,23.27107521453811,0.055527511,0.3153153153153153,0.9677419359354839,68.14740030287733,0.892578125,11.779136168550774
E01028427,E02005927,469754063.9634495,24.17634432409965,5.824249685399731,0.7377598926894702,32.12608987256875,1.1737089201877935,0.2855511136493432,0.9677419359354839,90.54325955734406,0.892578125,10.371395236823
E01028428,E02005927,1667135451.6556292,24.17714844687153,20.376144804113498,0.572068708,23.37565347274085,0.1120238984316654,0.33112582781456956,0.9677419359354839,100.82150858849889,0.892578125,12.828102377858905
E01028429,E02005927,966194525.4575707,24.179223250808864,-8.000335478,0.5818030050083473,26.293823038397328,0.5008347245409015,0.49916805324459235,0.9677419359354839,112.68781302170284,0.892578125,11.081337096382857
E01028430,E02005926,1844220746.9332123,24.17878842599756,-2.902089373,0.6747220879652006,28.08119864668922,1.0633156114064766,0.31803725579282144,0.9523809523809523,181.24697921701303,0.9068512110726644,10.996845150375634
E01028431,E02005926,4488907430.94842,24.178920556857527,9.240271425743938,0.6096131301289566,24.384525205158265,0.3516998827667057,0.33277870216306155,0.9523809523809523,219.8124267291911,0.9068512110726644,10.978649234782567
E01028432,E02005926,1480050563.5327635,24.176598299159707,17.096930075106542,0.5920275590551181,22.785433070866144,0.1722440944881889,0.3561253561253561,0.9523809523809523,184.5472440944882,0.9068512110726644,11.047271220565188
E01028433,E02005926,1258113188.0530972,24.178784416497734,20.16241447575092,0.5337114051669817,22.18021424070573,0.1417769376181474,0.4424778761061947,0.9523809523809523,236.29489603024572,0.9068512110726644,11.177932799909652
E01028434,E02005926,1251313716.9201522,24.237459624937262,3.868952224881952,0.610744166,23.07353588727433,0.2311756935270806,0.33269961977186313,0.9523809523809523,165.12549537648613,0.9068512110726644,11.358119570536754
E01028435,E02005924,3313828293.1009855,24.178655283064554,11.961021975958776,0.744277822,22.33622731,2.7624309392265194,0.428510212826739,0.9451476793248945,323.59905288082086,0.9215972222222222,10.282628241190524
E01028437,E02005924,549201858.6684844,24.1792440782626,-0.510125529,0.6946952595936795,21.21896162528217,2.4830699774266365,0.20449897750511248,0.9451476793248945,462.7539503386005,0.9215972222222222,11.309919823419676
E01028439,E02005924,3477078711.445783,24.176157219101036,17.495416357392703,0.7480427046263345,24.91103202846975,0.1174377224199288,0.24096385542168675,0.9451476793248945,583.6298932384342,0.9215972222222222,11.494956809464687
E01028440,E02005924,1833580283.0985916,24.206028498303898,18.127775089082668,0.7700534759358288,22.085561497326204,0.037433155,0.352112676056338,0.9451476793248945,438.5026737967914,0.9215972222222222,11.85550858389574
E01028441,E02005922,2205503348.5049834,24.17877718672907,20.69846697,0.6870615744349181,18.939984411535463,0.1169134840218238,0.4152823920265781,0.9761904761904762,72.09664848,0.8851873884592505,11.118761260429697
E01028443,E02005922,763582758.4070797,24.312999376951453,-10.81540903,0.690050107,19.828203292770223,0.1610594130279169,0.33185840707964603,0.9761904761904762,132.4266284896206,0.8851873884592505,11.232048334440172
E01028444,E02005922,1565650063.4920635,24.17727665256328,16.042483699625176,0.6540504648074369,17.928286852589643,0.083001328,0.3968253968253968,0.9761904761904762,122.84196547144757,0.8851873884592505,11.347307621146507
E01028445,E02005923,3186352158.221303,24.178585815640314,3.426784225432704,0.6623292127521145,12.426805465191933,1.8867924528301887,0.31023784901758017,0.96,117.11125569290826,0.9152,10.90818001624759
E01028446,E02005923,837068223.3458177,24.17905543197269,9.101066312,0.6437928883343731,17.21771678103556,0.4990642545227698,0.24968789013732834,0.96,112.2894572676232,0.9152,12.206027644517643
E01028447,E02005923,3059004253.030303,24.177494923316583,13.777113400742934,0.7188693659281895,22.001527883880826,0.049656226,0.3787878787878788,0.96,137.50954927425516,0.9152,11.539652030189911
E01028448,E02005923,981113904.5833334,24.167401125997497,18.89957777017836,0.6653225806451613,19.87327188940092,0.0547235023041474,0.20833333333333334,0.96,103.68663594470046,0.9152,11.57605789934676
E01028449,E02005925,9871939087.5,24.182470308844877,17.10057654310421,0.6668848167539267,13.154450261780104,0.009816754,0.3125,1.0,62.17277486910995,0.870748299,12.935232675185809
E01028450,E02005925,1636529359.4827585,24.177447077917293,19.182250130531315,0.6601435094585779,12.524461839530332,0.075016308,0.646551724137931,1.0,61.96999347684279,0.870748299,11.426430792410532
E01028451,E02005925,471716670.90909094,24.16154383187442,19.415220826071213,0.6414950419527079,15.789473684210526,0.049580473,0.22727272727272727,1.0,72.46376811594203,0.870748299,11.908191560024315
E01028452,E02005925,18210375304.761906,24.178905704647683,30.33913107429682,0.6727766463000678,13.238289205702646,0.0135777325186693,0.47619047619047616,1.0,64.49422946367957,0.870748299,12.629380946155546
E01028453,E02005925,1919912781.1764705,24.180372214801253,16.77683033062983,0.6277966101694915,15.18644068,0.033898305,0.39215686274509803,1.0,64.40677966101694,0.870748299,11.582274273104217
E01028454,E02005925,1696908954.9668875,24.178903352896032,19.74860739425945,0.6217843459222769,11.986863711001645,0.082101806,0.4966887417218543,1.0,51.99781061850027,0.870748299,11.333013003973294
E01028455,E02005933,1528367664.9126499,24.178761006380554,4.691822946801625,0.7043941411451398,21.43808255659121,3.1624500665778963,0.26310250473584507,0.9568965517241379,316.2450066577896,0.9200756143667296,11.012507771008137
E01028456,E02005933,3105164363.5664873,24.17905118682451,0.3005985982084367,0.6383121232417951,21.299397186872067,0.870730074,0.23059185242121444,0.9568965517241379,318.1513730743469,0.9200756143667296,10.563342412247222
E01028457,E02005933,504293597.60638297,24.17843189652887,19.690935625245253,0.6564102564102564,23.95604395604396,0.2747252747252747,0.3324468085106383,0.9568965517241379,347.985347985348,0.9200756143667296,10.997974677738338
E01028458,E02005933,2506265758.2417583,24.177307827982887,16.584840395214922,0.7227157360406091,19.67005076142132,0.057106599,0.43956043956043955,0.9568965517241379,301.3959390862944,0.9200756143667296,11.559394418695424
E01028459,E02005932,1506297029.3650794,24.1772848101199,20.641007378628995,0.740983607,26.688524590163937,0.081967213,0.5952380952380952,0.9714285717142856,98.36065573770492,0.8979591836734694,11.49069008091951
E01028460,E02005932,7871000090.099009,24.19532244167518,8.928744767857959,0.7277179236043095,32.761998041136145,0.048971596,0.24752475247524752,0.9714285717142856,73.45739471106758,0.8979591836734694,11.704132429352155
E01028461,E02005932,1117880354.8672566,24.177727858349062,20.837542712125103,0.7577197149643705,29.572446555819475,0.1336104513064133,0.33185840707964603,0.9714285717142856,89.07363420427554,0.8979591836734694,11.384193962989162
E01028462,E02005932,1585159728.2392027,24.17865531463956,18.84825850608417,0.6961707470182047,27.87193973634652,0.1883239171374764,0.5813953488372093,0.9714285717142856,94.16195856873824,0.8979591836734694,11.138585892300986
E01028463,E02005935,458176471.2528824,24.178951239151463,6.638990887486735,0.7657450076804916,33.41013824884793,0.499231950844854,0.23059185242121444,0.9481481482222223,159.37019969278035,0.8604224058769513,11.041410540446716
E01028464,E02005935,1809093135.2272727,24.178039475617716,19.087686938609863,0.7363034316676701,32.26971703792896,0.1053582179409994,0.42613636363636365,0.9481481482222223,249.84948826008429,0.8604224058769513,11.345633819624226
E01028465,E02005935,9814456902.469133,24.19532244167518,8.928744767857959,0.7209631728045326,33.21529745042493,0.0566572237960339,0.37037037037037035,0.9481481482222223,293.90934844192634,0.8604224058769513,11.375110625758792
E01028466,E02005934,1779276166.1354582,24.17937954079587,3.199353234271193,0.6668526785714286,18.470982142857142,0.1395089285714285,0.398406374501992,0.95,100.44642857142856,0.8954635108481263,11.268060196083502
E01028467,E02005933,738256668.01854,24.179191693234223,-1.132940793,0.6792645556690501,26.65985699693565,0.8810010214504597,0.13035921205098494,0.9568965517241379,242.5944841675179,0.9200756143667296,10.504832848542623
E01028469,E02005934,1260342981.0945272,24.1790817230838,20.232806465834777,0.5575284090909091,22.088068181818183,0.1420454545454545,0.373134328358209,0.95,127.8409090909091,0.8954635108481263,11.343216039827036
E01028470,E02005934,1569016721.0643015,24.178492642775065,16.86222393533862,0.6583629893238434,25.26690391459075,0.2669039145907473,0.3325942350332594,0.95,106.76156583629894,0.8954635108481263,11.215730136504524
E01028471,E02005934,9814456902.469133,24.19532244167518,8.928744767857959,0.6887272727272727,14.909090909090908,0.058181818,0.06172839506172839,0.95,130.9090909090909,0.8954635108481263,11.307449911309426
E01028472,E02005934,22082528030.555553,24.19532244167518,8.928744767857959,0.6383161512027491,22.938144329896907,0.030068729,0.2777777777777778,0.95,154.63917525773198,0.8954635108481263,12.119897542142905
E01028473,E02005934,889387416.9660679,24.176923410804307,18.45517070786285,0.680998613,26.005547850208043,0.3467406380027739,0.0998003992015968,0.95,124.8266296809986,0.8954635108481263,11.212671361343652
E01028474,E02005929,5904216030.852995,24.179060971153813,-2.277197195,0.6302205537306429,25.762552792116377,0.2580947911778508,0.3629764065335753,0.9816513756605504,244.01689347724076,0.8847933884297521,10.904772628556168
E01028476,E02005928,1910802861.0846813,24.178664281900545,-13.08909776,0.6091994382022472,34.866573033707866,0.3686797752808989,0.42816365366317793,0.9583333333333334,159.76123595505618,0.9030470914127424,10.810055937090704
E01028477,E02005931,3210474831.06267,24.17875063503411,8.387487672493727,0.6931899641577061,32.58064516129032,0.3942652329749104,0.36330608537693004,0.9781021899051096,232.97491039426524,0.91725717939155,11.281453006221517
E01028478,E02005931,5264708669.536423,24.19532244167518,8.928744767857959,0.6829440905874027,24.911535739561216,0.1061571125265392,0.33112582781456956,0.9781021899051096,460.0141542816702,0.91725717939155,10.948716645194592
E01028479,E02005921,8438891111.553786,24.178494332311182,5.064056166763994,0.5940665701881331,34.00868306801736,0.1808972503617945,0.29880478087649404,0.9895833333333334,332.85094066570184,0.9078768673607968,11.251261954917002
E01028480,E02005921,3180669882.235529,24.17730472945527,18.54531552441298,0.56828479,32.29773462783172,0.3236245954692556,0.3992015968063872,0.9895833333333334,297.7346278317152,0.9078768673607968,10.830738006646618
E01028481,E02005930,5536717712.146422,24.17933763866938,-6.916420158,0.5649122807017544,37.54385964912281,0.4210526315789473,0.415973377703827,0.9830508474576272,382.4561403508772,0.9070669347888536,10.914348796788698
E01028482,E02005930,1902153053.982301,24.17875612854608,14.43256126696272,0.5905631659056316,43.91171994,0.1712328767123287,0.33185840707964603,0.9830508474576272,414.7640791476408,0.9070669347888536,11.151300193113736
E01028483,E02005931,2463813012.605042,24.179350764825575,6.540375948,0.6569630212431157,38.55232100708104,0.3737214791502753,0.26260504201680673,0.9781021899051096,511.4083398898505,0.91725717939155,11.71904021416519
E01028484,E02005931,3242182426.7045455,24.175004888662304,18.982883944121543,0.6458141674333027,37.71849126034959,0.1609935602575897,0.2840909090909091,0.9781021899051096,597.9760809567617,0.91725717939155,13.014487637728877
E01028485,E02005929,2903414545.1327434,24.178505637918644,10.308088792332391,0.6071657069737684,33.71721049264235,0.1439539347408829,0.4424778761061947,0.9816513756605504,332.69353806781834,0.8847933884297521,11.432930626521312
E01028486,E02005929,2856872833.0955777,24.176992266369968,9.599346955349477,0.6213206046141607,39.45902943516308,0.5568814638027049,0.28530670470756064,0.9816513756605504,413.6833731105808,0.8847933884297521,10.840384510303233
E01028487,E02005937,7213793411.471322,24.1785168012911,-0.967649121,0.708300395,33.280632411067195,0.3162055335968379,0.3740648379052369,0.9795918367346939,150.19762845849803,0.9112426035502958,11.078072739967473
E01028488,E02005939,1365872936.8805425,24.17879025710237,3.050906897,0.7138869504535938,30.983949755757152,4.012561060711794,0.21735350373848025,0.9115044248584071,324.49406838799723,0.9210526315789472,11.675839251284398
E01028489,E02005937,2375493043.75,24.175475999220808,18.039118047253364,0.4878408253500368,43.55195283714075,0.1289609432571849,0.5681818181818182,0.9795918367346939,140.0147383935151,0.9112426035502958,11.416236764013505
E01028490,E02005937,1479663109.090909,24.176535555029055,16.625113823521612,0.5816793893129771,27.25190839694657,0.1335877862595419,0.2840909090909091,0.9795918367346939,145.03816793893128,0.9112426035502958,10.718242192344569
E01028491,E02005937,1095630028.7320426,24.178193297189473,13.107592533291452,0.6191335740072202,34.71720818291215,0.9626955475330926,0.21861336664584635,0.9795918367346939,114.32009626955475,0.9112426035502958,11.19065712371887
E01028492,E02005938,2402930776.6381764,24.178338725113267,17.397702049859845,0.6141879278158059,27.56689483509645,0.2177971375233354,0.42735042735042733,0.999999999862069,84.00746733042936,0.8751486325802615,10.957568097079989
E01028493,E02005938,2870699374.242424,24.17811591548074,20.489969960460595,0.6172248803827751,25.01708817498291,0.044429255,0.22727272727272727,0.999999999862069,92.27614490772386,0.8751486325802615,11.669148501476776
E01028494,E02005937,3210074994.83871,24.17938657689946,15.723805091164712,0.6480206540447504,22.461273666092943,0.0258175559380378,0.3225806451612903,0.9795918367346939,163.51118760757316,0.9112426035502958,12.085416110325538
E01028495,E02005938,3767360186.1538463,24.178207891476227,14.767155131717086,0.6850453172205438,29.607250755287005,0.018882175,0.19230769230769232,0.999999999862069,101.96374622356495,0.8751486325802615,12.560809212028614
E01028496,E02005938,5567831500.943397,24.177452072786835,11.083448263915042,0.6815331010452962,25.505226480836235,0.073170732,0.2830188679245283,0.999999999862069,94.0766550522648,0.8751486325802615,11.292766146875527
E01028497,E02005936,3590957330.6085377,24.17850671162891,9.001163785,0.5984308131241084,42.796005706134096,0.7845934379457917,0.2724795640326976,0.9760479041916167,549.2154065620542,0.9074611699811294,11.334006476505907
E01028498,E02005936,6113531096.345515,24.177613159758668,11.114234010155368,0.625609756,32.80487804878049,0.1829268292682926,0.24916943521594684,0.9760479041916167,469.5121951219512,0.9074611699811294,11.663793620346974
E01028499,E02005931,2485097553.2144785,24.17937461864913,5.274859885228955,0.6169429097605893,26.933701657458563,0.8517495395948435,0.18908698001080498,0.9781021899051096,299.2633517495396,0.91725717939155,10.43268154820059
E01028500,E02005936,664792925.3405994,24.17820373749638,14.158542038341883,0.6645924082140635,28.251400124455508,0.6845052893590542,0.18165304268846502,0.9760479041916167,479.15370255133786,0.9074611699811294,11.598570075025986
E01028501,E02005936,4539758212.38938,24.17879129893637,10.787015181534548,0.5888985255854293,43.97224631396357,0.1951431049436253,0.33185840707964603,0.9760479041916167,667.8230702515177,0.9074611699811294,11.41142047019344
E01028502,E02005936,1659402052.49501,24.17585163237046,17.47952080149856,0.5903829029385574,46.57168299198575,0.4452359750667854,0.2994011976047904,0.9760479041916167,685.6634016028496,0.9074611699811294,10.885172689174944
E01028503,E02005929,5794302737.190083,24.17578146324986,13.192958087521683,0.5611257695690414,34.91644678979771,0.1055408970976253,0.371900826446281,0.9816513756605504,457.3438874230431,0.8847933884297521,11.386617444671968
E01028504,E02005929,2294078892.215569,24.177130817105798,8.859567036,0.5880306193458594,38.55254001391789,0.34794711203897,0.3992015968063872,0.9816513756605504,361.8649965205289,0.8847933884297521,10.955968638860549
E01028506,E02005930,1510212899.1825614,24.178364766608414,9.371640999538052,0.6450094161958568,33.14500941619586,0.5178907721280602,0.2724795640326976,0.9830508474576272,256.5913370998117,0.9070669347888536,11.260635106078473
E01028507,E02005930,5219706684.782609,24.178441686919363,0.7006826872364783,0.5951388888888889,41.18055555555556,0.1909722222222222,0.36231884057971014,0.9830508474576272,378.47222222222223,0.9070669347888536,11.233801816023966
E01028508,E02005921,5672973043.912175,24.177909787766794,16.50983206619447,0.5921173235563703,40.60494958753437,0.458295142,0.2994011976047904,0.9895833333333334,421.63153070577454,0.9078768673607968,10.87292086780837
E01028510,E02005939,2884793374.625375,24.179374871067502,9.219227187,0.5818713450292398,31.05263157894737,0.5847953216374269,0.2997002997002997,0.9115044248584071,271.9298245614035,0.9210526315789472,10.947907612120812
E01028511,E02005938,661555524.9000363,24.178948540283738,11.186141255022086,0.5524948024948025,30.665280665280665,1.4293139293139294,0.1817520901490367,0.999999999862069,70.16632016632018,0.8751486325802615,11.314832555272734
E01028512,E02005939,1005855403.187251,24.177135339209872,21.225503366871568,0.6350858927641854,28.422696512233216,0.1301405517959396,0.398406374501992,0.9115044248584071,242.0614263404477,0.9210526315789472,11.271121383918064
E01028513,E02005944,2641329177.61194,24.178329281153047,14.49522098619019,0.7068081991215227,26.57393850658858,0.073206442,0.4975124378109453,0.9545454545454546,32.94289897510981,0.8771266540642721,11.35867811380378
E01028514,E02005944,37855762338.09523,24.19532244167518,8.928744767857959,0.6810012836970475,19.961489088575096,0.0128369704749679,0.23809523809523808,0.9545454545454546,57.76636713735559,0.8771266540642721,12.696188290481068
E01028515,E02005946,927684306.7729083,24.179475959502668,13.31279448,0.6802292263610316,39.94269340974212,0.1432664756446991,0.49800796812749004,0.9999999999999999,120.34383954154728,0.9017283950617284,11.26345077190963
E01028516,E02005944,3633000305.970149,24.24081730138309,3.6341226585207433,0.6409729359369647,30.969510106200755,0.068516615,0.4975124378109453,0.9545454545454546,30.832476875642342,0.8771266540642721,11.24727881937906
E01028517,E02005956,4611698187.804878,24.178256963992983,20.19235698266296,0.7141843971631205,17.02127659574468,0.0283687943262411,0.36585365853658536,0.9615384615384616,67.37588652482269,0.8998628257887518,12.124189912714858
E01028518,E02005956,2670852922.310757,24.177957500443544,8.837583461722923,0.6429418742586003,14.590747330960854,0.1482799525504151,0.398406374501992,0.9615384615384616,56.34638196915777,0.8998628257887518,11.395053675375332
E01028519,E02005956,1742635528.5126395,24.17876806262327,-3.657243683,0.6831521739130435,16.684782608695652,0.9239130434782608,0.411522633744856,0.9615384615384616,51.630434782608695,0.8998628257887518,10.845981376885184
E01028520,E02005957,795384449.0039841,24.180929710305218,13.18611032124468,0.66454598,15.847310584152693,0.1445922498554077,0.49800796812749004,0.9333333333333333,26.02660497397339,0.8875739644970414,11.292690180545192
E01028521,E02005947,939203162.3469636,24.178402366867317,3.617338154550963,0.9802955665024632,34.95526289333468,3.719714486779933,0.3513418556255236,0.9233576642335767,87.96622097114708,0.8850231765144654,11.058840725448391
E01028522,E02005947,1654000066.8969278,24.17845277205225,5.375806163417888,0.9247336729967578,32.28346456692913,1.2737378415933305,0.36357025995273584,0.9233576642335767,202.64011116257527,0.8850231765144654,10.975735642898655
E01028523,E02005949,97730664.32517758,24.177809820747864,12.394242769218335,0.7711416490486258,44.34460887949261,2.0084566596194504,0.2104709287029729,0.8928571428571428,42.28329809725159,0.8905325443786982,10.556968868245896
E01028524,E02005949,749542125.7142857,24.176967470056564,19.05505637358676,0.68799547,27.06681766704417,0.070781427,0.3968253968253968,0.8928571428571428,45.300113250283125,0.8905325443786982,13.9713863204091
E01028525,E02005949,4294901957.894737,24.177810926807172,16.854515306034873,0.704231831,25.66697332106716,0.03449862,0.32894736842105265,0.8928571428571428,36.79852805887764,0.8905325443786982,14.482211601908835
E01028526,E02005949,178048025.54081076,24.17873721684638,3.903754562462285,0.889589905,30.41910770617396,2.478593961243804,0.45446282494091983,0.8928571428571428,36.05227579990987,0.8905325443786982,10.187233479430022
E01028527,E02005954,1344314598.1884058,24.178088730160518,2.455453295166892,0.6479505895564289,42.95339696799551,0.154407636,0.5434782608695652,0.9382716049382716,160.0224592925323,0.9071980963712076,11.321777065973317
E01028528,E02005954,2299576272.8785357,24.179289897133952,-3.086370342,0.751458576,36.58109684947492,0.3500583430571762,0.5823627287853578,0.9382716049382716,166.27771295215868,0.9071980963712076,11.081927141063792
E01028529,E02005954,1918281695.1871657,24.179120243205396,4.339579663270672,0.6843231674692349,22.73943285,2.3006955591225253,0.1860032550569635,0.9382716049382716,152.48796147672553,0.9071980963712076,11.044900527983945
E01028530,E02005954,7569127509.933775,24.178709511665584,19.891752873023144,0.7338858195211786,27.53222836095765,0.069060773,0.4966887417218543,0.9382716049382716,131.21546961325967,0.9071980963712076,11.356283350762888
E01028531,E02007116,1870821686.1344538,24.177962666547117,11.499889234566531,0.7767663632423061,42.60944950151712,0.2058951018638925,0.36764705882352944,0.9705882352941175,65.01950585175553,0.9152249134948096,11.068658524387072
E01028532,E02007116,3881875720.6982546,24.179098466342314,-3.857736955,0.7995930824008138,40.725669718548666,0.1356391997287216,0.43640897755610975,0.9705882352941175,50.8646999,0.9152249134948096,11.3850466378818
E01028534,E02005945,1401339262.2504537,24.17859503613983,4.032648711054015,0.6463620981387479,58.79864636209814,0.4653130287648054,0.27223230490018147,0.9540229885057471,296.10829103214894,0.9031576165940018,11.161265199216396
E01028535,E02005945,4307563830.242511,24.178844636229787,4.658778598,0.7750702905342081,49.53139643861294,0.3280224929709466,0.4992867332382311,0.9540229885057471,164.0112464854733,0.9031576165940018,10.994012464450176
E01028536,E02005945,488691576.1598858,24.17809267926512,10.759584778295668,0.6494252873563219,54.16666666666666,1.0057471264367817,0.28551034975017847,0.9540229885057471,251.4367816091954,0.9031576165940018,10.90607917096611
E01028537,E02005945,202386261.56153655,24.178836933357548,11.127880869765637,0.6933652121936641,68.02151823072326,7.172743574417215,0.33330555787017746,0.9540229885057471,209.20502092050208,0.9031576165940018,10.23681198286661
E01028538,E02005944,6776728246.534654,24.248010550401364,10.929351542041418,0.6639433551198257,30.93681917211329,0.0544662309368191,0.49504950495049505,0.9545454545454546,49.01960784313725,0.8771266540642721,12.051819460449432
E01028539,E02005945,3821581448.2587066,24.17780745061666,13.965567438577745,0.7349739706578324,43.776620918125886,0.094652153,0.6218905472636815,0.9540229885057471,165.6412683388547,0.9031576165940018,11.213656523266527
E01028540,E02005945,1103108624.0948813,24.17815813735128,-5.911069759,0.7566647759500851,54.45263754963131,0.4537719795802609,0.37453183520599254,0.9540229885057471,198.52524106636412,0.9031576165940018,12.944828744984216
E01028541,E02005951,2880886686.594203,24.178402966943988,10.124065616845185,0.7022058823529411,60.882352941176464,0.2022058823529411,0.4528985507246377,1.0,95.58823529411764,0.8886576482830385,11.293786385047255
E01028542,E02005951,5253614681.415929,24.17839946122783,-0.300510226,0.7251950947603122,46.59977703455965,0.1254180602006689,0.4424778761061947,1.0,72.46376811594203,0.8886576482830385,11.333225801341792
E01028543,E02005951,836712900.0,24.17852894348825,13.75291524422254,0.7157622739018088,52.02411714039621,0.40913006,0.5252100840336135,1.0,111.9724375538329,0.8886576482830385,11.015880762394506
E01028544,E02005951,8034624413.223141,24.17823638446984,1.7759902125378315,0.7095890410958904,69.49771689497717,0.1095890410958904,0.371900826446281,1.0,118.7214611872146,0.8886576482830385,11.247017930529276
E01028545,E02005953,3664693889.7727275,24.178881934339532,0.7041174995490492,0.7575757575757576,74.3006993,0.1019813519813519,0.42613636363636365,0.962962962962963,69.93006993006993,0.8735999999999999,11.224265771946
E01028546,E02005953,3742309221.014493,24.178852228551946,6.859329928142445,0.6754478398314014,34.35194942044257,0.1448893572181243,0.36231884057971014,0.962962962962963,63.224446786090624,0.8735999999999999,11.291293270979947
E01028547,E02005953,5076260821.192053,24.245908245604728,-5.376365893,0.8124738384261198,50.104646295521135,0.062787777,0.4966887417218543,0.962962962962963,50.230221850146506,0.8735999999999999,11.689013746315387
E01028548,E02005948,3858426908.5318985,24.42163896521122,-10.23490001,0.6989795918367347,53.16326530612245,0.6632653061224489,0.4611837048424289,0.9479166666666666,191.32653061224488,0.8914868742693166,11.21601426819998
E01028549,E02005948,1834178224.3982048,24.419931465007448,-9.779028402,0.7702702702702703,73.49849849849849,1.8393393393393396,0.1835985312117503,0.9479166666666666,281.5315315315315,0.8914868742693166,10.63988430926644
E01028550,E02005948,751310288.7351019,24.177965004713663,-2.502978895,0.7997138769670958,63.59084406294707,1.859799713876967,0.2306805074971165,0.9479166666666666,268.24034334763945,0.8914868742693166,10.522880544507412
E01028551,E02005948,2075693370.786517,24.17823764799843,-11.72434159,0.8346727898966705,52.123995407577496,0.4592422502870264,0.24968789013732834,0.9479166666666666,215.2698048220436,0.8914868742693166,11.32369711107193
E01028552,E02005955,2762483803.7116346,24.17780836706806,12.65456573,0.6807738814993954,18.661829907295445,0.5642885933091495,0.4282655246252677,0.9425287356321839,137.04151551793632,0.8899458316818601,10.363675306174898
E01028553,E02005955,943325716.9187968,24.25548327282339,-11.51630616,0.685063682,28.637591663450408,2.2192203782323427,0.21735350373848025,0.9425287356321839,131.22346584330376,0.8899458316818601,11.567171114257206
E01028554,E02005955,4026065875.0,24.177826822324374,18.80262595687554,0.7074607329842932,31.08638743455497,0.035994764,0.44642857142857145,0.9425287356321839,222.51308900523563,0.8899458316818601,13.60053931761827
E01028555,E02005955,1449541878.0439122,24.228034673280746,5.673463610924618,0.6872659176029963,30.14981273,0.3121098626716604,0.1996007984031936,0.9425287356321839,212.23470661672908,0.8899458316818601,10.800004056710833
E01028556,E02007021,1175796035.674931,24.178550132769146,-1.594015424,0.8019972451790633,25.86088154269973,0.2496556473829201,0.30991735537190085,0.9130434782608696,77.47933884297521,0.9178743961352656,11.059321247951535
E01028557,E02007021,642612550.9429187,24.178716536698598,4.441746809130485,0.6956521739130435,25.72837292693859,3.541012998655312,0.11390963169219086,0.9130434782608696,100.85163603765128,0.9178743961352656,11.810117145779632
E01028558,E02007021,1496828144.8792672,24.178700576383754,-3.564452475,0.7280753384343731,29.25250147,0.7062978222483814,0.2497918401332223,0.9130434782608696,132.43084167157153,0.9178743961352656,10.83757235996854
E01028559,E02007021,3796716206.451613,24.424811300943702,-32.42696238,0.7614161108260646,38.276038994356085,0.015392509,0.3225806451612903,0.9130434782608696,115.44381734222678,0.9178743961352656,12.497999446362185
E01028560,E02005943,14674326801.652893,24.24415379023491,1.011748081,0.6032085561497326,36.68449197860962,0.064171123,0.371900826446281,0.9642857138571429,69.51871658,0.8587105624142661,11.50641431335457
E01028561,E02005943,1202864990.3654485,24.17873813244609,15.098452842292511,0.6600102406554019,41.62826420890937,0.1536098310291858,0.4983388704318937,0.9642857138571429,66.56426011,0.8587105624142661,11.458761387157658
E01028562,E02005943,5198082876.315789,24.178539175030163,-4.102780017,0.71092952,37.69152196118488,0.038304392,0.4605263157894737,0.9642857138571429,66.39427987742594,0.8587105624142661,11.70487551865614
E01028563,E02005943,2096987728.2868528,24.178661961155857,0.9315217557297092,0.6877300613496933,54.04907975460122,0.1533742331288343,0.49800796812749004,0.9642857138571429,79.75460122699386,0.8587105624142661,11.037611762205596
E01028565,E02005942,2912619026.3157897,24.178542396049473,19.64844572310092,0.6487804878048781,68.1300813,0.06097561,0.32894736842105265,0.9642857142857142,195.1219512195122,0.878188776,11.840123879949545
E01028567,E02005956,368165200.9302326,24.17838960725713,18.18328694,0.6878787878787879,17.87878787878788,0.042929293,0.4069767441860465,0.9615384615384616,47.97979797979798,0.8998628257887518,11.802965197133336
E01028568,E02005957,2301803951.4492755,24.177814276579326,19.93704699324443,0.635858235,16.122307157748438,0.1911049339819319,0.4528985507246377,0.9333333333333333,31.271716469770677,0.8875739644970414,11.22205163761701
E01028569,E02005957,897438029.0780141,24.177328047220744,19.94995571022108,0.7183833116036505,18.83963494132985,0.091264668,0.28368794326241137,0.9333333333333333,29.335071707953063,0.8875739644970414,11.27041158576213
E01028570,E02005957,772140762.9268292,24.178249493501315,21.128543575063425,0.7650168188370976,34.454589139836614,0.0192215281114848,0.24390243902439024,0.9333333333333333,21.62421912542047,0.8875739644970414,12.28419504906089
E01028571,E02005946,1081257536.159601,24.178560743030225,13.258879623115767,0.6781609195402298,47.61040532365397,0.2419842710223835,0.24937655860349128,0.9999999999999999,127.04174228675136,0.9017283950617284,10.987299183175711
E01028572,E02005946,2361294803.482587,24.179121047993423,-3.511774296,0.7055378061767839,42.91799787007455,0.1064962726304579,0.373134328358209,0.9999999999999999,111.82108626198082,0.9017283950617284,11.680437906110477
E01028573,E02005946,3626171485.6573706,24.178844573091734,13.048256876097046,0.6323287671232877,49.86301369863014,0.136986301,0.49800796812749004,0.9999999999999999,115.06849315068492,0.9017283950617284,11.1044307723017
E01028574,E02005946,10238165059.15493,24.178407830710015,5.487422219,0.6557262569832403,37.98882681564245,0.048882682,0.28169014084507044,0.9999999999999999,146.6480446927374,0.9017283950617284,11.733215806893858
E01028575,E02005954,1631567740.3990026,24.22759368799054,5.335089326167208,0.5821596244131455,50.10060362173038,0.2682763246143528,0.43640897755610975,0.9382716049382716,191.1468812877264,0.9071980963712076,10.947089119421747
E01028576,E02005955,2830302783.3333335,24.17232124310569,11.249643164625658,0.7121813031161474,16.543909348441925,0.0198300283286118,0.2777777777777778,0.9425287356321839,192.6345609065156,0.8899458316818601,12.1770902557025
E01028577,E02005955,781373772.345679,24.177866149212964,21.46106533544918,0.6720034617048897,19.86153180441368,0.034617049,0.37037037037037035,0.9425287356321839,147.12245781047164,0.8899458316818601,12.22728848945144
E01028578,E02005954,7312882020.547944,24.17812253399128,7.711685652103935,0.7019108280254777,43.248407643312106,0.092356688,0.3082191780821918,0.9382716049382716,181.52866242038212,0.9071980963712076,11.552487300306074
E01028579,E02005950,2463688262.3574142,24.178881176710856,5.532206511185969,0.8708906156604901,41.66168559473999,0.3138075313807531,0.42775665399239543,0.9708737864077669,263.0005977286312,0.8833210059171598,11.13230696456322
E01028580,E02005950,3497370026.0416665,24.266303283697425,-6.641457081,0.8608647450110865,37.91574279379157,0.3187361419068736,0.390625,0.9708737864077669,243.90243902439025,0.8833210059171598,11.158696595274128
E01028581,E02005950,1887155818.309859,24.212144792052484,14.837714298176872,0.7646363098758131,47.72324068598463,0.041395624,0.28169014084507044,0.9708737864077669,260.2010644589001,0.8833210059171598,11.663691238788015
E01028582,E02005950,6241357838.801711,24.179298259166995,-7.57263343,0.8522727272727273,56.81818181818182,0.6118881118881119,0.3566333808844508,0.9708737864077669,384.61538461538464,0.8833210059171598,10.809286292599587
E01028584,E02005942,4700727785.5361595,24.233430390884145,2.069468517197225,0.6525252525252525,59.87878787878788,0.1616161616161616,0.3740648379052369,0.9642857142857142,96.96969696969695,0.878188776,11.687475232831051
E01028586,E02005953,5223436413.245033,24.178469241616792,16.598943406987893,0.8163636363636364,48.36363636363637,0.090909091,0.33112582781456956,0.962962962962963,72.72727272727272,0.8735999999999999,11.35908640325167
E01028587,E02005950,3938638237.6445847,24.17811934321124,4.511283662525747,0.8379364252214695,45.64877540385617,0.495049504950495,0.47318611987381703,0.9708737864077669,229.2860865033872,0.8833210059171598,10.98171720362935
E01028588,E02005950,2784041987.229317,24.17885244953343,-4.060308789,0.9176829268292684,37.19512195121951,0.9146341463414634,0.4441976679622432,0.9708737864077669,223.5772357723577,0.8833210059171598,10.805981320296008
E01028591,E02005941,3747433216.987866,24.178688325761577,10.025041318516008,0.5439938791124713,59.75516449885233,1.0711553175210409,0.28551034975017847,0.9907407407407407,355.77658760520274,0.8846187439951088,11.037689887205635
E01028592,E02005941,2142452657.3386636,24.178784053431997,5.821974292227322,0.6635667396061269,37.199124726477024,0.9573304157549234,0.2855511136493432,0.9907407407407407,254.37636761487963,0.8846187439951088,11.126849032946042
E01028594,E02005940,1221793875.7489302,24.178726797894083,-1.691920285,0.5811648079306072,55.39033457249071,0.4337050805452292,0.3566333808844508,0.9545454543636364,130.1115241635688,0.8685776095186588,11.512449637496577
E01028595,E02005948,2732959185.2272725,24.20301134166982,-4.83726189,0.590411673,38.09275664408546,0.09119333,0.42613636363636365,0.9479166666666666,195.41427826993225,0.8914868742693166,11.343740670397612
E01028596,E02005940,1408887751.8907564,24.178725661274537,2.3015387116578725,0.5894736842105263,59.85964912280701,0.3333333333333333,0.36764705882352944,0.9545454543636364,147.36842105263156,0.8685776095186588,10.791486016617371
E01028597,E02005940,1641463856.2189054,24.177813597145313,3.806797878495809,0.6361904761904762,43.87301587301587,0.1269841269841269,0.24875621890547264,0.9545454543636364,133.33333333333334,0.8685776095186588,11.251508751434526
E01028598,E02005962,1407512554.881657,24.179909476391796,4.393074225374143,0.6396431342125679,36.69511249030256,0.2618308766485648,0.3328402366863905,0.9999999998672567,213.34367726920087,0.8995075407817791,11.347590810330573
E01028599,E02005968,2244760190.3642774,24.179025652430337,15.398604797973316,0.5555555555555556,28.129890453834115,0.3325508607198748,0.4112808460634548,0.9583333333333333,166.27543035993742,0.8999893718779892,11.874957738639264
E01028600,E02005964,3118216117.0212765,24.177869072202395,13.23868568423566,0.5619781631342325,31.79190751445087,0.089916506,0.28368794326241137,0.9895833333333334,292.2286448298009,0.8982204861111112,11.676206175667584
E01028601,E02005968,3271280682.02765,24.181287192783508,-15.89452641,0.7400249376558603,35.910224438902745,0.4052369077306733,0.2304147465437788,0.9583333333333333,264.9625935162095,0.8999893718779892,11.815336796560349
E01028602,E02005968,1979878830.0,24.178890205081895,20.141219954728832,0.6907953529937444,35.47810545,0.0134048257372654,0.3125,0.9583333333333333,379.8033958891868,0.8999893718779892,15.584251738527923
E01028603,E02005964,4509958313.829787,24.180265132776114,5.92101166,0.6509751176866173,34.76798924,0.2521856086079354,0.3324468085106383,0.9895833333333334,305.98520511096166,0.8982204861111112,11.629543377689972
E01028604,E02005963,2153171164.5232816,24.18014877012839,1.9118661075788903,0.6500615006150061,15.436654366543664,0.2767527675276753,0.22172949002217296,0.9574468085106382,255.22755227552275,0.9101403349932096,11.01419125929813
E01028605,E02005963,5370769422.885572,24.179313342204505,9.080772676,0.6142763588736084,20.89063523248199,0.1309757694826457,0.373134328358209,0.9574468085106382,271.7747216764899,0.9101403349932096,11.315157219987247
E01028606,E02005964,2661082976.5258217,24.17925334002882,3.4898881050891024,0.5743016759776536,43.35195530726257,0.2374301675977653,0.4107981220657277,0.9895833333333334,254.1899441340782,0.8982204861111112,11.013463461381075
E01028607,E02005963,6078694831.288343,24.18044181039322,11.423800793549283,0.6297943301834352,27.73763201778766,0.1806559199555308,0.3834355828220859,0.9574468085106382,230.68371317398555,0.9101403349932096,11.153359532962822
E01028608,E02005969,5431603616.564417,24.392079775377542,0.5928631844511872,0.5512067840834964,34.31180691454664,0.2120026092628832,0.3067484662576687,0.96,368.5583822570124,0.9037540942302849,10.90107889881216
E01028609,E02005964,1565950483.3333333,24.3974119083807,1.7747932146719203,0.6377383300460223,26.035502958579883,0.0624589086127547,0.46875,0.9895833333333334,299.14529914529913,0.8982204861111112,11.862847819300804
E01028610,E02005964,3285241594.45519,24.179858009247486,18.89994256440346,0.6261089987325729,23.00380228136882,0.98225602,0.19342359767891681,0.9895833333333334,288.33967046894804,0.8982204861111112,10.963722772083234
E01028611,E02005975,1670107161.9747896,24.19532244167518,8.928744767857959,0.6300940438871473,40.43887147335423,0.3722570532915361,0.36764705882352944,0.990384615846154,387.9310344827586,0.8998020548590819,10.69081868085298
E01028612,E02005976,1221153623.8095236,24.19532244167518,8.928744767857959,0.5741176470588235,42.50980392156863,0.5098039215686274,0.30721966205837176,0.9909090912727272,423.52941176470586,0.8856823979591837,13.249959711592318
E01028613,E02005962,3785504484.0425534,24.179710042221725,15.089178490469376,0.6183368869936035,28.926794598436388,0.2665245202558635,0.39893617021276595,0.9999999998672567,390.9026297085999,0.8995075407817791,11.69472188390343
E01028614,E02005962,1681968444.278607,24.181412003583475,12.655958687761338,0.6337047353760445,25.27855153203343,0.069637883,0.24875621890547264,0.9999999998672567,191.50417827298048,0.8995075407817791,11.71190746265729
E01028615,E02005962,5785481844.202899,24.179986703674974,11.934779111995136,0.5231006160164271,31.468172484599588,0.1411704312114989,0.2717391304347826,0.9999999998672567,282.340862422998,0.8995075407817791,11.365743928995988
E01028616,E02005962,5415453553.409091,24.179316150527374,16.086953882993857,0.6068144943212548,28.17739318550568,0.094645754,0.42613636363636365,0.9999999998672567,297.4580854515955,0.8995075407817791,11.446918437533467
E01028617,E02005969,1929389369.5540748,24.181119090041527,11.783266938969838,0.5974872033503955,40.94927873429502,0.9073987901349464,0.23065094823167606,0.96,262.9129827826896,0.9037540942302849,11.314280323525349
E01028619,E02005972,1645247057.5221238,24.17742202416041,13.433469494112844,0.580937167,33.12034078807242,0.1198083067092651,0.33185840707964603,0.9905660378867923,263.5782747603833,0.8969384122463511,11.607395898346802
E01028622,E02005967,1134353348.6055777,24.17904405367248,22.05524395801675,0.6481036965914546,28.99663946231397,0.1200192030724916,0.29880478087649404,0.9634146341463414,139.22227556409024,0.9083878643664486,11.354691459705334
E01028623,E02005967,3120408951.6193523,24.180000515030773,7.957393164484503,0.7138461538461538,30.70769230769231,1.5384615384615383,0.4998000799680128,0.9634146341463414,178.46153846153845,0.9083878643664486,11.01424248665062
E01028624,E02005967,1251885915.6492786,24.17917812317094,18.60164871,0.627089584,31.33304757822546,0.3857693956279469,0.4439511653718091,0.9634146341463414,124.30347192456064,0.9083878643664486,10.932390443232215
E01028625,E02005966,1724577604.620169,24.180144781843172,17.537088852207564,0.7644329896907216,37.31958762886598,1.1597938144329898,0.22212350066637052,0.9433962264150944,118.55670103092784,0.8927514792899408,11.025058340429334
E01028626,E02005966,6570008339.66942,24.19532244167518,8.928744767857959,0.7108821635544108,36.05924018,0.0772698,0.371900826446281,0.9433962264150944,148.10045074050225,0.8927514792899408,11.502380057093845
E01028627,E02005966,9814456902.469133,24.19532244167518,8.928744767857959,0.746077033,31.02710413694722,0.057061341,0.37037037037037035,0.9433962264150944,164.05135520684735,0.8927514792899408,12.048839720461636
E01028628,E02005966,1222531880.319149,24.4029715729107,-14.64634654,0.738488271,25.62988705473501,0.1629018245004344,0.598404255319149,0.9433962264150944,99.91311903,0.8927514792899408,11.174085761442834
E01028629,E02005966,9814456902.469133,24.19532244167518,8.928744767857959,0.7548882681564246,33.93854748603352,0.0558659217877094,0.37037037037037035,0.9433962264150944,160.6145251396648,0.8927514792899408,12.049132244713984
E01028630,E02005970,17281978458.69565,24.19532244167518,8.928744767857959,0.7435387673956262,31.87541418157721,0.029821074,0.21739130434782608,1.0,76.20941020543407,0.9053254437869822,12.32632620716946
E01028631,E02005970,2194654714.7887325,24.179987413167076,2.7619570867596552,0.670843776,26.64995823,0.3550543024227234,0.2934272300469484,1.0,96.07351713,0.9053254437869822,10.884791325298488
E01028632,E02005970,3998114713.580247,24.179179417068635,17.470625640801774,0.699009901,23.498349834983497,0.0528052805280528,0.37037037037037035,1.0,75.90759075907592,0.9053254437869822,11.670365016240105
E01028633,E02005970,621136770.1960784,24.17888749026561,150.8830468393849,0.7081339712918661,28.02460697197539,0.03417635,0.29411764705882354,1.0,78.60560492,0.9053254437869822,12.239899027714031
E01028634,E02005971,694566863.2967033,24.176511316958255,17.733991509887748,0.637007874,27.322834645669293,0.070866142,0.16483516483516483,0.966666667,106.2992125984252,0.8511966701352758,11.752649901604658
E01028635,E02005971,1012582179.3791574,24.179181452587233,19.07963921620757,0.6503623188405797,20.169082125603865,0.2717391304347826,0.3325942350332594,0.966666667,81.52173913043478,0.8511966701352758,10.923715788066618
E01028636,E02005971,5096782069.651741,24.17933142261703,2.1677630723486545,0.6459580838323353,22.75449101796407,0.1497005988023952,0.6218905472636815,0.966666667,101.04790419161677,0.8511966701352758,11.138173832018008
E01028637,E02005971,1255897673.7051792,24.179552620884316,9.784619014206353,0.6663677130044843,28.11659192825112,0.1121076233183856,0.29880478087649404,0.966666667,60.53811659192825,0.8511966701352758,11.309988870964506
E01028638,E02005959,4235089063.8297873,24.179513912353315,17.145541290750515,0.6396965865992414,44.81668773704172,0.2370417193426043,0.39893617021276595,0.9859154927042254,218.07838179519595,0.8981047100769375,11.38361752196549
E01028639,E02005959,1438579054.632588,24.177426861086026,21.670796754522712,0.6545708304256804,40.47452896022331,0.4361479413817167,0.35942492012779553,0.9859154927042254,240.7536636427076,0.8981047100769375,11.246135622060873
E01028640,E02005959,2451047943.853821,24.178816728820568,14.299767596028676,0.622849277,33.31039229181005,0.2064693737095664,0.33222591362126247,0.9859154927042254,237.43977976600132,0.8981047100769375,11.154787546644238
E01028641,E02005963,8683001427.536232,24.41180581547003,-3.054435368,0.6049284578696343,34.34022257551669,0.2186009538950715,0.36231884057971014,0.9574468085106382,329.88871224165337,0.9101403349932096,11.145663507019131
E01028642,E02005975,2114284598.6702125,24.19532244167518,8.928744767857959,0.5987780040733197,41.95519348,0.2545824847250509,0.19946808510638298,0.990384615846154,336.0488798370672,0.8998020548590819,11.160560268333766
E01028643,E02005975,1269921739.7763577,24.19532244167518,8.928744767857959,0.595938375,44.397759103641455,0.4376750700280112,0.19968051118210864,0.990384615846154,346.6386554621849,0.8998020548590819,11.831450466276255
E01028644,E02005972,2032989738.4615386,24.180579631934123,1.447124895816318,0.5614558472553699,44.68973747016706,0.2088305489260143,0.2849002849002849,0.9905660378867923,295.34606205250594,0.8969384122463511,11.102649517595406
E01028645,E02005975,1982471344.389027,24.19532244167518,8.928744767857959,0.5037831021437579,45.775535939470366,0.2522068095838587,0.3740648379052369,0.990384615846154,312.1059268600252,0.8998020548590819,11.007186880252794
E01028646,E02005961,1777276794.205794,24.179854004033867,9.232773057732295,0.6218001651527663,32.535094962840624,0.8257638315441783,0.1998001998001998,0.9680851063829786,355.0784475639967,0.9124754306856284,11.585878484708818
E01028647,E02005961,623632853.3449174,24.1788590947396,21.78604934267766,0.6195182211241507,38.54231006794318,0.7103150092649784,0.21720243266724587,0.9680851063829786,265.5960469425571,0.9124754306856284,11.455224039275896
E01028649,E02005972,5694043537.234042,24.181273178740017,8.903226186496616,0.6189555125725339,40.10315925209542,0.241779497098646,0.3324468085106383,0.9905660378867923,319.1489361702128,0.8969384122463511,11.230222089324812
E01028650,E02005973,2641099698.0066442,24.19532244167518,8.928744767857959,0.6352555086732302,36.80262541022034,0.140646976090014,0.4983388704318937,0.9827586206896551,229.72339428035636,0.8975425330812854,11.087732026805776
E01028651,E02005973,1442778600.907441,24.19532244167518,8.928744767857959,0.5296636085626911,32.23241590214067,0.3363914373088685,0.3629764065335753,0.9827586206896551,299.6941896024465,0.8975425330812854,10.942271020078662
E01028652,E02005973,288975285.0236277,24.19532244167518,8.928744767857959,0.6146953405017921,46.32616487455197,1.232078853046595,0.3635041802980734,0.9827586206896551,219.53405017921145,0.8975425330812854,10.969656473510252
E01028653,E02005974,418185696.528143,24.19532244167518,8.928744767857959,0.6346604215456675,35.94847775175644,1.1124121779859484,0.21041557075223566,0.9901960784313726,281.03044496487115,0.8722,11.093910283651082
E01028654,E02005974,5264708669.536423,24.19532244167518,8.928744767857959,0.617906683,44.38839848675914,0.094577554,0.33112582781456956,0.9901960784313726,302.6481715006305,0.8722,11.35495695092421
E01028655,E02005974,882320764.81687,24.19532244167518,8.928744767857959,0.6765207504263786,45.65093803297328,0.511654349,0.33296337402885684,0.9901960784313726,272.8823194997158,0.8722,12.03883606946899
E01028656,E02005974,3955079647.263681,24.19532244167518,8.928744767857959,0.5753623188405798,50.07246376811594,0.144927536231884,0.4975124378109453,0.9901960784313726,347.8260869565217,0.8722,11.592115501530744
E01028657,E02005963,1115153038.03681,24.179688956360447,14.101846877861602,0.6663886572143453,42.36864053377815,0.2710592160133444,0.3067484662576687,0.9574468085106382,346.1217681401167,0.9101403349932096,12.1922908030328
E01028658,E02005963,1285950080.9558644,24.181210443805384,-6.411237086,0.6009174311926605,45.41284403669725,3.134556574923548,0.14630577907827358,0.9574468085106382,317.27828746177374,0.9101403349932096,9.873909274495176
E01028659,E02005977,3051117208.711434,24.18014205466665,6.493615094174463,0.6120253164556962,41.83544303797469,0.3481012658227848,0.3629764065335753,0.9846153846923076,193.0379746835443,0.876464844,10.908606343566468
E01028660,E02005976,1273813456.1598225,24.180212107640546,13.29124052130406,0.6261140819964349,36.49732620320856,0.4010695187165775,0.33296337402885684,0.9909090912727272,240.6417112299465,0.8856823979591837,10.757403938274225
E01028661,E02005976,1586768481.2375247,24.19532244167518,8.928744767857959,0.5788581119276427,42.17071791972866,0.2826455624646693,0.2994011976047904,0.9909090912727272,305.2572074618429,0.8856823979591837,10.691558474606374
E01028662,E02005976,537683395.6738769,24.27936108439429,59.16709002222626,0.6109906001446131,47.79464931308749,0.4338394793926247,0.24958402662229617,0.9909090912727272,390.4555314533623,0.8856823979591837,13.330002283849137
E01028663,E02005977,3814648232.5581393,24.179304822525086,19.09663140106225,0.6140672782874618,28.37920489296636,0.1834862385321101,0.4152823920265781,0.9846153846923076,186.54434250764527,0.876464844,11.284404983843194
E01028664,E02005977,2258262351.5669518,24.306912636144656,-7.254144055,0.5236552171095269,33.37653920933247,0.2268308489954633,0.42735042735042733,0.9846153846923076,197.66688269604663,0.876464844,11.14720359830882
E01028665,E02005977,698896777.8985507,24.179738681692218,17.759905805048053,0.5613409415121255,38.302425106990015,0.1961483594864479,0.2717391304347826,0.9846153846923076,217.54636233951496,0.876464844,10.580161149289548
E01028666,E02005958,496546539.1005621,24.19532244167518,8.928744767857959,0.6680216802168022,32.113821138211385,1.084010840108401,0.3747657713928795,0.9620253164556962,210.02710027100272,0.8819855358316897,11.2499734027835
E01028667,E02005958,9243848943.023254,24.19532244167518,8.928744767857959,0.6747536012130402,32.44882486732373,0.06444276,0.4069767441860465,0.9620253164556962,235.02653525398028,0.8819855358316897,11.677849998680616
E01028668,E02005958,17281978458.69565,24.19532244167518,8.928744767857959,0.5567567567567567,32.2007722,0.034749035,0.21739130434782608,0.9620253164556962,239.38223938223936,0.8819855358316897,12.328884496951757
E01028669,E02005958,244531223.96185786,24.19532244167518,8.928744767857959,0.5742942050520059,29.49479940564636,2.414561664190193,0.38449707782220854,0.9620253164556962,230.3120356612184,0.8819855358316897,10.688338768219865
E01028670,E02005960,3955079647.263681,24.19532244167518,8.928744767857959,0.5506849315068493,40.89041095890411,0.136986301,0.373134328358209,0.9673913043478259,273.9726027,0.9071368192247312,11.893387245554468
E01028671,E02005960,1058549945.5392808,24.19532244167518,8.928744767857959,0.5807038834951457,30.218446601941743,0.4550970873786408,0.46604527296937415,0.9673913043478259,242.71844660194176,0.9071368192247312,11.117267113052447
E01028672,E02005960,331099962.1407746,24.19532244167518,8.928744767857959,0.577542063,36.28383321141185,0.8778346744696416,0.1665972511453561,0.9673913043478259,146.3057790782736,0.9071368192247312,11.057202053002776
E01028673,E02005960,529627587.6748833,24.19532244167518,8.928744767857959,0.6413091552410438,27.55417956656347,0.6634232640424591,0.1665556295802798,0.9673913043478259,176.91287041132242,0.9071368192247312,11.251383195905264
E01028674,E02005969,1852836526.439483,24.18027726952527,8.502610728471154,0.6060171919770774,35.74498567335244,0.6088825214899714,0.1762632197414806,0.96,404.7277936962751,0.9037540942302849,11.810445893456436
E01028675,E02005969,480566807.27272725,24.180131555755814,22.02968388148158,0.6562721474131822,23.17505315379164,0.046066619,0.22727272727272727,0.96,400.4252303330971,0.9037540942302849,11.751586760124953
E01028676,E02005969,1792579662.3376622,24.179532746275605,14.49408673346386,0.6447993094518775,28.873543375053952,0.4315925766076823,0.1998001998001998,0.96,243.8498057833405,0.9037540942302849,10.771931674953064
E01028677,E02005969,5365431775.187344,24.179162974975807,13.837100468252656,0.6183310533515732,41.51846785225718,0.8207934336525308,0.4163197335553705,0.96,386.4569083447332,0.9037540942302849,10.852700356552464
E01028678,E02005965,795728827.2878536,24.18155414642509,18.26282427081127,0.6266253869969041,41.36222910216718,0.3715170278637771,0.33277870216306155,0.988888889,266.2538699690403,0.9092286327483904,10.73688930773122
E01028679,E02005965,2061353323.3458178,24.179989983100928,3.167181529,0.6170798898071626,35.67493112947658,0.3673094582185491,0.37453183520599254,0.988888889,197.42883379247013,0.9092286327483904,10.944488383578978
E01028680,E02005965,9602905507.042253,24.181128318709668,-5.565657883,0.5894206549118388,32.695214105793454,0.2141057934508816,0.2934272300469484,0.988888889,216.62468513853904,0.9092286327483904,11.274710824955674
E01028681,E02005961,2975685703.0973454,24.180984666252687,18.43203511233056,0.5905572755417957,38.15789473684211,0.1741486068111455,0.4424778761061947,0.9680851063829786,332.8173374613003,0.9124754306856284,11.105874099420692
E01028682,E02005961,4831298670.138889,24.178179176540468,-5.373506005,0.6109324758842444,28.778135048231512,0.4622186495176849,0.390625,0.9680851063829786,345.65916398713824,0.9124754306856284,11.063278785059143
E01028683,E02005959,2362101274.563591,24.179974311131716,16.60717054075512,0.6,30.98684210526316,0.2631578947368421,0.3740648379052369,0.9859154927042254,226.97368421052636,0.8981047100769375,11.28081684727037
E01028684,E02005961,5474818177.536232,24.179023411432606,18.29188031079559,0.6446991404011462,42.97994269340974,0.1969914040114613,0.36231884057971014,0.9680851063829786,308.02292263610315,0.9124754306856284,10.999993078081904
E01028685,E02005975,5264708669.536423,24.19532244167518,8.928744767857959,0.5736677115987461,35.57993730407524,0.1175548589341692,0.33112582781456956,0.990384615846154,387.9310344827586,0.8998020548590819,11.363276304750231
E01028686,E02005975,1380158001.909722,24.19532244167518,8.928744767857959,0.6101351351351352,29.864864864864867,0.3885135135135135,0.390625,0.990384615846154,334.4594594594595,0.8998020548590819,11.91483149343842
E01028688,E02005982,537429538.8636364,24.173326531880317,18.53577976,0.6433063791554358,38.00539083557952,0.1572327044025157,0.7102272727272727,0.975,161.72506738544473,0.9024943310657596,11.360052302103904
E01028689,E02005982,1722609261.1524165,24.33000837675982,-44.03424792,0.6769340974212035,33.30945558739255,0.7700573065902578,0.16263940520446096,0.975,128.9398280802292,0.9024943310657596,11.621634484405604
E01028690,E02005985,5271552572.54902,24.179725544856314,13.214114633423836,0.6254851228978008,34.34670116429496,0.032341527,0.29411764705882354,0.9696969697878788,77.61966364812419,0.8778696051423324,12.181989971889216
E01028691,E02005985,2820294356.2499995,24.180860636996393,-1.030066195,0.6188389923329682,25.629791894852133,0.052026286966046,0.46875,0.9696969697878788,65.71741511500548,0.8778696051423324,11.788808863909182
E01028692,E02005985,3732649347.0588236,24.180335224411866,19.89133022856219,0.6701680672268907,13.935574229691875,0.035014006,0.39215686274509803,0.9696969697878788,84.03361344537815,0.8778696051423324,11.854676600795852
E01028693,E02005981,858391223.9669422,24.180882249500076,11.794390685187638,0.5961538461538461,45.88859416445623,0.079575597,0.371900826446281,1.0000000003939395,99.46949602122017,0.87890625,11.70541185106306
E01028694,E02005981,1103913253.9534883,24.179872169283552,19.297648755997752,0.6836441893830703,43.04160689,0.06097561,0.4069767441860465,1.0000000003939395,107.60401721664276,0.87890625,11.745817579550348
E01028695,E02005982,1704210854.5454545,24.41847274545719,-32.1997224,0.5901741293532339,31.46766169154229,0.040422886,0.22727272727272727,0.975,111.94029850746269,0.9024943310657596,12.092220192311473
E01028696,E02005983,525253764.9727768,24.179867249561013,4.792290354017521,0.5772413793103448,45.58620689655172,0.3793103448275862,0.4537205081669691,0.9382022471910112,472.41379310344826,0.9256790123456792,11.177466714598282
E01028697,E02005983,3272416666.304348,24.180605110922937,14.380746704501126,0.666460012,24.86050836949783,0.1704897706137631,0.36231884057971014,0.9382022471910112,424.6745195288283,0.9256790123456792,11.26335743292922
E01028698,E02005983,1178255931.39517,24.18123135588756,11.601382385264138,0.7166546503244412,50.25234318673396,4.686373467916367,0.23073373327180433,0.9382022471910112,493.8716654650325,0.9256790123456792,11.0083176499914
E01028699,E02005982,4329573421.052631,24.180625106038374,15.675450882690258,0.583645443,45.068664169787766,0.3433208489388265,0.4537205081669691,0.975,112.35955056179776,0.9024943310657596,10.876761632422053
E01028700,E02005983,236830853.63766047,24.179864316637982,13.143901074789987,0.6623376623376623,25.85596221959858,0.4132231404958678,0.42796005706134094,0.9382022471910112,404.36835891381344,0.9256790123456792,10.987075636184905
E01028701,E02005981,2307683313.1707315,24.171988528615703,19.050638885808045,0.614321608,35.92964824120603,0.025125628,0.36585365853658536,1.0000000003939395,94.22110553,0.87890625,12.291222290571854
E01028702,E02005985,812789322.3266745,24.252213490908474,0.1084436128292775,0.5836768342951361,30.09068425391591,0.7007419620774938,0.5875440658049353,0.9696969697878788,98.928277,0.8778696051423324,11.040959440898442
E01028703,E02005983,2563487649.080735,24.18101509627782,4.949753885875274,0.652046784,36.08187134502924,0.7309941520467836,0.2797761790567546,0.9382022471910112,400.58479532163744,0.9256790123456792,10.75355728202792
E01028704,E02005985,709292467.5810474,24.179724787866512,19.379777456316187,0.6181818181818182,35.56149732620321,0.213903743315508,0.3740648379052369,0.9696969697878788,64.17112299,0.8778696051423324,11.247865570554728
E01028705,E02005981,4300026723.076923,24.321846697480474,3.060243055559343,0.5806451612903226,40.88927637314734,0.021795989537925,0.38461538461538464,1.0000000003939395,130.77593722755012,0.87890625,12.483405094922263
E01028706,E02005981,735272994.8837209,24.176952525552874,19.73654697033441,0.6162790697674418,36.91860465116279,0.061773256,0.5813953488372093,1.0000000003939395,109.01162790697674,0.87890625,11.564522330922328
E01028707,E02005981,1767377896.0159361,24.18002996600631,19.963713686616305,0.6676238334529792,31.37114142139268,0.1794687724335965,0.29880478087649404,1.0000000003939395,107.68126346015794,0.87890625,10.551663517451033
E01028708,E02005978,1898066567.243675,24.181154760104654,12.674151099688586,0.628494624,38.87096774193549,0.4032258064516129,0.19973368841544606,0.9722222218888888,182.7956989247312,0.8779591836734695,11.047641347952393
E01028709,E02005978,1193642561.9565217,24.180138476221433,14.870518342019484,0.6034398034398034,46.28992628992629,0.1351351351351351,0.2717391304347826,0.9722222218888888,167.07616707616708,0.8779591836734695,11.279744203985432
E01028710,E02005978,628990487.6803552,24.180337478232723,7.534763515579624,0.6185374941779227,47.64788076385654,0.4191895668374476,0.22197558268590456,0.9722222218888888,158.3605030274802,0.8779591836734695,10.92283414639282
E01028711,E02005978,2433817409.116809,24.180328841185364,2.5312089976669307,0.6050269299820467,41.11310592459605,0.2094554159186116,0.2849002849002849,0.9722222218888888,203.47097546379413,0.8779591836734695,11.050497638158287
E01028712,E02005992,5786522572.854291,24.18130633974344,16.545266424365852,0.5924062214089661,39.38700823421775,0.2287282708142726,0.3992015968063872,0.9414634146341463,397.9871912168344,0.8891507210858705,11.45788832904032
E01028713,E02006886,2735768658.404558,24.181199767136967,11.654745263255323,0.6125192012288786,36.098310291858674,0.1344086021505376,0.3561253561253561,0.9775280898876404,318.7403993855607,0.913517056271652,11.503433414804707
E01028715,E02006886,967910644.7403462,24.181019380347788,5.883556587,0.6456154465004023,34.51327433628318,0.3016894609814964,0.3994673768308921,0.9775280898876404,333.86967015285603,0.913517056271652,11.137208461573117
E01028716,E02005986,1134052794.7218258,24.19532244167518,8.928744767857959,0.670394967,25.51555400209717,0.2446696959105208,0.4992867332382311,0.9887640449438201,138.06361412093673,0.9183183941421538,10.973644025687223
E01028717,E02005986,1380158001.909722,24.19532244167518,8.928744767857959,0.6782825140012445,34.10080896079651,0.357809583074051,0.390625,0.9887640449438201,245.7996266334785,0.9183183941421538,10.987459129140056
E01028718,E02005986,1380158001.909722,24.19532244167518,8.928744767857959,0.6698176907494936,23.22754895340986,0.388251181634031,0.390625,0.9887640449438201,266.7116812964213,0.9183183941421538,10.887634394086254
E01028719,E02005986,4516880733.522727,24.19532244167518,8.928744767857959,0.5369609856262834,28.388090349075974,0.089835729,0.42613636363636365,0.9887640449438201,202.77207392197124,0.9183183941421538,11.633583095176643
E01028720,E02006886,2429846790.736421,24.18149618342641,10.930918004031676,0.5989708404802745,31.903945111492284,1.0291595197255574,0.3332222592469177,0.9775280898876404,284.7341337907376,0.913517056271652,11.11907267219023
E01028721,E02005988,6570008339.66942,24.19532244167518,8.928744767857959,0.6752278376139188,28.74896437448219,0.09942005,0.1652892561983471,0.9803921571764705,186.4125932062966,0.9060650887573964,11.5396582713719
E01028722,E02005988,3388373498.0988593,24.180679747860754,18.016613405404875,0.5962414578587699,25.56947608200456,0.2989749430523918,0.42775665399239543,0.9803921571764705,128.13211845102506,0.9060650887573964,11.764677205023808
E01028723,E02005988,751143646.563815,24.302501260934193,0.856227373,0.6145791381393476,24.325412807088203,0.5739025372533226,0.12272089761570827,0.9803921571764705,90.61619009262988,0.9060650887573964,10.766161702327656
E01028724,E02005988,17281978458.69565,24.19532244167518,8.928744767857959,0.6033333333333334,25.916666666666664,0.0375,0.32608695652173914,0.9803921571764705,187.5,0.9060650887573964,12.149154790988812
E01028725,E02005988,1756135204.3189366,24.18003310339851,8.491114685,0.6470303030303031,18.545454545454547,0.072727273,0.4152823920265781,0.9803921571764705,54.54545454545454,0.9060650887573964,11.587206993490744
E01028726,E02005984,2641764664.104535,24.289550992094526,-3.32243304,0.6068429237947123,36.7651633,0.4043545878693623,0.3843197540353574,0.9826086960869564,169.51788491446345,0.8929845422116528,10.923754303633537
E01028728,E02005992,1786314303.9800994,24.179886455263745,16.633808721288172,0.610939908,35.43913713405239,0.1540832049306625,0.373134328358209,0.9414634146341463,670.2619414483821,0.8891507210858705,11.193009415184726
E01028729,E02005992,1361925935.8917806,24.18062655562931,7.902736555412599,0.6383089770354906,36.53444676409186,3.549060542797495,0.11762976032936333,0.9414634146341463,454.0709812108559,0.8891507210858705,10.859575188999456
E01028730,E02005992,1388933974.2962055,24.181438846812757,8.247543692239654,0.5953827460510328,41.130012150668286,1.488456865127582,0.1835985312117503,0.9414634146341463,528.5540705,0.8891507210858705,10.796258544959716
E01028731,E02005987,11192639618.762476,24.18145655822637,18.161573035171184,0.5869269178393101,27.09940989559692,0.226963231956423,0.2994011976047904,0.968,249.65955515206537,0.9025754422476588,11.19287170448714
E01028732,E02005987,1936226138.8611388,24.238480098037805,-6.835601966,0.6802434456928839,26.54494382022472,0.4681647940074906,0.2997002997002997,0.968,257.4906367041199,0.9025754422476588,12.349562413529965
E01028733,E02005979,1372190054.0834846,24.180338707587413,15.790181943448042,0.5956090651558074,42.20963172804532,0.3895184135977337,0.27223230490018147,0.96,286.8271954674221,0.8985839233652644,11.036575924774557
E01028734,E02005979,1959966455.3097346,24.180175253199877,19.82923565726984,0.6242078580481623,35.741444866920155,0.1425855513307984,0.4424778761061947,0.96,256.65399239543723,0.8985839233652644,11.074056956950256
E01028735,E02005979,1157479761.5894039,24.181300513815817,7.9587193607181215,0.6210843373493976,32.53012048192771,0.090361446,0.4966887417218543,0.96,243.97590361445785,0.8985839233652644,11.448717555841151
E01028737,E02005984,545603707.4906367,24.179741473050484,4.020045584880082,0.6064757160647571,40.59775840597759,0.332088003,0.5617977528089888,0.9826086960869564,226.2349522623495,0.8929845422116528,11.23958670036721
E01028738,E02005980,2049435919.1176472,24.181209341499763,1.3075067155861568,0.6582115219260533,19.38950988822012,0.204213241616509,0.36764705882352944,0.9793814432989689,191.31556319862423,0.894748264,12.015975356990731
E01028739,E02005980,990565263.1710362,24.181593657570186,10.215299341146514,0.5752279635258358,31.42097264,0.303951368,0.24968789013732834,0.9793814432989689,169.07294832826747,0.894748264,11.408797522714949
E01028740,E02005979,1026160356.5217391,24.179873903795343,14.692137875644114,0.6620730976632714,44.45775913720791,0.095865788,0.21739130434782608,0.96,242.6602756141402,0.8985839233652644,11.431861819650498
E01028741,E02005979,1518811598.7730062,24.18087352264155,7.708999804726171,0.7405857740585774,42.72431427243143,0.1510925151092515,0.4601226993865031,0.96,188.2845188284519,0.8985839233652644,11.403945586802092
E01028742,E02005979,1913382409.6432772,24.18122042748953,6.620650891129022,0.7121350364963503,47.94708029,1.1633211678832116,0.31360250882007057,0.96,184.7627737226277,0.8985839233652644,11.239373418636507
E01028743,E02005980,1102183353.262317,24.180621765668654,11.22003868972971,0.5530600786075238,21.50477259966311,0.4211117349803481,0.3994673768308921,0.9793814432989689,249.8596294216732,0.894748264,11.559220455288823
E01028744,E02005980,4203669858.8957057,24.180869300957024,12.784443551150572,0.6096009253903991,27.472527472527474,0.18796992481203,0.23006134969325154,0.9793814432989689,257.3742047426258,0.894748264,11.033664347877092
E01028745,E02006886,4249806870.3241897,24.180601975324834,5.056587753549047,0.6380870314519603,32.09823352003447,0.1723395088323998,0.43640897755610975,0.9775280898876404,357.6044808272296,0.913517056271652,12.604054826240096
E01028746,E02006886,2202016314.4171777,24.180710281696395,1.2474505243271234,0.5874931431705979,29.12781130005485,0.1782775644541963,0.3067484662576687,0.9775280898876404,455.2934722984092,0.913517056271652,11.386116917798796
E01028747,E02006886,1443572208.0783353,24.181304717934562,9.411110920997135,0.6202686202686203,36.507936507936506,1.4957264957264955,0.1835985312117503,0.9775280898876404,506.7155067155067,0.913517056271652,10.594166894567609
E01028748,E02006886,2003928803.1746032,24.180015682076178,20.155643915672496,0.6555772994129159,28.31050228310502,0.081539465,0.3968253968253968,0.9775280898876404,541.4220482713633,0.913517056271652,12.255514977944038
E01028749,E02005986,934160997.7673324,24.19532244167518,8.928744767857959,0.6132989025177534,28.631375080697225,0.2743705616526791,0.1762632197414806,0.9887640449438201,127.50161394448033,0.9183183941421538,10.999033379707368
E01028750,E02005980,2150676436.6412215,24.281703742262348,-4.891729296,0.6038291605301914,25.920471281296027,0.095729013,0.22900763358778625,0.9793814432989689,327.6877761413844,0.894748264,11.861583047896062
E01028751,E02005980,2450058850.613497,24.180672909918396,9.655237481,0.5738903394255874,38.06788511749348,0.1697127937336814,0.3067484662576687,0.9793814432989689,232.37597911227152,0.894748264,11.248972939884329
E01028752,E02005980,1887070134.1853034,24.180610153070123,16.549791205888692,0.6267562614538791,37.08002443494197,0.3817959682345754,0.2795527156549521,0.9793814432989689,271.8387293830177,0.894748264,11.230575816507567
E01028753,E02005987,798109202.2267666,24.181353260841927,3.026963482700217,0.6219581211092247,27.61743067345784,2.490096208262592,0.09088843444671665,0.968,311.262026,0.9025754422476588,11.949151065475274
E01028754,E02005987,4114815703.241895,24.1813468368753,1.3658959562542166,0.6017410228509249,38.62894450489663,0.2176278563656148,0.24937655860349128,0.968,299.2383025027204,0.9025754422476588,11.333332183047432
E01028755,E02005991,1864731074.0863788,24.17971907888331,1.1648399494315815,0.617989418,31.375661375661373,0.1587301587301587,0.4152823920265781,0.9733333333333334,164.02116402116403,0.903734284,11.05555108332462
E01028757,E02005992,4286642860.4651165,24.180999172606874,9.780299337408431,0.649811952,29.04304220643544,0.1253656498119515,0.4152823920265781,0.9414634146341463,363.5603844546594,0.8891507210858705,11.515199543958117
E01028758,E02005991,2468308729.353234,24.293629491776386,-6.321834952,0.6043872919818457,20.95310136157337,0.075642965,0.373134328358209,0.9733333333333334,117.2465960665658,0.903734284,10.84819079884696
E01028759,E02005991,1017633589.6774193,24.17473296324608,19.06329091085213,0.6322473771397018,26.670347874102703,0.0165654334621755,0.3225806451612903,0.9733333333333334,171.17614577581446,0.903734284,12.631670391834408
E01028760,E02005991,1144620529.710145,24.308303074452958,-3.033464963,0.601123596,29.052969502407706,0.2207062600321027,0.5434782608695652,0.9733333333333334,248.79614767255217,0.903734284,10.892912145908602
E01028761,E02005991,1138385880.4597702,24.179599308887415,15.70539836114984,0.6040848389630793,34.406912804399056,0.204241948,0.038314176245210725,0.9733333333333334,243.5192458758837,0.903734284,11.274241593654748
E01028762,E02006004,1236889190.5459387,24.236865173472818,-0.952841999,0.6532302595251243,37.49309773605743,0.4141358365543898,0.3994673768308921,0.9642857142857142,273.32965212589727,0.9161594026458892,10.93212434424182
E01028763,E02005995,3250091484.394507,24.181078693930367,4.825934078662772,0.5676895306859205,39.44043321299639,0.3610108303249097,0.37453183520599254,0.98989899,218.86281588447653,0.9033772064075094,11.035973753609069
E01028764,E02006007,10021631550.531916,24.283889750364363,-6.546222762,0.6096881959910914,35.96881959910913,0.2087973273942093,0.3324468085106383,0.9767441862093024,233.85300668151447,0.902629145197516,11.104029478122603
E01028765,E02006007,4787483583.148559,24.180240858835894,6.539935521913923,0.5828392047436345,24.83432159051273,0.1569584931984653,0.3325942350332594,0.9767441862093024,146.49459365190094,0.902629145197516,11.210782296034113
E01028767,E02006004,4564728277.483833,24.18151945088927,-1.894566199,0.5371481310567605,32.30272265805261,0.7844946931241348,0.411522633744856,0.9642857142857142,228.4263959390863,0.9161594026458892,10.79017619887909
E01028771,E02006006,3426442931.6239314,24.180497533806676,13.695585029188562,0.6464194373401535,15.537084398976983,0.2237851662404092,0.5698005698005698,0.9756097564878049,105.49872122762147,0.8665351742274819,11.304084499437986
E01028772,E02006005,5360520203.125,24.399388411501423,-16.69346058,0.6578947368421053,21.28146453089245,0.036231884057971,0.20833333333333334,0.9787234042765957,76.27765064836004,0.8872793119058398,12.377594649141624
E01028773,E02006006,5687578805.851064,24.181663420051326,8.894418644268498,0.6578947368421053,21.67182663,0.2902476780185758,0.19946808510638298,0.9756097564878049,127.70897832817336,0.8665351742274819,12.88319460540193
E01028774,E02006006,2821809595.057034,24.180647259340066,10.350558619625769,0.6128404669260701,22.11413748378729,0.3404669260700389,0.5703422053231939,0.9756097564878049,107.00389105058365,0.8665351742274819,12.546723384934516
E01028775,E02006006,3022672552.173913,24.239637440370984,11.632278476636536,0.6464339908952959,20.789074355083457,0.03414264,0.21739130434782608,0.9756097564878049,125.1896813353566,0.8665351742274819,12.638651642148346
E01028776,E02005995,5999547376.028202,24.18081114071288,-3.605084595,0.6029645314981472,38.85653785071466,0.4499735309687665,0.2937720329024677,0.98989899,256.74960296453145,0.9033772064075094,10.82360272660525
E01028777,E02005997,7051670089.775561,24.180949572920795,0.3979324343000004,0.5945730247406225,47.56584197924981,0.3192338387869114,0.3740648379052369,0.9999999996666666,279.3296089385475,0.8947269656595984,11.074746031189092
E01028778,E02005997,5117958707.920792,24.180728967061665,17.621907134887575,0.5518169582772544,34.72409152086137,0.067294751,0.49504950495049505,0.9999999996666666,235.5316285329744,0.8947269656595984,11.678702580809489
E01028779,E02005997,4743076869.503546,24.181459911552025,9.142679212029131,0.5719237435008665,35.26863084922011,0.121317157712305,0.28368794326241137,0.9999999996666666,303.29289428076254,0.8947269656595984,11.3683240454791
E01028780,E02005993,4756724682.073704,24.18081038454442,4.1313264615847896,0.5875,32.21774193548387,0.6451612903225806,0.4372267332916927,0.963855421686747,135.0806451612903,0.907681661,10.913127451776878
E01028781,E02005993,4567459229.268292,24.40622852851726,-17.47035514,0.6228660113812726,18.72736678737713,0.0206932229694774,0.24390243902439024,0.963855421686747,173.3057424,0.907681661,12.39276380834207
E01028782,E02005993,2724371831.669044,24.18109660071199,10.036303890801214,0.6151704940848991,37.439109255393184,0.4871259568545581,0.14265335235378032,0.963855421686747,233.12456506611,0.907681661,10.93261450153596
E01028783,E02005993,5096037129.032258,24.18090167200029,-11.43206531,0.5855466337245213,33.168622606547245,0.4014823965410747,0.4608294930875576,0.963855421686747,206.91785052501544,0.907681661,10.90093705544388
E01028784,E02005999,3258859766.3335896,24.268636699330564,1.8078187500886147,0.6341784655910437,22.291735265064208,0.4280540006585446,0.23059185242121444,0.9887640449438202,136.6480079025354,0.908395062,11.18865707296787
E01028785,E02006003,3358986944.785276,24.180494728799562,0.8264936212228419,0.6343331206126356,35.60944479897894,0.2074026802807913,0.4601226993865031,0.9861111111111112,204.2118698,0.9153687370988928,11.240766387556032
E01028786,E02006003,1900446478.2208588,24.180643761482955,17.064746759909784,0.5786369593709043,29.357798165137616,0.2129750982961992,0.4601226993865031,0.9861111111111112,209.69855832241151,0.9153687370988928,11.112554666496376
E01028787,E02006003,2096707234.24598,24.181391457399158,2.898974345658094,0.5997596153846154,25.42067307692308,1.3822115384615383,0.1303780964797914,0.9861111111111112,192.30769230769232,0.9153687370988928,11.751916004257945
E01028788,E02005998,4268247630.2843966,24.180882344014375,2.553846028193857,0.5779636005902608,40.62961141170684,0.6394490900147565,0.23059185242121444,0.9883720930232558,204.1318248893261,0.9010380622837372,10.648630376932342
E01028789,E02005998,5944632267.24138,24.18098020877477,-5.864452723,0.6177033492822966,32.344497607655505,0.055023923,0.3448275862068966,0.9883720930232558,198.56459330143545,0.9010380622837372,12.338096407685576
E01028790,E02005998,2032734788.523533,24.18096192188179,6.627556236,0.584515366,30.437352245862886,0.9160756501182034,0.19342359767891681,0.9883720930232558,245.27186761229316,0.9010380622837372,10.69132228509033
E01028791,E02005998,2771286802.992519,24.18112814547607,-13.6221313,0.5570307785153893,34.3995172,0.2414001207000603,0.3740648379052369,0.9883720930232558,250.45262522631265,0.9010380622837372,10.916151535317873
E01028792,E02005999,1357836501.2106538,24.180528230786056,6.110708341891591,0.5910290237467019,36.14775725593668,0.7255936675461742,0.27239709443099275,0.9887640449438202,364.9956024626209,0.908395062,11.002156910282835
E01028793,E02005999,9524273025.641026,24.180968159309224,5.658664065707716,0.6138186304750154,31.77051202961136,0.215916101,0.3561253561253561,0.9887640449438202,256.0148056755089,0.908395062,11.232771177986743
E01028794,E02005999,4584887407.982262,24.181038028438522,12.82116877891727,0.5828746177370031,22.93577981651376,0.2752293577981651,0.3325942350332594,0.9887640449438202,253.82262996941893,0.908395062,10.844642156047724
E01028795,E02005994,3116857108.96196,24.237772938884543,-6.134968568,0.6240048989589713,35.82363747703613,0.9491733006736068,0.19342359767891681,0.9905660380943396,312.3086344151868,0.9067283730865076,10.977174015938033
E01028796,E02005994,4624860022.172949,24.181391111023085,4.748763904695073,0.5831548893647395,32.262669521770164,0.3211991434689507,0.4434589800443459,0.9905660380943396,364.0256959314775,0.9067283730865076,11.2106921083083
E01028797,E02005994,1872250949.727438,24.22788730903465,-5.239730301,0.6122792262405383,37.42640874684609,1.3877207737594617,0.09085402786190187,0.9905660380943396,428.93187552565183,0.9067283730865076,11.281907430527214
E01028798,E02005995,9222196732.193731,24.252707207379643,-2.493487552,0.5768251273344652,31.36672325976231,0.1485568760611205,0.3561253561253561,0.98989899,205.8573853989813,0.9033772064075094,11.430516984872153
E01028799,E02005997,6609081308.306709,24.181380373305277,-0.58575407,0.6083009079118028,32.03631647211414,0.2702118460873324,0.2795527156549521,0.9999999996666666,151.31863380890618,0.8947269656595984,11.20867217857783
E01028800,E02006003,6066056306.715063,24.18125853464204,4.411722362577317,0.6349765258215962,28.051643192488264,0.3227699530516432,0.18148820326678766,0.9861111111111112,187.79342723004692,0.9153687370988928,11.51408025249184
E01028801,E02006007,3470330914.1716566,24.181095703018173,3.5370571656888776,0.591025641,32.69230769230769,0.3205128205128205,0.2994011976047904,0.9767441862093024,269.2307692307692,0.902629145197516,12.2237701173642
E01028802,E02006007,3327076589.353612,24.181376972479114,3.160473834,0.5942472460220318,37.94369645,0.32129743,0.33269961977186313,0.9767441862093024,257.03794369645044,0.902629145197516,10.877742563929434
E01028804,E02005996,6373259409.090909,24.180515671612188,12.968409301774486,0.6431564245810056,42.17877094972067,0.1222067039106145,0.2840909090909091,0.9904761907619047,331.7039106145252,0.8986625514403292,11.526725518978145
E01028806,E02005994,3050524074.812968,24.180412938896755,12.697534669570391,0.5862428348097968,33.97602918186556,0.208441896821261,0.3740648379052369,0.9905660380943396,265.7634184471079,0.9067283730865076,11.110184143983656
E01028807,E02006002,3657619560.2586713,24.180347722808968,8.117280264,0.6616740088105727,30.616740088105725,0.748898678,0.4703115814226925,0.9731182795698925,317.1806167400881,0.921273128,10.715811568204389
E01028808,E02006002,2991598328.2392025,24.18064684968176,1.5754353496580904,0.6489992587101556,23.165307635285394,0.1111934766493699,0.33222591362126247,0.9731182795698925,266.8643439584878,0.921273128,11.659052613615888
E01028809,E02006001,434557675.0684931,24.180298673978445,21.75796436956401,0.5597709377236937,13.09949892627058,0.1037938439513242,0.3082191780821918,0.9444444444444444,178.9549033643522,0.9053497942386832,11.249601326177636
E01028810,E02006000,880478535.5555556,24.1794950465278,21.60540397,0.7079245283018868,32.15094339622642,0.0264150943396226,0.1388888888888889,0.9863013699041095,256.60377358490564,0.8765522279035792,12.271329881544608
E01028811,E02006000,1575562889.5522387,24.180357667827977,19.96286278,0.6114695340501792,21.57706093189964,0.1433691756272401,0.6218905472636815,0.9863013699041095,243.72759856630825,0.8765522279035792,11.340130386840556
E01028813,E02006000,1688054074.1721854,24.18042910829823,19.679864524911128,0.6700077101002313,19.35235158057055,0.1156515034695451,0.4966887417218543,0.9863013699041095,262.1434078643022,0.8765522279035792,11.27518844510301
E01028814,E02006000,4534221000.0,24.180794000754016,9.22732014,0.635,34.92857142857143,0.3035714285714285,0.2934272300469484,0.9863013699041095,242.8571428571429,0.8765522279035792,11.0530697009395
E01028815,E02006000,4937708131.0559,24.19532244167518,8.928744767857959,0.5087572977481234,35.94662219,0.1334445371142618,0.21739130434782608,0.9863013699041095,283.56964136780647,0.8765522279035792,11.19161421753797
E01028816,E02006002,4262829972.222222,24.180140478260643,12.883957417857753,0.6311413454270597,21.84429327,0.094482237,0.3968253968253968,0.9731182795698925,544.2176871,0.921273128,11.55246343548438
E01028817,E02006002,1537702891.707317,24.17398039720086,18.56231906718978,0.6600425833924769,23.917672107877927,0.0283889283179559,0.24390243902439024,0.9731182795698925,511.0007097,0.921273128,12.049132244713984
E01028818,E02006002,2810265195.8007,24.180706468956714,7.2002609151620405,0.6063768115942029,32.289855072463766,3.4782608695652173,0.3332777870354941,0.9731182795698925,417.39130434782606,0.921273128,10.693746319695489
E01028819,E02006002,592013573.6780258,24.18038356223912,13.586390535542147,0.5867426204039358,23.51113412739513,0.4401864319005696,0.4112808460634548,0.9731182795698925,372.8638011393061,0.921273128,11.08553678194579
E01028820,E02006001,2596261808.9117393,24.298900198127406,-8.081711176,0.6580801944106925,21.84690157958688,0.85054678,0.14281633818908884,0.9444444444444444,60.75334143377886,0.9053497942386832,11.04605976441542
E01028821,E02006001,1359234228.7128716,24.2706523544575,11.91383700071222,0.722422495,28.40663302090844,0.072098053,0.49504950495049505,0.9444444444444444,180.2451333813987,0.9053497942386832,11.723113454244212
E01028822,E02006001,1041984184.063745,24.180558249251405,16.79126701319791,0.6810810810810811,27.77027027027027,0.1689189189189189,0.5976095617529881,0.9444444444444444,168.9189189189189,0.9053497942386832,12.056208598284751
E01028823,E02005996,3832226503.3301616,24.18022780740888,14.226913793075145,0.6208955223880597,45.74626865671642,0.7835820895522388,0.42816365366317793,0.9904761907619047,354.4776119402985,0.8986625514403292,10.49605246594424
E01028824,E02005996,1395770100.4608295,24.180560880748452,-3.5897006,0.6295323173935891,38.09774040987914,0.3415659485023647,0.30721966205837176,0.9904761907619047,249.6058854440357,0.8986625514403292,11.02518140064756
E01028825,E02005996,1000304072.6970034,24.324833585731223,-5.387676771,0.5961426066627703,36.46990064289889,0.5260081823495032,0.4439511653718091,0.9904761907619047,277.6154295733489,0.8986625514403292,11.53891696264132
E01032554,E02005941,1067869609.8535286,24.17751332113627,17.588666091438064,0.600421053,58.10526315789474,0.3157894736842105,0.33288948069241014,0.9907407407407407,195.7894736842105,0.8846187439951088,12.242364393963896
E01032555,E02005941,1264622374.4318182,24.361833867400982,-13.18381772,0.6614338042909471,42.12454212454213,0.091575092,0.42613636363636365,0.9907407407407407,243.3281004709576,0.8846187439951088,11.488584469126872
E01032700,E02006847,783202029.8039216,24.410726873606762,0.000137099,0.667590028,25.20775623268698,0.0277008310249307,0.29411764705882354,0.9777777777777779,121.8836565096953,0.8730864197530864,12.019990024793984
E01032701,E02006848,309774319.6039604,24.16647510591753,18.78385352415839,0.7605965463108321,27.080062794348507,0.078492936,0.49504950495049505,0.9761904761904763,160.9105180533752,0.8786848072562359,11.52417198510996
E01032702,E02006848,547963353.2191781,24.41217841003691,46.18046712630547,0.6772374911909795,26.497533474277663,0.102184637,0.3082191780821918,0.9761904761904763,144.46793516560956,0.8786848072562359,11.374229626518073
E01032703,E02006847,637531920.8955224,24.191573906418608,16.46775097638078,0.6826165960024227,24.651726226529377,0.1211387038158691,0.6218905472636815,0.9777777777777779,133.25257419745608,0.8730864197530864,10.56064479536292
E01032704,E02006848,1712587639.2045455,24.217393972276987,12.862739210598864,0.7170953101361573,21.83560262228946,0.088250126,0.42613636363636365,0.9761904761904763,103.37871911245588,0.8786848072562359,11.277071115502164
E01032705,E02006847,12045015289.393938,24.19532244167518,8.928744767857959,0.7134146341463414,23.17073170731708,0.0396341463414634,0.30303030303030304,0.9777777777777779,134.14634146341464,0.8730864197530864,11.70228183472607
E01032706,E02003232,1374034514.4736843,24.217210276450746,7.302937255,0.7262773722627737,34.42822384428224,0.045620438,0.32894736842105265,0.9701492540597015,179.4403892944039,0.9048442906574394,11.661928633349085
E01032707,E02003232,228037311.55492154,24.17421810081169,17.371899984649517,0.6405135520684736,38.611507370423205,0.3328578221588207,0.42796005706134094,0.9701492540597015,140.2757964812173,0.9048442906574394,10.976261751376672
E01032708,E02003223,1079506276.4363031,24.218460545513686,12.552850222238783,0.7544715447154472,27.20867208672087,0.6504065040650406,0.2497918401332223,0.9506172839506173,300.8130081300813,0.9096174363664076,11.03071699203273
E01032709,E02006847,8735945154.945053,24.19532244167518,8.928744767857959,0.7375504710632571,24.158815612382234,0.060565276,0.16483516483516483,0.9777777777777779,148.0484522207268,0.8730864197530864,11.452714160504186
E01032710,E02006849,764072335.4153653,24.22458019936399,5.494863472566414,0.7068473609129815,25.392296718972894,1.1412268188302426,0.6246096189881324,0.9655172413793104,171.18402282453638,0.8961111111111111,10.940796082576597
E01032711,E02006848,2032845819.7530863,24.217494569945433,14.388321642150416,0.7294797687861272,24.68208092485549,0.0462427745664739,0.43209876543209874,0.9761904761904763,118.4971098265896,0.8786848072562359,11.747313558789244
E01032712,E02006848,885839989.8230089,24.21881987671311,13.441802106050776,0.7052070520705207,24.231242312423124,0.092250923,0.33185840707964603,0.9761904761904763,84.05084050840509,0.8786848072562359,11.38999043053045
E01032713,E02006847,215132262.18487394,24.172036810704995,-27.24727697,0.7308411214953271,24.626168224299068,0.2219626168224299,0.5252100840336135,0.9777777777777779,102.803738317757,0.8730864197530864,10.762081149634872
E01032714,E02003230,3836621853.8713193,24.218558790802895,5.1503429023560106,0.7680735478478897,29.920601755119097,1.1491851232762222,0.45438022537259176,0.9624060150375939,196.40618470539076,0.8989349112426035,10.71265257535124
E01032715,E02003230,4061188478.4509683,24.218471620588904,-2.595403766,0.7349476439790575,25.19633507853404,1.0471204188481675,0.3747657713928795,0.9624060150375939,307.5916230366492,0.8989349112426035,10.481427284017158
E01032716,E02003223,3330383623.5382876,24.218028370099873,7.091761035187215,0.7176811594202899,17.565217391304348,1.536231884057971,0.33949453036589966,0.9506172839506173,321.73913043478257,0.9096174363664076,10.8604830192257
E01032724,E02003357,3195937848.9583335,24.19344777213648,1.7667951813866234,0.6843687374749499,25.851703406813627,0.2880761523046092,0.2170138888888889,0.9701492537313432,140.28056112224448,0.900423257,11.780780646788
E01032726,E02003360,236784970.64423993,24.192512048926623,17.54073136616148,0.6703417861080485,17.971334068357223,1.7364939360529217,0.04760393525864805,0.925,179.16207276736492,0.8972921006248998,10.250854309403236
E01032728,E02003357,1155826689.3571043,24.19344066316319,12.233543746627651,0.707722385,24.682306940371458,0.9042033235581622,0.18908698001080498,0.9701492537313432,136.85239491691104,0.900423257,11.401751386559551
E01032729,E02003415,1455841765.6587472,24.19722121961113,1.4291187760652917,0.6906235126130414,22.32270347453593,0.4402665397429795,0.13498920086393087,0.952755905511811,266.5397429795335,0.9210738421476844,10.972790246646618
E01032730,E02003415,1945550247.0546234,24.196526181281254,8.990712542305593,0.707968476,28.37127845884413,1.2259194395796849,0.28561228132809713,0.952755905511811,245.18388791593696,0.9210738421476844,10.952958365332076
E01032731,E02003419,780826898.005698,24.197336000021053,9.808514736072672,0.7009102730819246,32.184655396618986,0.2275682704811443,0.42735042735042733,0.958333333,195.05851755526655,0.8982344772862527,10.6062561555508
E01032732,E02003419,3006023848.93617,24.197326346391133,16.724817646602222,0.6755555555555556,23.833333333333336,0.077777778,0.28368794326241137,0.958333333,166.66666666666666,0.8982344772862527,11.125174670694983
E01032733,E02003425,2868623441.764519,24.197508835360182,-16.73937072,0.6822429906542056,28.32943925233645,1.8399532710280373,0.2856236115518883,0.9565217391304348,604.5560747663551,0.8988111046884032,11.43163673000426
E01032734,E02003425,2780060419.132939,24.1972525232571,2.1202342358745003,0.742539201,35.761254425897825,3.161355589276682,0.2799552071668533,0.9565217391304348,523.5204855842185,0.8988111046884032,11.723276175725683
E01032759,E02003450,5487683774.954628,24.305062064081543,-9.723105307,0.6530448717948718,30.32852564102564,0.2203525641025641,0.27223230490018147,0.9910714285714286,202.323717948718,0.8651892890120036,11.750431561185724
E01032941,E02005924,1257280049.153013,24.17730027135277,11.512361492273705,0.6610824742268041,14.175257731958762,2.31958762886598,0.1666203832268814,0.9451476793248945,528.3505154639175,0.9215972222222222,11.24441255850868
E01032942,E02005924,1938355886.5373309,24.178770114765047,5.955631609626039,0.7355223880597015,26.268656716417908,1.0149253731343284,0.26455026455026454,0.9451476793248945,489.55223880597015,0.9215972222222222,10.753609572488369
E01032943,E02005922,2448300039.4736843,24.39745327859242,-38.17751952,0.7084347120843472,24.77696674776967,0.0304136253041362,0.32894736842105265,0.9761904761904762,75.02027575020276,0.8851873884592505,12.1031591335154
E01032944,E02005922,613608162.3529412,24.166692743085616,18.05043158819337,0.7347826086956522,23.55072463768116,0.036231884057971,0.19607843137254902,0.9761904761904762,134.05797101449278,0.8851873884592505,11.924776804291822
E01032947,E02006000,1544904229.710145,24.317170607698298,9.098345042844926,0.727991566,29.73115445440169,0.1449657353716394,0.5434782608695652,0.9863013699041095,179.23036373220873,0.8765522279035792,11.408666362735907
E01032948,E02006000,417003370.78039926,24.18079541859264,-0.380114001,0.6077828981054787,35.63748079877112,0.2816180235535074,0.4537205081669691,0.9863013699041095,174.0911418330773,0.8765522279035792,11.19406039926522
E01032949,E02006005,1418524330.845771,24.180501977678244,19.913611750567707,0.735648476,25.79730687455705,0.141743444365698,0.373134328358209,0.9787234042765957,141.74344436569808,0.8872793119058398,11.791208504576163
E01032950,E02006005,980989716.5289257,24.402370991373033,-66.3405935,0.7151790790221717,25.127913587265493,0.06822058,0.1652892561983471,0.9787234042765957,113.7009664582149,0.8872793119058398,12.304941636761436
E01032951,E02006005,3462472285.714286,24.180520162677425,10.43681188027888,0.6700251889168766,19.24433249370277,0.327455919,0.30721966205837176,0.9787234042765957,100.75566750629724,0.8872793119058398,12.027945204201798
E01032952,E02006000,5348464966.777409,24.180455126932465,19.21434853413881,0.6098939929328622,38.657243816254415,0.2120141342756183,0.24916943521594684,0.9863013699041095,240.28268551236744,0.8765522279035792,11.123299256606082
E01032953,E02006005,2174216777.114428,24.180512472700794,14.078466253600311,0.6285148514851485,19.603960396039604,0.079207921,0.24875621890547264,0.9787234042765957,79.20792079207921,0.8872793119058398,12.988491355343616
E01033305,E02005983,1235412721.2317667,24.181310307653092,-2.80714448,0.6895475819032761,51.01404056162247,1.4430577223088925,0.3241491085899514,0.9382022471910112,534.3213728549142,0.9256790123456792,11.077314697318318
E01033306,E02005983,4578370531.448074,24.180778940032976,12.898815969698967,0.6803324099722992,48.19944598337951,1.1357340720221607,0.3900536323744515,0.9382022471910112,379.50138504155126,0.9256790123456792,10.701083186610182
E01033415,E02006939,1615898005.9410017,24.269114299239593,-2.224159113,0.8401811711420253,39.987059204141055,10.999676480103526,0.17646539807652717,0.9246376811594202,410.8702685215141,0.8878638941398865,11.77242159311491
E01033417,E02006939,2403689624.3194194,24.265780075564194,-39.79827776,0.7954939341421143,56.23916811091855,0.4766031195840554,0.18148820326678766,0.9246376811594202,1100.519931,0.8878638941398865,11.144271263167372
E01033418,E02003398,588826724.0330291,24.401174949833678,-45.91899466,0.807909605,40.77212806026365,1.0828625235404896,0.3476749239461104,0.9692307693076924,134.180791,0.9140828402366864,11.474886279624938
E01033420,E02006940,2324616695.107319,24.19573558769676,6.455501473647337,0.8335694050991501,50.84985835694052,5.311614730878187,0.3332888948140248,0.9505494505494505,499.2917847025496,0.891975214,11.276124913249973
E01033421,E02003398,502541139.66480446,24.293844036867554,-26.54431978,0.7550682664460074,40.71162598262308,1.406702523789822,0.11761246692149367,0.9692307693076924,117.9147703764998,0.9140828402366864,10.930484837452298
E01033422,E02006939,7941103819.248826,24.195119885074043,10.282487297692176,0.8156312625250501,37.27454909819639,0.2839011356045424,0.4107981220657277,0.9246376811594202,848.3633934535738,0.8878638941398865,11.406268030244949
E01033423,E02006939,2806328197.6866455,24.195419113069008,-2.954589118,0.8621700879765396,46.08993157380254,0.4643206256109481,0.36803364879074657,0.9246376811594202,620.7233626588466,0.8878638941398865,10.703763552803387
E01033838,E02006940,10293071103.833866,24.195305075077652,-9.293185605,0.7780443911217756,39.53209358128375,0.3749250149970006,0.2795527156549521,0.9505494505494505,422.9154169166167,0.891975214,13.130912727341869
E01033839,E02006940,4769402302.738712,24.195305075077652,-9.293185605,0.872651357,38.72651356993737,0.7045929018789144,0.25906735751295334,0.9505494505494505,367.95407098121086,0.891975214,12.360806805893205
E01033841,E02003219,2547766728.079911,24.218244314232034,9.695108919808511,0.6694756554307116,16.10486891385768,0.4213483146067415,0.33296337402885684,0.9606741573033708,358.1460674157304,0.9216639313218028,12.768889336850052
E01033843,E02003219,9145569011.95219,24.218244314232034,9.695108919808511,0.5969529085872576,24.653739612188367,0.1731301939058172,0.398406374501992,0.9606741573033708,529.7783933518006,0.9216639313218028,14.049821125412418
E01033845,E02003226,4211920617.994547,24.21866260841101,-7.055512632,0.7658371040723982,31.73076923076923,1.8665158371040724,0.24235080278703422,0.9647058823529411,175.3393665158371,0.9058956916099772,8.699984334906796
E01033846,E02003226,42648926257.66871,24.21866260841101,-7.055512632,0.7743338771071234,19.303969548667755,0.176726481783578,0.3067484662576687,0.9647058823529411,168.56987493202826,0.9058956916099772,11.017686706767956
E01033847,E02003235,842851698.1641469,24.21854395450181,2.0824495732548174,0.5838406198118429,31.26729385722192,0.5118981737686774,0.13498920086393087,0.9887640449438202,221.36137244050917,0.9056937255397046,11.388965723763922
E01033848,E02003235,3882988420.39801,24.21854395450181,2.0824495732548174,0.7123762376237623,30.3960396,0.099009901,0.4975124378109453,0.9887640449438202,198.01980198019805,0.9056937255397046,12.920433222489317
E01033849,E02003236,9621922766.871166,24.218647379266972,1.7358910932787497,0.6772470144563167,21.841609050911376,0.1021370207416719,0.4601226993865031,0.9811320754716981,141.42049025769956,0.9049483802064792,10.751224327575212
E01033850,E02003236,5219212682.19634,24.218647379266972,1.7358910932787497,0.6638537271448663,30.37974683544304,0.2812939521800281,0.49916805324459235,0.9811320754716981,210.9704641350211,0.9049483802064792,10.138137978436104
E01033851,E02003373,1903301713.5455217,24.27143551771405,-3.237850607,0.623836686,33.923746622635846,0.4052836985890123,0.33308660251665434,0.9759036142891566,114.07985589912938,0.8996875,9.870939490610072
E01033851,E02003373,642691959.511473,24.19457385168721,10.293498794344012,0.623836686,33.923746622635846,0.4052836985890123,0.33308660251665434,0.9759036142891566,114.07985589912938,0.8996875,9.870939490610072
E01033852,E02003385,2888552375.025505,24.195385966538783,-3.077493528,0.6701164294954722,34.21733505821475,3.169469598965071,0.1836359926545603,0.9655172413793103,695.3428201811126,0.9244470868014268,10.529728240457636
E01033853,E02003385,15712314306.326303,24.195385966538783,-3.077493528,0.6314666666666666,31.626666666666665,0.48,0.49944506104328523,0.9655172413793103,573.3333333333334,0.9244470868014268,12.224302140677734
E01033854,E02003385,9431575742.838108,24.195385966538783,-3.077493528,0.7048567870485679,25.985886259858862,0.6226650062266501,0.1665556295802798,0.9655172413793103,446.24325446243256,0.9244470868014268,11.713479790025245
E01033855,E02003385,3609685886.49781,24.19524456522888,5.662790987666073,0.6690962099125365,29.081632653061224,3.826530612244898,0.3332698533612645,0.9655172413793103,783.5276968,0.9244470868014268,10.460737278246532
E01033856,E02003385,25238962170.439415,24.19524456522888,5.662790987666073,0.7590051457975986,41.50943396226416,0.6432246998284734,0.46604527296937415,0.9655172413793103,921.9554030874784,0.9244470868014268,12.40662287919164
E01033857,E02003405,6673324066.354743,24.195334094283435,5.269694819,0.6790013374944271,16.584930896121268,1.0477039679001336,0.25521054870267973,0.9139072847682118,242.9781542576906,0.9134687075128284,8.247710459179382
E01033858,E02003405,980500273.7328917,24.195334094283435,5.269694819,0.7435681147195277,34.162800506115566,6.748207507380852,0.1874882819823761,0.9139072847682118,229.86081822016027,0.9134687075128284,6.331056911065438
E01033859,E02003405,36828603004.69484,24.195334094283435,5.269694819,0.8295994568906992,54.71826205023761,0.2885268160217243,0.4694835680751174,0.9139072847682118,369.9932111337407,0.9134687075128284,9.957577374170208
E01033860,E02006849,3573769463.190184,24.217915561004247,13.457400984999554,0.7281081081081081,19.83783783783784,0.1756756756756756,0.4601226993865031,0.9655172413793104,129.72972972972974,0.8961111111111111,10.604742163499791
E01033861,E02006849,1293061981.1320755,24.217915561004247,13.457400984999554,0.6610084872690963,24.463305042436343,0.4493260109835247,0.33296337402885684,0.9655172413793104,119.8202695956066,0.8961111111111111,9.58621645516388
E01034751,E02005996,11249073868.525896,24.181661971962644,-2.22331168,0.6123376623376623,33.83116883116883,0.1623376623376623,0.29880478087649404,0.9904761907619047,308.44155844155847,0.8986625514403292,11.956206453762618
E01035234,E02003352,1717320410.0946372,24.192628102817526,4.763907821131308,0.6224137931034482,32.93103448275862,0.8189655172413793,0.2628811777076761,0.986486487,306.03448275862064,0.8924444444444444,9.979812426448513
E01035235,E02003352,8125232388.059702,24.192628102817526,4.763907821131308,0.5226769911504425,27.544247787610622,0.1106194690265486,0.373134328358209,0.986486487,196.34955752212392,0.8924444444444444,11.537920470859529
E01035236,E02003353,10442803930.174564,24.1928723418232,9.070345515051068,0.6161390994204191,26.21489077128845,0.1783325902808738,0.24937655860349128,0.9797297297297297,309.8528756130183,0.9068444444444445,11.160541302448651
E01035237,E02003353,2699912557.0599613,24.1928723418232,9.070345515051068,0.6814516129032258,25.100806451612907,0.78125,0.19342359767891681,0.9797297297297297,350.30241935483866,0.9068444444444445,9.806036534384727
E01035238,E02003353,3368393367.265469,24.193152917329964,8.158083280604984,0.6731707317073171,31.21951219512195,0.3484320557491289,0.3992015968063872,0.9797297297297297,484.3205574912892,0.9068444444444445,10.9374013072653
E01035239,E02003353,5606528495.016611,24.193152917329964,8.158083280604984,0.6586237712243074,35.656836461126005,0.2680965147453083,0.24916943521594684,0.9797297297297297,621.0902591599643,0.9068444444444445,11.448219818756929
E01035240,E02003353,30135090660.714287,24.193152917329964,8.158083280604984,0.6938663745892661,25.79408543263965,0.0301204819277108,0.44642857142857145,0.9797297297297297,380.6133625410733,0.9068444444444445,13.144660395575626
E01035241,E02003358,2273403427.7620397,24.193790125264,-6.047124879,0.8057455540355677,33.10533515731874,4.1039671682626535,0.4165972337943676,0.9448818897637796,277.0177838577291,0.9038378076756154,8.526730895896726
E01035242,E02003358,13629064905.094906,24.193790125264,-6.047124879,0.7428571428571429,23.660714285714285,0.4464285714285714,0.3996003996003996,0.9448818897637796,180.80357142857144,0.9038378076756154,10.318325266890955
E01035243,E02003358,660766604.2128603,24.192379724208205,0.954622462,0.6952998379254457,33.06320907617504,0.2431118314424635,0.3325942350332594,0.9448818897637796,218.8006482982172,0.9038378076756154,11.116814800638831
E01035244,E02003358,2950551866.3366337,24.192379724208205,0.954622462,0.6716630977872948,23.19771592,0.071377587,0.24752475247524752,0.9448818897637796,289.07922912205566,0.9038378076756154,12.62088063930796
E01035245,E02003360,1890571359.4594595,24.244693266213577,-9.218930735,0.7219941348973608,30.61583578,0.064516129,0.3153153153153153,0.925,190.6158357771261,0.8972921006248998,11.856328820599357
E01035246,E02003360,1389757754.3046358,24.244693266213577,-9.218930735,0.6723768736616702,31.156316916488223,0.080299786,0.4966887417218543,0.925,173.9828694,0.8972921006248998,11.546176471754126
E01035247,E02003417,5115824788.802799,24.197194657234107,-13.10334192,0.7018325903912828,28.231797919762258,1.9811788013868248,0.37490627343164207,0.9725274725274724,383.8533927686974,0.9044760966287436,9.39295355291035
E01035248,E02003417,17405114778.911564,24.197194657234107,-13.10334192,0.6794285714285714,28.285714285714285,0.6714285714285714,0.1488095238095238,0.9725274725274724,442.8571428571428,0.9044760966287436,10.61792092769728
E01035249,E02003417,4527433271.631206,24.196857870660132,13.430495690999477,0.6118421052631579,35.38011695906433,0.1023391812865497,0.28368794326241137,0.9725274725274724,566.5204678362574,0.9044760966287436,12.745280373952722
E01035250,E02003417,2543299168.5258965,24.196857870660132,13.430495690999477,0.6499727817093086,37.23462166575938,0.1360914534567229,0.29880478087649404,0.9725274725274724,421.88350571584107,0.9044760966287436,12.165464169879808
E01035251,E02007068,7566906455.271565,24.1974212981105,-12.43716412,0.68001443,21.06782106782107,0.2254689754689754,0.35942492012779553,0.9811320753584906,86.58008658008657,0.9106443574225704,9.983010124962776
E01035252,E02007068,24549975830.84577,24.197422134785967,-0.047785088,0.7243172951885566,27.24317295188556,0.130039011703511,0.373134328358209,0.9811320753584906,156.04681404421328,0.9106443574225704,11.122413006714249
E01035253,E02007068,31370089013.245033,24.1974212981105,-12.43716412,0.7106164383561644,42.12328767123288,0.085616438,0.16556291390728478,0.9811320753584906,136.9863014,0.9106443574225704,11.410091384814503
E01035254,E02007069,2405921570.9410043,24.197422134785967,-0.047785088,0.6995624696159456,24.744773942634904,0.9965969859017988,0.1462701121404193,0.9574468085106382,194.45794846864365,0.9143253555324315,9.342140693991428
E01035255,E02006004,4991574817.403709,24.18168577071939,1.925931056194328,0.6033868092691622,38.23529411764706,0.6238859180035651,0.3566333808844508,0.9642857142857142,441.1764705882353,0.9161594026458892,11.395415249237962
E01035256,E02003439,780966285.3204687,24.198978316572948,-5.536136381,0.5781676413255361,40.54580897,0.5653021442495126,0.31013094417643006,0.9693877551020409,181.28654970760232,0.905213753698602,11.424387782703258
E01035256,E02003439,1200845620.2618883,24.19850758077017,13.874545299606412,0.5781676413255361,40.54580897,0.5653021442495126,0.31013094417643006,0.9693877551020409,181.28654970760232,0.905213753698602,11.424387782703258
E01035257,E02003446,3639337104.257168,24.199208141801613,-38.79299104,0.8041482488949337,30.70384223053384,0.3910234614076844,0.3040834057341442,0.9729729733783784,108.80652839170352,0.8515668981047101,9.56926972933601
E01035258,E02003446,39517707613.20755,24.199208141801613,-38.79299104,0.6113445378151261,42.57703081232493,0.073529412,0.2830188679245283,0.9729729733783784,224.0896358543417,0.8515668981047101,11.96276313306489
E01035259,E02003450,3415425313.3903136,24.199066784966142,-10.59913114,0.6556679084619479,29.909526343799893,0.1862692921766897,0.4985754985754986,0.9910714285714286,268.7599787120809,0.8651892890120036,11.21092615009506
E01035260,E02003450,6811444801.136364,24.199066784966142,-10.59913114,0.6668032786885246,28.03278689,0.071721311,0.42613636363636365,0.9910714285714286,206.9672131147541,0.8651892890120036,11.904066567830636
E01035261,E02003452,2484830511.1553783,24.199238780143947,4.363864773,0.678021465,35.18432104526365,0.1166588894073728,0.29880478087649404,0.9857142855714286,151.65655622958468,0.8657142857142857,11.815966482641734
E01035262,E02003452,1555342788.778055,24.199238780143947,4.363864773,0.579528349,45.65980933266432,0.2007024586051179,0.3740648379052369,0.9857142855714286,163.0707476166583,0.8657142857142857,11.345967284798988
E01035263,E02003455,17881026349.55752,24.198977481198483,7.695648658627995,0.6878495170310117,32.63853584138282,0.1143873919674631,0.33185840707964603,0.9811320758301887,383.8332486019319,0.896953125,14.407198799339612
E01035264,E02003455,776987493.7512017,24.198977481198483,7.695648658627995,0.660901468,29.14046121593292,2.7253668763102725,0.13458950201884254,0.9811320758301887,395.7023060796645,0.896953125,11.266897533016872
E01035265,E02003455,3320919287.2340426,24.241697045136483,6.944768017507258,0.6728171334431631,28.599670510708403,0.1235584843492586,0.3324468085106383,0.9811320758301887,248.7644151565074,0.896953125,13.896373544501712
E01035266,E02003455,4148390870.431894,24.241697045136483,6.944768017507258,0.6370875995449374,29.52218430034129,0.1706484641638225,0.24916943521594684,0.9811320758301887,429.4653014789533,0.896953125,14.119516911351893
E01035267,E02003456,3247844223.4706616,24.1991463054783,-22.1458732,0.6417016177351708,29.838226482923908,0.4793289394847214,0.37453183520599254,0.9684210526315788,266.62672258837625,0.9079861111111112,10.907234978898025
E01035268,E02003456,51010259274.5098,24.1991463054783,-22.1458732,0.7060458651841557,28.21403752605977,0.034746352,0.19607843137254902,0.9684210526315788,309.2425295343989,0.9079861111111112,13.67980652114242
E01035269,E02003456,4848120402.78619,24.1989552352292,-1.815822053,0.5814988869651249,26.638634677219887,0.4081127875340094,0.24227740763173833,0.9684210526315788,110.06678209250556,0.9079861111111112,10.18333560997596
E01035269,E02003456,64872489.88491823,24.30713999788688,7.745092394556111,0.5814988869651249,26.638634677219887,0.4081127875340094,0.24227740763173833,0.9684210526315788,110.06678209250556,0.9079861111111112,10.18333560997596
E01035565,E02006004,1488342810.293492,24.18168577071939,1.925931056194328,0.7859137449581136,18.181818181818183,0.7291343468817871,0.14887282007656316,0.9642857142857142,153.5836177474403,0.9161594026458892,10.184351487415292
E01035723,E02005921,8511025170.212766,24.179250973316478,6.727794523959517,0.6130329847144006,41.83427192,0.3016894609814964,0.39893617021276595,0.9895833333333334,370.0724054706356,0.9078768673607968,11.118415133585586
E01035724,E02005921,9384590803.519062,24.179250973316478,6.727794523959517,0.6669083,18.12250815512867,0.1232330554548749,0.11730205278592376,0.9895833333333334,166.72707502718376,0.9078768673607968,11.21639415719782
E01035725,E02005924,1740913230.8251545,24.17878247488377,5.051944265298148,0.7058823529411765,21.25237191650854,1.739405439595193,0.3635041802980734,0.9451476793248945,518.6590765338393,0.9215972222222222,10.85232819575887
E01035726,E02005924,15911137202.657806,24.17878247488377,5.051944265298148,0.6979522184300341,22.98065984072809,0.1706484641638225,0.33222591362126247,0.9451476793248945,466.4391353811149,0.9215972222222222,13.0678846640754
E01035727,E02005928,2049128920.1065247,24.182690310795376,1.1887389219398945,0.6746113989637306,30.82901554404145,0.38860103626943,0.33288948069241014,0.9583333333333334,235.7512953367876,0.9030470914127424,11.146522403582338
E01035728,E02005928,10191363039.7351,24.182690310795376,1.1887389219398945,0.6091238983929497,19.906687402799378,0.077760498,0.4966887417218543,0.9583333333333334,235.8735095904614,0.9030470914127424,12.7559487756574
E01035729,E02005928,10540382321.917809,24.182690310795376,1.1887389219398945,0.5668674698795181,26.626506024096383,0.087349398,0.3082191780821918,0.9583333333333334,274.0963855421687,0.9030470914127424,12.789850231162864
E01035730,E02005930,122041274647.05882,24.178927075345438,15.159105322637425,0.659403126,20.132638559924207,0.0236854571293225,0.29411764705882354,0.9830508474576272,258.1714827096163,0.9070669347888536,13.195188097971387
E01035731,E02005930,42630856212.328766,24.178927075345438,15.159105322637425,0.628125,31.3125,0.090625,0.3082191780821918,0.9830508474576272,340.625,0.9070669347888536,12.130480894075095
E01035733,E02005931,2775354332.4468083,24.209068724896945,14.117858692893783,0.7081239530988275,24.12060301507537,0.157035176,0.3324468085106383,0.9781021899051096,272.19430485762143,0.91725717939155,12.02867295644899
E01035734,E02005931,11467398120.879122,24.209068724896945,14.117858692893783,0.6622998544395924,21.97962154294032,0.065502183,0.5494505494505495,0.9781021899051096,473.0713245997089,0.91725717939155,13.455784774467416
E01035735,E02005935,8832440462.016882,24.17881428214971,10.706110492289676,0.6082644628099173,26.666666666666668,1.2396694214876034,0.44424700133274103,0.9481481482222223,228.65013774104685,0.8604224058769513,8.791874451690767
E01035736,E02005935,4184766045.043149,24.17881428214971,10.706110492289676,0.7018485390578414,28.026237328562907,2.832438878950507,0.3683435066301831,0.9481481482222223,247.46571258199165,0.8604224058769513,8.044828883222419
E01035737,E02005936,2368637790.123457,24.276203460835326,-12.04327916,0.6719714192919779,22.117570639818123,0.5521273140630075,0.411522633744856,0.9760479041916167,250.08119519324453,0.9074611699811294,9.929232695670333
E01035739,E02005936,8933598405.764967,24.276203460835326,-12.04327916,0.5640744797371303,36.30887185104052,0.2464403066812705,0.3325942350332594,0.9760479041916167,421.68674698795184,0.9074611699811294,11.258332812034928
E01035740,E02005942,634922575.2998667,24.17882902522412,14.201392088687737,0.7519153593578985,51.732944180955855,0.8208682962422473,0.44424700133274103,0.9642857142857142,87.55928493250637,0.878188776,9.464732774479987
E01035740,E02005942,653891099.0670813,24.17872698733055,3.2566346404982536,0.7519153593578985,51.732944180955855,0.8208682962422473,0.44424700133274103,0.9642857142857142,87.55928493250637,0.878188776,9.464732774479987
E01035741,E02005947,4927711879.323597,24.178565479717573,3.0838680932170512,0.7535505430242272,49.665831244778616,0.5430242272347535,0.3843197540353574,0.9233576642335767,365.4970760233918,0.8850231765144654,13.84244478384098
E01035742,E02005947,3559663051.0827317,24.178565479717573,3.0838680932170512,0.8836001730852445,49.32929467762873,0.7788836001730852,0.4441976679622432,0.9233576642335767,378.6239723063609,0.8850231765144654,13.517022757800614
E01035743,E02007116,19210593609.929077,24.177967579850222,6.901142537200545,0.7263922518159807,28.81355932,0.084745763,0.28368794326241137,0.9705882352941175,90.79903147699758,0.9152249134948096,12.365199901228086
E01035744,E02007116,3279290192.4939466,24.177967579850222,6.901142537200545,0.8551136363636364,45.09943181818182,0.5859375,0.1513317191283293,0.9705882352941175,106.5340909090909,0.9152249134948096,10.591479802576275
E01035745,E02005967,9156827575.609756,24.181552288890604,11.975756532686836,0.6725706079463858,21.06270943034945,0.019147917663954,0.24390243902439024,0.9634146341463414,138.82240306366683,0.9083878643664486,14.04588867657391
E01035746,E02005967,2979602623.8095236,24.181552288890604,11.975756532686836,0.7139315815567675,30.441249380267728,0.0619732275656916,0.3968253968253968,0.9634146341463414,143.77788795240457,0.9083878643664486,12.906456081129736
E01035747,E02005968,2688390484.055212,24.32086359872072,0.8130044757265319,0.5856545961002786,30.919220055710305,1.4623955431754874,0.28557829604950025,0.9583333333333333,295.96100278551535,0.8999893718779892,10.642633021746018
E01035748,E02005968,8676357000.0,24.32086359872072,0.8130044757265319,0.6854876341577228,36.63089127391508,0.3033131124591693,0.2304147465437788,0.9583333333333333,198.32011199253384,0.8999893718779892,11.815336796560349
E01035749,E02005972,6971180490.740741,24.42085314939877,2.2521758619407346,0.6746495327102804,28.066588785046733,0.062792056,0.18518518518518517,0.9905660378867923,144.5677570093458,0.8969384122463511,11.65285786804364
E01035750,E02005972,10679255219.858156,24.42085314939877,2.2521758619407346,0.6178396072013094,35.02454991816694,0.1145662847790507,0.28368794326241137,0.9905660378867923,405.0736497545008,0.8969384122463511,12.081850440707386
E01035751,E02005972,13520664340.707964,24.17848719518591,6.611542725023475,0.631885593,31.46186440677966,0.1191737288135593,0.4424778761061947,0.9905660378867923,262.1822033898305,0.8969384122463511,11.607395898346802
E01035752,E02005972,6419475086.134454,24.17848719518591,6.611542725023475,0.6566604127579737,37.14821763602252,0.2970606629143214,0.26260504201680673,0.9905660378867923,309.5684803001876,0.8969384122463511,10.86019160596143
E01035753,E02005984,2826834579.931973,24.18114934274655,10.707488199268155,0.627077422,26.10458046209971,0.4762869882448318,0.1488095238095238,0.9826086960869564,220.91609241994323,0.8929845422116528,10.943609000653664
E01035754,E02005984,18888394693.18182,24.18114934274655,10.707488199268155,0.6319809069212411,34.415274463007165,0.08353222,0.2840909090909091,0.9826086960869564,260.1431980906921,0.8929845422116528,12.847831414397106
E01035755,E02005987,2132249298.0030723,24.18068463207667,7.183486135047852,0.6265784726398076,26.87913409500902,0.3908598917618761,0.2304147465437788,0.968,330.72760072158746,0.9025754422476588,12.23325483946639
E01035756,E02005987,9192677437.086092,24.18068463207667,7.183486135047852,0.6132425742574258,33.53960396039604,0.092821782,0.33112582781456956,0.968,340.34653465346537,0.9025754422476588,13.699588165237746
E01035757,E02005991,6531887437.544611,24.180867914728367,7.296907066851667,0.6711891460494812,31.604150039904223,1.11731843575419,0.49964311206281226,0.9733333333333334,247.40622505985635,0.903734284,9.265531773149451
E01035758,E02005991,28071086809.815952,24.180867914728367,7.296907066851667,0.6175986842105263,36.59539473684211,0.2672697368421052,0.4601226993865031,0.9733333333333334,254.93421052631572,0.903734284,10.725861441153906
E01035759,E02005992,1455285295.2939608,24.181229970160704,-1.863463245,0.6444723618090452,37.93969849246231,4.711055276381909,0.19997333688841487,0.9414634146341463,546.4824120603015,0.8891507210858705,8.749986038177994
E01035760,E02005992,10639468810.91618,24.181229970160704,-1.863463245,0.6217843459222769,33.552271483305965,0.5610290093048714,0.21929824561403508,0.9414634146341463,476.19047619047615,0.8891507210858705,10.7400596299169
E01035761,E02005992,80265404411.76471,24.181229970160704,-1.863463245,0.6322250639386189,30.741687979539645,0.069053708,0.25735294117647056,0.9414634146341463,445.0127877237852,0.8891507210858705,12.767213935961424
E01035762,E02005996,8661096751.533743,24.181661971962644,-2.22331168,0.5794871794871795,36.41025641025641,0.2083333333333333,0.3834355828220859,0.9904761907619047,304.48717948717945,0.8986625514403292,11.693844115073697
