msoa,lat,lon
E02000001,51.519151395156044,-0.09469330321131537
E02004372,50.86937011109918,0.5919807027929692
E02006584,51.10456326914442,-0.22516627177237056
E02006411,51.4225277044188,-0.5009352521228337
E02003401,51.44725515041046,-0.9893828921449659
E02005040,51.3976384221761,0.3211258997378245
E02000269,51.50440794066165,-0.31600098418379896
E02006466,51.30353839804207,-0.5529302774934254
E02004783,50.91282902213468,-1.499247410503258
E02005174,51.097604396282314,0.5361821254825039
E02000213,51.38198013765262,-0.09920385879975475
E02005154,51.29100900071533,0.3060572212674223
E02000487,51.54934771911731,0.24864243596545352
E02000065,51.508113021221085,0.126443340591406
E02000881,51.51648672786899,-0.010300304059173522
E02003507,50.833624778841475,-0.06839983464777515
E02000784,51.48088233677974,-0.23924930722613494
E02000932,51.46075772589384,-0.20201007224734932
E02004688,51.25717395244522,-1.114875810603722
E02001835,52.555558415647475,-1.8241816443656125
E02000605,51.401271846381036,-0.2661238751611131
E02003935,50.63522809235672,-4.35915326260146
E02007028,50.74989424244849,-3.4062574071385296
E02004281,50.64911696745332,-2.4598756628807967
E02006595,51.053992407206955,-0.31108064757661497
E02000712,51.38984269072351,-0.19603253050463618
E02000619,51.492200113761314,-0.11188406626287019
E02004258,50.939765237551605,-2.318278593510233
E02006372,51.21557836288921,-0.3238479744347862
E02000747,51.51219661297908,0.01573617812287035
E02004699,51.1479271482857,-0.9809077962002497
E02003156,50.484857389962755,-3.5590567842026672
E02004202,50.67484139726473,-3.4945078223848034
E02000654,51.482983956339005,-0.0325719863220147
E02000193,51.51794879441899,-0.12423720455970666
E02000005,51.56117951362421,0.14280343993610484
E02004183,51.07292471034422,-4.073683330553724
E02001897,52.46656833041673,-1.8761782087500516
E02000293,51.64321003981529,-0.0959257758549834
E02003032,51.4712289468653,-2.52864240882322
E02005115,51.43840608475824,0.769545301061243
E02003151,50.36040525008746,-4.072099490607101
E02003319,51.39998055671291,0.49577872990202676
E02000680,51.43446220801781,-0.06111337296140054
E02000758,51.59513730668597,0.061255655116312535
E02003955,50.40999426876154,-5.070482861444053
E02006089,50.944905395534576,-2.6250044971183604
E02003082,51.35316730520065,-2.9765658481856723
E02005149,51.327845246461195,0.48511669453851813
E02000643,51.43922564138555,-0.1252806731251794
E02000577,51.52342037008296,-0.20897775584732156
E02004226,50.905829988991954,-4.0312245368757305
E02003428,51.506765568907525,-0.7532251419041758
E02006071,51.13004286075954,-3.0203889035270732
E02004156,50.72454477200105,-3.531247313183188
E02000202,51.39875559564967,-0.11070749821918134
E02004377,50.856174472679506,0.5395529594423879
E02004155,50.726874412706316,-3.4918926719118804
E02006564,50.98372983556796,-0.7431196642810229
E02003451,51.41408702132714,-0.831496720401063
E02000943,51.44777468067225,-0.1526660067083148
E02003596,50.63431730793553,-1.1759539162676809
E02006366,51.29302823271677,-0.35573918646813535
E02000301,51.62636545723653,-0.049167798207603926
E02000583,51.510738429544084,-0.20902780126190854
E02003343,51.35797405214121,0.5847755058924563
E02004144,50.63579920055436,-3.40579936971433
E02000140,51.4032756076093,0.10769361638960502
E02000912,51.575486887193684,-0.027595006293651202
E02004795,50.76087065078064,-1.53830722456919
E02004187,51.01768111123859,-3.8387929474429745
E02000828,51.475283635860706,-0.06631914047148332
E02006578,51.11943832606832,-0.1784423923587764
E02000439,51.60454809113092,-0.2790012451788189
E02000557,51.56322735045592,-0.1364363415594758
E02003170,50.394634272705716,-3.5159302508999004
E02007111,51.52872737703013,-0.07808413916618935
E02003321,51.39484311378445,0.47180406679486087
E02000186,51.535018645254056,-0.14180276382026066
E02000375,51.507622206937775,-0.226205702949674
E02004731,50.8583522652794,-1.2759047657083502
E02005173,51.12171769016642,0.26117714119670593
E02006853,51.498103256260144,-0.020534989398104473
E02003174,50.758965086577525,-1.8877876111898093
E02004819,51.20246553137635,-1.4871575782096595
E02001911,52.45560531425681,-1.980312343471208
W02000331,51.65804298066424,-3.0456268034698946
E02003430,51.48963025219145,-0.6119082192925895
E02004273,50.73323216574482,-2.931171053553769
E02003124,50.42235871856931,-4.153231765854136
E02003455,51.39553277815002,-0.9683925673288374
E02003533,50.81887251661267,-1.0865054628249022
E02003164,50.44897125225943,-3.567123526531998
E02006358,51.238534048867415,-0.5884790702108893
E02003924,50.214268801884494,-5.306120819870484
E02004147,50.621577534152344,-3.4120904503116405
E02003589,50.70135184792723,-1.3015391434537655
E02004390,50.77710800255938,0.12351264516729321
E02000028,51.64492052312038,-0.1775157219343711
E02003172,50.76778280415152,-1.8952482934770702
E02006462,51.31773083538611,-0.6143461366087679
E02004157,50.71809181559215,-3.5198735122255633
E02000467,51.60407449441362,0.21811203483061006
E02005158,51.2107102204068,0.25311564394733177
E02003496,50.85024441590677,-0.19368921668228098
E02005072,51.27558657490879,0.5552463433015111
E02004770,50.86836293311572,-0.9712473219413129
E02003504,50.83725736038939,-0.1415744410501942
E02006993,51.49540767446932,0.013730977808314388
E02000471,51.59395520587736,0.18132579159478873
E02004203,50.643156689130954,-3.7361711736203813
E02006420,51.338888049624735,-0.7267930963712975
E02004252,50.79784149325829,-1.9786444491288957
E02000138,51.40781263818349,-0.017345527796556712
E02006995,51.54749739894421,-0.009612831833380254
E02004777,50.78750925609468,-0.9818596331974435
E02000335,51.462556168474435,0.05833306520274909
E02000849,51.3680541990492,-0.1524608150338004
E02004158,50.71607860594434,-3.5436667385701694
E02004791,50.82663824751664,-1.3823364496758745
E02000567,51.545927159753,-0.08768612299245916
E02006553,50.80084480992645,-0.6910817197076146
E02006832,51.366289407739444,0.30447127810213426
E02000077,51.46751738606563,0.11517574272292525
E02003152,50.359247733866454,-4.103531840075341
E02004284,50.61393790663174,-2.454753047063278
E02003163,50.46412738692126,-3.5132159009735506
E02003934,50.63005910279355,-4.650374508112731
E02003202,50.733786557558474,-1.9091334777158977
E02000212,51.38295025079114,-0.11303715039063415
E02003403,51.44316104006876,-1.0108869705865096
E02000685,51.4285452929292,-0.06167329702005166
E02006387,51.22626765074575,-0.20043567031963266
E02006573,50.76930499119307,-0.8596105592844608
E02006557,50.79090597342309,-0.6869869436684701
E02003030,51.473797319265984,-2.5458432446601247
E02000266,51.508458137445,-0.36032695590099983
E02006437,51.173666372306855,-0.011840065744414046
E02000081,51.45737198564684,0.1575074044366859
E02000174,51.54915011044038,-0.13576304115086116
E02006534,50.84092693058727,-0.2372323782096874
E02006445,51.19168660518903,-0.6107935251735708
E02000969,51.52165334694537,-0.19382065045886776
E02000733,51.53400782811953,0.008205928708411442
E02000031,51.63204285045829,-0.17370030053922575
E02000272,51.50118826446987,-0.32506931436239506
E02003408,51.527468452236484,-0.6157804609174973
E02005080,51.24641495370603,0.5527330231925653
E02003134,50.39293139324537,-4.16574252220061
E02006889,51.456979296548056,-2.5671154036578994
E02006613,50.99950019514151,-0.09166520698357411
E02000634,51.459996141993734,-0.13320535664130437
E02003576,50.90196022340001,-1.3698595332539432
E02003442,51.45642525340605,-0.8821378451409851
E02000210,51.38484546813815,-0.07799354791094877
W02000317,51.78485316646836,-3.213089756009848
E02006457,51.33449093826793,-0.5081186687500111
E02000011,51.54449268034483,0.1654093054182173
E02005134,51.38279439770389,1.3817183502115753
E02004690,51.2474252919723,-1.1024687163406306
E02006925,51.583479405482194,0.05349288171018992
E02000499,51.577812088723014,-0.3945150981364112
E02001840,52.54131788968113,-1.8674124192750607
E02004130,50.79886375355439,-3.187519027224861
E02001919,52.44580838830111,-1.8735119364657644
E02000983,51.48685642753199,-0.1369334856349052
E02004286,50.59953830797881,-2.465665058392816
E02003895,50.45676436283144,-4.456900762364647
E02005039,51.41882469383753,0.2576786742383844
E02003026,51.479661681318795,-2.6322038341929934
W02000346,51.58210306972648,-2.8186584493671507
E02005043,51.22411346146287,1.393090204995892
E02000906,51.590570682869924,-0.027812365377309696
E02006103,51.025732719702546,-3.028524691306267
E02003948,50.12600509879127,-5.544408112765382
E02003536,50.80793874582235,-1.082735562615253
E02000090,51.43006557722607,0.09778060669921691
E02003918,50.244353841555146,-5.269789991651505
E02000515,51.5208316341498,-0.4765752686905629
E02003331,51.37472390179993,0.5819782594674456
E02006662,51.19753760406053,-1.7723978798454632
E02005175,51.047516722929714,0.5177010283028163
E02000649,51.42648273594632,-0.13106080593098815
E02002992,51.38738256761188,-2.3947399321663596
E02006989,50.37458080594587,-4.153152539916443
E02003514,50.829759269282,-0.14726588324717566
E02006388,51.2221585607054,-0.1675388807528663
E02003130,50.40257741763775,-4.18676642754184
E02003522,50.81743609976168,-0.10748994834088825
E02006328,51.37207370368603,-0.4547967109159803
E02000532,51.48594705157063,-0.26126714948685875
E02001902,52.45984010398804,-1.805375653812156
E02000947,51.44361431001808,-0.1988731872170467
E02003085,51.334629569427705,-2.9642086469078817
E02000851,51.36719691519731,-0.19115292151603835
E02003389,51.482234364085166,-0.9535532432374089
E02004702,51.110659136269724,-0.8543265505697464
E02000184,51.538865183638904,-0.13625388743021272
E02000377,51.50376090889572,-0.2403718049678238
E02006651,51.498421406506345,-2.1469810640146103
E02003076,51.38926094290662,-2.8224996180286284
E02006396,51.40490422715028,-0.5154139788364571
E02000411,51.590093109499634,-0.0587924800512919
E02004220,51.043383878712184,-4.212696038187464
E02004422,50.81678158335431,0.30738525793055665
E02003896,50.453146294915065,-4.467560708932975
E02000563,51.55322404946059,-0.12676855455442876
E02000225,51.34702118372748,-0.014165803883403254
E02005037,51.42794682899721,0.17109276131284987
E02000782,51.55170337615669,0.0717710773687625
E02006628,50.82007386336706,-0.38099558897051905
E02005136,51.379821966736934,1.3573446271103056
E02001888,52.47435203852347,-1.7893350124381864
E02000873,51.52638308617002,-0.042029674200370695
E02006353,51.249966635664094,-0.7218252217742706
E02003557,50.929892267497294,-1.3956296646499713
E02003506,50.835321508034475,-0.1827005318672448
E02000105,51.558682842980545,-0.31228359138755657
E02000671,51.44654030796724,-0.04153069660542247
E02005130,51.32711931613113,0.8037721403940629
E02004687,51.25883176173582,-1.131665949518925
E02004178,51.13822544459755,-4.175552789991721
E02003942,50.4690445969171,-4.733616327591119
E02000492,51.52351154098473,0.21160889317410775
E02003398,51.45461287699161,-0.948121989982967
E02000904,51.5954052821651,-0.00382489088645963
E02003182,50.73833058042014,-1.8232382138075713
E02001936,52.42441971232506,-1.8979641177373472
E02003374,51.43990925531884,-1.0389361896019091
E02003524,50.85186865051765,-1.0955524708446633
E02000524,51.48925232654334,-0.46667857992436945
E02006638,51.34990758226474,-1.9973830759026678
E02004381,50.87751195143562,0.008679915978443338
E02006413,51.40792219027545,-0.4242950752284833
E02004790,50.845294098569845,-1.7794834407079336
E02006377,51.312693542847,-0.2331120291846691
E02000675,51.44109593197708,0.01841883692574831
E02003227,51.56128097305798,-1.7559403166175016
E02000465,51.604940248942654,0.23616800816033398
E02006365,51.29524602807192,-0.3202125242058554
E02000954,51.43271856985444,-0.1621568976179025
E02006384,51.244060231681345,-0.17450943800769878
E02006661,51.19738076604242,-1.8022664473756085
E02003149,50.37161234806281,-4.12254431088432
E02004778,50.784747982362575,-0.9610929475604385
E02000483,51.56218662575955,0.2185420740573304
E02001859,52.51172717572816,-1.894041479861526
E02001856,52.51697871162864,-1.8624784233858669
E02001951,52.40364586743275,-2.0156104077322565
E02004793,50.797881183730304,-1.5942271127063654
E02006615,50.96177031817734,-0.14813519224232885
E02005044,51.219419847406776,1.4008197736379526
E02004159,50.715015383392156,-3.482197776824402
E02000587,51.49784692835586,-0.19633224699070503
E02006572,50.82990372547448,-0.7561666729694179
E02003515,50.82659528465348,-0.10738427136694409
E02000701,51.40930862268072,-0.15930893940645022
E02003037,51.46303303298879,-2.613721599812188
E02006970,51.50010427272113,-0.3845068222356603
E02006601,50.93110222726971,-0.278006098756225
E02006430,51.292467778572664,-0.09835687314909586
E02000040,51.612535749909696,-0.21547173968360112
E02004835,51.06319807555885,-1.3180904371701518
E02003028,51.47733854571232,-2.608849620347765
E02004161,50.71335491932408,-3.5026784221976848
E02004218,50.50103006481074,-3.5797132263906484
E02003530,50.82888332819295,-1.0730986933924498
E02006369,51.237963890998195,-0.2808376950207939
E02003946,50.14304231895303,-5.42318849417464
W02000326,51.702373669601776,-3.0466765051113307
W02000345,51.59033189448819,-2.7564415842053887
E02000236,51.316239925725796,-0.15072499753976887
E02003324,51.38896290879266,0.47408463170581067
E02003551,50.94061178176602,-1.376257384529587
E02001899,52.46348543730133,-1.9709911311139643
E02000957,51.424344192793036,-0.16460872231967
E02000251,51.526219750435196,-0.36410166826566936
E02000183,51.54052551781532,-0.15276988364787827
E02000543,51.46600245345211,-0.3645786059966071
E02003207,50.722700232126144,-2.02078162168672
E02003580,50.887290202385145,-1.3628718633599461
E02000396,51.46926629492771,-0.1931968037424903
E02004242,50.732391163542964,-1.7437726754037761
E02000117,51.544421627695726,-0.25011651904627746
E02003521,50.81979213246669,-0.12219010417480251
E02000653,51.490106899250506,-0.038360530741287695
E02003088,51.32736681089021,-2.8115364312161772
E02006440,51.23424429590093,-0.7978349612552162
E02000813,51.49791689273991,-0.05141455690140939
E02003080,51.35851074297235,-2.9249934168393024
E02000517,51.52026976651436,-0.43505632642677644
E02000539,51.473285864203895,-0.3314143213309807
E02006107,51.01365549152934,-3.082505609059584
E02006605,51.135572369805374,-0.11982259486453925
E02000815,51.49601351595547,-0.09551942811394021
E02004217,50.511109221111646,-3.7601823126959615
E02000363,51.54603896654736,-0.04612553059480859
E02002994,51.39530654298924,-2.3206765839944015
E02006392,51.17126465789924,-0.16429838383179785
W02000338,51.81879707241962,-3.0687677197431613
E02003180,50.74564265677813,-1.8769919419692693
E02005022,51.292437638815805,1.0806926528523189
E02000106,51.55834208710151,-0.24995517720131974
E02004746,50.80178848239019,-1.1942907691769877
E02003039,51.462203643789216,-2.535915446737983
E02000631,51.46437841020506,-0.09849719048432813
E02000498,51.58051165613719,-0.43752473107631223
E02006104,51.02872731516406,-3.0646961787998377
E02004768,50.87189458380867,-1.0230027229189211
E02006941,51.50226070776972,-0.07370160932802676
E02006626,50.82535897443487,-0.42671365200411443
E02006693,51.20325686371086,-2.1978930997298174
E02006425,51.31514424124845,-0.7346747521060532
E02003538,50.802006827262964,-1.0731069463399914
E02000114,51.54742049794898,-0.2290493756432008
E02003894,50.503958459667096,-4.31556302761785
E02000071,51.47435018009951,0.15705280137428004
E02006895,52.47018203882,-1.904581574514599
E02006625,50.827188049727226,-0.3671342983136609
E02000704,51.40755985086564,-0.2291446640500888
E02007040,52.44735796601905,-1.855595820347209
E02005012,51.364520887161625,1.1159102003608166
E02006355,51.24268187900755,-0.6075125449464882
E02006840,50.46789222137303,-3.552840128414214
E02005035,51.43670425071125,0.24265969975938007
W02000104,52.51708525431417,-3.312446655367187
E02003221,51.57296807054447,-1.7785739823022295
E02000305,51.62204285408816,-0.10653521148480827
E02003012,51.509815059538624,-2.6201481684371846
E02001949,52.40608245780917,-1.9212394889503315
E02003414,51.509707130598116,-0.6263490786099337
E02000818,51.49127576731749,-0.09206034472464354
E02000861,51.35105902941036,-0.17853085706225136
E02003383,51.40221262315411,-1.249701440566338
E02000938,51.454453730547804,-0.23265049039618982
E02003937,50.55232557999212,-4.858792016028841
E02000078,51.46617386004019,0.16718125030094427
E02003513,50.83103683029987,-0.1900574442255681
E02006402,51.34900116702866,-0.4996201873081582
E02000489,51.54669685315956,0.1959717673576852
E02006555,50.79452703704711,-0.6745975889265242
E02004765,50.88379108992173,-1.0165470572873503
E02003432,51.48020836241026,-0.6192897877291396
E02006857,50.786243967362395,0.3129800335414013
E02006370,51.237227607067915,-0.3296912896855346
E02007074,50.901988155296046,-1.3968343002111911
E02006801,51.501069861605046,-0.11226619406108553
E02006399,51.37423270047154,-0.4964636952411156
E02006566,50.858576465669444,-0.7733758352936201
E02006416,51.3632958757598,-0.6409086393104684
E02000425,51.57820867515646,-0.06923703087197403
E02003317,51.409084000908706,0.5060832052284899
E02003108,51.494685455646874,-2.4629388967734585
E02006339,51.34568128603304,-0.2780096495269671
E02000650,51.42363098760412,-0.08685624937571981
E02003148,50.37300337942745,-4.13622222133698
E02003073,51.428553946790586,-2.752279665249569
E02001875,52.495173072490935,-1.9101161286203856
E02003086,51.334365429006034,-2.9758137643039597
E02006616,50.95975253457338,-0.1170037685370505
E02000773,51.56909915278345,0.082264262211081
E02002995,51.37883898833151,-2.401299555590207
E02000004,51.560456515508115,0.1772550843541314
E02006582,51.10814444444145,-0.1494317402661741
E02006682,51.34664326182256,-2.249324545550344
E02000247,51.53377101100112,-0.3695711178978703
E02004821,51.165488929185074,-1.4416471392859196
E02006079,51.05415515680855,-2.413391855434106
E02007075,50.8971620385165,-1.394844824360583
E02003058,51.41885450789319,-2.5714419460204203
E02004167,50.906344151958194,-3.4739350851729807
E02004807,51.29320157678034,-0.7689584724687407
E02004192,50.40796285778516,-3.6225775091098305
E02000389,51.48162697480513,-0.2214586746848428
E02000848,51.37084696048935,-0.21801901852366803
E02006333,51.33319703678215,-0.40697004621206156
E02006807,52.41759499850012,-1.8437165507777018
E02000496,51.60274722283067,-0.48132566454493525
E02006323,51.38622770511293,-0.41859026786641734
E02000589,51.49433076173782,-0.18943763451021525
E02006373,51.17887802240078,-0.3649256311498976
E02004154,50.727183432145324,-3.5082166137159496
E02004235,50.48597928642241,-4.141813425775932
E02004245,50.87529220057501,-1.8827066538713844
E02000709,51.39777423196423,-0.21546392834208486
E02000551,51.4395795569327,-0.38344032842685977
E02000276,51.49645020644711,-0.30920817775334
E02006453,51.11912887166467,-0.5516326665454642
E02004362,50.77925177802806,0.2955387342736406
E02000203,51.39700177650008,-0.09908270143410595
E02004706,51.04518083011598,-0.8889612775359347
E02000061,51.570938938863755,-0.1963865777972258
E02003235,51.54633246679854,-1.7710064420841265
E02003140,50.388328930836074,-4.067651238974385
E02004139,50.69838103079665,-3.2371855387783404
E02000021,51.53172852962845,0.1550695287203486
E02007009,51.45743090614884,-0.00959254247278207
E02000246,51.53539279797049,-0.3960824420961024
E02006930,51.48567486454951,0.00945971500131673
E02000608,51.39353697764397,-0.30709025413716545
E02000361,51.54747196433551,-0.0549912753094268
E02005155,51.27033016944902,0.40642965249083235
E02000678,51.43393849924578,0.009551164008133417
E02004708,51.00261561143051,-0.9386220181173449
E02004357,50.8048989868007,0.27315951298543995
E02000765,51.57960155939566,0.07150020503496075
E02000796,51.44942781161072,-0.373307565541454
E02005021,51.29523400567966,1.0576117229602386
E02001915,52.450039658218344,-1.8170167757821445
E02000610,51.3892020448443,-0.29974519784626863
E02004419,50.85901036134224,0.2649836899071866
E02004842,50.89867333936261,-1.0656052125468554
E02000534,51.48118713954485,-0.3361340293816593
E02005103,51.112858589359874,1.1586131310062244
E02000219,51.37216480457863,-0.04505662014543242
E02003505,50.83499055605273,-0.12976552365390173
E02006441,51.215681087568655,-0.7991479312899555
E02000661,51.46232602899469,0.00519525144977495
E02004270,50.916219543069,-2.5577464672303933
E02006330,51.366009243640036,-0.4031063624089691
E02000475,51.58298484705651,0.20821308000029207
E02003582,50.75329611922288,-1.310868569049204
E02000670,51.44609531461884,-0.013538771748533998
E02003903,50.354410966681804,-4.214112648402622
E02006106,51.02259310635231,-3.1379641118458608
E02005083,51.234909921124924,0.49958645352497527
E02003357,51.41181524352188,-0.7338519660234685
E02003512,50.83043674916612,-0.12742287531525007
E02000387,51.485005871534085,-0.2151106784054421
E02003200,50.742010445116506,-1.9234474983910084
E02003029,51.475798887659096,-2.5173639074625442
E02003448,51.42440893699733,-0.853542541058843
E02003205,50.73160544426579,-1.9775417318548365
E02004131,50.79218476320398,-3.1979108136300853
E02000019,51.53564764547302,0.1323422126390019
E02000412,51.593269216271175,-0.10791662115324331
E02000935,51.45486106700853,-0.24909823487840468
E02004274,50.73910600932039,-2.7521216647770963
E02000585,51.5009677717483,-0.20982307387572827
E02004747,50.80010370775639,-1.1513518803459386
E02005016,51.35679223825797,1.0364567884751503
E02000679,51.43414622172364,-0.04658353801605702
E02001941,52.41629596455188,-1.8608560315341482
E02000111,51.55156995358398,-0.30284230164730186
E02000593,51.488955585266964,-0.1907053029619208
W02000341,51.70455464807798,-2.913017860921652
E02004743,50.8117777034747,-1.1459378850258235
E02004386,50.79254635956204,0.05201335084055286
E02004417,50.872451021377934,0.2597638967962646
E02001892,52.47131877202341,-1.8237089912814308
E02000130,51.41790064608952,-0.05056605850023016
E02006998,51.50098340084206,0.06237704573748708
E02006838,51.117261288888926,-0.7986004869629855
E02005086,51.16425310522489,0.55016306776108
E02003926,50.16595687790728,-5.24487067891873
E02003316,51.42592298263783,0.5563817749622989
E02000729,51.53669885375124,0.021371447242407464
W02000315,51.79982129257878,-3.1775823136483274
E02006677,50.98619720317378,-1.7217504122790463
E02003541,50.79331271424878,-1.0865682774286047
E02000500,51.576108629546944,-0.42000109858762275
E02004759,51.26497936771865,-0.8321962109457763
E02004735,50.85037102965854,-1.2132965993817089
E02004150,50.73819883634336,-3.503136803862681
E02000974,51.51612485583531,-0.16977493739737207
E02003443,51.45012359189386,-0.9031807087396301
E02006554,50.795647491526886,-0.6203836243639452
E02006585,51.102220033076065,-0.18291604900365985
E02000756,51.60135066011663,0.0840471147311956
E02002985,51.41525522818895,-2.5049316469937066
E02003953,50.414936940123766,-4.943152243117972
E02003932,50.801904142396744,-4.50721048004967
E02006331,51.359648968597234,-0.3383780260467178
E02000283,51.660342430885336,-0.03681291521499333
E02003956,50.40091571181559,-4.843143160415543
E02007023,51.262517467048625,-2.1931458491318634
E02000894,51.48999606549006,-0.020010370605235164
E02000958,51.42399801407188,-0.14920760272673125
E02004172,50.81652973917585,-3.808300217979859
E02006924,51.57075638272731,0.058303793675281615
E02000779,51.56207805122063,0.06475614792348734
E02000523,51.499571643130466,-0.4231620754678401
E02000822,51.48764392549128,-0.0904026762540374
E02006636,51.3423077816231,-1.7685098624389415
E02000308,51.614362217996025,-0.13438512602089836
E02001876,52.48859298873989,-1.8932744525796665
E02005102,51.139192632011124,1.0963580885921271
E02000383,51.49310303847782,-0.20984523464961732
E02006684,51.32405259819652,-2.210225175562257
E02004132,50.78741803778273,-3.2861027800408715
E02003500,50.844600659874885,-0.13597864283377012
E02004838,50.99912355263539,-1.317449331133897
E02006049,51.23912954624585,-2.3034687751860834
E02004261,50.861945995201474,-2.1587198014620816
E02000408,51.595540951980006,-0.06551099880417295
E02001828,52.59048685146686,-1.833773032845214
E02006658,51.43450874678934,-1.9989363327923615
E02004141,50.68834395342198,-3.3255985472854688
E02007108,51.54564233349007,-0.07533905453737046
E02003558,50.92807185911065,-1.4372262769606043
E02000759,51.59489993309693,0.03515723813174103
E02000066,51.49371267206613,0.12915128764422168
E02001889,52.472940384420426,-1.8394314487161503
E02000474,51.5844139231219,0.16243075886716213
E02000526,51.49278857280258,-0.25074105901370863
E02000760,51.593156536947085,0.07509341018801417
E02000058,51.58254990782757,-0.19794503106119574
E02003906,50.34158196944896,-5.148965875697931
E02000082,51.45774995969052,0.08969245760094506
E02003450,51.41745335739728,-0.946282728540217
E02000837,51.45318855837289,-0.09253921436863902
E02000023,51.527971845991196,0.11078593562538333
E02001844,52.53838148588381,-1.837056565650089
E02000420,51.5854871657257,-0.0789562393819469
E02002990,51.39257014734461,-2.3528320395654814
E02004828,50.947684168011946,-1.458481753850614
E02004685,51.262849811861535,-1.0796086087940724
E02005153,51.29674214360819,0.4598961258684089
E02003050,51.437337401042676,-2.6027928776245943
E02004151,50.737787297782184,-3.4792714396255002
E02003393,51.46298637186369,-1.039051662888247
E02004421,50.821935065213026,0.24856311541436688
E02003024,51.48360924508336,-2.525010385852622
E02000590,51.49224695010999,-0.16733474058610004
E02000324,51.48293217471842,0.0365317790605603
E02000265,51.50889567621995,-0.3249439061216878
E02003525,50.84871603635572,-1.0770027370658413
W02000324,51.732589550615685,-3.06635432851754
E02003922,50.228496146440726,-5.260685334879375
E02000601,51.41635330771939,-0.29898944885098366
E02006095,50.88016066840018,-2.7930580670668936
E02004234,50.51043548159713,-4.095970594813011
E02000937,51.45504674872412,-0.16592881940267973
E02004775,50.853616645788854,-0.9745949323153422
E02000196,51.4085351100652,-0.11569586412893659
E02005112,51.01233108445298,0.9744959270979875
E02003109,51.498057647873985,-2.5014390546445857
E02003502,50.842838423653156,-0.2202464125803013
E02003178,50.752356229396945,-1.8992020282738566
E02005050,51.150419036302345,1.281862041830401
E02006800,51.56243763430451,0.10804284271882743
E02003419,51.496975469749586,-0.5400081807404548
E02000050,51.60026852024451,-0.17589299339627232
E02004392,51.0175887152616,0.4512608180989061
E02003226,51.56420007776257,-1.7808920783354758
E02004833,51.069782696582614,-1.3308109505880608
E02003931,50.82874913569415,-4.5341504028347765
E02005038,51.426792219699465,0.20672142077260217
E02001884,52.4821162982298,-1.8454766741577417
E02003375,51.43387419689389,-1.0821365689253577
E02004198,50.28463159764519,-3.776181000191627
E02000485,51.55742515564759,0.23602370065715217
E02006431,51.283419240804925,-0.07566997713744922
E02000429,51.57778962218182,-0.13101176695920158
E02003154,50.49258286574069,-3.53411009955606
E02006068,51.13268851893137,-2.983280526554317
E02004361,50.78347954279569,0.2531329428990921
E02004794,50.783479678796745,-1.7365518556374808
E02000166,51.562869352150564,-0.14674258219840738
E02000708,51.3978739121527,-0.23634978901054504
E02004705,51.078621422630384,-0.8013825705586266
E02000521,51.504414263339086,-0.4579481965621861
E02000531,51.48760351187257,-0.3104494429681573
E02000207,51.390016721243924,-0.06960672365319975
E02004196,50.34454299054341,-3.917131830172654
E02000603,51.40670831416023,-0.2763740528412207
W02000343,51.629618070170245,-2.6734860458916234
E02003096,51.546115658677124,-2.4223740499684068
E02001829,52.587939909155764,-1.8147548793210926
E02006659,51.42750067253817,-2.2405858659958633
E02006586,51.10063553859539,-0.21183315409564987
E02003077,51.37891075501341,-2.6965216470139364
E02003587,50.721836466177734,-1.1560769897615413
E02003964,50.28646449610589,-4.809216219951046
E02004750,50.789770532462576,-1.1387195646954342
E02003068,51.477973674864494,-2.6865579742701917
E02000945,51.4468668738994,-0.24198942298350198
E02001925,52.43768394747207,-1.9482843187894174
E02000192,51.52177703882547,-0.1132569622949586
E02006847,51.598479532039484,-1.8261832397640754
E02006415,51.39453583683678,-0.44474696658762547
E02000278,51.67307308071183,-0.04506059639468807
E02000248,51.52915451056994,-0.291929701695044
E02006882,51.5911091452053,-0.31309440912152114
E02000633,51.459413794396184,-0.1152105347816345
E02000516,51.519716163078144,-0.39062118097077164
E02000644,51.43602791218883,-0.11353656626472143
E02000095,51.58462078225206,-0.2811194889233792
E02000533,51.485956289886765,-0.27641225534214836
E02006080,51.01129335548363,-2.6383637180279136
E02003529,50.840500833492754,-1.0588134587247047
E02003190,50.72543158651616,-1.842569401147409
E02004255,51.038920346459975,-2.2802201428185747
E02000390,51.48035515002192,-0.2091932088185196
E02006999,51.50127998231016,0.028881320186105588
E02004177,51.20287918586623,-4.126697150070736
E02000921,51.5564295157868,0.0019362024318867023
E02000352,51.56366135139857,-0.08424322349963408
E02001903,52.46007020202402,-1.86900834779093
E02001918,52.44688320928136,-1.8870410398719686
E02003198,50.74657364094501,-1.9604144831735668
E02004267,50.63393663862721,-2.0525131521569953
E02006580,51.112244174955684,-0.21742568241855761
E02000326,51.481586255709956,0.028046098742544656
E02006611,51.00888751538794,-0.08472920879914077
W02000339,51.811107008194874,-2.721462779774099
E02000406,51.59649311867248,-0.10039093772817673
E02004254,50.77007034827338,-2.017691191512548
E02000884,51.51398873170884,-0.06662711419712974
E02006053,51.22507183512852,-2.318843741036708
E02006541,50.82525264143432,-0.324373146206715
E02000150,51.39268728311275,-0.032079920998928445
E02006050,51.23107438422447,-2.3262697738990443
E02000612,51.38602110058666,-0.24903280859384216
E02003349,51.345998951540196,0.5934253946493149
E02005028,51.45578474571376,0.22860927732969077
E02006972,51.489328403777975,-0.29382589524270325
E02003520,50.82304027474703,-0.13127066318418223
E02000592,51.492144875289426,-0.18013245731666558
E02004165,50.91285433508054,-3.4789512657548376
E02006594,51.06340976221015,-0.35376694516980645
E02003015,51.494195037105726,-2.589647862563341
E02005107,51.085268704660635,1.1522224396148721
E02006092,50.932437859266436,-2.6548736218284033
E02004818,51.20647929234691,-1.5092584982906614
E02003952,50.416144941388666,-5.046253845150573
E02000323,51.48392801111414,0.06979546648543401
E02000010,51.547297812757066,0.1497155172143826
E02000185,51.538924000193006,-0.18782618639555912
E02000035,51.62095836597561,-0.18206774566639988
E02003188,50.72516178080694,-1.8728068453178113
E02005119,51.414950180928095,0.7535290241880453
E02000645,51.43434669535778,-0.1007496968009725
E02000732,51.53377675528516,0.04213568972775727
E02000142,51.40400356638069,0.0325243385718263
E02004233,50.54574886235813,-4.145644562106049
E02000417,51.587608003099554,-0.14283774461541657
E02000329,51.4766326210886,0.08729364830257816
E02004748,50.79670167451727,-1.1309107641500777
E02006879,51.081331579136204,1.1804647252696128
E02004792,50.81853076365755,-1.3708820628008818
E02003104,51.52411349836728,-2.5524989995161733
E02000728,51.538593232662386,0.058981729087583534
E02000146,51.394453179119715,0.03483289085742566
E02000289,51.64898359667987,-0.11783833259617602
E02005139,51.3757827043509,1.302847219247819
E02000746,51.51186066866072,0.06709076923056835
E02003222,51.57180167855981,-1.8400372056064977
E02004754,51.30374068351674,-0.9064165511971681
E02000386,51.48708052945787,-0.20491694628066343
E02006657,51.44509084848318,-2.004823862244959
E02004402,50.84062861714554,0.47424892446900924
E02003208,50.71783900404574,-1.978220272866091
E02003944,50.1889699918444,-5.410201365488653
E02004732,50.85613689599867,-1.290452031142922
E02003041,51.45605053214197,-2.620433469484544
E02000046,51.60230150187641,-0.18897906375914367
E02006356,51.24055829242457,-0.569003107922657
E02000348,51.5694285449774,-0.06924560400075871
E02003928,50.10356295307123,-5.269784108652789
E02003411,51.518916573311394,-0.5745625140652824
E02000936,51.456382079255256,-0.2151367947993755
W02000327,51.69252204855037,-3.007862929137189
E02005006,51.11631580610932,0.6686693287212581
E02000112,51.55284343019749,-0.28891528573290204
E02003553,50.93718211819479,-1.3855785987861353
E02003047,51.44293792017793,-2.609820772773982
E02005034,51.444564338571574,0.19292967235598873
E02003535,50.81134505871825,-1.069473750168174
E02000706,51.405737593191894,-0.17028947771779976
E02000444,51.59713659596046,-0.3012828306679519
E02007109,51.54156979880043,-0.07583047537960018
E02003204,50.73191497088964,-1.9600376582687706
E02004385,50.79864673815423,-0.001384965919784544
E02004742,50.81922063284276,-1.1704433132123309
E02006790,51.30981338024482,-0.04401115873313158
E02006076,51.07782830158949,-2.5483059384833604
E02000941,51.45151201091506,-0.1844549182746274
E02003338,51.36603285732233,0.6177953749778083
E02004269,50.94916600220183,-2.520133886180482
E02000256,51.51609559950111,-0.31518584959427276
E02001867,52.50148664873116,-1.89735075529827
E02006551,50.80854777603391,-0.49940327129128775
E02000391,51.47692727405723,-0.19268938876729164
E02000175,51.54956282661523,-0.19168960569920565
E02000695,51.41728421412843,-0.15343916173552652
E02003379,51.408166346439366,-1.3031235641947976
E02003532,50.82079412735515,-1.078650964837213
E02000734,51.53378132361994,0.017379194493871465
E02006597,51.01924807053312,-0.4504329436148802
E02004142,50.66968399602005,-3.4348246062993857
E02004373,50.86932417714897,0.5537196725502759
E02001947,52.40656185851216,-1.8970305776661824
E02006427,51.292335658787316,-0.7236162379926533
E02000962,51.52891054214042,-0.17564369828980586
E02006565,50.98127294904893,-0.6122387519929909
E02000722,51.543904907329086,0.013141356889047348
E02000739,51.52753432648058,0.02433466796873144
E02006546,50.819417327699135,-0.4819711435286345
E02004185,51.068626080339286,-4.134255631408215
E02005048,51.19402533428187,1.2702920390939232
E02000798,51.442162887524,-0.35463041655828326
E02005082,51.238832343069596,0.5681843293414708
E02000544,51.46276487486838,-0.3509847337194886
E02003062,51.40775211761678,-2.6103758558501844
E02003523,50.807280892809935,-0.045186493959392476
E02006858,50.79320018977761,0.3272446580846482
E02005067,51.338741216438926,0.35822250856309046
E02000347,51.57028356228059,-0.08089195226026805
E02000222,51.35862938080641,-0.09124588064963045
E02000286,51.65687548215487,-0.0975703533353667
E02006054,51.20750887025362,-2.6546821578641633
E02001946,52.411003386779164,-1.9635415559690774
E02006410,51.423410594982386,-0.421782142563894
E02000741,51.525872353120526,0.034748499064315645
E02003189,50.72568795089626,-1.811939208286735
E02003404,51.43682998903868,-0.9543015516879152
E02006660,51.42856259449281,-2.1919868668619658
E02000666,51.45600937527404,-0.02687996933446128
E02000122,51.54019551590534,-0.22187293517122628
E02006390,51.18020862348009,-0.1773147347435806
E02000226,51.346879677252545,-0.06452938900240762
E02004403,51.09487072337205,0.04144780072994783
E02000899,51.618377186692136,-0.017962588545950186
E02005059,51.43129007907935,0.3703896650142796
E02000648,51.426061925540445,-0.10007768091311295
E02000687,51.42609951977487,-0.04682270991870654
E02006610,51.050025958879424,-0.18194060036902626
E02000793,51.45392113673611,-0.3601709755284254
E02001851,52.52468075255815,-1.812978490892882
E02000473,51.58554277008014,0.22511981510480158
E02004162,50.70370389475295,-3.5349146105679
E02000916,51.56921266744802,-0.02805137159150593
E02005032,51.44539733030921,0.23256872893444497
E02007113,51.507219506179446,-0.007963768977740666
E02003537,50.805434460112636,-1.0576465911713961
E02000510,51.53394501022612,-0.45488082438827365
E02003031,51.47200762036313,-2.5915097073115394
E02004209,50.550237185637215,-3.594477779364532
E02006556,50.79483715042283,-0.6442760524971628
E02000982,51.488600128366144,-0.14795082637664334
E02002986,51.40715480711627,-2.50620708488044
E02000228,51.33997232285564,-0.0845786859491971
E02006622,50.832675352525676,-0.39673699210619895
E02000030,51.64509705040766,-0.2213468920128849
E02000889,51.50868295930098,-0.06348602313113214
E02000714,51.552394824016254,0.022798790617269474
E02000426,51.57869394147882,-0.15370297361905488
E02000604,51.40189601935846,-0.2545619701386343
E02005071,51.28022302468456,0.5233627970662572
E02001928,52.435151967666485,-2.0085879607182844
E02003552,50.938874686087814,-1.4460362447530948
E02000242,51.54026650641482,-0.3114536974118999
E02003214,51.59256847735398,-1.7825396835640035
E02003053,51.43437809024882,-2.5681982849290597
E02000647,51.42866305546352,-0.11313122600505782
E02003356,51.4161385679561,-0.6994707029284045
E02000788,51.465151508028256,-0.2681323357913302
E02000285,51.659065447114514,-0.07187422254251201
E02006335,51.37345962129682,-0.2554561215293264
E02000512,51.5299280046922,-0.44468625329868616
E02004789,50.85487961849655,-1.402291177851129
E02004232,50.63037170484499,-4.216574964441052
E02006575,51.128129899429354,-0.1965813444960265
E02000107,51.556101470300966,-0.21909095691114028
E02001939,52.423967293011906,-1.953296305240373
E02003120,51.445087275561754,-2.514620480249328
E02000461,51.567032776092034,-0.33969247279503917
E02005057,51.43669599062341,0.3910674611842629
E02003101,51.53336621344049,-2.5515016078919115
E02003386,51.393863727993995,-1.3249832489276367
E02006073,51.11909039384148,-3.0061662568505194
E02006988,51.36513758101249,-0.09689030890395062
E02003396,51.45522566547484,-1.0058676381272253
E02004817,51.21249239595226,-1.4879804005041386
E02006084,50.949763095261666,-2.8140336863053537
E02005106,51.08565344852172,1.1369511242022827
E02005042,51.26873712444061,1.3333488899019033
E02007047,51.15489092354374,0.8517972617646357
E02000049,51.60230314564871,-0.24602485862017834
E02000042,51.61235506036429,-0.17772714933861428
E02000597,51.4810921679497,-0.1809113110518253
E02007078,51.206981489359336,-1.4703011794653547
E02000476,51.57919967461611,0.18161505764344857
E02006898,52.48250125453742,-1.917412857564405
E02003185,50.734667379499406,-1.8088678226368486
E02004190,50.42478606385187,-3.8340352888970033
E02004839,50.94753352968959,-1.1534097540030543
E02003367,51.49697012557996,-1.30614627766117
E02004174,50.79045900713422,-3.656354756102128
E02001841,52.54122393579703,-1.8231764616967223
E02006650,51.52750744403983,-1.9228297953138869
E02004221,51.03480690814104,-4.219767584935646
E02003102,51.52947581018608,-2.4777598477237484
E02000755,51.604569105795264,0.05286110312452403
E02000080,51.45978171213822,0.10366020920948459
E02006548,50.816502981303266,-0.5169076596035943
E02003017,51.492486458239235,-2.6131526567898002
E02004272,50.75496959109454,-2.453372253218224
E02006382,51.259774254121595,-0.1433984663214626
E02000807,51.5033975040653,-0.04386401276817875
E02003902,50.37477966532261,-4.2019871267415585
E02003905,50.340953480585874,-5.032984255811688
E02004398,50.85445261249544,0.47208515207343066
E02005079,51.25171356919243,0.5273070409076775
E02000464,51.61185990073995,0.21793889760841154
E02000102,51.56503463302457,-0.248185374940089
E02004396,50.90505044184681,0.610134543139832
E02006856,51.281392880476936,1.0722300702645355
E02000033,51.627317866384125,-0.1494863268342939
E02000823,51.48305341248665,-0.09805697078485373
E02004250,50.807079150669935,-1.8842658030350081
E02003915,50.15840886234877,-5.080177639722222
E02003447,51.42940829679567,-0.8844304323454161
E02000953,51.43591516767228,-0.18274621279572892
E02000545,51.462027424288934,-0.33067623501832843
E02000376,51.503931474009434,-0.23123812495634885
E02004259,50.921858155707596,-2.214299758921436
E02007018,51.57117317152466,0.1239787398069827
E02004379,50.961192469325034,0.002247518884745714
E02000901,51.607417433999714,0.0022654240958488473
E02000270,51.503130233580244,-0.27208080797925854
E02000072,51.472647173241654,0.1884992338079112
E02006394,51.428027690345665,-0.5718747734894497
E02007064,51.53393038244606,-2.576126195927214
E02006426,51.3067778920789,-0.7281039486090308
E02000328,51.48057617773049,0.013418411044983989
E02000846,51.37494495980779,-0.19460813485316517
E02001927,52.4352439325696,-1.9718333746440742
E02000646,51.43436280487906,-0.12967929293477884
E02003224,51.5662721554797,-1.7349728933492685
E02004188,50.95263457929334,-3.7643340034706982
E02000404,51.6008343169724,-0.09978700627214404
E02000919,51.56180078286169,-0.004214440095259448
E02000581,51.51266335621273,-0.21396897154298072
E02000922,51.55575458691813,0.011688493093831784
E02001846,52.5329791773209,-1.8527637132181758
E02000730,51.53777307879191,0.02993684144599973
E02006081,51.008991090760645,-2.883515227186582
E02003540,50.79582336949245,-1.0553305852667194
E02004692,51.24477487510086,-1.1387538583160268
E02000723,51.543002639907655,0.052439285309865656
E02006689,51.29898245765808,-2.2068017728117453
E02000342,51.443948093704016,0.08073597041098965
E02006378,51.30948067170723,-0.16653099834242682
E02005007,51.12540299849027,0.815675790800916
E02000696,51.41622350094331,-0.16759311073873656
E02000914,51.5738634583724,-0.01334402100512266
E02000214,51.38030683483971,-0.06757787114335155
E02000568,51.54610301974849,-0.11868374938516373
E02006921,51.565309015738066,-0.06024249221488875
E02003168,50.423775494153546,-3.5735540509554893
E02004781,50.92140857442755,-1.5167958392929761
E02000024,51.65417697056974,-0.20340995686682084
E02000717,51.54970415753941,0.05084193150251141
E02000967,51.52329703578528,-0.15964187699630955
E02001909,52.45592535432906,-1.8784484471342524
E02004171,50.827935036393384,-3.4334695191457136
E02006821,50.84609485636289,-1.0348907857508283
E02003147,50.372151813972614,-4.176081546118805
E02000255,51.51982932511224,-0.32537596252537965
E02003146,50.3780482044059,-4.123126921298305
E02005156,51.22133195960131,0.35243051094437017
E02003593,50.68100231887891,-1.388376225702763
E02003562,50.92226106667351,-1.3736389562276585
E02000955,51.429809502040264,-0.16342022472316198
E02005023,51.284621182999125,1.094640024484121
E02000221,51.361793735133624,-0.1116986063920388
E02006101,51.04125791772466,-3.3082094499578587
E02000262,51.50919949748026,-0.26871052652641103
E02003337,51.368784669059075,0.4958918426673086
E02001926,52.43600677072596,-1.921861143711855
E02000421,51.585464323463775,-0.06800618076439383
E02000928,51.466914907166036,-0.22255892377440595
W02000319,51.768556498156975,-3.241997969597516
E02004822,51.07689579865731,-1.5317104606690743
E02003456,51.383809829464184,-0.8983012359718318
E02001908,52.455880125296055,-1.8644043160434773
E02000267,51.506704867106194,-0.3377049633566634
E02007076,51.22835358539517,-1.466654508757432
E02000145,51.394820603978474,0.11978513591517136
E02003570,50.91154664992133,-1.3953919156083232
E02004827,50.98371825349014,-1.4029672227983365
E02004257,51.00748708185891,-2.1867266798809575
E02000068,51.4848741566001,0.17227102452356807
E02000419,51.5858277279611,-0.10391229531194898
E02003364,51.35639630614211,-0.7800645640814753
E02004841,50.89595528223796,-1.2210358620586907
E02000447,51.593937625957935,-0.35229495725250964
E02003573,50.91012364025315,-1.3362645626320144
E02000555,51.568494815226785,-0.13056670422854436
E02003087,51.3317153016855,-2.910238627965105
E02006552,50.80841586818578,-0.5413957524847441
E02000463,51.56010458108626,-0.37460487777580465
E02006412,51.41266169867919,-0.4074169145086686
W02000322,51.704012346983085,-3.1351944654083566
E02000770,51.57192125104795,0.092757432861483
E02003555,50.93275903151138,-1.4542556984372652
E02001871,52.49751329114525,-1.7881416054838324
E02000029,51.64312685642336,-0.1648479974277226
E02000640,51.44618940204663,-0.1391488967235797
E02000979,51.49639214883241,-0.13465138615258684
E02005008,51.07181673578318,0.688024254974334
E02003351,51.33660827994933,0.5420583862589967
E02000887,51.51199587150428,-0.022417964455725744
E02001924,52.437006170793936,-1.8361011856032332
E02005076,51.263421453531095,0.516692041902405
E02006417,51.35846754419905,-0.691908795910137
E02004717,50.964632530152976,-1.3707485546605247
E02000131,51.4160647451678,-0.07090298842614158
E02006669,51.07919595955945,-1.8811290353620844
E02006830,50.90166763680161,-1.0262364998514604
E02000108,51.55689772710136,-0.32477589780242555
E02007077,51.21027898517223,-1.4440442039397803
E02000535,51.48091070779782,-0.3885744191098856
E02005085,51.17521188308214,0.49024646129609767
E02006371,51.227624611282025,-0.3327894313719751
E02000374,51.509364412397645,-0.24074178095571377
E02006687,51.31103383837038,-2.2062251229788785
E02006536,50.83694750833509,-0.32452367194602155
E02000918,51.56498059248704,0.011750450484989933
E02000097,51.57565412091334,-0.2616069176933245
E02003330,51.376366711825106,0.5058420262645601
E02007083,51.48163897299767,-0.13856755538565696
E02001852,52.52558188058554,-1.8593522530150186
E02000241,51.54760248197655,-0.3636599226771618
E02001907,52.45646740290995,-1.7772468118441822
E02000103,51.56315927555293,-0.23349073311365082
E02000617,51.36128757082157,-0.30992354232981756
E02004804,51.30595682231414,-0.7830412479002213
E02004368,50.88397733401718,0.5525018131460071
E02000083,51.45188360207255,0.18317945678319475
E02003110,51.49279180137666,-2.4791516727016205
E02000466,51.60562880154274,0.1720354296571482
E02004769,50.87173888624384,-0.9881292234865929
E02004356,50.80807483788908,0.29606723285342323
E02005160,51.19522387583336,0.27759698959497986
E02000048,51.602171500074704,-0.21336011855708792
E02000008,51.552734036834444,0.13505579790174776
E02000559,51.55929339111765,-0.10159098496043173
E02006577,51.12182768337587,-0.20665133743061745
E02006579,51.11945792211496,-0.15934365386549976
E02006077,51.05524421479295,-2.738074594210106
E02006398,51.388744894340064,-0.5021299518311148
E02004801,50.72988966300832,-1.585996835066993
E02003184,50.7361835621046,-1.866185318079237
E02006461,51.31903888869306,-0.5407027614238161
E02006115,51.17666664543003,-3.329025690858338
E02000898,51.61972243627124,-0.00545854324398299
E02003961,50.346018875542924,-4.76561356603639
E02000911,51.58142803640891,-0.030966141312270868
E02000321,51.48592769026349,0.07758358753864784
E02003011,51.281305627197874,-2.4901785179726774
E02004380,50.93510729981598,-0.07698133563252409
E02000252,51.522261233890276,-0.2611037601842169
E02006098,50.860130168614994,-2.945555967575419
E02001830,52.57210864017693,-1.8277117980335111
E02003916,50.15063639935874,-5.0696736154968915
E02005171,51.13142043249956,0.2382641793889033
E02003382,51.40492526476485,-1.257821131266379
E02001913,52.45092004807611,-1.9502637091337358
E02004780,50.9249034766228,-1.5088264812773169
E02000939,51.453258657981635,-0.15744689034939854
E02004724,50.89038828808588,-1.3184451675977866
E02000478,51.5718100717385,0.22997744704754092
E02000431,51.57338620984303,-0.14073090355413959
E02006102,51.03345143258636,-3.094818999829325
E02000826,51.47702643363613,-0.08662479638415829
E02000398,51.603538998174834,-0.05878607784481507
E02000827,51.47672712816047,-0.09645073352030949
E02000676,51.43944321501686,-0.04184940587851052
E02000063,51.56502902565552,-0.21109284160021397
E02005094,51.30095896155172,0.16325716010426466
E02004408,51.04689100961804,0.17443093722964553
E02006619,50.93916428339351,-0.18149250239662687
E02000805,51.42004997557841,-0.3168306408518871
E02005055,51.44106050387141,0.34180716632486546
E02000393,51.47615197285851,-0.21220349148659728
E02004249,50.80884414049538,-1.961711521847362
E02004722,50.91702846322716,-1.2966715206195034
E02005073,51.27005119311635,0.5119964832569233
E02004387,50.792786972805274,0.04209402311251915
E02000909,51.582638101566765,-0.004281704050308726
E02000768,51.57642183174159,0.03189361410624807
E02000902,51.60511338443462,-0.010995920286033693
E02005003,51.13090201599761,0.8509003067607336
E02000245,51.53511087340793,-0.3820660835849363
E02004375,50.86130642746047,0.5630127794782507
E02000838,51.448724639761025,-0.06796094747973058
E02000128,51.42277233352558,0.06662595445091068
E02003191,50.725636157621366,-1.7926499433971355
E02000047,51.603530947740154,-0.2636678497962683
E02006351,51.25438979664296,-0.5376829804657103
E02003018,51.49129448187921,-2.6480438960601576
E02006455,51.08965845533677,-0.736150724574918
E02000235,51.32077966052076,-0.0952253657195025
W02000100,52.60059976809698,-3.7926280845673475
E02006666,51.087232128539746,-1.78151764134651
E02000239,51.552189097637594,-0.32943912458371266
E02006991,51.493248804726456,0.07179241115302325
E02003209,50.71674277818405,-2.007960343544684
E02004739,50.8276534215109,-1.2124421843552635
E02004779,50.93225871825937,-1.7943082022209822
E02000051,51.59494484612431,-0.1984425329615238
E02005019,51.30935216850375,1.162343230061733
E02005070,51.282420438178775,0.49631894706873025
E02000507,51.54528866456876,-0.4429866210050572
E02000716,51.55106421261385,0.04414572237654559
E02000852,51.36642071434152,-0.1807635028625806
E02003038,51.462838507539104,-2.52049326778839
E02003595,50.64393491919925,-1.1806924756310586
E02003913,50.20689049192008,-5.116073772179066
E02006897,52.475178925319085,-1.919042445806178
E02003381,51.400674073342884,-1.0598205031381422
E02006845,51.357529129514134,-2.9052392556344415
E02000660,51.46687435384162,-0.027770910528403633
E02003128,50.40959524377287,-4.148249012011752
E02006598,50.966423160177094,-0.2991551580650378
E02000332,51.474597242991415,0.06846397565596239
E02000737,51.52871722451971,0.05721624394161044
E02000752,51.61111762957549,0.11537534477693842
E02006438,51.167827277396924,-0.10811366114457366
E02000547,51.45518601182374,-0.41910172901762577
E02000705,51.40554607836218,-0.1389276938094431
E02005091,51.38666727943082,0.2340820642396706
E02000698,51.413476033716776,-0.23455703382097398
E02006336,51.36430256961054,-0.2734209542772572
E02000948,51.441878373253694,-0.1467693599378639
E02000719,51.548906879434455,0.012331751799279873
E02000244,51.53650079889321,-0.3274258045765912
E02003007,51.30769433045643,-2.5046875121971737
E02004834,51.06275060413934,-1.3016441299412789
E02006676,51.05890454795781,-2.0820396358836715
E02000423,51.58181096918185,-0.09645495714828499
E02000781,51.55411209074735,0.0973866955039989
E02006637,51.35111665574227,-1.9808459330831985
E02000625,51.47166317623208,-0.1314607463277908
E02000134,51.41137548080638,0.015759781995955586
E02006090,50.94385368110131,-2.650884035706142
E02006561,51.06282654933525,-0.723177457620849
E02003395,51.4574464910168,-0.9935432415295425
E02004194,50.39483946283103,-3.737390174965119
E02000620,51.488463568568775,-0.11435051686095231
E02001868,52.49753665529073,-1.8095291730363414
E02003126,50.413697511849264,-4.101484105432404
E02004678,51.33155358316586,-1.2332095273962955
E02000651,51.417757193152575,-0.12804770026770776
E02000045,51.60509858691506,-0.14867198537488388
E02006450,51.151243032058694,-0.6462157501323956
E02000638,51.449551952029225,-0.12465465583862045
E02005052,51.13192695686654,1.3100252274044955
E02006809,52.52429182056096,-1.932628262752422
E02000963,51.529313453356046,-0.20853281645569147
E02004397,50.91483447462525,0.48614668302567465
E02006640,51.344929013965235,-1.6332572381066512
E02006535,50.84120772343303,-0.2683575284149127
E02005027,51.235610670488605,1.1424329289572552
E02000073,51.47225081067428,0.12582035690266313
E02000874,51.52436661637649,-0.0529464847663052
E02006781,49.91599802606222,-6.311076254054964
E02006836,51.34619657857886,-0.20420280237744243
E02000629,51.46693475968498,-0.13386457558881595
E02000525,51.488186029311436,-0.4301440678703189
E02006890,51.46833658874987,-2.560343286953311
E02000350,51.56416642585343,-0.06800529241530862
E02003376,51.41179291867535,-1.5175643221427602
E02001934,52.426985284641376,-1.8396655846387586
E02004771,50.864021737393294,-0.9901590067600352
E02006116,51.15012905436382,-3.2927329239015637
E02006976,50.80170655794755,-1.0807724604639668
E02003544,50.78975600363871,-1.0594844368002385
E02006931,51.47454896105742,-0.01387532992902557
E02003057,51.42329171617866,-2.6179257700202285
E02003560,50.92477169415127,-1.4633022145620522
E02000180,51.54421606761975,-0.13050714579289344
E02005081,51.24618145055322,0.44709804110729207
E02000626,51.46976911803642,-0.10438897462884182
E02000933,51.46153583493048,-0.22953777171404754
E02006352,51.25314025103673,-0.5965128470292204
E02004393,50.983381234650636,0.6523402536955201
E02003497,50.84769989612096,-0.1756961190670126
E02000018,51.53792391931886,0.11475064390487938
E02006464,51.312898159027384,-0.6022411096003961
E02003370,51.47652606346411,-1.0498474378918572
E02004679,51.32276653027327,-1.0569182567435587
E02000663,51.46316562425943,-0.02090099211188954
E02000369,51.53635170682166,-0.07956969573226182
E02004823,50.99460281745415,-1.4786020927730061
E02003131,50.39971933338401,-4.101432298750902
E02003211,50.71428452897242,-1.9153494553828145
E02000598,51.426163894691264,-0.29934233909286906
E02006418,51.34879352830455,-0.6726539573433905
E02003586,50.72296480711442,-1.1740914967118272
E02003556,50.93064588935585,-1.365316265622526
E02003590,50.695258691715615,-1.0987337240948105
E02004240,50.73960342407043,-1.753833965427676
E02000578,51.5230012570515,-0.2210565771200965
E02003424,51.525282240592425,-0.7087691886038873
E02000573,51.53419812980892,-0.10144013295288196
E02001831,52.564845806347606,-1.794264258384134
E02003196,50.75978623987413,-1.9989769998984996
E02003111,51.487798873775304,-2.5061191691217464
E02004389,50.7809078984692,0.09954913517103935
E02006639,51.344081309625906,-2.039278968683759
E02003597,50.61506409351139,-1.28350572304044
E02000596,51.485706599332,-0.18383539259817555
E02005066,51.38556595609507,0.35733755766966707
E02005020,51.30432567363811,1.1231443888576313
E02004283,50.62380543550898,-2.472380365629849
E02005046,51.22721259415201,1.2030001192017725
E02000825,51.47820521885398,-0.07833570448178606
E02000173,51.54995584086804,-0.17361939480529728
E02004241,50.73719297383953,-1.785304364187284
E02005127,51.328780539592245,0.7350678295518617
E02000721,51.5444303128788,0.027385051414250548
E02005109,51.07675776559192,1.0890177122508837
E02003458,51.37713487862863,-0.8026081783623686
E02003117,51.457137412396285,-2.5079631901076036
E02003898,50.4101385269055,-4.3175096617063895
E02004698,51.15622893509286,-0.9699344981173844
E02000959,51.422579591251754,-0.14218005727338545
E02003390,51.47871660330329,-0.9871621282968551
W02000102,52.58536895617813,-3.379975733687526
E02000118,51.54429624859661,-0.2901152462908496
E02003016,51.49561813641539,-2.574117333836812
E02000611,51.38826946357155,-0.279419578516667
E02000562,51.55525819199465,-0.09572484470416094
E02003594,50.65974213159383,-1.1547191116677686
E02003503,50.841863662235916,-0.19889992783771487
E02000055,51.58807985350963,-0.22276057258736284
E02003940,50.50763829182026,-4.7242878610549575
E02000070,51.480150907226545,0.13605036646580876
E02000156,51.376133279577246,-0.013934775022533834
E02004265,50.695089548921445,-2.1127525512645113
E02007038,52.51532527275471,-1.8224017855800376
E02006110,50.98166732936709,-3.2291044041693904
E02000062,51.56812048536992,-0.22027141670599013
E02004173,50.813757159762226,-3.684411970028333
W02000333,51.6456498549677,-3.052448687156746
E02006678,51.37933726441797,-2.1291993511130256
E02006839,51.12822707827726,-0.7545273540040616
E02005000,51.142304480064354,0.8754140379767293
E02003054,51.43329988821,-2.553372940103097
E02004137,50.7138620829169,-3.1670194521055532
E02000195,51.415625700246494,-0.10394332827088704
E02006783,51.42811490533267,0.011188743376781706
E02006570,50.83622480999576,-0.7695707014862134
E02003910,50.26090467271681,-5.057425493006292
E02006391,51.17741688083901,-0.15206454651599582
E02000126,51.53274801085288,-0.19710447710435636
E02000294,51.63906701037328,-0.04603726309438756
E02006592,51.06957016030327,-0.4160378144111265
E02001881,52.48492851720643,-1.8267122963862286
E02004998,51.16346904438946,0.8896002283471408
E02000871,51.52538177465142,-0.014820514699179384
E02000104,51.56264694992789,-0.2920005651517151
E02000012,51.54404316841575,0.10004632697196167
E02006087,50.95153369833147,-2.658386306503497
E02000086,51.44557227135746,0.09495732059407402
E02000875,51.52133819023058,-0.020642608086134787
E02004378,50.8541991251012,0.5601848130701222
E02000832,51.46500397697048,-0.05923920272578703
E02001955,52.39375663606146,-1.9938164853271023
E02003933,50.642057036810435,-4.72483668041619
E02003186,50.73263711256085,-1.8511551018572985
E02003006,51.3171516367713,-2.4243508826231834
E02004152,50.73065282878509,-3.5240291912554533
E02006942,51.499467141684185,-0.0792471902917416
E02006604,51.1310697291186,-0.012861969531087602
E02000614,51.379242623952,-0.2833550745340005
E02003377,51.40708660074599,-1.1986728841533965
E02000518,51.517599601469506,-0.4628549988203765
E02006663,51.167599618799926,-1.7674563730249133
E02003911,50.2311880358952,-5.087422911475683
E02004700,51.11914332786666,-0.8597917404533777
E02005159,51.21136252765764,0.29312287875540616
E02004262,50.82806226986844,-2.280453900683016
E02000882,51.51716307212727,-0.03880829977210561
E02006380,51.29094115159111,-0.2363797507920787
W02000318,51.77514544901978,-3.1625782418482205
E02000253,51.522814023790126,-0.33702395795031076
E02003052,51.436339426843546,-2.614043253908218
E02003426,51.52313900148305,-0.7479761109984971
E02006940,51.451157057424865,-0.9735561829848933
E02006798,51.47799885637195,-0.030225072533869808
E02006599,50.94450018437166,-0.4604015925391352
E02000637,51.45243595265733,-0.11769497155255312
E02000856,51.35923871314371,-0.14694113273190273
E02000368,51.53652607275905,-0.06760179976373634
E02002987,51.40695934964008,-2.488003411394454
E02005121,51.362765807318304,0.737693245254577
E02003919,50.239836938783625,-5.229289028177691
E02001937,52.42365872670959,-1.8720673936138692
E02006885,50.71695549486071,-1.8935270744950001
E02000016,51.53997229169332,0.07606096643716333
E02003492,50.860486865044365,-0.10247151403064482
E02004727,50.88121418185482,-1.2691269158149427
E02000334,51.46839431307024,0.038531760006926936
E02006971,51.49978534169653,-0.3922540649019597
E02000187,51.53249660104523,-0.1325966469471856
E02000357,51.55320251949079,-0.03491051798648994
E02003094,51.550602437472506,-2.61861429537879
E02004740,50.82089764157236,-1.2236419212744005
E02004388,50.79164463732459,0.011814867580770706
E02000199,51.40319106492231,-0.09234961286753796
E02000569,51.543084710832794,-0.09812117794613945
E02004730,50.86050970671402,-1.1932327464565142
E02000422,51.58326077630241,-0.08640694006232827
E02000652,51.415374057476285,-0.13800795940401386
E02000890,51.505027557509116,-0.059067693016551036
E02000540,51.4715557091977,-0.3504896609154814
E02006673,51.0619600250637,-1.8081157789078441
E02003360,51.399882624963766,-0.775283781253022
E02004682,51.279574557429164,-1.0603773492817634
E02006093,50.927576967865726,-2.9199857755328122
E02000821,51.48736137823551,-0.08184059285608426
E02005061,51.42654977667549,0.3863838212072693
E02003097,51.53683034698784,-2.393547693137181
E02005118,51.417438135052315,0.792258626077681
E02001896,52.46778862537113,-1.8527816792074767
E02001943,52.41570538550082,-1.8828240687493198
E02000749,51.51300734342348,0.027847889714927333
W02000332,51.6469394342619,-3.0316490942825554
E02000277,51.67692225316714,-0.03567977350023425
E02003326,51.38257825951085,0.5589225574143152
E02004814,51.22436698178729,-1.4920452514020206
E02003232,51.5512023947002,-1.7929411909971675
E02000658,51.47218271222996,-0.04728349486351924
E02006367,51.28419383871263,-0.3796561890351364
E02006681,51.349044042138274,-2.2808613845695866
E02003175,50.75668008936636,-1.8549578428127078
E02004164,50.96977216768316,-3.494482700937625
E02006633,50.811953024034985,-0.42147940977873805
E02003380,51.405045413342314,-1.2736756604453339
E02006075,51.109479849568324,-2.4504466284702207
E02000530,51.487441029378886,-0.3951590379878417
E02000630,51.46545253109598,-0.14517940085621084
E02000847,51.37504085287599,-0.2305335976972981
E02000735,51.531236523073275,0.03181401669150349
E02004716,50.96847521551798,-1.3227104135203427
E02006973,51.488926373110445,-0.3010155689478251
E02000022,51.53186914458719,0.08036540683150303
E02007006,50.71428283108683,-2.442877888158174
E02004756,51.284783413010025,-0.9592010210311211
E02001836,52.548735052775534,-1.8536150501473385
E02006345,51.29056857526927,-0.6587744667205137
E02006617,50.95918114310285,-0.13536560199790823
E02000295,51.63925150846307,-0.11873535318814886
E02003959,50.35183009544371,-4.717893316419182
E02000850,51.367606938663606,-0.13213695898947247
E02000059,51.57954927339468,-0.24127032746155394
E02006953,51.59538766064316,-0.24229733441861304
E02000929,51.46574645217767,-0.17636700520440882
E02000327,51.4799283878371,0.06313655090864011
E02006056,51.17689497712724,-2.472748401945705
E02007067,51.5103232782306,-2.5297328782979216
E02000797,51.446536365364345,-0.33359475329039784
E02006950,51.46372385836065,-2.586184770467428
E02005165,51.146855953901344,0.3300509458918131
E02003519,50.82446912471787,-0.1558138067479609
E02000731,51.53442366718406,0.050603983377131026
E02003049,51.43897857018741,-2.5432674529549635
E02007027,50.75166513948569,-3.4565266329099287
E02004404,51.090127460456074,0.20749677568148545
E02006395,51.427849030774375,-0.5277624325226126
E02006887,51.45484766757045,-2.5826498087692342
E02000970,51.51866377082292,-0.15119378179158177
E02000810,51.497613191139216,-0.06996815098879187
E02004689,51.250385089860075,-1.1754031178353235
E02003575,50.90191620800092,-1.3350036738939843
E02000548,51.451083357362066,-0.434701351907439
E02000201,51.39912815682296,-0.06997948804704367
E02004212,50.53409416145199,-3.623010622658066
E02006057,51.14993848390118,-2.71365218942881
E02000468,51.60255569244388,0.1587562904204725
E02004720,50.92958977860468,-1.3410444606793746
E02000211,51.38483234439587,-0.04535223581700803
E02003201,50.73674550324228,-1.9428202623767707
E02000232,51.32578677666785,-0.06794823264583681
E02004409,51.03173522860955,0.052442518622076106
E02004766,50.873821345368775,-1.0351938230120774
E02006059,51.13156590069306,-2.615863558110525
E02006667,51.084672170969405,-1.828852801193028
E02000613,51.380777454784365,-0.29775387841850526
E02003069,51.44350072384058,-2.849383388567818
E02004738,50.84330546187302,-1.1260836074511746
E02000599,51.421176663906984,-0.26329532415525503
E02000313,51.50432191759475,0.1155805394547435
E02004263,50.75681057290934,-2.0851654180222483
E02000149,51.39045250925796,0.10245342190099338
E02000092,51.42030556269866,0.12714487063996302
E02003569,50.91240165363569,-1.4251062236041931
E02000039,51.615709286018976,-0.24428481056758317
E02000470,51.59467567847809,0.233655659923687
E02000311,51.612677935654624,-0.0984077150826472
E02003588,50.70216763317731,-1.283346662405962
E02006094,50.91843480109886,-2.666537003790664
E02003115,51.47328877159154,-2.507036254548273
E02000287,51.651331686014146,-0.15048752210518607
E02003138,50.389008253602775,-4.140148553863142
E02006332,51.35832642249392,-0.4502042315175749
E02000839,51.43036118186284,-0.08109296710093715
E02004268,50.60982413557046,-1.9663222449486295
E02003405,51.43133030193367,-0.9660739458595349
E02003373,51.44623023130185,-1.268320601022899
E02006607,51.125684169614075,-0.02269032525659701
E02004231,50.686668591191406,-3.8751508375824177
E02000353,51.56073260766417,-0.07542106197739293
E02006389,51.21836247312779,-0.19507722940252273
E02004709,50.937726920975884,-0.9983645637784963
E02003335,51.37283638863564,0.5319535980509886
E02000314,51.50095086747478,0.09487559384467854
E02000491,51.52756040576747,0.18078545682979183
E02000615,51.37005867614145,-0.30149491388558053
E02005051,51.137605506534165,1.2969229250988403
E02004681,51.28407454243537,-1.0854836474082277
E02003132,50.39648790615847,-4.152557682227153
E02003048,51.44089164736683,-2.578641929909916
E02006562,51.06228109083662,-0.5328731899314779
E02003394,51.461246237454226,-1.0189498757699065
E02000003,51.57214875621849,0.1394527176447063
E02003929,50.09530563089277,-5.3213466262880855
E02003195,50.76607186201965,-1.9340450152585
W02000109,52.24206823040598,-3.3777218590937723
E02000639,51.447369081354466,-0.12977536675399365
E02000502,51.56629319405439,-0.4238675858889192
E02000791,51.45694969870083,-0.30011121533656465
E02000148,51.392189890086875,0.05828035742776417
E02003392,51.46682427154399,-0.9618933050568278
E02003092,51.60474509766817,-2.412696906415022
W02000340,51.782848645923046,-2.8590693168546197
E02005114,50.951711988281744,0.9128847619419387
E02003060,51.41536817270378,-2.548936926134088
E02001893,52.47091911342273,-1.80918736250193
E02000519,51.51553440744847,-0.4104927313335437
E02001923,52.440654137305806,-1.852970023519427
E02000886,51.51217147752646,-0.03237569715273182
E02004813,51.23765889829572,-0.745996640067722
E02003423,51.53477057808331,-0.7327932045811694
E02000976,51.51392691759758,-0.18774010506163955
E02005025,51.27318897893865,1.0884940371751786
E02000960,51.53439935168398,-0.16905935941402
E02006318,51.39984663763818,-0.3522200950093832
E02006899,52.48255588113972,-1.9049782600674123
E02004734,50.85141385644625,-1.175060243978014
E02000163,51.354319644191,0.09974228460901098
E02003963,50.338937969714486,-4.779151887112267
E02006888,51.463573183434306,-2.5666476893812096
E02006325,51.37902171204382,-0.34214443311253406
E02000537,51.47716440782444,-0.3563320600219117
E02003510,50.8315453269889,-0.15789017269014435
E02003157,50.47630370031814,-3.537975508781322
E02006429,51.306895617266555,-0.07352506796178862
E02000910,51.58193834818567,-0.01836911982922863
E02004697,51.174960762181605,-0.9131752685832104
E02005117,51.426098197492266,0.8013765361865275
E02000339,51.45614358087925,0.055983685122850825
E02003440,51.47763275395929,-0.8681430837927425
E02006361,51.212211857014566,-0.45958753741713315
E02000824,51.48067160399384,-0.06656833596294483
E02000263,51.51089291168562,-0.38452371859615925
E02003340,51.36150039078757,0.5310737148903601
E02000250,51.52591254091971,-0.3091976277740917
E02000579,51.51782803526815,-0.21834389749154579
E02004208,50.55645474975034,-3.5017295216635373
E02006641,51.30639505611533,-1.9697428510306587
E02006621,50.84568739542953,-0.4038653762866504
E02000926,51.47138671118568,-0.17468149278317424
E02003219,51.60867942191795,-1.7956954684195419
E02003912,50.264369662299885,-4.954860228428391
E02003581,50.75701389606773,-1.2974611229054995
E02004168,50.9025896037539,-3.492439762261472
E02003347,51.349966724675745,0.5333639297823364
E02000026,51.6496398399361,-0.15818090687166206
E02000772,51.57061722773163,0.11186224006455281
E02006789,51.312483283214426,0.039994059791793074
E02000064,51.56211916402718,-0.20072985442988606
E02000418,51.58652073475441,-0.12851261567360397
E02000443,51.5992840410393,-0.3388284515040062
E02003023,51.48555349540482,-2.5428566225926557
E02003021,51.48751731962324,-2.582158321196728
E02004160,50.71403711133713,-3.5530387791225944
E02004169,50.89352418119491,-3.3741020881662003
E02003169,50.40740736346949,-3.565712345788579
E02003345,51.349392503584625,0.6034195896011855
E02004760,51.255260914239024,-0.844417309171851
E02003171,50.38612538116657,-3.520424369873158
E02000880,51.517103978641515,-0.054744726773235844
E02004394,50.9633878424179,0.45618761314681217
E02005120,51.40430013668173,0.8626265471722208
E02006544,50.83719640605881,-0.6486804897453544
E02006062,51.25206457311584,-2.9829075645893237
E02003229,51.5569378648098,-1.8419591145990217
E02000382,51.49398922047579,-0.2401166118479445
E02001832,52.55764080890199,-1.8060291216287645
E02000359,51.55245990817655,-0.04089774366054332
E02003334,51.37360466467503,0.5188571476951476
E02003122,50.4298391684931,-4.113373596371493
E02005099,51.268562320877564,0.08079980418474512
E02000091,51.42697803277013,0.11062735020068476
E02005150,51.3294602010432,0.43961866855560006
E02002997,51.37867607483977,-2.38288803365286
E02000964,51.5276366212135,-0.2007310170401216
E02000243,51.53806148239466,-0.34709960518069577
E02006558,50.78420103301981,-0.6793164990383639
E02006690,51.26299239992691,-2.1769033648217864
E02001839,52.54469616522786,-1.8978276415146864
E02001948,52.406799714088706,-1.8771185157519816
E02000144,51.39936323547203,0.013753101716835806
E02000435,51.61335442353399,-0.32305384952789556
E02003187,50.72883988051386,-1.8275671694997189
E02003358,51.40690636997919,-0.7529937916408449
E02000161,51.36386345126595,0.09172611881046128
E02004163,50.6931984693863,-3.4793559085739023
E02000744,51.519117723854194,0.023086418804677673
E02004733,50.85256999917608,-1.2536154437939944
E02006787,51.40013882988531,-0.04037905918870586
E02000094,51.58809586859301,-0.25888473677698814
E02003957,50.38787863749377,-4.764294977645943
E02006831,50.89662816288537,-1.0133522183472587
E02004399,50.84856464791276,0.4934188787792357
E02004840,50.95240771137837,-1.2113754235312746
E02003920,50.23118072540808,-5.224014938458758
E02002996,51.378735293309624,-2.349793262454378
E02003078,51.37047992186345,-2.842229483515444
E02006444,51.201973786660886,-0.8031591640502833
E02000356,51.55589530574205,-0.08540827292344536
E02004391,50.77228086040515,0.10427018315306665
E02001957,52.39229731386128,-1.9690562339425863
E02003212,51.63355567385654,-1.711759043273891
E02003014,51.50019001325639,-2.660451939862614
E02006112,50.99728316459119,-3.085405032116901
E02006434,51.240867197324356,0.008544855870537191
E02000686,51.426829508175906,-0.026451746504200527
E02000403,51.60236611216984,-0.10967877565746777
E02001922,52.44235003090053,-1.9319274053002342
E02003457,51.38279654923292,-0.8541065643119286
E02000395,51.47077180745197,-0.20837629341215386
E02001842,52.540697494574644,-1.9219155126717795
E02000346,51.57145267288295,-0.09147318908620554
E02003509,50.83326472628792,-0.1717527179629118
E02003333,51.37339557478672,0.5421663017375957
E02000897,51.620140826261796,0.008439364605341554
E02003454,51.407847003372986,-0.851084993103739
E02000522,51.503986839244284,-0.47195316499217077
E02006538,50.83258291627355,-0.2734766726931333
E02000218,51.369356276410294,-0.02923204632988234
E02006602,50.926383952330205,-0.41910355952466344
E02000783,51.54684099192771,0.07757063358282662
E02000799,51.439410518432105,-0.3378801311767325
E02002988,51.399111453111495,-2.3465395582522715
E02000662,51.46325927200833,-0.041951830712683824
E02004148,50.62036987868679,-3.3940053302420865
E02003010,51.284974813851825,-2.4657234418690184
E02003113,51.474034802654685,-2.391280883923937
E02006069,51.13153696943703,-3.0039127995840853
E02003397,51.45470781148272,-1.0322068304971619
E02000930,51.46521515080474,-0.1658064883563034
E02002989,51.398091858177295,-2.392110076864593
E02006949,51.4677750412116,-2.5788059943736603
E02000025,51.65194814940338,-0.18085196651405092
E02006379,51.30273221241665,-0.23321557881851024
E02003142,50.38477153222524,-4.108106503970504
W02000105,52.507309542411434,-3.331773069642994
E02003093,51.5894094329858,-2.5411336133227005
E02004696,51.241613406283165,-1.2601419222019183
E02006880,51.079171494296745,1.1681047302679102
E02006680,51.370040736697234,-2.1344600247964673
E02000944,51.44784617556861,-0.21582401671681034
E02003353,51.4246585122222,-0.7796052178872253
E02004776,50.79767233945557,-0.986664298191366
E02000366,51.54062779424305,-0.04455932657552533
E02000231,51.33239349288805,-0.13334817389358186
E02000968,51.52388028864499,-0.17024240112658526
E02004238,50.74509720498517,-1.6983856728861542
E02004228,50.802234186073754,-4.24125877368628
E02004812,51.24049489314738,-0.7571895630634913
E02006067,51.147286420766186,-3.086375311687618
E02003318,51.40121763115744,0.4820125867068546
E02001882,52.48251535787611,-1.8074244038436935
E02004166,50.91266768095038,-3.27824430490381
E02004718,50.9660847056288,-1.3560402456061287
E02004741,50.82834893821359,-1.1770685140985506
E02005069,51.28378712028377,0.5338924275506897
E02006320,51.39141707646284,-0.406481821672507
E02003412,51.51666171182858,-0.6428664630331391
E02006374,51.17156377034654,-0.271855870952499
E02001933,52.42862039750058,-1.9107502147981843
E02003385,51.39702414801026,-1.3139817105657186
E02000536,51.478862822585796,-0.37386228906169544
E02004767,50.8727692872509,-1.0004908984933452
E02003065,51.48694110958236,-2.7687022719661893
E02004723,50.908880332605776,-1.3032750795514971
E02006837,51.346384404479046,-0.2438080573517575
E02003943,50.20832493504858,-5.488862266061353
E02006433,51.257361652458,-0.0029779083638383176
E02006648,51.55878497059535,-2.15729664740238
E02000571,51.53787669754326,-0.09403103262277386
E02003568,50.91663165924634,-1.4157148686305636
E02003437,51.413149978928274,-0.6797019097597118
E02004215,50.52723412165386,-3.6119652465317915
E02003129,50.40638676281483,-4.129194680205008
E02003019,51.49042134171962,-2.6814446347896816
E02005063,51.42205251981659,0.3600510625650899
E02003116,51.46565406694817,-2.494442428237573
E02003565,50.91993268097027,-1.3990924643367306
E02000710,51.39705308793689,-0.173343340589003
E02004278,50.708105588964834,-2.4311348643101782
E02003089,51.322292602341925,-2.9631807528870966
E02000558,51.56243687260048,-0.11187644793542009
E02004712,50.99656436504298,-1.3813783262065442
E02003427,51.51560374801278,-0.7383928825543452
E02000980,51.492369281948264,-0.13180092775354948
E02006632,50.8122776638101,-0.3993816894060605
E02000786,51.469030484576095,-0.2539458589006616
E02003223,51.56629423371772,-1.8007880110022068
E02000692,51.42119040648252,-0.21411643160605698
E02003323,51.38894787340481,0.5674279060449336
E02000013,51.54248741516324,0.12148813174854706
E02004264,50.738319078358316,-2.0315945889730354
E02000668,51.44982408791866,0.010600596949128717
E02000655,51.47900967114107,-0.04736306178761676
E02004749,50.79021204688635,-1.1568831619315405
E02006083,50.974315870846205,-2.7662219005236133
E02006397,51.401302513925884,-0.5668488418325827
E02000089,51.43731591741186,0.08621083037867697
E02000121,51.54124941109003,-0.29778741061467573
E02000044,51.60923032389039,-0.25439805521661757
E02000433,51.61929811766366,-0.3103264642790882
E02004266,50.68142902859422,-2.2332040605808183
E02006350,51.25697191171058,-0.5759388519346887
E02007046,51.159948197028555,0.8755197624970026
E02001901,52.46032103545122,-1.9539920181116344
E02000337,51.45917864691517,0.04203411357920635
E02003549,50.9430482610455,-1.401108194490136
E02004214,50.52998809724803,-3.603114799809387
E02000304,51.6238891540872,-0.12267085232088573
E02001843,52.5400452520041,-1.8876544950450158
E02000727,51.53941442717488,0.03695409555611857
E02003137,50.391995376562086,-4.1288220230521615
E02006360,51.21182591286751,-0.5830076787596558
E02000178,51.546694634502266,-0.19998500023012544
E02001916,52.44784554810005,-1.8379466825350246
E02003584,50.72885879047063,-1.1587318756514815
E02006796,51.55827524841887,-0.3933982490043182
E02004227,50.82119863348026,-4.360079532977287
E02000307,51.619653576469396,-0.08005953719855678
E02007066,51.49965518630955,-2.5499949066992778
E02003439,51.50142084171002,-0.8610541988808675
E02004401,50.84545445917144,0.4557074012656793
E02004805,51.294309254993266,-0.7485450912604895
E02004764,50.89248572816308,-1.0358639836058994
E02003228,51.56078354220948,-1.7703877651254505
E02000434,51.610914245185526,-0.29350225864981405
E02006363,51.311922567847496,-0.3124604204442182
E02000853,51.36663793628878,-0.20474497656371263
E02006642,51.294093769721876,-1.8128922563632899
E02004205,50.58984797041092,-3.4645935193439765
E02004366,50.76587798527032,0.28193214089578156
E02003592,50.68387960553315,-1.526295128094082
E02004683,51.273611676143325,-1.0898568599696037
E02006117,51.0952219815266,-3.5413276047367255
E02000575,51.52603628281986,-0.10385400597735461
E02000622,51.479555488160635,-0.11195449146283472
E02006569,50.8428204258289,-0.8992676921544398
E02000170,51.553491121373305,-0.19983485877235016
E02000101,51.56538304705703,-0.2695175425393714
E02006786,51.480734752062354,0.10129065021068424
E02000806,51.417463628850186,-0.3708673380541913
E02003167,50.43498070267722,-3.5669243144507954
E02000917,51.56637235600282,-0.008081056868974175
E02000378,51.50181879080003,-0.22037852535014804
E02006788,51.39188738445801,-0.061001340499164156
E02006108,51.010063846788924,-3.105029181903997
E02006635,51.42010213965387,-1.728173230393214
E02000506,51.5530716692785,-0.45932104348924735
E02003139,50.39030389303097,-4.03033833422726
E02000488,51.54713205727942,0.21226948985815466
E02000341,51.446561602271785,0.035523649307290114
E02004216,50.52398213152293,-3.5839193301938104
E02004244,50.87474491613674,-1.866454127372716
E02003554,50.93589367710883,-1.4191198323291645
E02005142,51.35577643463788,1.407386374089602
E02005098,51.27016926135857,0.19215781042862212
E02003098,51.535755077307805,-2.5442901855756452
E02000027,51.64526586841367,-0.20461211741400698
E02003892,50.515684614156335,-4.228622912943386
E02005124,51.33970424703257,0.743867800888758
E02000855,51.359688144860556,-0.21672006014782094
E02006603,50.88615430945113,-0.3183730867471453
E02004721,50.929377668266135,-1.2961029080615631
E02006408,51.42424171886615,-0.43912130609579253
E02006460,51.31987954983711,-0.5920229197679034
E02004189,50.43361402424432,-4.095956870932409
E02000284,51.65973964869439,-0.08641187866602547
E02003145,50.38060249989089,-4.160446914219315
E02003436,51.45758337420848,-0.576327667619753
E02000565,51.55022192651141,-0.08385588127963307
E02003194,50.783438128707125,-1.9687960239054594
E02000437,51.60644041645742,-0.3388957116724629
E02003921,50.227984999023626,-5.189871886861828
E02005060,51.42937121858209,0.33892007940916646
E02000667,51.453236320475376,-0.03533457965394337
E02003949,50.12025077529116,-5.538087771208223
E02003897,50.41193382676638,-4.239560140544889
E02000829,51.47376320175041,-0.05746988016104226
W02000334,51.63817263781512,-3.045114288729901
E02003112,51.48786110859653,-2.490649725954018
E02005145,51.33870405221933,1.3143364967866698
E02003425,51.525509545594026,-0.7231167495190681
E02000867,51.53080706946399,-0.023727985263473108
E02000934,51.460514401267126,-0.179124052367334
E02004282,50.6362192060811,-2.439702655702335
E02001883,52.481697524141936,-1.7707520487870008
E02006683,51.33637203674405,-2.1926582566588175
E02000127,51.42931260218459,0.04619377442349036
E02006354,51.24674557861415,-0.5461661738653703
E02000067,51.489044032721544,0.14707659996113903
E02000923,51.47719313685914,-0.1646232202747601
E02003315,51.44025597945488,0.4997110083317886
E02000400,51.60446407698873,-0.12629532509420277
E02000641,51.44550319969824,-0.11391848045234458
E02000125,51.533732044487905,-0.2284284885566902
E02005005,51.11316288404801,0.9113323647599949
E02000920,51.56147108635348,-0.013964770273996046
E02003040,51.45917793659206,-2.5542860165420698
E02003203,50.73156955671252,-1.928663459878945
E02000503,51.565015872000814,-0.40603069499965777
E02006419,51.3472558776594,-0.7307150149182383
E02000863,51.34459332747652,-0.14638180167791082
E02005110,51.07489376515208,1.0274280475728153
E02004423,50.80807792330737,0.2484454508296326
E02003355,51.42176885808481,-0.7618428607141677
E02003055,51.42801271000039,-2.5803632849931533
E02001873,52.496034955070634,-1.9310677134322942
E02004726,50.86238052500275,-1.3252545942602836
E02006348,51.25785038192104,-0.6099429863691311
E02006799,51.56087205140501,0.12677199755613944
E02003378,51.408973190297196,-1.3307451520848752
W02000113,51.949876644560725,-3.3933235950791296
E02003327,51.38266079836976,0.5005087242454063
E02000312,51.61214146061463,-0.11574763823787886
E02000217,51.372014992709154,-0.10975965488051667
E02006644,51.64201038759632,-1.8639962652122068
E02000014,51.53963844611354,0.14578340322618227
E02003177,50.755669335440075,-1.8719799662889078
E02000344,51.43255434635218,0.06699497940913081
E02005011,51.368912139808444,1.157030812694707
E02006404,51.44925285708499,-0.47121854102655575
E02005126,51.338873725101315,0.7216565571318427
E02000282,51.66350777795752,-0.04682175466981531
E02005100,51.20173449224132,0.06186124826422225
E02005104,51.0921772606974,1.1859053253667575
E02000416,51.58862459349331,-0.11855776557998121
E02000306,51.620426275549654,-0.058944518660745605
E02005148,51.333094073981506,1.3939800912945557
E02004810,51.248695390344565,-0.7445223157368653
E02004384,50.79969183338143,-0.018030433619429017
E02004787,50.86375694345245,-1.4082066027843434
E02006405,51.43509638781247,-0.47263779059069755
E02006324,51.38237081703093,-0.40121894886963927
E02004997,51.203197489427154,0.7930887190167545
E02004680,51.29674941477606,-1.0527528861386644
E02000260,51.51283709163306,-0.3729294187081695
E02003542,50.791175713703794,-1.06882020032115
E02005078,51.24371758273395,0.6860379722693026
E02000657,51.47181029759373,-0.03162848831636909
E02000441,51.60132546537883,-0.3950654767189049
E02007112,51.510195601720476,0.002234467542562849
E02005143,51.34320066150722,1.4252504586693857
E02000715,51.55161789940404,0.06018285254921055
E02000627,51.46865516583934,-0.12219113651366618
E02004364,50.77430670123368,0.26371568726393524
E02006668,51.082542369289705,-1.8013680405736943
E02000157,51.37298236903206,0.07750998756964816
E02006567,50.857677499361046,-0.9082463696471448
E02003418,51.5006973931322,-0.5535654611444207
E02000501,51.57087622416734,-0.40097152986700507
W02000320,51.7598630382944,-3.198281964259694
E02005009,51.0441132989191,0.7815536250029688
E02000789,51.46004727081302,-0.2937555214961448
E02000115,51.546758803681634,-0.21068595470312387
E02000486,51.55299035163232,0.20729428768480823
E02004370,50.8763666553772,0.5434883207095289
E02006052,51.222063119090905,-2.577494390027144
E02000975,51.51422032191031,-0.18002146702468183
E02007007,50.71110466765863,-2.45524150778216
E02004395,50.948691611706785,0.7276453058387855
E02000635,51.4578106535909,-0.10712055089273631
E02000538,51.47667197383947,-0.40752892278291286
E02003363,51.36580498567991,-0.8002516329132371
E02000689,51.4352097067444,-0.19777804976821123
E02000449,51.59069644581863,-0.29270257327903737
E02000787,51.468470064330916,-0.2845803499391351
E02000462,51.56101492387226,-0.359035817879148
E02006375,51.32373169899305,-0.2233214873638429
E02004181,51.087092421215644,-4.059318062743061
E02003197,50.75197995754958,-1.9730557953067103
E02004695,51.23139678647819,-1.1319969349948769
E02000508,51.541455901863394,-0.47206170155032445
E02001849,52.53026978318333,-1.8385126960742824
E02004280,50.62189567560437,-2.499903848139996
E02000690,51.426711259566346,-0.222058204364784
E02006975,50.798610718616054,-1.093629941794067
E02000767,51.57846568777959,0.08225802264418594
W02000328,51.681514800817645,-3.0262055851324527
E02004677,51.35219823279191,-1.3659983318645545
E02006791,51.4986125499423,-0.26682377585997735
E02007024,51.25803177805487,-2.1867822919521784
E02005026,51.248747426522996,1.0279914552544671
E02003161,50.46789334051194,-3.534190141237838
E02001906,52.457757643124594,-1.9973791434628692
E02000870,51.52789372811415,-0.04874303086756384
E02003314,51.45366269232014,0.6357137190095266
E02000560,51.55969501377119,-0.11768583451173728
E02000075,51.46946506507257,0.1414608449523129
E02006855,51.27126823807235,1.0721791852974705
E02004736,50.8480449269657,-1.1352607265786099
E02000494,51.61307704077549,-0.42906561437573987
E02000188,51.52871632399112,-0.14115620739598245
E02000751,51.611856372280194,0.028463719750162042
E02006403,51.4560479680846,-0.4808985609200294
E02000795,51.444030888255526,-0.2966661643480909
E02003004,51.3576723183426,-2.5495322801487554
E02000413,51.5925928554835,-0.15321392470406578
E02000362,51.54617767897456,-0.03317397406545659
E02006442,51.2054892544359,-0.7858743009732253
E02003045,51.451876931384966,-2.6150137021092585
E02006407,51.43069193167614,-0.4529421509939321
E02000564,51.552295130197315,-0.11352688609238354
E02006072,51.13168564708195,-2.8937493432572925
E02004774,50.854940579188344,-0.9412178433468193
E02004138,50.71025441294243,-3.0734229995493942
E02004836,51.05481070446223,-1.3321477650988751
E02004251,50.805613463108934,-1.9271093266738388
E02000966,51.52571346779063,-0.18361026388745122
E02000355,51.55620714208452,-0.050375386267108795
E02004289,50.54104387345453,-2.443374086667146
E02003388,51.37850187439734,-1.0665502450347373
E02000903,51.598086455680075,-0.03249927330168885
E02000981,51.48990795759847,-0.14139679539205838
E02000233,51.326189520952596,-0.10850586138638517
E02000215,51.378853996775284,-0.08417087676788013
E02000879,51.51689139462558,-0.04874965627114845
E02004703,51.11089033989311,-1.0479642085600127
E02004135,50.74272362126065,-3.0525355399273177
E02006542,50.85201021830332,-0.5653302551865793
E02006409,51.425132319402344,-0.48463769898454184
E02003119,51.44728160356703,-2.4754764333035313
E02003531,50.82198518699588,-1.0620313235312653
E02000864,51.535539635598866,-0.02880766442326527
E02000606,51.40121155500388,-0.30345770632524544
E02006048,51.25009333654905,-2.4749168140534397
E02000636,51.45486933725923,-0.13950551354247182
E02004710,50.91325714297526,-1.0109552178740937
E02003341,51.360297029928674,0.44441553563162567
E02000681,51.434238275490266,-0.029272299790761475
E02003441,51.459788344466354,-0.9020212146499764
E02000683,51.43006764904633,0.031462418440426805
E02006900,52.47356807089654,-1.8508246349320085
E02004246,50.83380215417402,-1.8352998445683182
E02006606,51.125793163301545,0.007007182238052491
E02003234,51.55079745744871,-1.7323258588644228
E02003518,50.82699095632164,-0.17696589306218316
E02001953,52.401138833691824,-1.9459082433683923
E02003125,50.418922382704416,-4.174964436290699
E02003923,50.219118353792815,-5.291337762921853
E02004279,50.68399451289369,-2.377634689270401
E02006793,51.61274158628657,-0.0760113319182343
E02006097,50.87221412753863,-2.964707108047698
E02006583,51.10559395734894,-0.1658574695041793
E02000381,51.49813635625929,-0.21721395226845844
E02001898,52.46579001605191,-1.7947902415418198
E02004239,50.74453602586116,-1.7261104432327194
E02000158,51.37127739937463,0.11504382180428985
E02006647,51.57252354638231,-2.015394491344801
E02000152,51.38598084250711,0.047696229937799504
E02005065,51.417631699329505,0.3806296411239881
E02005147,51.33394114489582,1.4169386966189021
E02003572,50.911005947146585,-1.3668628242932126
E02005090,51.3871463660686,0.3083164529555463
E02000261,51.50988981300828,-0.25162100459740955
E02003192,50.72434221447307,-1.8599850603369348
E02003534,50.81586230284485,-1.0725097220375448
E02000595,51.48596257300843,-0.1737891327407194
E02006322,51.385330158309955,-0.3196092858452997
E02001890,52.47280239769613,-1.9401205525868008
E02006423,51.32999264105508,-0.7546381073137847
E02004383,50.872796380891884,-0.002919543229595765
E02003498,50.84367606961403,-0.12417249044908378
E02001879,52.486637698723285,-1.9422340573883798
E02006329,51.36908279645071,-0.3670089146894812
E02004744,50.806229383638,-1.1698246901900615
E02001942,52.4157278326179,-1.9420646966482153
E02000697,51.41609122428637,-0.19934282011657448
E02006996,51.545860782873554,-0.001975575451278391
E02007069,51.51253924968857,-0.58241898352909
E02000794,51.45254921305603,-0.336598869798042
E02000876,51.522332757441376,-0.058790276750221575
W02000110,52.14916801298503,-3.412426469145505
E02003954,50.411534197681156,-5.091582588390524
E02003046,51.44643986965455,-2.549756691965285
E02006347,51.26536943681121,-0.7240801434075677
E02000056,51.584768589169585,-0.1778452814871146
E02006576,51.127938292601286,-0.1472955663930976
E02005146,51.33784413904853,1.4104210794754088
E02005095,51.30802490790985,0.20951468687426472
E02000621,51.48140384175863,-0.123550752702547
E02004276,50.728719962607556,-2.7584967056072918
E02000204,51.39498281486092,-0.11723781017017036
E02006674,51.05705160057829,-1.7938394194044802
E02000763,51.580555277288866,0.09528829021898164
E02004418,50.86309493174556,0.24845266067349148
E02004806,51.295507961038474,-0.7885205724313875
E02004714,50.98278422980102,-1.3835903836253785
E02004782,50.92061192136175,-1.4921673094344885
E02000238,51.55385645875948,-0.3485239478121908
E02003121,51.43884755851066,-2.4871509558175795
E02004143,50.638730770118016,-3.3893830348588727
E02003218,51.58008084727179,-1.7878212613463489
E02003445,51.4460684320692,-0.909302626460928
E02004745,50.805478440136746,-1.1429090867316827
E02003231,51.55302956040113,-1.749835919686391
E02000550,51.44521585819906,-0.41639525238008085
E02003107,51.507221323342236,-2.5698299640482847
E02003908,50.26744221230451,-5.040779559230701
E02000043,51.61125258729305,-0.192991236425321
E02006344,51.28681471702782,-0.5111788843221169
E02005004,51.12368496190751,0.8731542745804437
E02000582,51.51136789325098,-0.19825731077802272
E02003206,50.72334377064003,-1.9348235042381674
E02006467,51.30868710184209,-0.6248208574355449
E02003350,51.34311318878113,0.5210722250102835
E02000724,51.543086905673185,0.041675376162949744
E02003090,51.6160288265933,-2.516090664727922
E02003165,50.438608580195606,-3.5761771093736225
E02000320,51.486971527394566,0.11271717209890432
E02003914,50.169248057857686,-5.108321502297158
E02000009,51.551248313540874,0.11659030697620773
E02006695,51.17860234049787,-2.14738763209504
E02007084,51.47470740097961,-0.1464062930957448
E02000700,51.40930344188966,-0.1806647735772683
E02001932,52.42919320215081,-1.985309164198023
E02000817,51.49087401769086,-0.05600498291195891
E02005113,50.984737143083684,0.952032876832002
E02000085,51.44824722000907,0.10829930607030702
E02000950,51.44181782753206,-0.21647153426113164
E02000333,51.47166886552444,0.019940269754687465
E02000405,51.59898675160157,-0.13165599951275309
E02003123,50.4279558624654,-4.133173106261891
E02000440,51.603478122690134,-0.3127961245693744
E02000317,51.48876105374304,0.05237478718258646
E02003158,50.47721277404445,-3.522535319163231
E02006545,50.821299637008295,-0.547055909299796
E02003387,51.38524420291743,-1.3385102275961878
E02000907,51.58831449061398,-0.005328948095387197
E02000410,51.59524239414764,-0.14349100567719847
E02000572,51.536758248520925,-0.117234214031902
E02006105,51.02280224985065,-3.1021693944322104
E02000497,51.58936206161922,-0.40827872281667815
E02000682,51.43073997276472,-0.007325112612364566
E02000088,51.439718733563026,0.12218169970082741
E02003927,50.15344831286668,-5.128694404561397
E02000600,51.41764157145037,-0.2843813353035527
E02001861,52.51099879738228,-1.9082487126362813
E02000032,51.6318688169674,-0.14033557682899492
E02004715,50.97735257538978,-1.3527127890168407
E02000908,51.58922344147923,-0.037882564514936184
E02005141,51.35603869501744,1.4357387855799084
E02000972,51.51857122710186,-0.13983658126231568
W02000111,52.043271621372654,-3.2012241387418623
E02004416,50.89012170687842,0.3405743769854016
E02004285,50.61009144422947,-2.4711425014542665
E02006609,51.04640754115116,-0.06049169450101309
E02003566,50.918644045618606,-1.3438642925903999
E02006099,51.05388325469225,-3.1907023208663396
E02006848,51.60133280094638,-1.81487883784987
E02004206,50.57749510146519,-3.4738099327838294
E02005093,51.34770885173158,0.2579212237353611
E02000309,51.61271276434554,-0.05977995636459706
E02000777,51.56367433849936,0.03405191901278094
E02000803,51.427701735231054,-0.3772264228648817
E02005123,51.3484095452217,0.7181552580331811
E02004129,50.84812389179294,-3.155081797661906
W02000323,51.773533823578276,-3.0817974615568096
E02003909,50.26255094094918,-5.087590543792876
E02000234,51.32183376930408,-0.12969563258243352
E02006448,51.17886239589667,-0.6189639009633378
E02003332,51.37374750131745,0.5597603105190989
E02000141,51.405960503516084,-0.058077814466999625
E02005049,51.181453082164126,1.386800337684784
E02000591,51.492608361569374,-0.19842722738829835
E02003199,50.74636645073116,-2.000793101887046
E02004243,50.91370317780549,-1.861866813448959
E02004175,51.20709105256029,-4.116991006206504
E02006539,50.83237859146975,-0.3389459674690788
E02000457,51.576597791392174,-0.36853132747743955
E02004199,50.27486673239628,-3.690197722759547
E02000857,51.35751689837563,-0.19793099876312167
E02003947,50.13327963888061,-5.568228346548439
E02004414,50.96259002609301,0.10177655197547521
E02000607,51.39801320586932,-0.2905301396457479
E02004751,51.3403083236117,-0.8276544458728812
E02000584,51.50548854616134,-0.1956674371545416
E02003893,50.494247995422434,-4.463930908153084
E02003499,50.84414651293725,-0.10520665692367183
E02006997,51.533689001508435,-0.007309153176362779
E02006432,51.28388995322824,-0.09448975930142132
E02005017,51.35487212542984,1.0246866444804064
E02000785,51.475773427295216,-0.2876753196528937
E02005172,51.12679738791638,0.43210400685779
E02003329,51.37817976619663,0.5475700522416643
E02006458,51.32733838049438,-0.5643741166330861
E02000602,51.408835207417845,-0.29047007711597067
E02000079,51.45892750194016,0.1378960018419372
E02004753,51.33255909375442,-0.7898957892311197
E02000034,51.623139819800315,-0.16384434733030984
E02000298,51.63356138900161,-0.10129304106986341
E02004729,50.86194561389969,-1.2086859000490462
E02006918,51.56412274085761,-0.05204194127836904
E02000877,51.51969743801722,-0.028846778648190803
E02000442,51.598595998537306,-0.2846592951448002
E02004693,51.242343366024386,-1.1202524099122522
E02001850,52.52991157667256,-1.9161806629027842
E02003000,51.38136148148876,-2.468331250661008
E02005041,51.28015317483422,1.2629182613664591
E02005144,51.34513893286727,1.3976383321490087
E02000230,51.33936993403009,-0.11280530124027008
E02006883,50.722980506650885,-1.8975523851352303
E02000460,51.56736511678022,-0.3660977328229068
E02003074,51.42811971466805,-2.8562826377261645
E02000840,51.385839640767124,-0.17155077497424617
E02003155,50.48411539125339,-3.5273351971725138
E02006846,51.34670265733245,-2.9320976723817833
E02003516,50.827625612435874,-0.1653195556119432
E02000946,51.443555911105385,-0.18378385285933313
E02003904,50.354343306804715,-4.459241054866307
E02003550,50.94277141316443,-1.4347021993625688
E02000093,51.59375240259688,-0.27440474208868915
W02000344,51.602050183061664,-2.74635597883577
E02000845,51.38000448917505,-0.237957685686669
E02006540,50.82961016275269,-0.31282326577951
E02006317,51.40608628826591,-0.36940023819220735
E02003371,51.4650921530031,-1.0501917859827834
W02000108,52.27266825302255,-3.4370415170292414
E02003005,51.33642682470049,-2.613803771270766
E02003144,50.380788684975784,-4.136441272998772
E02003431,51.48152533749874,-0.5690367064885298
E02000844,51.37700785310244,-0.17147842427869742
E02003495,50.85154538344853,-0.22357008860070057
E02006794,51.604270972233586,-0.06976459676935096
E02006321,51.3899400184281,-0.33458596275720914
E02004136,50.74894808758584,-3.281572658363637
E02005122,51.35996895555388,0.6585084598745664
E02000965,51.526509878611535,-0.1920187644685254
E02003105,51.52278170154688,-2.5029142418109322
E02005151,51.30336145237671,0.4353104141938277
E02000271,51.50087182875908,-0.25829399002585146
E02003009,51.291183732375266,-2.4835844107253737
E02001878,52.48705173669271,-1.8595339983442523
W02000103,52.52921046627427,-3.2103100841833037
E02001877,52.488973543619714,-1.8468116590950245
E02000041,51.61358117096419,-0.271983354690194
E02004820,51.19027134712196,-1.5992326480508587
E02000691,51.42515739388427,-0.19795806105122277
E02003176,50.757433867427274,-1.9143679361243517
E02004225,50.95344197678339,-4.1391698166155395
E02005097,51.279326045205835,0.17127772487694148
E02000674,51.44138183950815,-0.0025878442860427396
E02004176,51.200193071000605,-4.020679068568147
E02000340,51.4478808392591,0.06273396512523764
E02003133,50.39344067508966,-4.115355881279885
E02004287,50.593922861916,-2.476383855742604
E02000764,51.582247577098045,0.023071914947047283
E02003003,51.35911341331888,-2.3815245169504693
E02006784,51.42331102292194,-0.002272063607498667
E02004248,50.8230293026088,-1.8808520445353012
E02000973,51.51688480743492,-0.19457709504129186
E02006066,51.174821917190876,-2.966692898465864
E02005030,51.4480167314162,0.2093318942335786
E02001870,52.49564174348384,-1.8271054667701585
E02000110,51.5528060702281,-0.2310733383062263
E02000854,51.363017572201734,-0.16843152123407157
E02003135,50.3912645189341,-4.177885231578006
E02005132,51.38935980558743,1.3943244414888505
E02000841,51.38314308121668,-0.1862265383406821
E02006319,51.39920053549932,-0.3726925060773373
E02006326,51.37354263428574,-0.4087888989723867
E02001956,52.393252018672946,-2.007684649741373
E02006629,50.818055493374146,-0.3532185592354072
E02006063,51.237231245661086,-2.838771246741697
E02000480,51.57034046781235,0.16992619732705233
E02003354,51.4237552888144,-0.7390356268867079
E02000776,51.565473213792195,0.07578015496056122
E02006459,51.325875495990076,-0.5395529069896586
E02003453,51.41125186491848,-0.8656532696697877
W02000321,51.734513685491386,-3.136597886537187
E02003900,50.4096140449376,-4.216937805033318
E02000800,51.43587600442516,-0.3164483488423475
E02006649,51.544064293005064,-1.8950707527141726
E02005133,51.385717601167975,1.4229848799321942
E02001869,52.49512121876834,-1.8721849617303332
E02006896,52.47335406769757,-1.8969370238588381
E02000208,51.38777987924376,-0.10731968436992957
E02000216,51.371531481872594,-0.08328136940542002
E02006383,51.244892774365816,-0.20010208236567706
E02005084,51.173311190676486,0.6259235797528789
E02000147,51.39388608638641,-0.0011714849968279567
E02001950,52.40348058794982,-1.9793138124349885
E02003407,51.53414791450479,-0.6320303923782977
E02004253,50.79102600147227,-1.8928123951931455
E02002993,51.38404400563581,-2.371006837457606
E02000694,51.41972253578411,-0.18852371008741287
E02001900,52.46260102794422,-1.9048755911383723
E02001845,52.537340639102986,-1.9053498148463603
E02000162,51.36138246242602,0.06902917513443248
E02000865,51.53203737706201,-0.05460631686974997
E02006563,51.00289319126824,-0.8368369830805668
W02000314,51.799796618527104,-3.213602328379713
E02000513,51.528495157790765,-0.39737915776367955
E02003415,51.50840605678346,-0.6045318346854772
E02000707,51.39832831301436,-0.13147686706914205
W02000416,51.78029246872811,-3.7546270426857897
E02003070,51.440811208347014,-2.6936854876880028
E02003008,51.29234673675719,-2.441730943489146
E02000790,51.45771970241175,-0.3224284602504433
E02006401,51.36618305854579,-0.4968503609196058
E02004140,50.685102802036205,-3.241644869942394
E02000812,51.49751386319978,-0.0860768418644483
E02004684,51.276532054536865,-1.1192311385567362
E02000367,51.53872852341781,-0.05462082896779867
E02006951,51.455713728199264,-2.60214869700105
E02003336,51.370039269396166,0.6001439765689092
E02006854,51.50159999293973,-0.0246315818800165
E02003365,51.34911841285141,-0.7994338634690127
E02003339,51.36485816861825,0.5103492382265052
E02000720,51.54764357377939,0.033633472328686666
E02000119,51.540666995956066,-0.26181536868576094
E02003322,51.393176232054756,0.5532989757258973
E02000394,51.472415042894134,-0.1854545674384183
E02000830,51.470119542516485,-0.08343438755558404
E02000303,51.62295619566646,-0.06891859789869467
E02006537,50.835120364922815,-0.2454569507164454
E02006443,51.19968857210858,-0.6051835007565071
E02003344,51.35544985935851,0.5413238070914203
E02004180,51.09720966204505,-4.0058837542118955
E02003962,50.343432274531615,-4.791119228693064
E02004799,50.75389274494696,-1.648942983497728
W02000329,51.66309839881158,-3.0270254413975097
E02003511,50.83247099404337,-0.20605188615410247
E02000900,51.611807637900185,-0.024530580531544867
E02004825,50.97930188605398,-1.445740315432865
E02000774,51.56824728949881,0.09980111184632427
E02000254,51.52081448907278,-0.37278030920614175
E02003543,50.791003271721735,-1.076773911728507
E02001914,52.45287348123581,-1.8973223396161831
E02006795,51.57089348923618,-0.37614207313341047
E02006078,51.04277167484932,-2.8187783212979043
E02000566,51.549412991804026,-0.10565275676216504
E02000868,51.53027602720051,-0.06264460620275089
E02003342,51.36014581479544,0.6003978013814965
E02006362,51.31468572165802,-0.2970331890130077
E02003548,50.784256375320425,-1.07809330804118
E02005162,51.17826808408554,0.38488573500601553
E02003950,50.12030297213605,-5.680038432036986
E02006955,51.55918665009907,-0.2837758298276324
E02003215,51.590150667006576,-1.8049312095488836
E02000098,51.57416806276894,-0.2872919794160637
E02000459,51.56858073387948,-0.3535999170735741
E02000120,51.54010833025722,-0.20007762642574792
E02000151,51.386055820859305,0.08001889175267259
E02003001,51.368817946789896,-2.3672402976009477
E02003960,50.35463037297691,-4.688747787279447
E02004772,50.86187679844966,-1.0377648989129393
E02000594,51.486784852421785,-0.16274556340148438
E02000542,51.468013882618756,-0.37629177222057714
E02001827,52.59749030539772,-1.8463200169269411
E02005033,51.44330673566629,0.25615184147331443
E02006833,51.298708260549084,0.40759931031398866
E02006424,51.32617005066167,-0.7267917892553181
E02006400,51.365156150395336,-0.5313390510257323
E02000580,51.51715874106987,-0.20467315534702168
E02004193,50.389783278539895,-3.923965646983595
E02000495,51.605438078156226,-0.41566538416803306
E02000300,51.63045815957428,-0.06460224275711582
E02000240,51.55113288066886,-0.3712702025251336
E02000843,51.37849742186553,-0.16043504684110405
E02000511,51.53109245175666,-0.42399453748490196
W02000342,51.66817690749868,-2.7016639511504197
E02000472,51.5916421579959,0.16946338571984493
E02000529,51.4889492010736,-0.37636025346064345
E02000754,51.608302592775836,0.04017213817409481
E02006439,51.23432647986626,-0.7766672625000686
E02004758,51.27623959513047,-0.8563724661082693
E02000168,51.5555249513201,-0.1414296345949752
E02003217,51.58354544359774,-1.808825361157793
E02005168,51.14115548863488,0.25900461023219573
E02006614,50.99277122581521,-0.10849796836542046
E02000200,51.401515310810204,-0.0801302673388372
E02004191,50.43030236431537,-3.6847423602387313
E02000642,51.443387048579346,-0.1026261348692611
E02004676,51.349722758503155,-1.1291354468367207
E02006456,51.33780689090685,-0.47451400906810737
E02004755,51.28959407924214,-0.844270543574626
E02000132,51.414300373574626,-0.02842385656243676
E02001931,52.42969368491639,-1.8586476888511139
E02004211,50.55034247577619,-3.5424563202047565
E02004757,51.27722631331325,-0.8325877934854377
E02006100,51.0322246073012,-3.107048032813296
E02006600,50.94300572426413,-0.49211103020172375
E02003936,50.598188181939435,-4.405322314959492
E02006994,51.49224424870348,0.057365517228083335
E02005129,51.31401908782157,0.8954899459928354
E02003063,51.40579438591744,-2.5731296967438477
E02000878,51.5187599357032,-0.070790864542471
E02000872,51.52522749095877,-0.06885008995635429
E02006654,51.45708074646707,-2.1193753709769347
E02000713,51.38663360520842,-0.22018616572549077
E02003907,50.29906782395958,-5.203633031087966
E02004204,50.59991836013912,-3.615493588240927
E02006612,50.99784853211268,-0.1075309468360327
E02003320,51.39806841387887,0.5388932257315445
E02000074,51.46902961338454,0.17737492596880097
E02000358,51.55423894607927,-0.07573608118327195
E02003416,51.506237217651694,-0.548769534531529
E02001874,52.49506740628998,-1.846957288196252
E02000951,51.43786955055109,-0.15819956753829162
E02000905,51.593240675823175,-0.018696614818506957
E02000835,51.45763372574899,-0.051257952608052465
E02006822,50.857626258836255,-1.0047729592767154
E02003143,50.38312335640167,-4.035807666995767
E02000859,51.35434122193139,-0.15584205050493258
E02003493,50.85857505285986,-0.1570909962770421
W02000101,52.608040640405655,-3.1432012972924808
E02006559,50.78325120481465,-0.706176772871244
E02005056,51.4402684498639,0.36698970516419943
E02006451,51.14236106922355,-0.48226243773971905
E02006055,51.188223787303514,-2.5508828496451343
E02001865,52.50479508818341,-1.933324568323247
W02000337,51.83103540853659,-3.012955185559353
E02000087,51.44328862465661,0.1485664017325463
E02004752,51.33561876327881,-0.8406027388781505
E02000514,51.523305912373324,-0.4128403582978143
E02003545,50.78740615020304,-1.089364715351128
E02004796,50.75863438017908,-1.6254129878808667
E02004704,51.10599615374296,-0.8784972338809136
E02004382,50.891713437098936,0.05996241316731883
E02000154,51.37957193600759,0.09695007438954277
E02005029,51.445986587070735,0.28986680933874587
E02005163,51.15608006655246,0.25649451963495806
E02000392,51.47651308463267,-0.20320880073608372
E02003494,50.85409646554235,-0.14058690709325655
E02000484,51.56177358432032,0.19570603073086243
E02000229,51.33813824142591,-0.008263110656582124
E02004145,50.63480541520454,-3.3283251959072038
E02001895,52.46658290466144,-1.7773669822204536
E02003348,51.34757691454155,0.5749957919029605
E02003938,50.52340656416688,-4.961182624815926
W02000114,51.86386814727082,-3.150081527260887
E02006435,51.237405948559896,-0.11236853861467108
E02000808,51.50259681418052,-0.09657819860054913
E02000096,51.58084033383258,-0.3033788431311221
E02004406,51.05328842988955,0.15698885330184129
E02003079,51.368101624926,-2.9164002689322768
E02000290,51.64715535040465,-0.03686083172450821
E02000259,51.51559006533771,-0.3378902901229021
E02000179,51.54440809543836,-0.16484018504230472
E02000037,51.62219509802594,-0.2809209648589911
E02000586,51.49894541251662,-0.18482242149588252
E02006364,51.30459655360026,-0.3321330301113622
E02003939,50.5154915564092,-4.8337408211672965
E02006346,51.27482270099156,-0.4306470443732526
E02005137,51.3768020435988,1.4115136830041517
E02006109,51.00379030877912,-3.126172105029446
E02004800,50.74156870511489,-1.664365845525231
E02000172,51.54988750814735,-0.14913132598457188
E02003127,50.41097072179022,-4.1672207189733985
E02006547,50.817769055880824,-0.6053016927901087
E02000209,51.38699309139226,-0.12341050731738105
E02000407,51.595314172478524,-0.07392826278668212
E02003410,51.52324975409107,-0.6029672164712052
E02005077,51.25886200140205,0.5417177776526805
E02000379,51.501694004159184,-0.24827687590278788
E02003563,50.921989252945224,-1.4393497154077133
E02003422,51.54838164515682,-0.745245312114247
E02004200,50.24711044287156,-3.808246377827077
E02003402,51.44621299950298,-0.9659450995477983
E02001929,52.43459623862405,-1.8231395805098625
E02006436,51.225005811089545,-0.05404542477316436
E02001863,52.50697338034294,-1.886274901036833
E02000415,51.589682292082564,-0.0965096091493062
E02005075,51.268552603761904,0.4869301610378684
E02000552,51.43748543240566,-0.42093106552886933
E02006088,50.951327892561935,-2.6243186181476106
E02006342,51.33105481686081,-0.2644381944568216
E02000570,51.541383263289305,-0.10940176037966129
E02001860,52.512038673101536,-1.9407229958077292
E02000020,51.53117991826819,0.0962623004441657
E02006465,51.31008929261328,-0.5750214939033658
E02006091,50.937669343814,-2.7522014931508507
E02000177,51.546280767047925,-0.15294638325047114
E02000740,51.525513035462325,0.011435256544922662
E02006376,51.32463869525145,-0.20057770150120216
E02006688,51.30841163396514,-2.2185649389232287
E02005015,51.35629899060716,1.1396248846660548
E02006785,51.46882466016466,0.09770958814929659
E02004170,50.856150044509526,-3.395336533888262
E02000280,51.666041387223196,-0.08443772579291244
W02000335,51.63729754687219,-3.008088665484331
E02003091,51.605136178474716,-2.513668330475418
E02000133,51.410880917771685,0.055682733239135064
E02006327,51.373437813577354,-0.4358994130266803
E02006675,51.055290993137234,-1.6892588447460575
E02000895,51.6343777810407,-0.009713784173019406
E02000360,51.55088941956844,-0.0635196744093374
E02004725,50.8765324077994,-1.3482297840479214
E02003559,50.9255623286215,-1.4234590823135473
E02005087,51.40835565755994,0.18268502932171812
E02000451,51.58681031650589,-0.3679730057698073
E02006591,51.06981082441219,-0.30854323954560503
E02005031,51.44538182107704,0.3017557315268506
E02000169,51.556149179591316,-0.18710150284865326
E02003141,50.38334003041759,-4.170871671476389
E02000054,51.59232652800302,-0.23203238820753677
E02006381,51.28604774202991,-0.21131145854723934
E02000159,51.369813264972315,0.04532627161885354
E02003578,50.900104146705594,-1.3555663605547268
E02003579,50.89380585275288,-1.3757111677308036
E02000452,51.58646303128088,-0.3369990345669302
E02004996,51.1868113014554,0.9226568617508834
E02000015,51.53932027750066,0.16052237902497665
E02004784,50.9067385407268,-1.5373118255499665
E02000409,51.59465648509148,-0.08424582542027184
E02003166,50.437374801292506,-3.5886219088847406
E02007026,51.23926901990661,-1.6647766223375176
E02005128,51.315163769454045,0.8782864494080483
E02003071,51.43553264370689,-2.8554953307694912
E02004367,50.75981631371106,0.2691852502650359
E02000171,51.552946957593875,-0.15927059442716127
E02001833,52.558339836835415,-1.8786814139327797
E02003449,51.426483499481975,-0.9185947062576457
E02000372,51.51696782976924,-0.23767369655762283
E02003547,50.78852606639925,-1.0954804997803553
E02000757,51.597568826368,0.022172091060340408
E02005125,51.33945104252626,0.7569171484648222
E02005135,51.38115130944037,1.3928841898921742
E02004412,50.96661907445874,0.2523953929582888
E02006645,51.59152467929571,-2.100811957278182
E02006968,51.51894791620004,-0.2943621690304407
E02000893,51.49187381076547,-0.006822135322651084
E02001848,52.52994718740309,-1.8763644199620058
E02005140,51.36628812570669,1.4298556404437488
E02000384,51.491958810149555,-0.22758030808089103
E02000414,51.591070978515845,-0.07910737151992901
E02000288,51.64890164637051,-0.04685941368832269
E02000711,51.39703561653673,-0.1910500058001939
E02004824,50.98980755170507,-1.4945756592852233
E02005074,51.26604967065733,0.5687861245479862
E02006652,51.46793936431948,-2.1227766380047535
E02004826,50.995770936369674,-1.5227416079782923
E02006338,51.354075401591956,-0.26178138413973956
E02006665,51.09003853228036,-2.2638508297780144
E02003059,51.41613038993594,-2.6101247787335398
E02003066,51.478363450495515,-2.7984261618933033
E02006581,51.110114778796124,-0.19396639474062902
E02006692,51.203332646612274,-2.166265026692558
E02003598,50.5981063488136,-1.2120365269222597
E02006446,51.192165277169366,-0.5466170623412302
E02004153,50.72931861973667,-3.553760588348491
E02003583,50.75121567453284,-1.2815514692082601
E02004210,50.54842113913526,-3.5036787551607937
E02000556,51.56583470195302,-0.11731872587948493
E02003574,50.90377617002897,-1.3472148645635988
E02004365,50.77110393534116,0.2917826249006757
E02000961,51.533510025081355,-0.18513344327457437
E02004376,50.858844520180114,0.5831552456556484
E02006630,50.813741447771775,-0.3853624213445952
E02003051,51.436599336178446,-2.5924319358838153
E02003159,50.47213446824313,-3.5225041944515385
E02006588,51.08638809767805,-0.27256399811440757
E02004411,50.97646069725528,0.09942234018422545
E02000745,51.51634164962358,0.04035431082130794
E02000370,51.53176664694214,-0.09105050588284967
E02000896,51.630338891142415,0.00412828150501702
E02000401,51.6035152290255,-0.0896694928986654
E02000206,51.39183414146626,-0.09135966300112172
E02000402,51.60292762522732,-0.08116312682766769
E02001920,52.44483991800403,-1.995994515639477
E02004686,51.26212650647265,-1.0966200163163875
E02000831,51.46761971020768,-0.07142037697484478
E02003020,51.489537108742574,-2.624728212554923
E02006085,50.956430602440896,-2.612356327031081
E02000197,51.40701493661731,-0.12556278485684652
E02006829,50.904660815044984,-0.9978311988962429
E02000624,51.47553082030449,-0.11259461572447634
E02000428,51.577219224295526,-0.08321327601546694
E02006620,50.926367854708026,-0.14297716214803952
E02000373,51.51269540099374,-0.23320222784161365
E02004133,50.78379417925624,-2.991218704208659
E02000504,51.56459299564422,-0.4497194881571724
E02000479,51.57138148619804,0.19153571768455152
E02003925,50.208482153068864,-5.287066636176834
E02006634,51.460818296479246,-1.6374656694458836
E02006060,51.12576729762307,-2.743399443890214
E02003325,51.38549408504857,0.5457663676726356
E02000925,51.47336259478393,-0.16337901228945656
E02006549,50.8116438416422,-0.45084851955696525
E02002999,51.37128961347264,-2.3943637453733317
E02004803,51.30611554941314,-0.7647959652752437
E02000099,51.56894460733044,-0.30065699334649965
E02004694,51.231598014860694,-1.34035793178118
E02006927,51.45794908538875,0.02613765815019888
E02000482,51.56285223287944,0.2581702406766209
E02004830,51.09870625476284,-1.2981216265625357
E02004207,50.571278023160296,-3.6718163331404576
E02006969,51.51244940758226,-0.3012470556725203
E02006792,51.492001640058696,-0.27034968089517886
E02000561,51.55794338318695,-0.13039791292945355
E02006631,50.81313681392765,-0.3701681276419367
E02000576,51.525896912884185,-0.09406316709103311
E02004229,50.79072645705937,-4.0020880269008945
E02006393,51.42965565990951,-0.5498095033300219
E02001855,52.51909394281349,-1.7881715475998703
E02000574,51.53103258540498,-0.11341676979794615
E02004405,51.057642103221625,0.1716255298523228
E02000836,51.45511494455521,-0.07641870604324338
E02000802,51.42868793811731,-0.3541246682991376
E02001872,52.49668646010844,-1.7683080542010892
E02002991,51.38836525270801,-2.361976005762283
E02006357,51.23977633655164,-0.7259809074674101
E02006653,51.45793740729861,-2.141001796991215
E02003567,50.91808965509414,-1.4467417429779466
E02000490,51.53654581065208,0.19357872990100203
E02003027,51.47991959073731,-2.5875916479808123
E02000385,51.4887816514903,-0.21076902370773623
E02000804,51.42563310175621,-0.33440345725780035
E02006082,50.9795161507955,-2.4361416755872836
E02000182,51.542151363501794,-0.17537144545134048
E02001880,52.48558395735924,-1.793555245558987
E02000343,51.432695307493546,0.054078742137295785
W02000106,52.44938978681573,-3.5378871602890616
E02004798,50.75640984978182,-1.6621662600175169
E02000302,51.62387749103651,-0.0940276827411171
E02005002,51.139302252611664,0.8499827434595536
E02004713,50.98492601386666,-1.365584703648421
E02000743,51.52028148369744,0.014597515975770095
E02000913,51.57405886063493,-0.0035488142366549686
E02003546,50.785977103364246,-1.057606013966533
E02000546,51.46147575545035,-0.37926518466922665
E02000315,51.4937479879774,0.11314476920598654
E02000299,51.63172744891492,-0.05285900394610564
E02003025,51.48445360973801,-2.56702442400683
E02003372,51.44797758285843,-1.048494367356793
E02005157,51.21628168434119,0.27896524494368363
E02006624,50.82926952767094,-0.3821626300862433
E02006987,51.37270156708884,-0.09662133540482805
E02000116,51.54811827606265,-0.23739045385255675
E02005101,51.18132528766559,0.16552287202872368
E02004182,51.08208648441187,-4.050824068586132
E02000915,51.57125404734226,0.005650565396194966
E02005047,51.20908684753779,1.3894185043600586
E02003564,50.92175441140949,-1.3574443038595818
E02004832,51.083995825529286,-1.165249380807369
E02001886,52.47908917928197,-1.9561598100746405
E02001847,52.53233458890283,-1.790286266605189
E02000453,51.5848615024692,-0.3514690434765428
E02000445,51.59527569898425,-0.3307882928290096
E02000677,51.43830720712954,-0.01330228709919567
E02003236,51.52607403639594,-1.7856838209195924
E02003945,50.18934905658798,-5.465349531597706
E02004230,50.739902634435936,-3.996970327097209
E02005166,51.14707984826396,0.2830190546525778
E02003951,50.10350078818247,-5.550941019817011
E02000427,51.57801398192903,-0.10129852044551671
E02000279,51.67037500354877,-0.023931867063725097
E02003517,50.827308072580436,-0.14084542556702595
E02006385,51.24449024524119,-0.1616256403109848
E02003384,51.39755347853361,-1.441491669798827
E02000123,51.53654271988875,-0.24606302730524385
E02000869,51.52853437943682,-0.07222923420750678
E02005111,51.069168265375595,1.0772838506383637
E02006061,51.28010914022572,-2.7844584316428462
E02003366,51.34475536067019,-0.7791297166327146
E02006560,50.77992305717781,-0.7298138579803017
E02000268,51.50458648885735,-0.30104329105911676
E02000469,51.598083681702846,0.20881296257536405
E02006414,51.40266181950422,-0.4617040605959938
E02001945,52.4130379628658,-1.9864857915866476
E02006454,51.09104932335211,-0.7108149218804702
E02000665,51.45599367951651,0.002214313536626356
E02003400,51.44908026307259,-0.946915850717098
E02006343,51.32245860232264,-0.2711075023603651
E02004359,50.798387327689625,0.2722115848743375
E02004224,50.980111346031,-4.3358886716698315
E02004797,50.75956877048055,-1.557446453730169
E02004829,51.12457959915408,-1.327783218333866
E02006646,51.58550774137934,-1.8626568921722098
E02000977,51.510779233840175,-0.127984303575916
E02001910,52.456217044346296,-1.8871437325794398
W02000099,52.66297552406522,-3.143873911035667
E02003103,51.527694140272885,-2.4219377122844694
E02003002,51.36137162479293,-2.353983519832094
E02000438,51.607429727213486,-0.36445035764208256
E02007039,52.4511186475812,-1.8619668560437221
W02000097,52.76862133859741,-3.2650698424058096
E02006074,51.10558518198712,-3.003933616393738
E02004260,50.85880055307688,-2.1433652446387863
E02000281,51.66402407413728,-0.0614798552491095
E02000693,51.42017574503455,-0.1763703906436802
E02005058,51.43402726719586,0.35331846708519943
E02003561,50.9244067242872,-1.3881527866306607
E02000833,51.46310724039623,-0.08572058863731574
E02003033,51.466750143654174,-2.6062934821977146
E02004186,51.06748985162233,-4.08855402186663
E02000388,51.48311309395456,-0.19927465265941302
E02001935,52.42568820587005,-1.968449679955151
E02005018,51.344158550860186,1.011317638214196
E02003917,50.14664930743731,-5.087255146897063
E02003036,51.463804974776224,-2.5942815743853314
E02000165,51.31100089758571,0.027519731655678524
E02000609,51.3895829612003,-0.26003717826486283
E02006543,50.83534053451358,-0.47866064883733755
E02004786,50.88920780893366,-1.449844991544679
E02004236,50.7544913946694,-1.7725244782746354
E02000057,51.58360833040164,-0.2163006164500936
E02006596,51.026138178950404,-0.3475760742143381
E02001837,52.54701933555455,-1.8780879475896815
E02004219,50.49050813291079,-3.639785612467682
E02006114,51.20331943679934,-3.493578981130623
E02000742,51.52231623315849,0.052454290217205664
E02003084,51.34691334503813,-2.969069314918783
E02000801,51.43123795385471,-0.33931435952831046
E02006422,51.328771952954106,-0.7037410282008831
E02003446,51.433140417690176,-0.9263071692358062
W02000330,51.6594973910829,-3.0076683411188787
E02000135,51.41226854840849,-0.060454941833298186
E02006990,50.367820162379324,-4.154735203242846
E02006952,51.45271786112116,-2.597122559552261
E02006608,51.12269156446575,-0.07519711497270186
E02003230,51.556558045501355,-1.784202551929059
E02005054,51.12194094172098,1.2697295333154721
E02000224,51.349554655297155,-0.09913244005330511
E02000940,51.45358467032721,-0.193501488515432
E02006463,51.31599374638444,-0.5641663273400876
E02004675,51.353971912721356,-1.1485835092487553
E02000237,51.30361760951583,-0.11796230781145618
E02007020,51.55442717698872,0.08178622946914378
W02000107,52.311898196888805,-3.0621965404926166
E02000038,51.61460426295381,-0.15492407874642342
E02000167,51.55733200433016,-0.17347073080090447
E02005138,51.37851059615309,1.3343496536750263
E02006449,51.17145877155398,-0.6561527243931558
E02000318,51.4873058097927,0.09401214089598586
E02003571,50.911055884860914,-1.409829780291721
E02000814,51.49682764919114,-0.0375630730498183
E02004358,50.80059622420368,0.3125913402951001
E02006047,51.2554117903681,-2.3224659571858695
E02004371,50.87413235157299,0.609385430592708
E02000792,51.454171696549814,-0.3132877516202952
E02006447,51.193508435538824,-0.8162352891786143
E02001944,52.414648305788106,-1.905772679789275
E02004363,50.77707652140738,0.2760603108847565
E02000493,51.517194986402096,0.1985686457189519
E02006568,50.8447069477239,-0.7745850826212632
E02005096,51.28663470755665,0.19852561851654038
E02003225,51.5624149078929,-1.8257624409028734
E02007008,51.465643403694195,-0.015527812445395493
E02000176,51.547690433429224,-0.16825533286712366
E02000430,51.577455258250794,-0.11940893281850905
E02004237,50.74715903147428,-1.794979709744803
E02000448,51.59318880792953,-0.3816850443668572
E02006627,50.82233556291434,-0.4048808968942117
E02000354,51.557563492728114,-0.06052571798725613
E02003501,50.843776055680884,-0.15527294426667082
E02004811,51.2457959365705,-0.7729412363750424
E02003067,51.48091873037471,-2.759904292812475
E02006064,51.238732868937184,-2.993015395642432
E02000553,51.43155929392121,-0.3912945783427854
E02004719,50.96352191926937,-1.2992244158650141
E02003941,50.46752044374733,-4.714579628140832
E02004407,51.05885125108368,0.318253241067643
E02004815,51.22267435696383,-1.475507668756188
E02003369,51.48496976708789,-1.1034021244705263
E02006685,51.32118399033647,-2.1907916131971796
E02000455,51.58104640909222,-0.3311496472694569
E02003391,51.47477264740668,-0.9699881590760597
E02004197,50.3295065647649,-4.063512349440763
E02006349,51.25829481575924,-0.5888907263043138
E02000703,51.40676647313497,-0.20252742947546823
E02003181,50.7436864068551,-1.863025099591498
E02000249,51.52834881559991,-0.35232873775498647
W02000325,51.71426102445164,-3.0467506365449792
E02001905,52.458555701821005,-1.9233641585224637
E02004728,50.866609700334614,-1.2622754265283387
W02000098,52.735550854781295,-3.0999627507820056
E02006589,51.08112534221243,-0.3092907502881623
E02000432,51.57185720973341,-0.10906016618057798
E02003095,51.55050261462839,-2.41074476787977
E02005161,51.18653166275581,0.26804440217839987
E02000124,51.53375455753435,-0.21334669785858526
E02001921,52.444643922205245,-1.9672231955844142
E02000931,51.46195453170801,-0.15844378289732086
E02000456,51.57863231712074,-0.3505918938366699
E02002998,51.373709161220596,-2.3779673197754274
E02000017,51.5398106299765,0.08693087894415943
E02003153,50.352659036738196,-4.085921493576957
E02000942,51.45010873973791,-0.2049756747131421
E02006065,51.22476618036344,-2.97985137494215
E02006623,50.83273152208504,-0.41389663374826474
E02001904,52.461123967921495,-1.8256528095141469
E02006406,51.433961784851974,-0.5044051366315487
E02000052,51.59229900942154,-0.17012451327195582
E02005010,51.37002765809504,1.1304156138987302
E02006655,51.448571050524244,-2.026749643831854
E02003114,51.47769040858131,-2.4978593648681544
E02000100,51.56852537196486,-0.3167113872124367
E02006334,51.33018865797121,-0.37239714311341193
E02000331,51.47465805656099,0.04100471422179513
E02000738,51.52864173889363,0.04272566756384939
E02006051,51.21816120202562,-2.68411867873512
E02004271,50.81398170496184,-2.7345528841430875
E02001834,52.55603726761932,-1.8914785076816532
E02001862,52.50737672839031,-1.9509211281343957
E02000258,51.514983589776406,-0.27131191546413597
E02004146,50.62962863874357,-3.392548490714398
E02000060,51.57753148625733,-0.20818809791471427
E02007110,51.529418355682935,-0.08537599350615165
E02003434,51.47792186068199,-0.6353850835913069
E02007115,51.5272168117084,-0.12196775758967891
E02006782,51.4218160834445,0.017457805149801813
E02007114,51.497226432886166,-0.013669749092037187
E02000616,51.36241706924322,-0.29352810170001203
E02004184,51.07359068270731,-4.040146572554521
E02003044,51.45372977835547,-2.528045529241133
E02004737,50.84755301992666,-1.1940052307608229
E02000623,51.47669832462013,-0.12513993221927444
E02001857,52.51495498685895,-1.8455872659297428
E02004179,51.10561355935603,-4.161178963579046
E02006574,50.732830027826026,-0.7857790545185892
E02005001,51.14087953159642,0.9004037120580467
E02004809,51.25108014589502,-0.762759800399663
E02003359,51.39799540380338,-0.7321403932336455
E02007017,51.57766798791678,0.12311602365316793
E02004247,50.836365040741576,-2.002185561007643
E02004222,51.01967368695983,-4.2117936313610125
E02000725,51.54296035729743,0.0032995603332016676
E02000397,51.605517461539975,-0.1161994247446136
E02003526,50.84813108622328,-1.0547130432634215
E02000549,51.4496924035826,-0.4015411425366773
E02006671,51.07146859035762,-1.7888545637016604
E02001858,52.51415731939719,-1.9256220148859435
E02003216,51.588147079424616,-1.7654259839311852
E02006954,51.5931061555305,-0.251863582748624
E02006939,51.456248012171855,-0.978036784201533
E02003406,51.4191975477478,-0.9639637873275682
E02000866,51.5312573733089,-0.03617237091068847
E02000748,51.513206499824484,0.05113788837622222
E02000673,51.44456245033624,-0.05506624260842834
E02006571,50.83613194219582,-0.8062352308419228
E02000477,51.573551952277114,0.20622537924163234
E02003118,51.4541052768891,-2.4901114443970513
E02001866,52.503307091889724,-1.9117937542717134
E02000227,51.34657174389353,-0.044930530228128394
E02005068,51.324994933286774,0.5418842941888549
E02005014,51.35779020131441,1.0590817889545059
E02003346,51.351213163991844,0.5156042160149424
E02003362,51.39135578198152,-0.7611411535858917
E02001930,52.43364076477023,-1.8903022900492144
E02000842,51.38100608345376,-0.21038331280347025
E02003233,51.55217362454338,-1.8308319661570678
E02004201,50.70926513876487,-3.619363882646624
E02003013,51.50401247252628,-2.5992087745612547
E02006113,51.203904422892876,-3.4755589843824213
E02003075,51.41391419307386,-2.739809359322831
E02006928,51.48112235889113,-0.01744584290116043
E02003220,51.57866942767036,-1.745642137566294
E02006550,50.811334195710614,-0.5287786201664663
E02000139,51.40779814853142,-0.044506123930189344
E02003099,51.534745452127595,-2.419039298329208
E02006664,51.12374145284859,-1.743432546460237
W02000414,51.95304509748881,-3.4455454943076025
E02006587,51.09478668744484,-0.20288741487720074
E02003061,51.409863517651424,-2.626026260077991
E02006421,51.33441102770894,-0.6391665810823673
E02001954,52.39665518941767,-1.9350782171387004
W02000316,51.784789820081684,-3.250582394820851
E02005089,51.39096792653457,0.1749730719857103
E02004785,50.878206718288034,-1.5794246148226527
E02007068,51.5162736729107,-0.5934670538208274
E02000588,51.49586550807287,-0.16206401830657527
E02000351,51.56429904215767,-0.09720278448865394
E02000702,51.407050589793656,-0.14945846606421992
E02003056,51.42442325914217,-2.5926462277098494
E02004369,50.874453388016306,0.5771098286568914
E02000136,51.405334745376386,0.09462288466777624
E02000753,51.60990157098628,0.09958209640054408
E02005045,51.21676487333239,1.377598328337382
E02000319,51.48764646950235,0.08402712019518571
E02000007,51.55579336995835,0.1550391944481304
E02000454,51.58325755739844,-0.3840254236435426
E02000858,51.35557040574905,-0.13184849549705738
E02000520,51.51060707700353,-0.4191084436914727
E02006956,51.55285739828941,-0.27608689820226545
E02003591,50.694111039321434,-1.3009813314031415
E02005036,51.43689510965386,0.21170424016549386
E02003438,51.39768668570046,-0.6492648481973361
E02000541,51.471462088406405,-0.39252471960120416
E02000971,51.5184511879851,-0.16244300925907104
E02000296,51.63895660396755,-0.1337365648844133
E02006341,51.33885217651176,-0.2669838741141956
E02006802,51.498802895460635,-0.10446608861546679
E02000834,51.45883943014903,-0.07042041094824929
E02003352,51.42944576611307,-0.7117022774639425
E02006618,50.94870904033976,-0.13033858079938632
E02001952,52.402085109398044,-1.9610567417557543
E02005064,51.41566818793422,0.45316202324607235
E02003081,51.35550871708345,-2.9463247842831914
E02005131,51.29410599013028,0.9559564895257875
E02000816,51.490781972147936,-0.06459588537673666
E02006849,51.60013867439979,-1.7965874402244186
E02004149,50.7380821021781,-3.527554794381728
E02004691,51.26377051947511,-1.0400798277954544
E02004195,50.35130646131356,-3.590411053035987
E02003368,51.50601518555885,-1.5269630340266067
E02006686,51.3148677488885,-2.227434166711747
E02005164,51.15159128203196,0.2733480187261254
E02006656,51.448301037137945,-2.1038305662324452
E02000160,51.3691350187166,0.006724621381350869
E02004413,50.95299708192781,0.2560225883754879
E02003361,51.396292775769005,-0.748706608326566
E02004831,51.08154710442011,-1.3347554899867191
E02005053,51.12393827182239,1.2999448772966868
E02003210,50.71923520290672,-1.950104921167106
E02000481,51.56653885529266,0.2714673489703579
E02003409,51.52548636231154,-0.6479847594730992
E02000002,51.584149636140445,0.13461743391629444
E02005169,51.13666857996182,0.26571662879026536
E02001938,52.42414921012523,-1.927600425179588
E02000137,51.40651280633861,-0.0024996150855874978
E02000380,51.49867392812678,-0.23048627417905584
E02003328,51.37954497141904,0.5248867332839345
E02007025,51.25199731326053,-1.6244567262879934
E02001838,52.54454654211828,-1.791997997395157
E02000069,51.483062410858516,0.15930414914051527
E02000191,51.522228356614214,-0.1340171214664377
E02006694,51.20053138405338,-2.185751905019371
E02003064,51.405154031694785,-2.596482234191535
E02000669,51.44937243955102,-0.004248319231248726
E02000927,51.46772292507787,-0.1538433646464319
E02005105,51.08715509789662,1.18224520102808
E02004808,51.27795157821083,-0.7465612620798396
E02000554,51.57071194271923,-0.12220728739780407
E02004223,51.013977485864,-4.2068950986434865
E02003022,51.486986959096285,-2.6034487999729063
E02000297,51.63604263741279,-0.07957761181053233
E02003417,51.504566997941524,-0.5838481797208279
E02000628,51.46752361694546,-0.11316450457477707
E02004288,50.560165767490574,-2.4421345845510363
E02003452,51.41262396741854,-0.8140022859385123
E02006368,51.27640058226188,-0.36952180170950605
E02000198,51.40534011787936,-0.09947713188318805
E02000659,51.467325054340456,-0.008028553277915186
E02000956,51.42862305715263,-0.1749196671371766
E02003585,50.72611741767165,-1.2237142253385844
E02000155,51.37895482247249,0.11282810152912863
E02003491,50.86390363679962,-0.13603528250276303
E02004374,50.864335354842915,0.5985035447210296
E02003136,50.39435405551732,-4.056509889082675
E02003429,51.49558674397869,-0.7045375721089447
E02003899,50.409434341906774,-4.229282342441729
E02003183,50.738972675064986,-1.8859790894223698
E02000181,51.543839249263236,-0.18733681804047836
E02005088,51.40017846853014,0.16672836738203908
E02000424,51.581036160165006,-0.1148246523043404
E02003527,50.84928214852169,-1.1078921052449553
E02003901,50.375602801159886,-4.504695618268875
E02003420,51.48474013342471,-0.5268873751977254
E02000885,51.5123864491977,-0.053296848457794976
E02000820,51.48849127791847,-0.10240781001189496
E02003179,50.750094019068136,-1.8351210056801912
E02005013,51.364495278238735,1.0978014076781835
E02006337,51.36347380189676,-0.2475459480530612
E02003072,51.431386980721086,-2.768556366051595
E02003930,50.02913797568411,-5.204521073363038
E02000762,51.58209819778897,0.06447874732829365
E02000223,51.35296294542742,-0.020013910825044202
E02000113,51.548877201178655,-0.2632538561972048
E02000084,51.452493568419875,0.1291325746337128
E02004788,50.8546151947264,-1.772332124002424
E02000699,51.41153799468014,-0.2161890542187232
E02000819,51.489155841988385,-0.07273360525197599
E02003433,51.478453725239355,-0.6514179665885911
E02000036,51.62301000938322,-0.26396250475088756
E02005116,51.434466848323275,0.7591391888086378
E02000153,51.38239200207367,0.008947071255761474
E02004420,50.87441241720216,0.24343501494467842
E02004761,51.25057479820289,-0.9463994819154172
E02004837,51.04784632375199,-1.3435351992584659
E02007065,51.52789046266026,-2.5819227660558854
E02000672,51.44625207794527,-0.023999344795596695
E02003958,50.353027681150024,-4.869785274161918
E02006670,51.074535343529135,-1.810787981516625
E02004410,50.98957280589741,0.14662504340381033
E02000264,51.50904069696627,-0.2847609750886979
E02004802,51.31253421991565,-0.7683432000848666
E02000194,51.41595883317473,-0.0863041233052778
E02005062,51.421364818587584,0.3953489325742615
E02003508,50.833065595436175,-0.11968524523012053
E02006386,51.23434182286929,-0.19492852085198675
E02000345,51.57416235030182,-0.07015638154323654
E02000509,51.53835035554738,-0.4831286727243669
E02006593,51.06423795755624,-0.3261554260904976
E02006992,51.48887587486421,0.004527663125523751
E02004213,50.53561368884328,-3.6373837072457484
E02005170,51.13546917477202,0.27712371857211193
E02005167,51.13800031179562,0.22089285550324367
E02003435,51.47101008912314,-0.6188867033615425
E02000291,51.64622478690548,-0.07323634720094564
E02006679,51.36575287399473,-2.1272318727114903
E02000292,51.64414794960702,-0.06464569999437711
E02004400,50.84587095495604,0.4374188910363006
E02000883,51.51348414016291,-0.014613885750630853
E02006672,51.08446049479147,-1.7758852304609434
E02003421,51.53511399068954,-0.7391256038594081
E02000949,51.44106008215188,-0.16237143945342236
E02000632,51.461373872381955,-0.12555866856593395
E02006086,50.95265808506397,-2.6535007253228655
E02006070,51.13588765369192,-2.9779851263760353
E02007019,51.55971921025841,0.0804491448714298
E02004707,51.01104378797763,-0.9372282167289989
E02000888,51.510977911230626,-0.04768526196473988
E02003173,50.76589841291347,-1.9178278429417317
E02004415,50.94316335120252,0.12204019744324274
W02000336,51.82937548847461,-3.0231808963225584
E02000736,51.53173530032951,0.06383310814314183
E02000860,51.35541156032274,-0.18837073177976604
E02006096,50.878426232357675,-2.955856157304086
E02006359,51.2310409241797,-0.5721849624353921
E02004275,50.734059911434294,-2.7454563706621586
E02003444,51.44298809830335,-0.9233818398633082
E02006590,51.077329499965685,-0.33195943493666014
E02006058,51.1217778821797,-2.7463783194900353
E02004256,51.033779674415975,-2.266082997639997
E02000952,51.436340306463045,-0.152117099258675
E02006111,50.97500285653566,-3.228159417406993
E02000275,51.49904672758956,-0.3763428711196035
E02000718,51.54762768425631,0.0625201972530672
E02000978,51.49995227361909,-0.16320653150969092
E02000436,51.6119030653331,-0.36982866819402427
E02000364,51.544926150640656,-0.06643058521120833
E02000984,53.62218476964471,-2.4342088644612425
E02002327,53.57874683493708,-1.6469927116796677
E02006496,52.3749087854081,-1.2487533228333614
E02002246,53.74664072385353,-1.823939814745426
E02006474,52.49803600695803,-1.5846538742651688
E02006207,53.108699305114435,-2.1797384910405535
E02001408,53.49215082582904,-2.6708867998176364
E02001534,53.51902557556883,-1.3987634432562315
E02006210,53.07241117592889,-1.905194266703983
E02001273,53.421178831693226,-2.319777549645867
E02002179,52.56018796661344,-2.1606178400136566
E02001989,52.40271444471214,-1.5654431863395375
E02002404,53.793048109950185,-1.5220645716959629
E02001467,53.43576730253686,-3.0446335739179964
E02002022,52.475590230306615,-2.1449698476055805
E02001231,53.50309886979712,-2.0286707415623013
E02001129,53.50870785245476,-2.1630509366760715
E02006765,52.0436967594608,-1.878315692262929
E02001218,53.37740810249728,-2.1676209479422885
E02001182,53.4797209240937,-2.348535926011854
E02001456,53.48309998160679,-3.0359749145527446
E02006171,52.99686628475548,-2.2263995266459626
E02001348,53.46709254341805,-2.9529968234161927
E02001610,53.340159606255895,-1.2620635666903506
E02006161,53.05246442701194,-2.2540454487993693
E02002065,52.49855668122905,-1.9793280794127266
E02002029,52.464334608327235,-2.023983347654098
E02002390,53.80677800041924,-1.4673935343971105
E02002045,52.55608667335893,-2.00076230516893
E02006916,53.47096376923552,-2.261098784476055
E02002109,52.38266516377917,-1.83209807031233
E02001577,53.435380571084764,-1.1100730056317991
E02001275,53.41679083622585,-2.4311385819698006
E02002462,53.67734140125365,-1.580720578471432
E02002467,53.66776077558385,-1.4841524764896454
E02002158,52.60728019425074,-2.0675994942623825
E02006477,52.52896358806415,-1.4410728273987308
E02002981,52.974334047700964,-2.1113867240008615
E02002319,53.62242193526151,-1.8704800464041524
E02002214,53.81269113329127,-1.726204038617758
E02001191,53.42743128388901,-2.0940859497363142
E02001106,53.56076067444279,-2.116574964960727
E02001457,53.48365989779845,-2.971652342111361
E02001323,53.48828997518546,-2.5221402364458263
E02006178,52.65543210132497,-2.017390527654699
E02006480,52.52080611770165,-1.492723866800549
E02001251,53.45897121393609,-2.0023581087467934
E02001171,53.50301140475151,-2.320668158452369
E02006718,52.105078902075164,-2.3056371718541935
E02002066,52.49519563318225,-2.000115656069652
E02001099,53.58272572137565,-2.0905972769049876
E02002030,52.461810298480195,-2.1411169375150747
E02002954,53.06284367419181,-2.1634586482976736
E02002056,52.53749227154087,-2.0615563006795696
E02001183,53.47824395647473,-2.360915015232015
E02002271,53.75080839866826,-1.6911548864886372
E02001429,53.673136906697316,-2.954194017223485
E02006468,52.62031053413878,-1.611629050687538
E02001411,53.467136068891115,-2.6778048719119814
E02001092,53.39713516631127,-2.282629567831808
E02006226,52.60457254834887,-1.6667245282264775
E02001075,53.44378471970299,-2.1886521334952405
E02001365,53.42764184344257,-2.95025722580785
E02002176,52.568108985172344,-2.1730437263008633
E02002028,52.464670980341936,-2.1650955768579756
E02001414,53.45834251503352,-2.7763214832480627
E02002326,53.59253506187019,-1.7030256718347794
E02001435,53.63965707821871,-3.0028056750460483
E02006519,52.349502569358464,-1.5816028808194498
E02001197,53.414266914534885,-2.1804673974006645
E02006720,52.046941472325614,-2.2526177963228635
E02002195,53.85307597816275,-1.7700356861804112
E02001591,53.43474054900413,-1.3358528576614457
E02001225,53.365484085194105,-2.1893556404435555
E02001169,53.50474324396472,-2.415824583138243
E02001272,53.42114682054259,-2.304932518182389
E02001969,52.42600560867717,-1.5227982188614502
E02006205,53.121417477075774,-2.151491354684465
E02002431,53.74541526091778,-1.5879698910912976
E02001554,53.53516763589507,-1.1710598598651523
E02006707,52.32982664900885,-2.047258736790469
E02006139,52.81018358728308,-1.6467793527602512
E02002133,52.591539474261616,-1.9711802772512739
E02001026,53.59446790515516,-2.2852034974286735
E02001082,53.43021228010844,-2.2349767017948112
E02002103,52.400561374305845,-1.8309226146213693
E02001104,53.56511806988253,-2.0753128018871494
E02007048,52.445358158113805,-1.353526623860284
E02002377,53.815753369947466,-1.5191610290592599
E02001192,53.42697772561535,-2.1783896615089606
E02002392,53.80379414248646,-1.5622757782120864
E02001337,53.41892105589305,-2.8299041124961968
E02001311,53.515550854485696,-2.4625489283192668
E02006214,52.98544990870836,-1.9871436325144687
E02002263,53.706249256756685,-1.9337486356401064
E02001575,53.47504145999014,-1.078478524383637
E02006165,53.034390085476005,-2.218981327322354
E02002248,53.743120984492556,-1.8889586486462744
E02002170,52.5777855735454,-2.0675305382538207
E02002132,52.59075680588541,-2.0243831320904535
E02001592,53.434521168791335,-1.3984093229094214
E02006729,52.29373894138471,-1.893502719135541
E02006514,52.189360704959974,-1.7207181677020353
E02002222,53.79797863505107,-1.8080811840645352
E02001351,53.45292822100992,-2.9275873814134976
E02006177,52.66351998478702,-2.0263278596096317
E02006175,52.70839674118372,-2.0409489276570647
E02002228,53.78534893682062,-1.7169495446607885
E02001305,53.525121834112106,-2.546622381347777
E02001431,53.658093898438565,-2.979825335444393
E02002346,53.850434342943565,-1.6202494079510033
E02002177,52.56774623032468,-2.098275497836676
E02000986,53.609266938122154,-2.4283105623971406
E02002453,53.69285620689051,-1.418820574923692
E02006701,52.36994204008514,-1.9967308561864439
E02002420,53.768461959878394,-1.559331101461793
E02001481,53.395395555468625,-3.0586854098758605
E02006518,52.05962211423136,-1.6256571600412577
E02002001,52.54458401961847,-2.1181603257041934
E02002151,52.62067326278582,-2.1538079545535727
E02002452,53.69383030434207,-1.3129877154855238
E02001514,53.580911808220584,-1.3788823236357157
E02006215,52.96938933728833,-2.057147792258776
E02002210,53.81457986542054,-1.7459520083632327
E02006698,52.39314400979781,-2.0234431763366896
E02006498,52.36666551398006,-1.2997371159945572
E02001066,53.4575470811327,-2.210859155850038
E02002335,53.89416078282635,-1.4408925819337042
E02001244,53.47605813984093,-2.066996124363087
E02006738,52.203220217540604,-2.1977464492693617
E02006762,52.08644719826247,-1.9622534635922662
E02006776,52.36973442008876,-2.2355651158867613
E02001559,53.52029860777671,-1.169913795262794
E02006742,52.19163883809792,-2.2481534667044767
E02001186,53.42960236864221,-2.4380943323912025
E02002235,53.774179280337535,-1.7493795959622491
E02006947,53.79796898665168,-1.7403312149176915
E02002191,53.86519305493273,-1.923236522062151
E02001962,52.43865676566728,-1.4881769996551786
E02001370,53.42035495307139,-2.95415811332876
E02006472,52.54202294818095,-1.533034612162117
E02001203,53.40304192195943,-2.048313031224758
E02002332,53.91364073671718,-1.6995120231434795
E02001015,53.54599310572352,-2.3963908344223004
E02002956,53.05791089336464,-2.1915573541437836
E02001448,53.506860482029126,-2.9486028654816754
E02001000,53.581648607160545,-2.4081764224083004
E02001134,53.63401266646979,-2.1095006816456676
E02001345,53.36622736452673,-2.8344657730018583
E02001367,53.427276997708134,-2.9020641024767415
E02006699,52.390385494139686,-1.8787752581336732
E02000992,53.59165053094156,-2.579524826654105
E02001222,53.3719444607119,-2.2298554694003956
E02001542,53.59776170478799,-1.0259645061716678
E02002245,53.75223630884526,-1.9065011609800742
E02002320,53.61633188962876,-1.8076075977616293
E02001298,53.542704033944545,-2.604723132565414
E02001291,53.55959211435125,-2.6529163105166496
E02001309,53.52154979844806,-2.503561018360393
E02001536,53.50272164667581,-1.4753981623999939
E02002280,53.71248692257864,-1.6411612410638925
E02002071,52.48634002476326,-2.0433663046580888
E02001068,53.45507376115177,-2.244364444909073
E02002370,53.820355671483924,-1.4450683763652312
E02001476,53.40877499952836,-3.0407574707831024
E02002095,52.42819517069358,-1.7643512713560137
E02001383,53.39744261719819,-2.9689203484084725
E02002190,53.870139658370476,-1.9005821280307227
E02002366,53.82302152199453,-1.5008779977486724
E02001270,53.428701801378075,-2.326732451674476
E02002396,53.80001464865131,-1.6088590959656208
E02001032,53.57027629293678,-2.3384709837474253
E02002481,53.591687954855736,-1.289654113737446
E02002316,53.63308064074662,-1.6972524156425417
E02001339,53.41252452784009,-2.7951717341050033
E02002237,53.770673123143474,-1.7978793722112654
E02001362,53.43384448823694,-2.920565606168504
E02002193,53.85632657680896,-1.91361171595737
E02006710,52.3037207498626,-2.534410932562172
E02001582,53.47114152801571,-1.3511252931760027
E02001495,53.36944872610465,-3.022733016918956
E02002124,52.6087646584916,-1.9201734388382703
E02002142,52.57158638583079,-2.027914401742175
E02000991,53.593319791574494,-2.4533722117522596
E02002178,52.56455253562478,-2.1340516694795535
E02002252,53.73010917406887,-1.9059732107812304
E02002343,53.85597064915953,-1.6847606945136437
E02002331,53.93011627749412,-1.3767914251936506
E02002322,53.60408809807117,-1.9223379610002127
E02001445,53.52493172976991,-2.9490041840956858
E02001531,53.52706258272936,-1.4092013692062788
E02001132,53.64747637556536,-2.097900058208902
E02006531,52.27916624093435,-1.531975706153815
E02006727,52.297897148432675,-1.9151448806825153
E02001488,53.37863387490454,-3.03619819835529
E02006473,52.50468135098684,-1.7136665456122562
E02001138,53.62350887118699,-2.2041404800560374
E02001482,53.391989786594145,-3.0299659701644277
E02002260,53.712366052206576,-1.9071258601388084
E02006948,53.798254674728575,-1.7612277612018412
E02001543,53.58716451371205,-1.190621745338853
E02001257,53.44281227444914,-2.104608890089765
E02001114,53.54395315151953,-2.14484002676394
E02006943,52.492842813342605,-1.9577145988589337
E02006190,52.902256346230864,-2.149395692539961
E02006982,52.59497283963183,-2.2058628639868165
E02001159,53.5278300869276,-2.3928513820038275
E02006745,52.18162633534032,-2.240596385770914
E02002968,53.00986717248539,-2.2050853907931613
E02001975,52.41629310909489,-1.4618539509891137
E02002455,53.68717191683179,-1.2971383045715237
E02006933,53.396671850043944,-2.9841102443794694
E02002122,52.60920833736336,-1.984274121937439
E02001258,53.43890457748405,-2.0747184982048963
E02001228,53.35256409466376,-2.1629275571310185
E02001268,53.44665177757909,-2.365668807397647
E02001508,53.31245847597192,-2.968969269721474
E02000994,53.591866849019425,-2.4390063149801535
E02002955,53.06060194080151,-2.2104953190455685
E02001382,53.400112458780264,-2.8858279482133016
E02002301,53.6595556650578,-1.7899874894408703
E02002052,52.538678447254675,-1.9963001346871694
E02001265,53.449855781590735,-2.393738668796767
E02002298,53.66196247618424,-1.625512737527421
E02002167,52.58233471917974,-2.1856423177818227
E02006213,53.00352126339645,-1.9678840564433944
E02001080,53.43685986844351,-2.215117255258213
E02001587,53.44745880437414,-1.2999415167160377
E02001462,53.463260784779436,-3.0046799881580233
E02006741,52.197987634668365,-2.178261126840838
E02001359,53.4370664896405,-2.8918041266688412
E02001983,52.40877761359726,-1.5487434646314744
E02002187,53.89231373151467,-1.740222033260717
E02002347,53.84886494047906,-1.5510190114149653
E02001981,52.41400862460644,-1.4953194698782553
E02002299,53.66251108944593,-1.774370174196092
E02006488,52.478746602604026,-1.4266018541690093
E02001163,53.518525339317826,-2.3952659199638897
E02002135,52.586435990511944,-2.0008235006734436
E02001235,53.490025936814895,-2.0792915617783905
E02002159,52.60406046594448,-2.112263813994797
E02006767,52.409506123278994,-2.2203158583524343
E02001202,53.40273302926416,-2.1705816325948963
E02001994,52.39253752855318,-1.5045817065050069
E02002457,53.687190459522114,-1.4798133006037333
E02001982,52.41285512886835,-1.5966557034327515
E02001330,53.478128988124624,-2.903272987326958
E02002281,53.710927082798776,-1.6686858094752117
E02002192,53.857216795889116,-1.8261351138665791
E02001489,53.37721428739196,-3.1203145234692564
E02001391,53.386979780172304,-2.8379899567666094
E02006722,52.3137180026229,-1.9063146812099276
E02001558,53.52023472685476,-1.2608132849415765
E02002013,52.50310807035581,-2.179574032817737
E02001022,53.611389931291114,-2.293035164576934
E02006191,52.892085451176115,-2.1314869185916048
E02002410,53.78877954608132,-1.5893349753700599
E02002363,53.82847885906129,-1.5355100465119873
E02001603,53.393155466040646,-1.2591174763096757
E02002254,53.72491596006923,-1.8081643760419719
E02001281,53.39462032928592,-2.328254345030625
E02001483,53.39069940522736,-3.1177869965419642
E02006137,52.82232319153503,-1.6455010744116594
E02001409,53.47263367870397,-2.727043478660107
E02002348,53.84658128134612,-1.6061658526317997
E02006712,52.18250854359311,-2.307623602837032
E02001395,53.38096887724781,-2.9138129629277927
E02001519,53.562657318429316,-1.4369376932583846
E02006135,52.83353525300493,-1.6271939917866525
E02006753,52.23315495411962,-2.2014096915452077
E02002376,53.81535176703136,-1.501725268570242
E02001597,53.42357045292645,-1.195255118118361
E02001396,53.37937619506335,-2.962013746138382
E02002336,53.8863981718289,-1.618500716361171
E02002334,53.8983055788825,-1.3511680136165967
E02002212,53.813943526754734,-1.8114595291222024
E02002127,52.599196326000836,-1.9829282801737635
E02002119,52.61812430601017,-1.953634047344838
E02001405,53.342478923838854,-2.8352507200737596
E02001108,53.552249412418426,-2.092934825258436
E02001465,53.449314187313874,-2.9930836606444906
E02006136,52.83185264612264,-1.8175669026998016
E02001441,53.56318867326777,-3.072688663630096
E02002070,52.488944043564416,-1.9715965890779525
E02006525,52.298887396053495,-1.5304743713756643
E02001185,53.451458658711914,-2.4155031827729947
E02002461,53.68977932104841,-1.3780820181613103
E02001285,53.37598159542006,-2.358874139112016
E02001208,53.393223668311485,-2.1978801022360357
E02001486,53.385020084141885,-3.048606075245683
E02006478,52.52688206908434,-1.5210402057399117
E02006760,52.10559185414795,-1.910192419686345
E02001156,53.538511703879074,-2.1917157661521345
E02002371,53.817469994753566,-1.5304011660657961
E02001219,53.37362442908728,-2.1315367809791264
E02001506,53.32454050816546,-3.090352303968012
E02001398,53.37529317147297,-2.9433939922389385
E02001081,53.43633706021186,-2.279621015521877
E02002962,53.033796789143345,-2.1388747062248017
E02001526,53.54240817871428,-1.4519285359308718
E02002984,52.96609119576087,-2.179747454932655
E02001528,53.53733588663366,-1.3749339826221199
E02006736,52.20797913465963,-2.1763427228053422
E02006733,52.26290156022048,-1.9425274512811899
E02006209,53.09040748531776,-2.036128306028431
E02001151,53.586042790593446,-2.2109829830213195
E02002302,53.655707241475255,-1.7275004054153222
E02001261,53.455267247599906,-2.2998644374439388
E02002288,53.689390885226835,-1.6080386524673778
E02006769,52.39549430630061,-2.232188296948303
E02006120,52.74902745031349,-1.929861514699818
E02001181,53.480065203468946,-2.371035183121627
E02001070,53.45179271063102,-2.2139520170066915
E02001072,53.45071672336689,-2.261500367206928
E02001164,53.5135177346142,-2.3114299829051315
E02000987,53.60163605122224,-2.547710763164825
E02002399,53.797026644353586,-1.5022240327265721
E02001530,53.53176222938594,-1.3061036427102453
E02002952,53.07150835425977,-2.214784924930918
E02002338,53.87166597745025,-1.7106497867190664
E02002349,53.84511208906345,-1.5075642130100153
E02002055,52.538977755796,-2.0135381154789522
E02006201,52.78805143978242,-2.077772188440691
E02006486,52.48453726391409,-1.481372292351487
E02001237,53.488425040513235,-2.0382748388210645
E02001021,53.620653254246,-2.337520921398024
E02001426,53.419718908550415,-2.769179129113689
E02002273,53.73097502123222,-1.7438545472018414
E02006751,52.263276248814186,-2.158119756654481
E02001187,53.44509488975413,-2.1545186119545243
E02001290,53.57159514320228,-2.591903901633424
E02001455,53.48547114893825,-2.9525131517106127
E02002393,53.80390974790975,-1.5244691430016448
E02002476,53.62839597543362,-1.3746812574742917
E02002296,53.673772963872885,-1.6962347952230232
E02001111,53.54783839373018,-2.1130611763856906
E02002183,53.94243752648214,-1.8799360463432775
E02002475,53.64036686569178,-1.4731753308455802
E02001282,53.394300788507806,-2.347468669270602
E02006481,52.51920396853245,-1.5133334808790024
E02002341,53.8584650842723,-1.5541714433334286
E02001065,53.46425192800674,-2.161865088888978
E02002980,52.97392776467072,-2.19475748296178
E02006153,52.67620056176634,-1.756834733821684
E02001113,53.54644723609687,-2.127960946260467
E02006119,52.76151532902571,-1.9431829297416137
E02001373,53.41697903453175,-2.918764067873594
E02001215,53.38744540163736,-2.062698345812798
E02001402,53.361859085494345,-2.916080118047328
E02001145,53.60858357287432,-2.1028986718511957
E02007049,52.395946661320885,-1.23581807141873
E02002232,53.77759115383046,-1.7865330895620863
E02001556,53.52941191570103,-1.0987746229992916
E02001573,53.479650973877746,-1.2391024743133447
E02006962,53.474272643443555,-2.2676821733230472
E02002243,53.739858728423656,-1.767593214176767
E02001010,53.554894665613695,-2.4015553029792374
E02002270,53.673104437836535,-1.9424569256211088
E02002257,53.71813293975048,-1.8841483495895537
E02006121,52.720388917947176,-2.014651083300398
E02001289,53.572574051641,-2.6926511355083798
E02006875,53.79956983839249,-1.5458174144145735
E02001180,53.48694931614198,-2.2835342898045674
E02001259,53.461037832502335,-2.2653814276237685
E02002353,53.84097093745673,-1.5176588805345288
E02002042,52.44204093638219,-2.0748342138898948
E02001283,53.39024089295919,-2.364451741174522
E02001438,53.61932582492659,-3.0140261663684305
E02001048,53.52209371267197,-2.2420243844305747
E02002471,53.64412064758844,-1.3353182461077642
E02001133,53.6452918262879,-2.119931475153279
E02002339,53.866349818414015,-1.6929042931145575
E02001188,53.443764228657635,-2.1650982368840292
E02006523,52.31409634459024,-1.5070856166172368
E02001480,53.395299687460465,-3.1756723820479493
E02002073,52.48545640584496,-1.9851282070192402
E02006150,52.68521043029105,-1.8112880502291941
E02002194,53.85423481326973,-1.9288516799013866
E02001586,53.45206216835142,-1.3772437759113685
E02001357,53.44272126305225,-2.9318836246995503
E02006696,52.42005692991209,-2.1424298055614437
E02001604,53.38551656593518,-1.3597594864329348
E02001527,53.54187424413575,-1.5208327000732624
E02001064,53.46323994973742,-2.193508937799285
E02002279,53.71320236690231,-1.6884426179372638
E02002434,53.73584024129114,-1.5225651775995808
E02000989,53.59964543237151,-2.3880742996465
E02002105,52.39008846684952,-1.6499897837231206
E02001503,53.335000805650246,-3.1010003967662776
E02002470,53.652729161346095,-1.4855714728542009
E02006163,53.038203235958015,-2.2352283038803207
E02001312,53.51057969176477,-2.582933953192956
E02002394,53.804819203421346,-1.508625396726029
E02001418,53.45243822507125,-2.6462755739583312
E02002069,52.48909727072843,-2.0311128557538205
E02001584,53.46091784916848,-1.4313594567281733
E02002024,52.47372966907418,-2.1006125887016864
E02001009,53.55973506541102,-2.4594492936938783
E02001149,53.59157137848937,-2.2252572495052236
E02002205,53.82967996584343,-1.9478181567276205
E02001168,53.50584978413604,-2.335234329096541
E02002000,52.54589770183955,-2.079609851946275
E02001089,53.40951971463261,-2.223065707906016
E02001510,53.5957137466051,-1.4464285745205976
E02001136,53.631792195055695,-2.162669155396462
E02006140,52.80682833995348,-1.6023777020045449
E02001517,53.565086040319805,-1.456304860237435
E02002211,53.81424927042431,-1.7893687973505008
E02002344,53.8536449448193,-1.524831526020135
E02001557,53.52615779835537,-1.1177996132751136
E02001166,53.51235183761324,-2.254971703575153
E02002446,53.70816840518906,-1.4293557086354212
E02006777,52.37249667720598,-2.332426235336866
E02002035,52.45292446195756,-2.020909903133411
E02001003,53.571918758715185,-2.4803514347589193
E02002264,53.70518779689811,-1.8630707218320433
E02001561,53.51134867942331,-1.1483332058853688
E02001020,53.628781715413595,-2.3322898806409884
E02001609,53.352539410040386,-1.2163103455686737
E02001568,53.49748742799568,-1.2716749710463746
E02001995,52.39716526948589,-1.4846547974004778
E02006164,53.03817688306133,-2.2513427407740356
E02002010,52.51006405508908,-2.0957073738313903
E02001190,53.4297871926006,-2.1344914527854635
E02002206,53.82486133657093,-1.747806307170589
E02002478,53.616853834919276,-1.2743579637588935
E02006740,52.19929380278435,-2.2230294499447827
E02001574,53.47490893596869,-1.060633960417214
E02001509,53.59979870355878,-1.4590198701513917
E02001369,53.41990882436168,-2.9711610626506966
E02002036,52.45153193184463,-2.11236453679317
E02002976,52.98416856798589,-2.1594490981207177
E02001029,53.58463011938727,-2.2947129290308648
E02002218,53.80472666379701,-1.825798059757522
E02002305,53.6500848223674,-1.7604213567534661
E02001297,53.54396084107195,-2.685167970171291
E02002249,53.73745472729266,-1.8783913484618933
E02001074,53.44565659263231,-2.2431400635985357
E02001434,53.64442645565061,-2.9812074911073023
E02002168,52.57952781321861,-2.14074162339198
E02001008,53.56127718829367,-2.4369469310912635
E02001605,53.37678611164501,-1.219451635266116
E02001385,53.39431160701695,-2.9512118395170543
E02001206,53.395493564164255,-2.0722797817593084
E02001325,53.475084328421964,-2.5778031280535987
E02002329,53.57021909380411,-1.7692503326316797
E02006500,52.362608611648305,-1.2636333846534837
E02001274,53.41940612846712,-2.3448073645514746
E02001319,53.49821113219283,-2.5392192268002076
E02002379,53.813913962883866,-1.4662818058236613
E02002351,53.84133383774317,-1.4463454683976957
E02006775,52.371270980881015,-2.2670450324959615
E02001997,52.38217384371595,-1.509536149664983
E02002130,52.59771526381814,-2.008010482293833
E02002973,52.991547171323,-2.2018418269205036
E02002128,52.59948609381962,-2.0339208326505975
E02000999,53.583031221776785,-2.4340724587400624
E02001460,53.47005787168501,-3.015392508251068
E02002429,53.75076312584347,-1.4918598598159354
E02006515,52.16776174489942,-1.8567189566460842
E02001520,53.559445478814105,-1.5095472991315086
E02002090,52.45092271999204,-1.7970220452154602
E02001073,53.445534996808156,-2.2788442645870655
E02001436,53.633959961962546,-2.9874012091628175
E02001999,52.38261900024608,-1.5511818545843978
E02002114,52.62448696121978,-1.9701574152936345
E02002006,52.52280650386109,-2.120267012560661
E02006702,52.36479735065742,-2.0559717565469877
E02001389,53.388534004127024,-2.953013322544644
E02001105,53.56255217176372,-2.1309962574305485
E02006915,53.50178273322663,-2.245839278659772
E02002979,52.97964691489751,-2.126700209107576
E02002359,53.830176132564816,-1.3899885979307027
E02006902,53.48672770574418,-2.2345685557950876
E02001247,53.46846800450551,-2.1177411739611585
E02001299,53.53514537159243,-2.576831960682998
E02001497,53.361771019454494,-2.9996386042045784
E02006134,52.84287769371436,-1.6651979206262886
E02006522,52.32835691478928,-1.6991954425811955
E02001403,53.35636050803842,-2.899722675980186
E02002215,53.807595406079535,-1.7875007574226223
E02001196,53.41553119902558,-2.080136691613013
E02002057,52.52689249812746,-2.063678226815052
E02006945,53.89933490837682,-1.9524853672174456
E02001069,53.45332850686971,-2.231550281188905
E02001442,53.5606723493155,-3.05877947805323
E02006754,52.20972337278771,-2.1070560195888937
E02001425,53.430002527565634,-2.715228625551958
E02002284,53.70179057909338,-1.6112745742866912
E02001972,52.42401897395704,-1.4963918952810693
E02001419,53.452604961237576,-2.7212495995290613
E02001195,53.420659202166746,-2.1155239184466055
E02002407,53.79150693537813,-1.6096139496591777
E02002041,52.44196626769553,-2.12200868914368
E02002414,53.77962921941546,-1.5490881979412723
E02002123,52.609509348022506,-2.0374372668851257
E02006530,52.27707300760354,-1.5605397716960845
E02001451,53.49127413129187,-2.9761759148643443
E02001593,53.431304845806245,-1.3793207369700267
E02006731,52.284567030554705,-1.938376844367012
E02002293,53.680443498295496,-1.6649778187933073
E02001978,52.41614056328293,-1.4747203492010124
E02006501,52.36096285736118,-1.2225020507515905
E02001101,53.57461074010057,-2.1316065351465086
E02002032,52.45809752469164,-2.083034804099157
E02002198,53.84545935081279,-1.765304562301412
E02001578,53.50711603977712,-1.367334147787451
E02002256,53.72017796259693,-2.104672421905598
E02001535,53.51198594217414,-1.5889423178393267
E02006778,52.350153680191745,-2.286313489517297
E02001043,53.521742665566116,-2.2890277156989054
E02002454,53.687647058016815,-1.4945226981875266
E02006471,52.563482363072545,-1.685607899036957
E02006494,52.37868262247716,-1.2627665432021107
E02001965,52.433493014154614,-1.4458225082488498
E02001229,53.51822876275752,-2.0403522430486976
E02001502,53.3495126548458,-2.9927709755496372
E02006173,52.92619718907836,-2.3755151317787653
E02002373,53.818950267154804,-1.582253530820057
E02002424,53.75420698830266,-1.6106969414559593
E02006224,52.61235119194969,-1.649867212812305
E02002153,52.615591159927455,-2.0598957311479125
E02002203,53.83056907760176,-1.760149396843674
E02002469,53.6566546222557,-1.426183638410508
E02001322,53.48908022529897,-2.64345787208934
E02001055,53.49902752678131,-2.1786703686747875
E02001404,53.34644011541888,-2.862989957435373
E02001226,53.36615176562062,-2.219956443353167
E02002020,52.484062770431024,-2.158238988137869
E02006166,53.025005059959184,-2.2181945432516206
E02002459,53.68480021837641,-1.527243954314324
E02002076,52.476835134606645,-1.9743841170565455
E02006187,52.452940652214835,-2.2297150774724095
E02001044,53.52170101542784,-2.2632547330679147
E02002463,53.67484132174569,-1.5331033502950773
E02002403,53.79290080694111,-1.3877396520558627
E02006160,53.08240384345274,-2.2565907202905966
E02001162,53.518876210570234,-2.3424444633226376
E02002238,53.76758975836342,-1.7658830662351548
E02001354,53.447471558199226,-2.9420071399481875
E02002456,53.686840917180305,-1.513099629735778
E02000997,53.58562601700737,-2.5221387270514586
E02001117,53.538423072685134,-2.005533700480762
E02001150,53.59125828265028,-2.2423264495129986
E02001094,53.385548365698114,-2.2659247911665874
E02002051,52.540887605279785,-2.0456330361185198
E02001331,53.471461865664565,-2.8740671004953433
E02006156,52.620196858367564,-1.8616800801015252
E02002181,52.55433250749091,-2.063973370130598
E02006168,53.01425436869374,-2.224319536607261
E02001288,53.58463615209327,-2.65551394038201
E02001450,53.492346679641535,-3.0367655015639397
E02001173,53.4969644101038,-2.2821800845819955
E02001353,53.451416994376984,-2.881340980298115
E02001959,52.446997625284695,-1.5197212122061643
E02001961,52.43858062773666,-1.4759456189456635
E02002274,53.73037956355886,-1.688723501448615
E02006482,52.512602466900454,-1.4864725368426444
E02002415,53.77420563943843,-1.550240215218201
E02001110,53.55067769367553,-2.027949623628928
E02006876,53.78138159009094,-1.5287843625411417
E02001507,53.316677082551806,-2.9826304491598585
E02002384,53.809217257031364,-1.545682494948045
E02006520,52.34962391207745,-1.562930788296115
E02002957,53.05411063664761,-2.1395318185604517
E02006118,52.76646865396849,-1.9509571043429565
E02002046,52.55193465660055,-1.9908517754814559
E02006961,53.47554945658485,-2.282105213023004
E02001576,53.44080788336298,-1.0194511043384618
E02002374,53.81676525167467,-1.5954974796953127
E02006155,52.67496434067775,-1.9255421687067624
E02001341,53.406687883386674,-2.828681006036393
E02001491,53.37469341177802,-3.0858549210761432
E02002180,52.55696509750474,-2.1110099362002637
E02006499,52.36590924437308,-1.2427201348051726
E02002969,52.999865318831006,-2.1889156892282724
E02006739,52.200506788168575,-2.243296367910126
E02002040,52.44419017197234,-2.153463397105491
E02001277,53.408966086390926,-2.360455717309727
E02002217,53.80553146972274,-1.7357844910127154
E02001296,53.54415222134044,-2.667925464923927
E02006497,52.372439793463045,-1.2752271690403787
E02001464,53.45933079595969,-2.9961795381129157
E02001286,53.37048134121,-2.316045024690792
E02006747,52.17018258165989,-2.206435801379758
E02001494,53.37002675619099,-3.1614982971779004
E02002011,52.50514504609007,-2.1661778196983956
E02002357,53.83727193317126,-1.6286354071416071
E02001566,53.50014679716134,-1.1442011747497876
E02002250,53.73084723611126,-1.974964097519331
E02001239,53.48511037883719,-2.150516536277048
E02002099,52.41342775358769,-1.7931861240474398
E02001540,53.61656374092244,-1.1584702257308181
E02006487,52.48254499913363,-1.4721493149866238
E02001223,53.3689445737892,-2.155635252405081
E02002275,53.72433854834365,-1.7183306617744194
E02001236,53.489493844378295,-2.0599411883232785
E02001091,53.40357324676819,-2.304120124966151
E02006917,53.47379025603587,-2.252129035927496
E02002421,53.76643830328078,-1.530252581002266
E02001390,53.38757706362292,-2.9673286389106868
E02002386,53.80818025259838,-1.4429150736402827
E02006748,52.30189246721242,-2.1689583395484062
E02006167,53.016116337342815,-2.2424316515335168
E02002369,53.821425116514185,-1.4815400160711922
E02001977,52.41713542793353,-1.5166876568184806
E02006169,53.0134968772057,-2.2761696030205782
E02001360,53.43647962529796,-2.978762125321519
E02002465,53.67125217737073,-1.515645587714
E02002287,53.6960978351108,-1.6381854694274391
E02001013,53.55202756357515,-2.472037907151471
E02002444,53.71089764026091,-1.4759096601897979
E02006746,52.18024843760492,-2.2094765251107304
E02002450,53.70103090865651,-1.4060076096247238
E02001985,52.40573283396623,-1.4930620935988317
E02002137,52.58151748566363,-1.8854302615912282
E02002131,52.59680103743487,-1.920352799701332
E02001271,53.42821801314418,-2.3499450056274185
E02001469,53.42529822813963,-3.0656611910610083
E02001326,53.473566189333226,-2.5580910504229775
E02002356,53.834207535792146,-1.6507119784588067
E02001112,53.54707846858459,-2.1623604450249605
E02002324,53.59291692989794,-1.6494587959086815
E02001177,53.487951339984605,-2.313231677961685
E02002352,53.841477789751494,-1.5313485004544105
E02006704,52.35251556456119,-1.962399923134806
E02007000,53.53428667441972,-2.1347616512792813
E02002002,52.54158995088135,-2.130780160155149
E02002977,52.98297240587693,-2.1448639388075916
E02001406,53.50353890438808,-2.786222471872363
E02001512,53.58732957235898,-1.5049833778977593
E02006986,53.44826236409834,-2.1857081100820497
E02001194,53.4213114992253,-2.1917657560672517
E02001523,53.54697284418815,-1.44389119915631
E02001421,53.4500967342334,-2.7601483419438706
E02006194,52.81955532072093,-2.1334054891359506
E02006158,53.09197518469004,-2.2185623185057186
E02001280,53.39476566609044,-2.31081044508717
E02002328,53.569866854053174,-1.8026603923179567
E02001358,53.4411888747633,-2.9690977911723717
E02001063,53.464555365804465,-2.2449774238913744
E02006957,53.506101146202994,-2.254383005511584
E02001276,53.41531289616831,-2.298112606915317
E02002184,53.92601764984627,-1.816994980623663
E02001143,53.60939551449265,-2.13927693786818
E02001240,53.48380146436182,-2.1644274977890303
E02006476,52.53188486875272,-1.5046892286427749
E02001006,53.56374678275005,-2.447780537607097
E02001393,53.383878905053685,-2.8897036218606753
E02001366,53.42684029151349,-2.9310677597412
E02002147,52.562163990174405,-2.0478902669034023
E02006755,52.21095247176212,-1.9807321242446412
E02006128,52.69095611213534,-2.035797408312829
E02001300,53.5351752111045,-2.6717018946738214
E02001316,53.50099628692652,-2.5187960248177754
E02006714,52.14373825138614,-2.2570229713529684
E02001241,53.48389626501093,-2.1063385724537276
E02001049,53.51670947080543,-2.1707370415518876
E02002427,53.7520756810819,-1.4796454515154243
E02001537,53.50219329453491,-1.4235575969700927
E02002043,52.5613878555031,-2.0153986421453154
E02002148,52.55824371951092,-1.9093302848075624
E02001205,53.40038390400752,-2.144166264351083
E02006206,53.113267960602826,-2.171574867423772
E02002435,53.736990990046365,-1.6056780511508502
E02001045,53.53404712277928,-2.2274856565364174
E02001097,53.37329748611822,-2.2661023483201435
E02001539,53.63034320528622,-0.9494944283602565
E02006756,52.157248617759045,-2.169537486692959
E02001570,53.48788710836629,-1.2448497495491146
E02001420,53.44973883096881,-2.624220618740962
E02001245,53.47601613771527,-2.0904943836396312
E02001200,53.408947683239674,-2.1551825520275973
E02002362,53.82897852138982,-1.6120023079458667
E02001118,53.53783961908997,-2.0550537854373854
E02006852,53.82946791220163,-1.5838623076693115
E02002368,53.822670362335906,-1.6803068158598007
E02006527,52.29223457091981,-1.5473933860192581
E02002473,53.644391859912965,-1.5290138435729457
E02001501,53.349726091658255,-3.0184511772542475
E02001293,53.55570150089603,-2.603691217988624
E02001400,53.365608982383655,-2.89358378941901
E02001581,53.478258136936674,-1.3136140564972787
E02001525,53.54471427545726,-1.4740602124727205
E02002380,53.81486912000247,-1.6401903350300082
E02001128,53.51516080679735,-2.143937722524938
E02002983,52.96698050247605,-2.0988683912690376
E02002468,53.659985534848296,-1.5487448462667135
E02006810,52.54335535019707,-1.9760691549420129
E02006805,52.44498678326563,-1.5067301327541522
E02001148,53.59260275475541,-2.1800247325543465
E02002959,53.04469548350817,-2.200630589191958
E02001093,53.39116622658337,-2.257314375122917
E02006960,53.4865392807223,-2.265218144121596
E02002409,53.79350964633969,-1.6240777549203622
E02006774,52.381572656821724,-2.2628051696660383
E02006725,52.3041530586371,-1.8918597650553794
E02001541,53.61128502190863,-0.9599657554306039
E02002361,53.82907807669051,-1.5171174319302914
E02002234,53.77548325610283,-1.7089702638851179
E02001963,52.43807366726197,-1.5284377843639578
E02001254,53.451825090970885,-2.103415133240875
E02001470,53.42544455762244,-3.053653685034761
E02006222,52.620749264199034,-1.679031062267064
E02001135,53.63378483802206,-2.133776696142216
E02006189,52.94318170372156,-2.1744956400500444
E02002395,53.80305589607392,-1.6913444620145481
E02001449,53.498337556962355,-3.008090079144847
E02002213,53.81282601362873,-1.8970818582192992
E02002310,53.64223800254579,-1.7473847945483352
E02002077,52.47389154976024,-2.065467000897962
E02002169,52.57863544055382,-2.1640902507422246
E02001018,53.53657485660803,-2.5264390871045452
E02006142,52.796534296229,-1.6111389587166063
E02002967,53.01180342962745,-2.126511136583624
E02002162,52.59682363727349,-2.17867767322348
E02002323,53.60076416890238,-1.7929236591454278
E02002108,52.37749126888994,-1.7572775833664813
E02001295,53.54692405314246,-2.61917600682397
E02006517,52.12033164923831,-1.7120758874779904
E02001485,53.3851995762296,-3.081630738882041
E02001598,53.42176401340234,-1.320825351708647
E02006181,52.627206592887426,-2.1836867133103066
E02002185,53.912641134970094,-1.7515990034977655
E02006204,53.112877782744164,-2.0109449188532347
E02006532,52.26118046409158,-1.5763520109817328
E02001214,53.387604099561386,-2.221736259930891
E02001463,53.46316121429625,-2.9773943378220697
E02001412,53.46330820541062,-2.7561387538231066
E02002005,52.52276403102969,-2.089259099144645
E02002225,53.7922853173829,-1.8472678658551662
E02002038,52.446969125251286,-2.0558531982900354
E02006192,52.864429123213874,-2.248812721793623
E02000988,53.60075761952582,-2.434915070852143
E02001100,53.57696611480022,-2.093169396509303
E02001301,53.534984243872245,-2.6489360688682106
E02001124,53.52759122388524,-2.141012261514484
E02002140,52.57433374899579,-2.0030652835995997
E02001364,53.42878443437602,-2.962876454807895
E02006524,52.30092139487968,-1.5162807311423434
E02006768,52.39868247570971,-2.2639729445531356
E02001179,53.48640453730717,-2.296562512795613
E02002174,52.57004392625898,-2.1523138156568358
E02001040,53.541711933538075,-2.2747122273907765
E02002143,52.572712213161495,-1.9855566647787273
E02001532,53.52284786259546,-1.6314189997951365
E02006220,52.63183294991224,-1.6721074877131226
E02001352,53.452719811005885,-2.96304255310158
E02001318,53.49958707171261,-2.648238539048941
E02002350,53.84468292900016,-1.642247862516264
E02001234,53.49811650274057,-2.0908821216109916
E02001321,53.49005962574006,-2.626012460700547
E02002086,52.481144081692996,-1.7388083908474035
E02002272,53.73496582420561,-1.6566173482675606
E02002247,53.744092300506914,-2.016756115239811
E02001422,53.446067903588684,-2.6927205399243666
E02002102,52.40248327671395,-1.8094524495331876
E02006131,52.95356609410561,-1.8470671469186561
E02002067,52.49163080998744,-2.060503279700005
E02001086,53.42301308863304,-2.259660152024081
E02002226,53.787834083264634,-1.7757356077437492
E02001375,53.41472597564879,-2.908691198016513
E02001017,53.541124912445895,-2.372433466004849
E02001368,53.42394748044807,-2.9851407381633237
E02002196,53.84793498137422,-1.950424647079709
E02002259,53.713797466482376,-1.8751876307696067
E02001077,53.43943143125942,-2.26991925233859
E02002382,53.81149939532801,-1.5120139608454564
E02001363,53.43073020489545,-2.8769801563016677
E02006763,52.08997283462384,-1.9310012660821432
E02001278,53.40770281532631,-2.3418390151132926
E02001595,53.42742694823387,-1.2198771006669162
E02002436,53.725849979381174,-1.5475427462021718
E02001579,53.49778982583316,-1.343101570459217
E02001415,53.45872231208089,-2.63820802632564
E02002432,53.740678201851345,-1.3957962589053996
E02002021,52.48233332724383,-2.1258291465131323
E02001377,53.40567574530592,-2.9573783312320083
E02001053,53.50638180989264,-2.2080717317867498
E02001417,53.452934174356436,-2.7473868022585535
E02001307,53.522113049826125,-2.6683893761708384
E02006708,52.32266534832922,-2.068150886542125
E02002333,53.90303241320381,-1.6942382183420135
E02001511,53.59003419295667,-1.4096506238620365
E02002230,53.78061139545323,-1.7579798258106392
E02002318,53.628712048765856,-1.7872084320683816
E02002125,52.60772727195762,-1.955049421725915
E02002443,53.71505781444585,-1.4907028753524834
E02001347,53.468287352052954,-2.926443874570525
E02006935,53.43474805785434,-2.747263378587531
E02006984,53.480232255664326,-2.2186216491642434
E02001005,53.563552498198995,-2.421911418998464
E02001493,53.37277744652807,-3.013048134613406
E02001596,53.426677450573926,-1.279727758243599
E02002291,53.683867593488635,-1.7037193881952566
E02002037,52.45029533869139,-2.165986017109411
E02001505,53.329791635860886,-2.982517162644724
E02000990,53.59392654505398,-2.5401678211261767
E02001038,53.547743474152504,-2.2916763259321065
E02001034,53.5628651026582,-2.3353835634175666
E02001102,53.56888825084968,-2.1088670201662376
E02006932,53.40657982470106,-2.9781176751158367
E02001076,53.44281754416185,-2.217681389758099
E02001090,53.406137637569536,-2.2578436667105235
E02001350,53.45292971296307,-2.902449030070122
E02001567,53.49980000291247,-1.162542597873143
E02001545,53.56618057124754,-1.06750303968726
E02002387,53.80897585025293,-1.634434825435806
E02002231,53.78005517934658,-1.8011359703119691
E02002150,52.623984013542206,-2.134921392217291
E02001146,53.60685024466168,-2.1559738839744975
E02001213,53.38781380413457,-2.1401799595197932
E02006217,52.64624486146078,-1.6992894498258564
E02002188,53.8768900075899,-1.8754073816419405
E02001046,53.52696386274428,-2.212532749098715
E02001594,53.429408046190765,-1.350217988411651
E02001990,52.40186326327022,-1.4466250917173478
E02001433,53.6484664370416,-2.968455887319809
E02002345,53.85203385884332,-1.5872257369040228
E02001176,53.48955081180565,-2.3429127027706156
E02002951,53.078864212603264,-2.1958881175565694
E02001453,53.48750628814632,-3.0162986943758283
E02001564,53.50182413177693,-1.018165521046715
E02006148,52.68619429831622,-1.908002368839143
E02001139,53.622500635913184,-2.1442669364140996
E02006170,53.003245672516854,-2.341151839645104
E02001335,53.42408497582214,-2.7886382745701788
E02001437,53.63291963691154,-3.018553419953461
E02001340,53.411043491863055,-2.8774307080977017
E02002074,52.481432598767384,-1.9969583135441598
E02002412,53.78120051420129,-1.601120743394731
E02001992,52.39426825719268,-1.4609553672393019
E02001035,53.56013699266285,-2.2812586040293463
E02002297,53.66483156372135,-1.7979555461074468
E02006193,52.830201289300255,-2.128948749486368
E02006779,52.341072593854854,-2.273712332089288
E02002294,53.67589809520055,-1.631281506811694
E02006703,52.353797383428564,-2.0428220604357916
E02001123,53.529757272184376,-2.08184479309699
E02002482,53.59125333845887,-1.325414805383586
E02001996,52.38611493338903,-1.4640588581233067
E02002974,52.99149624376755,-2.097996947321116
E02001248,53.46148153400251,-2.0761773459454407
E02006479,52.52360562533253,-1.4760607209820475
E02006176,52.69335302677932,-2.2023994911931415
E02001047,53.524316963518935,-2.186247439064298
E02002112,52.633345724154495,-1.9709379075836013
E02001548,53.55326108330893,-1.1460467208086635
E02006179,52.64825809040972,-2.11275976147408
E02001264,53.450906843778455,-2.3240809035710064
E02001269,53.447677962808555,-2.304957300436576
E02002411,53.78348514099625,-1.5598239983906819
E02001553,53.538098834571954,-1.1036827259020778
E02001336,53.423661453710096,-2.841892028357519
E02001607,53.36425478057484,-1.3108488322427252
E02002466,53.6691530892746,-1.5650574526147822
E02002308,53.64787816810457,-1.8342076720652845
E02002964,53.021364699960074,-2.1420324449949035
E02002342,53.858408708936125,-1.6203067324758442
E02002208,53.82278138241197,-1.7264133280635023
E02006526,52.293670903276364,-1.577382483438492
E02002094,52.42987789451206,-1.8011639173061726
E02006758,52.109659000964434,-1.8549734432454035
E02002255,53.723954531918395,-1.8756941119441772
E02001198,53.41430495247915,-2.104836795752613
E02002426,53.753913205092715,-1.4520843380937987
E02002144,52.57066403022525,-1.9486170043196338
E02001116,53.540684357632024,-2.086934316408624
E02006188,52.95714700632865,-2.0944075406098266
E02006490,52.47289819010897,-1.5025550274571462
E02006983,53.48752734773938,-2.217021963470072
E02006750,52.26525908502602,-2.141669275318219
E02006200,52.78935612699367,-2.129080434990942
E02002018,52.489927442028446,-2.1674591343986336
E02002397,53.79975035662507,-1.647662334926714
E02001028,53.59005672860397,-2.330689091649521
E02002015,52.49836604186996,-2.145347604048498
E02002312,53.637784217195495,-1.774841675529556
E02002321,53.614788687996864,-1.7086953129528781
E02006732,52.28239219085846,-1.9507023597046764
E02006959,53.48640080959356,-2.2526626558160867
E02006475,52.53687749426277,-1.4607574520180904
E02001387,53.390596311910585,-2.9048911135343136
E02001096,53.37766589370201,-2.2496406613958264
E02001127,53.51847867320619,-2.1269130557257507
E02002448,53.70550691932886,-1.2646921383847833
E02002958,53.04852955087907,-2.1702568043943566
E02002087,52.47920375727736,-1.7524751010411224
E02002440,53.721101837116976,-1.3204996356499168
E02006138,52.81871658642975,-1.634306081462035
E02002441,53.71817256873655,-1.368003985855657
E02002113,52.63290643435667,-1.9271095656596717
E02002358,53.8339024539913,-1.4567604035831225
E02006757,52.11776503924034,-2.0296861739957373
E02001966,52.43252312448638,-1.499831144618522
E02001313,53.510685856027344,-2.5280977911641895
E02006521,52.3371245495929,-1.5766624445751123
E02001394,53.38133668002145,-2.9330953282859933
E02002053,52.54041587760811,-1.9364221602611622
E02002129,52.59936684001017,-2.045344830597266
E02006225,52.60634879032125,-1.6836635984318453
E02006716,52.11586766190264,-2.306434238603813
E02002017,52.489836902277176,-2.07703712412005
E02001230,53.506490057288545,-2.090109454873326
E02002276,53.72191453999746,-1.6524456668558622
E02001399,53.369053770070536,-2.9114673751762665
E02001479,53.40064181657218,-3.142403149991152
E02002039,52.44710379161551,-2.133512093812775
E02001317,53.49980514774761,-2.500605726097127
E02002982,52.9713679853761,-2.1596590652135075
E02001468,53.4274939594684,-3.0381087970049916
E02002078,52.47095521381277,-1.9926355468333157
E02006504,52.32887298924389,-1.8477835778008722
E02001602,53.404968213731664,-1.3694883795230175
E02001252,53.45346556667723,-2.146998355399969
E02002354,53.838610395809255,-1.5468461467114576
E02001496,53.36902917245954,-3.050177537567819
E02001423,53.436212514242676,-2.7783545464383517
E02001979,52.41551439803566,-1.5574120541211753
E02001378,53.40490767828605,-2.9135313510386394
E02006715,52.12919225346813,-2.332349115666908
E02006508,52.22696784196028,-1.4278882584536483
E02002083,52.50534110384788,-1.7640628498582624
E02001342,53.40700346133655,-2.8481916462116743
E02002023,52.47525197695406,-2.1663056175975175
E02001524,53.54626572721436,-1.5717739141274385
E02002258,53.7194624987033,-1.7794940719102958
E02000985,53.610632584904266,-2.4080373520095533
E02001546,53.57222995856191,-0.999084496643332
E02006180,52.629514280599686,-2.0587812957831058
E02002437,53.724319011187866,-1.5724812361961218
E02002034,52.455785096359804,-2.152833551529812
E02006218,52.638102696298475,-1.7006895200180923
E02002117,52.62126890643433,-2.0097195879210688
E02002236,53.770627801379824,-1.7779795462787849
E02002286,53.69842146647605,-1.6546342040870747
E02006726,52.29916818819287,-1.9414492263885308
E02002134,52.58937867118819,-2.056158255890454
E02001079,53.43743395536621,-2.237216097079912
E02001155,53.548667804561724,-2.2055542789680698
E02002364,53.82532850294435,-1.4667087525288793
E02001304,53.530858445706656,-2.709015530659416
E02006202,52.78542279836953,-2.2558675983855383
E02001428,53.41128889181047,-2.7615798100249327
E02006533,52.26697528398343,-1.5255425166055125
E02006752,52.25288831580457,-2.1511347900109636
E02002479,53.61060603660572,-1.352438787988123
E02001085,53.4268582528089,-2.206614124473323
E02006513,52.186384770509214,-1.6884728660727901
E02001001,53.577778912468624,-2.460715332476511
E02001968,52.430613580018104,-1.5144464725594675
E02006936,53.43027740622949,-2.757319457301153
E02001087,53.4178009397343,-2.2317458863454407
E02006127,52.69220709961696,-1.999808109401734
E02002163,52.59595457780287,-2.105649386119527
E02001310,53.521939440794654,-2.6032484697181775
E02006934,53.41037056043451,-2.992431002067735
E02006185,52.53282099326287,-2.1925571474066667
E02002269,53.683868692536166,-1.8694503974324692
E02002118,52.6219593483839,-2.019275279070641
E02002088,52.47671358796665,-1.729431669577416
E02001014,53.54751076720587,-2.525726819242875
E02006122,52.71477529851456,-2.0068525372947197
E02006162,53.050205731045004,-2.2974285133044043
E02002204,53.82913150073636,-1.8403924069025706
E02002385,53.81009490840745,-1.5815843540306012
E02002075,52.47826690165175,-2.0413122131377834
E02001243,53.47867074501177,-2.0468859071532766
E02006208,53.10520160734349,-2.029778187198799
E02002325,53.59328574751632,-1.8522265952344388
E02002201,53.8330913266249,-1.7288132647122916
E02001499,53.35371031224673,-3.1140107048606134
E02006761,52.093964580163174,-1.9451382556751526
E02001153,53.55794675453229,-2.2152325487129794
E02001204,53.400853162066475,-2.1855138872944773
E02001199,53.41332962165618,-2.1994607535992405
E02001098,53.58384924435678,-2.107349282303275
E02001221,53.37133572268616,-2.1143786618113887
E02002375,53.817047310799964,-1.6213240342107595
E02001980,52.41532939783632,-1.5721812835990951
E02001103,53.56747330647913,-2.0083480096707085
E02002439,53.72351108630462,-1.3514612327219657
E02001563,53.50400136512213,-1.0827812245657253
E02002120,52.615620560284974,-2.042968209268842
E02002311,53.64051331600258,-1.8454639042276832
E02006759,52.11296985201397,-2.0811852829576933
E02002285,53.70188134875327,-1.6925865492413608
E02002054,52.53910100713573,-1.9474784685873774
E02002209,53.818214221500526,-1.7120187775359073
E02001970,52.425335537060484,-1.4657516243343145
E02002089,52.468147289139566,-1.745655580537298
E02002961,53.036217749810525,-2.1830207897739955
E02001052,53.510737714292965,-2.2373661173572668
E02006512,52.201440309175894,-1.7171031927601466
E02001521,53.550196640281385,-1.4886074638067412
E02001126,53.5240475277954,-2.1081612558944927
E02001320,53.49133587364241,-2.498630888806211
E02001349,53.46186280195548,-2.9657862424931203
E02002244,53.75875329410754,-1.885992730790061
E02006700,52.38208943057824,-1.8753557841499542
E02001059,53.4793371322804,-2.1919157519183203
E02006743,52.19161946695521,-2.1955638267892357
E02002978,52.9810498757983,-2.0970548895847885
E02001012,53.552874245813285,-2.419615238727159
E02001333,53.424717179328134,-2.8028466874910687
E02002317,53.63270510594236,-1.8138028891168598
E02002367,53.82449557883567,-1.5509350181086041
E02002111,52.64883970332794,-1.9258613339560955
E02002202,53.83341418417115,-1.7822111406697487
E02006773,52.38560079062969,-2.228783784965804
E02002182,52.550958434857655,-2.102225844051718
E02001170,53.50443886167067,-2.3628289969047156
E02006203,52.785036349627106,-2.109487475226179
E02002953,53.06662629742232,-2.182756043699144
E02006484,52.50872625025007,-1.4496782908370782
E02001355,53.444604995347376,-2.961791446896006
E02001518,53.563335148619835,-1.4849493615684572
E02001964,52.43631426633155,-1.461885537118989
E02001201,53.40553298637465,-2.1359080591681994
E02006133,52.896914189829026,-1.8673965838431346
E02002157,52.6078928813337,-2.1585673594557417
E02006511,52.19351089783921,-1.5982086200474992
E02001344,53.37079296219626,-2.847466032326912
E02001067,53.45620453758592,-2.1760580270322
E02001224,53.36619769958041,-2.0742114488573704
E02001384,53.39421442740766,-2.9314035739144613
E02001988,52.40586405663586,-1.5134350167027075
E02001544,53.57777378844751,-1.0181311299241067
E02001260,53.45730895647382,-2.350610235215166
E02001232,53.49850119835483,-2.0744376053511977
E02002044,52.55740100797246,-1.9643032863533807
E02002406,53.78969940384273,-1.3723482847055122
E02006129,52.68196456098618,-2.0319000680486035
E02001292,53.557841217449464,-2.6316468751087765
E02002171,52.57711216643713,-2.0826955247002714
E02002161,52.598585024783915,-2.1447714490797583
E02002016,52.49332365315215,-2.1289485666096897
E02001042,53.52805369037077,-2.2824970077553104
E02001144,53.61083711168559,-2.11751397089982
E02001095,53.38303188692785,-2.2833237529831685
E02002085,52.490940864296775,-1.7524810318256243
E02001986,52.40586245642004,-1.5810320288305184
E02000996,53.587416465723706,-2.390345885632005
E02006495,52.38088149886783,-1.4081935700039099
E02001121,53.531178761264755,-2.1134359153706908
E02001580,53.487817278797515,-1.3152363324007106
E02001033,53.56790005861208,-2.3120467803277442
E02001560,53.518991941407485,-1.131273674760238
E02002166,52.584720864283696,-2.096418434651962
E02001209,53.39453257971585,-2.159209909411055
E02001454,53.483999213272966,-2.926042079275651
E02006771,52.3810741860019,-2.307819048852469
E02002381,53.814425264974986,-1.6557579018765423
E02001147,53.594871024341295,-2.149994585642283
E02002241,53.75973156533476,-1.790652808919219
E02002261,53.709244048357114,-1.8469510374767417
E02001504,53.33518889314254,-3.0043702867429576
E02002240,53.76644862481449,-1.8498835111677694
E02002104,52.39995432798379,-1.7833702385433037
E02006149,52.68832596501229,-1.8303368806967666
E02002110,52.647655183173605,-1.9411660083293765
E02001193,53.420713863836674,-2.162961336451355
E02001515,53.58081296279637,-1.4752521044627402
E02006744,52.18822051813161,-2.2122488581943887
E02002219,53.80237209602285,-1.7894472948064108
E02006143,52.79116458171137,-1.6629925397402507
E02001552,53.53839376115971,-1.0576597220236452
E02002062,52.51226305649912,-1.9883413745952963
E02001308,53.52295877996753,-2.481754549486586
E02002402,53.79525805560483,-1.4423930284529018
E02006861,53.81634734538852,-1.5656342672019994
E02002025,52.470743085798574,-2.031909142168264
E02001371,53.41915312937911,-2.87338532275697
E02002229,53.78175798562316,-1.8164482334809442
E02006780,52.328409840515484,-2.2894216860605545
E02006944,52.486173935099856,-1.9556439769369993
E02002306,53.648136593728246,-1.8588333723011659
E02001061,53.470358274102345,-2.166841342568231
E02002304,53.6516199003404,-1.8007185286996295
E02002175,52.56885716017567,-2.0675142353313287
E02002004,52.53060616326532,-2.1085452053354707
E02001562,53.50941669783296,-1.0726540369732704
E02002149,52.6260543326144,-2.1188625176813627
E02006199,52.79755892469443,-2.133616265838398
E02001334,53.423533389612956,-2.8602258183428475
E02002464,53.67403395496376,-1.355938825425712
E02006709,52.31471169415507,-2.0655122064761215
E02002430,53.74485896786998,-1.5495637553623667
E02001107,53.55310864283126,-2.1429576142336693
E02002019,52.484353539539654,-2.086746981872027
E02002082,52.507308423566386,-1.752350068067924
E02001538,53.50149624322952,-1.4445139456182958
E02001998,52.38224862633878,-1.5247959981501173
E02002400,53.796492610232576,-1.5838816987118498
E02001443,53.550189275192835,-3.0749844467735854
E02001407,53.49551141498036,-2.709854961693644
E02001024,53.60566839242047,-2.332178652807179
E02006145,52.76190898194055,-1.7231560492669045
E02006212,53.026016224238795,-2.0919804313187687
E02006728,52.29662587960528,-1.9693169689195373
E02001500,53.35088387446608,-3.0935857927408668
E02002300,53.66193025269489,-1.8334277356538387
E02002309,53.6445220191331,-1.8048619212448522
E02002139,52.57901759274791,-1.9797194827220579
E02002093,52.435921301601795,-1.811176957443106
E02001324,53.477354589839024,-2.598649252897066
E02006506,52.269565561662745,-1.898421073183661
E02001397,53.376027165816225,-2.8640635630753652
E02002428,53.749500052261794,-1.532208774630845
E02001328,53.49413154462021,-2.894378036997392
E02006735,52.209846584547186,-2.1869026508558917
E02006493,52.38974168275842,-1.2453717584308737
E02002091,52.44575690726372,-1.7754924205295382
E02002337,53.87736939415329,-1.7234661354781597
E02006766,52.040158456178425,-2.097449181904648
E02002422,53.759454332571366,-1.593105036207265
E02001522,53.5468799656435,-1.312475777947061
E02001037,53.55020102004637,-2.303019846853161
E02001084,53.42816753863012,-2.2223441293950543
E02001516,53.57136097195264,-1.4137187813470242
E02006195,52.805641084660934,-2.0004370193406653
E02006529,52.28105129403707,-1.5950909043201809
E02001027,53.59600707615527,-2.3156784183474484
E02002451,53.700995532294925,-1.524616684666116
E02002155,52.61122227651916,-2.115813883901331
E02001343,53.39459954110632,-2.8131511051982137
E02001608,53.35514123191607,-1.3053904233936624
E02001987,52.40503880418705,-1.5316749397270717
E02001550,53.54467287054403,-1.1631694669803807
E02002063,52.512405062757026,-2.0415223593300578
E02002282,53.70872919960932,-1.6529290421867633
E02006734,52.21694139579371,-2.2275478173968075
E02001477,53.40218466323081,-3.068402027907463
E02002033,52.45599690488148,-2.061156576181974
E02001284,53.379161758960294,-2.3369313042545077
E02002418,53.76961782881508,-1.3754078509353853
E02002197,53.84811584859342,-1.8307045596816145
E02002079,52.468966950535936,-2.0061855394195995
E02002216,53.80773772908757,-1.7708692985259589
E02006470,52.575972685263714,-1.5430599316208382
E02001131,53.50143958771196,-2.159789227181548
E02002101,52.40581534556513,-1.8549603507143402
E02002115,52.62391478816501,-1.993429587537079
E02002315,53.63543272193605,-1.8337484013907213
E02001478,53.40118337769036,-3.1138906187332225
E02002313,53.63703458800118,-1.7985246180879033
E02002970,52.99765039704094,-2.1637265063038496
E02001991,52.39763011876994,-1.532517564851437
E02002262,53.709530879603086,-1.7873383756837105
E02002391,53.807274981421635,-1.67189056829057
E02002092,52.44160121788043,-1.7915998043190877
E02002416,53.76888465918734,-1.4146761307210813
E02001211,53.39350409217815,-2.2351007317329983
E02002268,53.68265447200921,-1.8391713661035078
E02002408,53.79080559906117,-1.6584236752015085
E02001256,53.44785378620006,-2.0746938689094727
E02001356,53.44336813424144,-2.9154957008253497
E02001238,53.48547847907925,-2.136351362471483
E02001439,53.602127916725685,-3.0319106306519523
E02002438,53.72819086908447,-1.3087282178092297
E02001374,53.414301113672614,-2.9392456535909544
E02001036,53.55298721932329,-2.3239324680376887
E02001416,53.45319428188009,-2.6993849377694143
E02006159,53.090533403510626,-2.234503678016944
E02006502,52.3589304149627,-1.2809012899146086
E02001314,53.507094701796916,-2.459125770412532
E02001227,53.360441735691495,-2.178799897225845
E02006174,52.72202196732773,-2.110601440162836
E02001217,53.38223134057987,-2.1191746317962505
E02006126,52.6951408075374,-1.9856992159886517
E02001401,53.362047503368366,-2.858832902028016
E02001392,53.38640108296881,-2.869315172251499
E02006528,52.28419089633132,-1.5216412825697276
E02002277,53.71452293017487,-1.6197600938476677
E02001115,53.54235635227589,-2.067513261234306
E02002472,53.64755273271562,-1.5930006686318818
E02002251,53.7305102323066,-1.861907084443654
E02002480,53.5968364392411,-1.3002324223475665
E02001473,53.417009385266894,-3.0474209587276917
E02001167,53.510821777708856,-2.279305855654986
E02001444,53.55064338869838,-3.0545204160582373
E02001590,53.43583605974533,-1.3208008784030603
E02001154,53.5501782903838,-2.1794059835741026
E02006123,52.7074579198567,-1.9692617133193915
E02001207,53.39285793652915,-2.1092870961501444
E02001446,53.51859798895416,-2.9314741809426863
E02001971,52.4259597951912,-1.532116961186414
E02001976,52.41522595949034,-1.4474352978744984
E02001332,53.433885838932,-2.8607779746924344
E02001361,53.43454200190032,-2.9466655540305706
E02000998,53.583324269525704,-2.4511784534565293
E02006772,52.38869649301628,-2.273672107503231
E02001306,53.52391154179067,-2.6455537798709123
E02006151,52.684837063131624,-1.9383157514485394
E02002084,52.498685717287586,-1.7462155218238258
E02002156,52.6095888954965,-2.093158508442326
E02001119,53.536178951347786,-2.097902776852494
E02001452,53.48715588610711,-2.996362514481876
E02002303,53.653631687186,-1.8186550002728084
E02001447,53.510196815232405,-2.933028381504685
E02001533,53.519320294335195,-1.3199786591445197
E02001158,53.530773295842245,-2.412469828331379
E02006144,52.78693489403524,-1.6259672919380619
E02002081,52.506664539016455,-1.779574958191788
E02001388,53.38880608561976,-2.9193848138196152
E02006946,53.913387135011256,-1.9409914270130304
E02002295,53.67197164268797,-1.7605390265421004
E02001246,53.47198304109753,-2.0750005796786963
E02006211,53.074680779686325,-2.121863326374456
E02001380,53.4034344236035,-2.8980193486445307
E02006713,52.12887030185377,-2.315972272247233
E02001432,53.65131769076304,-2.999356877555498
E02002060,52.521005765149106,-2.0140817199165326
E02000993,53.59358744184362,-2.413027924466416
E02001016,53.54384963498056,-2.4170507265121057
E02002960,53.03760933829662,-2.158409302760154
E02006764,52.081126687184366,-1.9449374008341391
E02006719,52.104225265645226,-2.326211688525431
E02002227,53.78423613973586,-1.738536643568499
E02001216,53.3819780471743,-2.194006047936595
E02006510,52.21309178252744,-1.8067073664560398
E02000995,53.59033362415471,-2.4736015717187905
E02002007,52.52086341909979,-2.134061750400681
E02001529,53.53269361581423,-1.4646536033404167
E02001279,53.406538370345906,-2.327765341296878
E02001583,53.46704754360957,-1.3282357389199875
E02001315,53.50357519378815,-2.4468299187644584
E02001002,53.57557337931103,-2.3866563529726754
E02002292,53.67980587034049,-1.7563187414399162
E02006503,52.33972516025394,-1.3094239932867957
E02001459,53.476961929214816,-2.998057007368231
E02006717,52.13484393464507,-2.21484711714924
E02001175,53.491207333488866,-2.366651829451868
E02001030,53.578203041285455,-2.3569990544205814
E02002058,52.527099115874414,-2.0421784983248084
E02006219,52.63256945736732,-1.654712464674449
E02002290,53.68538302220449,-1.6879210018329076
E02006483,52.51151631374628,-1.4670829093267368
E02006985,53.45362170633933,-2.1946454244093805
E02002445,53.7087763895351,-1.5051775447733018
E02006958,53.498849606636604,-2.2632386137015215
E02002059,52.52659749794052,-1.9935348912695174
E02002189,53.873600916764374,-1.9186608886007472
E02001571,53.495059893334755,-1.1822529200150125
E02002047,52.55273479646368,-2.022494963355251
E02002121,52.6148170297703,-1.9928243615697852
E02002966,53.01582640237016,-2.1713828173847927
E02002126,52.60651321437496,-2.0013404370685612
E02001487,53.38196502627041,-3.0256925558586367
E02002152,52.6163832756855,-2.1000477233865738
E02002064,52.50410428627308,-2.045115352564266
E02002289,53.686844554411536,-1.6493538164525003
E02006697,52.39601050047672,-2.0880694778366906
E02002026,52.469672740401975,-2.1201095659918785
E02001427,53.41926756067587,-2.7175650019937923
E02001569,53.49746679564493,-1.2920489138379272
E02001490,53.3750795995862,-3.063499416085913
E02001062,53.46651158957929,-2.220157379497833
E02002096,52.4221970630671,-1.7791454013803838
E02002401,53.79450764145533,-1.4823238438611406
E02002425,53.75417648474432,-1.6540504057346532
E02001109,53.54955626997616,-2.0816410708277684
E02002116,52.62372961118037,-1.9176376251066967
E02001413,53.46364790938525,-2.707648789505298
E02001498,53.36077469278187,-3.0202840513195666
E02002106,52.389448916406685,-1.742805623220164
E02006723,52.31059978081344,-1.9605703867280977
E02006509,52.21848754009516,-1.8700199563381286
E02006808,52.41051423912539,-1.8359343345130965
E02006157,52.61710020395539,-1.7210044139496823
E02001303,53.53143253765976,-2.493523562634618
E02001161,53.52164183216118,-2.3338446071548744
E02002207,53.82249411233783,-1.7756872560640247
E02006963,53.47132875050443,-2.28953548027092
E02006806,52.462189608421816,-1.5074241473442374
E02002314,53.63495912972,-1.7469419160945772
E02001471,53.41921919727784,-3.032843896152712
E02002072,52.48615873448525,-2.0118544406660273
E02001973,52.42231381957901,-1.4803109739670044
E02002388,53.80907190287688,-1.61524083890449
E02001242,53.47633404104163,-2.1354761602411876
E02001141,53.616879428859946,-2.164474113813889
E02006223,52.62014658571669,-1.6591038240701428
E02001174,53.49758987082061,-2.308031438846347
E02006770,52.39304306809114,-2.2447262263958616
E02001083,53.42756356159372,-2.2460097098788827
E02002975,52.990266929457235,-2.1182882939915864
E02001142,53.61089949941728,-2.196759516744405
E02002165,52.590413862130454,-2.148012755818191
E02001262,53.45434285399278,-2.2763226049976515
E02002154,52.61284501312684,-2.1314880497136808
E02001051,53.51259135646554,-2.19545192308982
E02006216,52.96046562202372,-1.9843099211012398
E02002146,52.56423611071908,-1.9752028178079983
E02001078,53.4374495985779,-2.197809767214287
E02006469,52.58723208438139,-1.6279274817368758
E02002200,53.836453246708125,-1.798364495308894
E02002012,52.504744426539176,-2.112920398810334
E02001386,53.393000311620646,-2.8613908560755843
E02001249,53.45864997439335,-2.1111161412924644
E02006485,52.5076039366462,-1.4348092344270549
E02006749,52.273266352946,-2.1664380971521875
E02001475,53.40597929192318,-3.100580591326775
E02006146,52.7430367305954,-1.8784152863083445
E02001958,52.45076857144115,-1.4828186055113735
E02001023,53.60774900252357,-2.312485197459477
E02002360,53.83251590956395,-1.5640215899841479
E02001152,53.56076059877169,-2.1957617571195334
E02006221,52.6247351214157,-1.6897261528735161
E02001549,53.55206298457656,-1.0674340834037392
E02002460,53.681355974366156,-1.3144267249343757
E02002423,53.7569810942472,-1.5247197568666924
E02006914,53.47116896426814,-2.243207975395685
E02001484,53.38799962166136,-3.099235793718545
E02001011,53.55373700795418,-2.511579451763025
E02006132,52.905349408532345,-1.8829375891500009
E02001039,53.54838619979716,-2.279387695305354
E02006706,52.3346135397905,-2.0678501610990203
E02001302,53.532206389010895,-2.566259541811558
E02002477,53.62160545372884,-1.4109594822960012
E02001410,53.46979646030962,-2.6556222098563533
E02001220,53.37270737466513,-2.202070849538941
E02001430,53.66464440037249,-2.964775776486416
E02006724,52.306572582787325,-1.932788348665688
E02001329,53.47929228449204,-2.8810597289257727
E02006130,52.671564159094295,-1.9690248328415043
E02002405,53.79320617102495,-1.6785425801676799
E02002031,52.45927069366816,-2.1026956370239223
E02002417,53.76770627381706,-1.3609370678128967
E02001572,53.48086240141256,-1.188837678331653
E02001025,53.59992937292777,-2.271735053430626
E02001294,53.55235602970396,-2.643546450824131
E02001492,53.37324596513021,-3.1795710568157585
E02002048,52.550723830059546,-1.9368048365830741
E02002014,52.50182179568071,-2.0759533429793797
E02001157,53.53535481269135,-2.4250140118756995
E02002449,53.70124986183096,-1.2947011420070682
E02002389,53.80803989679327,-1.4926162625505186
E02001130,53.50605955468671,-2.1423499026725765
E02001125,53.52742732815086,-2.155670751252533
E02002098,52.412962579608745,-1.819297480635989
E02006196,52.811362327034466,-2.1048051670474353
E02002474,53.63979746479739,-1.5140542197224947
E02002433,53.741501317278754,-1.60082783954468
E02001474,53.412390390669174,-3.0248272028049525
E02006705,52.344286888254324,-2.063124755149791
E02001233,53.497979906575104,-2.107685362158838
E02001210,53.39333243436003,-2.125913438323991
E02001461,53.47093621595588,-2.986557039593494
E02006125,52.70272539739962,-2.012523506597293
E02001253,53.453719504434595,-2.12103150737007
E02002009,52.50906542983992,-2.0672145427852593
E02001267,53.4478664788142,-2.3507168684646333
E02002080,52.46860930142552,-2.0734620925750114
E02001263,53.45364288533536,-2.378432290512269
E02001019,53.64493161567403,-2.3208382313612925
E02001212,53.39070476909024,-2.1720797389967172
E02002003,52.53934479326095,-2.0953369893302773
E02002419,53.76937960940542,-1.5727233127179963
E02001372,53.419139908418295,-2.8885597525992557
E02002107,52.38868911251983,-1.7912693959477892
E02002283,53.70543821684729,-1.6341161905168378
E02006737,52.206809720755956,-2.215207160372435
E02002199,53.841051528964314,-1.7304999413993298
E02007001,53.53062940147294,-2.1230566488280482
E02006505,52.28689202519485,-1.7732163837553605
E02001287,53.59063995109236,-2.6746028657432923
E02002138,52.58101552019862,-1.9658807592330032
E02002963,53.03122070265918,-2.165795417494174
E02002458,53.68831870683108,-1.5836144776228929
E02002233,53.77754452106573,-1.767740940737036
E02002383,53.81127447775075,-1.5714219807637992
E02001031,53.57512375871329,-2.2944403420964723
E02006974,52.996263406507374,-2.134302398435176
E02001041,53.53218336406108,-2.272009963713284
E02002239,53.7666121226869,-1.7252202258470455
E02002442,53.71710251490278,-1.3389167190531515
E02001165,53.51335809715704,-2.349516533384907
E02002307,53.6484333796657,-1.745983133646035
E02001440,53.59785966757537,-3.0456662098039944
E02001600,53.41747188401139,-1.3385483776246458
E02002278,53.71398404316316,-1.726598503408345
E02001255,53.44949040608452,-2.0302718240800885
E02006516,52.15709039596388,-1.5048069850157522
E02002266,53.69404806908637,-1.7824748445049643
E02001338,53.41565549218705,-2.8572529552380743
E02001458,53.47896493962751,-3.0261753011641974
E02002398,53.79739218211379,-1.4620536131894157
E02001381,53.39996615929764,-2.9346545171024836
E02006912,53.47983963931082,-2.231915718522105
E02001140,53.621615748775326,-2.1791387975985876
E02001056,53.48822016302645,-2.1772191110202432
E02006489,52.47434204663282,-1.4673462704340658
E02001250,53.45649949489965,-2.060201190241742
E02001004,53.570343972080785,-2.447754131735812
E02002965,53.019017769107485,-2.1856003195377314
E02001007,53.562553321230716,-2.3702573329924683
E02006197,52.81295220084741,-2.1155132586980754
E02001050,53.515323033839316,-2.215871084985038
E02002223,53.79926286493134,-1.7785442838319254
E02002224,53.79560472737355,-1.723308345298217
E02001189,53.432166881831144,-2.161307462944969
E02006198,52.80694463537656,-2.085237125480104
E02001588,53.44468354347337,-1.3938712165799327
E02006147,52.72164064087848,-1.7664992708808858
E02001513,53.583743738429966,-1.5328171747435848
E02006124,52.7045317693424,-2.027673487110052
E02001088,53.41095423081141,-2.2844665097448944
E02002447,53.70659935873421,-1.2414751033341596
E02001993,52.3940039141976,-1.5758740670976303
E02002027,52.467089867335595,-2.1349030740987085
E02001585,53.45805340857024,-1.3399427631629521
E02001606,53.36525208793375,-1.2074553239677142
E02002220,53.80115324328913,-1.7150029188190163
E02006507,52.25389068351978,-1.3851145061286165
E02006894,52.57282083382386,-2.122810782325842
E02001984,52.405973581054326,-1.4730611151589763
E02002330,53.935589643226606,-1.3957564094643156
E02002253,53.72551909446965,-1.891142340191495
E02002267,53.68904884582725,-1.8000032828728052
E02002242,53.75810800149449,-1.759376703290937
E02001327,53.49277712673937,-2.8782913014756684
E02002008,52.516975986065354,-2.10942374072772
E02002164,52.59447382997724,-2.13561955682412
E02006721,52.31765531522439,-1.9165574548314654
E02002061,52.51733506549064,-2.0031701860128828
E02001967,52.431729245001335,-1.563265615221335
E02006141,52.79803577165822,-1.6416086495092561
E02006730,52.2873268046582,-1.9212711036730141
E02001555,53.531634897279005,-1.0488689393745472
E02001547,53.566226218586806,-1.193674136426062
E02001376,53.4130108349183,-2.9499466213079057
E02006711,52.26425698223152,-2.3131732372503873
E02001137,53.62998754139366,-2.197762555865406
E02001974,52.41862509234371,-1.5389236134964448
E02006152,52.67986093346089,-1.8354798889906105
E02002160,52.60066220429221,-2.074273278478125
E02001266,53.448593509698675,-2.3321461133391637
E02001472,53.41673965416511,-3.0962274411832946
E02002136,52.5841234611577,-2.0439487482702097
E02002265,53.71037480466323,-2.0880302362990704
E02006182,52.62610814733005,-2.1962747609143602
E02007002,53.416511803191156,-1.2833296316902847
E02001346,53.35858502551752,-2.831765351746905
E02002049,52.54507651870633,-2.062481367881872
E02006186,52.53293176489946,-2.2004117137200954
E02002097,52.4291199071369,-1.6564258300840533
E02001551,53.53878360604647,-1.1488167238230964
E02001466,53.44832330040155,-2.980152168094183
E02006913,53.50102921187906,-2.236115467486156
E02006172,52.98982737143621,-2.2345046735048295
E02002145,52.569874827955765,-2.038775080169819
E02002340,53.86589550993461,-1.6802714869017772
E02001589,53.43464446220345,-1.2717055117065954
E02006154,52.67766791112864,-1.9148133858084047
E02002141,52.57420163085382,-1.8900931324402785
E02001160,53.52467680141761,-2.4253695608056662
E02001565,53.50442704036875,-1.0896100444097012
E02001611,53.47984873237433,-1.598836913035824
E02002628,53.70637907258078,-2.4805287095982096
E02004098,53.36804768842984,-1.9854563109654175
E02004124,52.784102682569454,-1.5565664357732423
E02002577,53.37422732822492,-2.771040395569403
E02005676,52.22079997715719,-0.9053970957116882
W02000308,51.59429263777217,-3.2365458112278676
E02003875,53.29120113013847,-2.5572146589496394
E02002851,52.6276524105276,-1.0679141047737317
E02002924,52.027727780333215,-2.9615419635391307
E02007051,52.662338523347394,-2.4844490421218177
E02005376,52.45828125000504,-1.208424547024302
W02000227,51.521660671369595,-3.704228977414181
E02005963,51.66411388508951,-1.1773584414791696
W02000418,51.81886541110779,-4.513085069347816
W02000359,51.584281785348814,-2.9760420098227476
E02005416,52.57786233920978,-1.1016406194513213
E02005976,51.516874505741036,-0.9267906191808155
W02000021,52.89131617225448,-4.433494566811646
E02002807,52.922634463216525,-1.4289662927932114
W02000214,51.60217062883159,-3.8183749690460176
E02004603,51.90773382265001,-2.0785878588978646
E02004038,53.02131918706525,-1.4794620273256736
E02005647,52.386486272765126,-0.7202871075896881
E02006886,51.60926875740174,-1.6194173877474467
W02000170,51.679699791760804,-3.92334936131991
E02002945,52.664271706022106,-2.434794750097841
W02000313,51.570122567928564,-3.2326794744069884
W02000428,51.621661549922884,-4.025253655172481
E02002936,52.705272221624256,-2.4827510063488005
W02000007,53.26118116790343,-4.494383837551261
E02003813,53.1901818707383,-2.4503358356867904
E02004665,51.63624830441045,-2.3511239186365036
E02005621,52.3286528375353,-1.1838775492821894
E02004655,51.748609999291055,-2.2830805289902485
E02005978,51.742245680572985,-1.3169340666644005
E02002799,52.940950121985566,-1.4508347122253575
E02005838,53.36143730950344,-1.1213362408684682
E02005819,53.14296567460803,-1.2730452266208008
E02005869,53.004567547922996,-1.120668990748976
E02002619,53.74862287820025,-2.500423898063408
E02004602,51.91062800185046,-2.1190889302569795
E02005671,52.24427903379698,-0.874320968913052
E02005868,53.01176166364754,-1.1244491689609493
E02001658,53.359660760845074,-1.4397599824518135
E02006028,52.73490592082795,-2.842414050438839
E02005930,51.94521314674487,-1.2853414890106938
E02005630,52.4836341338229,-0.46935033166892276
E02002855,52.6209350819578,-1.1529202958343268
E02005626,52.251765691399264,-1.1699917553758594
E02005950,51.74695559216744,-1.2354419733810444
E02004120,52.8760441578226,-1.511410242449675
E02002828,52.66699125256312,-1.0933345385466506
E02001637,53.38869914657122,-1.4187259997145596
E02004037,53.031212869293135,-1.465554623975965
W02000006,53.257511679510294,-4.315152279221869
W02000426,53.058409653532586,-2.978474370785368
W02000294,51.68152497022108,-3.2012976944134204
E02002941,52.69392520920323,-2.463188819151055
E02006818,52.59266146584401,-1.1072942966517931
E02005955,51.724018353555294,-1.223605336709665
E02004623,51.70694913611515,-1.7673148756929324
E02005944,51.766743118547524,-1.2017697503382572
E02005837,53.381729656158996,-0.9848955602962941
E02003822,53.11445987966811,-2.28771518467589
W02000239,51.45772868738317,-3.307371776321334
E02003836,53.06968188902404,-2.5140121745615214
W02000391,51.5005615212653,-3.193162639781821
W02000096,52.939861735586426,-3.0587674099889925
E02006002,51.78470303870624,-1.4934403844529522
E02005341,52.56560677739815,-1.1772374803727295
W02000133,51.77687335871865,-5.046223634136412
E02002808,52.918032111125875,-1.4887158548314454
E02003690,51.578324378945744,-0.5011264038521045
W02000064,53.21938605744325,-3.0648796340399946
W02000180,51.645832895201586,-3.9747145924355296
E02005388,52.53766654343338,-1.3832700036626633
E02005403,52.73829373105959,-1.3544756759038692
E02005696,52.3019777947646,-0.7247260379817793
E02003685,51.628101239508396,-0.5799767217656603
E02007050,52.681786791018,-2.4754457121403513
W02000076,53.13957104121158,-3.1370692093520267
E02005827,53.09960036905538,-1.2589993731805607
W02000249,51.40344825224208,-3.2843236847630304
E02003855,53.346556306602885,-2.1127357743604107
W02000273,51.59008988446358,-3.3190354137296842
E02005883,53.164983526555204,-1.1984989549176013
W02000192,51.62012106201196,-3.945962734879766
E02003803,53.19537907113366,-2.8983600731544223
E02003883,53.24374794178504,-2.5334867176347866
E02003654,51.97682079948144,-0.831377894681575
E02006036,52.69777021946855,-2.7439539758279152
E02002931,52.723037770706576,-2.422173621864887
E02003885,53.22498706599633,-2.513992323261372
W02000293,51.68893023802869,-3.2341497798569314
W02000376,51.52133684875477,-3.234967158425542
E02003666,51.81825451001255,-0.8103154479659801
E02005644,52.40313155500092,-0.7206612186513947
E02005667,52.25052556948084,-0.9360993641929922
E02002606,53.389908349765264,-2.582188072228397
E02002605,53.38922529458833,-2.63263740423504
E02006014,52.45487399062623,-2.4016391061737608
W02000145,51.894559347478584,-3.9780753975223893
E02004606,51.902609457851554,-2.0977673535927632
W02000386,51.5113797632562,-3.2186739804062343
W02000275,51.583437394605646,-3.4233399128430335
W02000422,51.45616328320363,-3.177868640058628
E02005927,52.05099512484936,-1.327768933484911
E02006034,52.708102151408355,-2.7941448953468613
E02005975,51.52780357287724,-1.0778813005598584
E02005255,53.79299822891069,-2.7153141834662065
E02005349,52.769228319097856,-1.2988591162523468
W02000159,51.73634458273942,-4.292020420476365
E02002609,53.383356647601545,-2.559092246504753
E02004075,53.04541834769128,-1.6892238313351235
E02002832,52.65341755972538,-1.1232138864758365
E02005939,51.81210175457751,-1.3046020226306652
E02003692,51.54232583470493,-0.5806822949224529
W02000272,51.60306020987482,-3.3495820560037632
E02004083,52.95987183728589,-1.3002465286972884
W02000063,53.23101411351329,-3.2282248043110897
W02000253,51.72222481490368,-3.4563308610561703
E02005350,52.76824602974097,-1.2871509336510318
E02005962,51.70089532128029,-0.9145498142840286
W02000168,51.71419601808023,-4.033607590853165
W02000003,53.3072441672475,-4.632373281951959
E02007071,52.362285363514125,-0.6806234658668944
E02005196,53.665592347991584,-2.649941152077798
E02005240,53.920685236063626,-2.1877264150863263
E02004108,53.30355314959644,-1.4650151932871023
E02005365,52.67623569618501,-1.0920878692008549
E02002846,52.634691539988104,-1.1662357322923305
E02003887,53.194125756747226,-2.5484848252452723
E02001640,53.38232816874069,-1.498500472337402
E02002950,52.63114798355001,-2.4401651919409186
E02005842,53.31989475161898,-0.9348797631265906
E02004654,51.747936503452465,-2.2461638292685775
E02004610,51.88948191388217,-2.091060216724857
E02005959,51.74366900195888,-1.1647728177272527
E02005384,52.56826042562082,-1.4128029222901546
E02004619,51.76359617614359,-1.8306606664171186
W02000061,53.24412587679312,-3.127719407450717
W02000311,51.582987199406105,-3.2128909983769804
E02006815,52.64276272268236,-1.0547580307168365
E02005199,53.643942153493185,-2.7215464353878196
W02000406,51.48043343292039,-3.2082155568588253
E02004064,53.23612080467939,-1.435099612526047
W02000073,53.165808438549554,-3.1453322095002
E02004049,53.223770935748846,-1.285376155378891
E02005409,52.69190853639556,-1.398484095150076
E02001665,53.34955318303919,-1.5140286692586944
E02005884,53.161418239340634,-1.184824593834221
W02000044,53.32708166581576,-3.4145673819877023
E02006003,51.78198931552885,-1.3796777821816628
E02004112,53.213850911538835,-1.461278399222717
E02005659,52.255894449354386,-0.8519796845806772
E02005947,51.75505267767641,-1.2571674235588182
E02005215,53.75862659151373,-2.3599973986210823
E02005999,51.79531697570871,-1.5167915701534143
E02002815,52.903829944304846,-1.4826225907144075
E02002581,53.35525293204119,-2.7744492971636148
E02004609,51.89419031374113,-2.1222867121591675
E02005614,52.49572224275039,-0.6506596419390913
E02006040,52.62063626812407,-2.7071811149577893
E02003706,51.630392317134785,-0.7252247315567024
E02005194,53.66158124532958,-2.6249073096346094
E02002593,53.42334037209317,-2.5325019278695837
E02005972,51.57237545861184,-1.1601312877319456
E02003880,53.260568571815625,-2.5735003861961916
E02004040,53.016179149186726,-1.3621602674947677
E02004103,53.25626027812189,-1.9005824055167764
E02005241,53.914681872911345,-2.186830205345454
E02002824,52.881622795846845,-1.4895133751604976
W02000093,52.9916396931704,-3.0334619082848095
W02000019,52.931695041934674,-4.135836739473087
E02002862,52.58907388242672,-1.1521185172923651
E02002611,53.37738227852197,-2.5451316980537886
E02003824,53.09564927942838,-2.321578123117593
E02005971,51.6000469210454,-1.251259002973596
E02005641,52.42210774304859,-0.7994752938074517
E02005900,53.07943123304875,-0.957067664812213
E02001661,53.35814040061045,-1.459572928232306
W02000131,51.79505095354629,-4.97837236199612
E02005871,53.00185154946272,-1.1083259398699847
E02003825,53.11662266676572,-2.45733560356086
E02005218,53.7442561734348,-2.3985670340898055
E02002623,53.73627647752522,-2.495565208902026
W02000401,51.48581549242204,-3.216123629503583
E02002818,52.8975102632597,-1.4848121764990274
W02000014,53.14604085354525,-4.131106592487649
E02006009,52.63744557512829,-2.285299615732323
W02000085,53.06020119975566,-2.994920518605012
E02005931,51.916429537644156,-1.141382340569822
E02002939,52.697662342564456,-2.5243785438498265
E02006023,52.90772105223517,-3.0379293035846837
W02000372,51.52063497862186,-3.2599495925677315
E02003833,53.090099543598576,-2.470332345538705
E02003848,53.275008832747616,-2.917602109142829
E02005933,51.90613024361265,-1.1426271615392203
E02005366,52.67481703142502,-1.1887088027885657
E02006015,52.96796443497287,-2.684985472025819
E02005895,53.16659702899166,-0.8631016569670651
E02006881,53.779312200856744,-2.248179672874434
E02005875,52.97896732461097,-1.0948523328997828
E02004054,53.09641556436022,-1.3267783750661906
E02002837,52.64661314023357,-1.0984779740775932
W02000280,51.535499134380835,-3.449628417693442
E02004069,53.24943658467241,-1.6582679012545896
E02005291,53.7386588563426,-2.7077483064130505
W02000163,51.68856820677585,-4.154152618499367
E02005960,51.74266835167521,-0.9735490875315528
E02005897,53.11703775127718,-1.0305927482449122
E02002858,52.60720751847282,-1.1057617429837865
E02005192,53.68465429310229,-2.63665046266045
E02002630,53.697830805173204,-2.4713250842682917
E02002811,52.909715618739746,-1.483038372838512
E02003839,53.06376893059221,-2.5251080546233156
E02003827,53.10521263745133,-2.4536417330662936
E02003680,51.69618593758399,-0.7314473868142591
E02001666,53.348393658099205,-1.3461838478439008
E02005285,53.67536118717204,-2.306804651855573
E02004605,51.90522944702514,-2.0542744150191314
E02005984,51.67874010698906,-1.423529409058984
E02002621,53.74445157446067,-2.4656141285479616
E02004674,51.845417081810275,-2.1627658520897124
W02000177,51.657328148224245,-3.890045698771031
E02006012,52.53305095160647,-2.411982507037617
W02000198,51.57292896635663,-4.00660116823679
E02005266,53.766201632868,-2.678147343111574
E02005313,53.55529217642369,-2.775165937655396
E02004659,51.727431656212865,-2.280602752649524
E02005640,52.44357938681574,-0.8203796830045981
E02003867,53.265189921906305,-2.1583662163186332
W02000404,51.48239926563791,-3.1518793610340152
W02000094,52.975891951831514,-3.07367186464286
W02000116,52.45825916550337,-4.014880313762363
E02002925,51.98950825524898,-2.736426294465351
E02004615,52.05356969725199,-1.7773380955297509
E02003675,51.767374240892146,-0.7388759359883998
W02000122,52.17906713111535,-4.361057874511458
E02004065,53.22555299784276,-1.4603197409801518
E02005823,53.12464697839665,-1.2647170817991606
E02004123,52.824939076616154,-1.4315124790878293
E02004092,52.88540364613008,-1.2947298920313826
W02000053,53.1852288634877,-3.4034051779410754
W02000400,51.48587837558061,-3.1995837573866384
W02000015,53.14022815481181,-4.26380072219216
E02004656,51.74615358984104,-2.209287683090217
E02005865,53.08348926716986,-1.1653665332314775
W02000160,51.69435581284251,-4.094597130017562
E02005670,52.24445071337037,-0.9011405119635184
E02002594,53.420114048494895,-2.5158955232675666
W02000016,53.11425460872345,-4.256019772026909
E02002596,53.41602364298672,-2.555729877129634
W02000175,51.66465938945607,-3.927435813280372
E02005941,51.78213260343442,-1.2658856102653073
E02003881,53.25421837753844,-2.525598285544475
E02002918,52.05378772735557,-2.6866179347765473
E02003657,51.94429823729948,-0.7488965301542058
W02000035,53.28825121164784,-3.6795196271406425
E02005663,52.2546415849454,-0.9599902567364036
E02004647,51.833362933934715,-2.247583978877445
W02000184,51.636428133124866,-3.979716225632211
E02005655,52.2660449990567,-0.854739451665428
E02005832,53.03660654705338,-1.204357384762994
W02000012,53.184351358160356,-4.065357922320889
E02005879,52.96218399369795,-1.0776939554665417
W02000379,51.5218754994333,-3.0999297191007855
E02002834,52.64961764640907,-1.1470972440445903
E02001615,53.441907139014326,-1.4929469033863847
E02001629,53.405995177124474,-1.4714911058260391
E02005889,53.14201773353222,-1.2217433063057774
E02001623,53.41789190021796,-1.4486365040174223
E02006965,52.64786326493838,-1.0803386384727747
W02000034,53.28827535761494,-3.729405660198115
E02004115,53.175620137466886,-1.3887033704155378
E02004625,51.64296532259738,-2.1609801795212973
E02005979,51.74243121042627,-1.2891772324994655
E02005905,53.012069146500956,-1.0019257974172524
E02002627,53.72231422072137,-2.4877217575925488
E02005308,53.59272549021205,-2.7532965443559902
E02003806,53.17858530757513,-2.860259588884793
E02005643,52.40676846672203,-0.7105531713060858
W02000162,51.687514629895986,-4.253101397392006
W02000062,53.24053535171242,-3.1392026408384908
E02002914,52.06859569027896,-2.738598841256846
E02005371,52.52871935319444,-1.0419702966261244
W02000178,51.65240176355256,-3.9705167002179795
W02000304,51.62006442666602,-3.1670406367620547
W02000276,51.5689907700839,-3.3151822480742053
E02005391,52.89782130238331,-0.8356146208118865
E02004068,53.30647183731824,-1.7018726284072976
E02006019,52.85790827676667,-2.7222268466527924
E02004640,51.8581104894417,-2.234551547618759
E02005317,53.53886101264147,-2.7589458436004946
E02003689,51.579398699314126,-0.5545471418113426
E02005372,52.48843703720418,-1.187539550404161
E02004653,51.761829052221216,-2.340689263145164
E02005281,53.70156396168321,-2.287266823568879
W02000164,51.68593139880541,-4.173999321968079
E02002906,52.22930880151237,-2.7477195636317444
E02002604,53.394179898440335,-2.660540435923111
E02006039,52.65032490657612,-2.88604880279091
E02005344,52.54284562744826,-1.2817729309650292
E02001659,53.35876315173569,-1.3773143510568926
W02000242,51.43407363387249,-3.212432763851809
E02006031,52.71831951306168,-2.7471870624850507
E02002608,53.384095408947346,-2.6569029877473693
E02004629,51.820419303057356,-2.499403352288803
E02001649,53.369189418302646,-1.4244035933485144
W02000008,53.226967559136,-4.182537396085916
W02000279,51.553575745966775,-3.354417908579424
E02004657,51.7347542273705,-2.2241520367127365
E02004645,51.84349019029547,-2.199220076327063
E02005375,52.47372482249973,-0.9112506263874505
W02000049,53.30283292616297,-3.4135908741213936
W02000005,53.27356929995087,-4.142482460457407
E02002805,52.92400641448075,-1.4006380937322
E02003879,53.262234658174364,-2.5259784199317448
E02005657,52.26297575880843,-0.9070857750656058
W02000149,51.85246730687792,-4.302200398938274
E02005940,51.78735456748307,-1.27657660144859
E02005318,53.54142261482466,-2.7324385942731637
E02001673,53.340168833512216,-1.334914957437567
W02000390,51.50351830631744,-3.161782195758454
E02004060,53.252534626645634,-1.36867428709033
E02002616,53.75676384999573,-2.503392399105034
E02005358,52.71946676283418,-1.1397974826800787
E02001621,53.42442104865006,-1.4626731330782952
E02004642,51.851610389344295,-2.211489571130622
W02000309,51.59341548765262,-3.1946684269864627
E02004031,53.07862488050928,-1.3650011801060709
E02005965,51.64412529431974,-1.0054319282235533
W02000055,53.11398696846848,-3.310277650253525
E02005922,52.076216546986295,-1.3574336143058205
W02000370,51.53036562688793,-3.215587537370719
E02002624,53.72822403607654,-2.527541166188123
E02003718,51.574611601006744,-0.7652494761796468
W02000410,51.47157243060545,-3.186580912331758
E02001662,53.35707865192274,-1.4178904936682268
W02000350,51.59822165560541,-2.897018723236949
E02002629,53.698185099545306,-2.4587903124943624
W02000395,51.49633619460561,-3.1559883613754756
E02005651,52.272257380186055,-0.8625250789436771
E02005182,53.789896330060266,-2.231288148461976
E02005929,52.01581531382019,-1.441885106970612
W02000288,51.69823949262667,-3.3420811405767856
E02003678,51.71384377232972,-0.6018969663029606
E02003709,51.628294364832264,-0.7147140202290947
W02000387,51.51098377395597,-3.2025735975772185
E02005682,52.2130951425554,-0.8041779229025247
E02002946,52.653883555216034,-2.4625150914172425
E02002857,52.61006985681885,-1.1402550873109067
E02004055,53.26998983586162,-1.4204142731544704
E02005402,52.74400807728422,-1.4812284920584786
W02000060,53.27761781014055,-3.2067279728220974
E02003829,53.09944577437603,-2.423134014263741
W02000269,51.614857674447116,-3.4444805017768285
W02000010,53.22765687457099,-4.1282232564987
E02004614,51.879694223135864,-2.0794349642280627
E02005994,51.931719774654525,-1.4569508559181574
W02000240,51.44078577830897,-3.1905428591191116
E02005296,53.726478571625485,-2.7525668757841384
E02005638,52.2809977526461,-0.5967620766483238
W02000154,51.79179934398386,-3.9856935276919954
E02001681,53.31916435240515,-1.5183931486559648
E02005876,52.97399892574013,-1.0794442270855864
E02004622,51.70570359629287,-1.9668886342595269
E02005181,53.79257056581238,-2.2704087236339134
E02005656,52.26406774484007,-0.8262258992911322
W02000137,51.71424296560918,-5.048403739243441
E02005980,51.69269320855993,-1.3013556094811645
W02000200,51.76262607883741,-3.714270405902833
E02001635,53.393556147780416,-1.5263691560906891
E02005407,52.71526746030379,-1.369643625596598
E02002580,53.36449828560574,-2.730906456457804
E02005219,53.743999998957314,-2.354753314884346
E02001672,53.34260462887663,-1.4211758622219475
W02000364,51.57697638151168,-2.9907399342197705
E02002929,52.773664434480935,-2.4205115001537805
W02000189,51.62136521785247,-3.995348523939867
E02005687,52.09057710607396,-1.0558085960483423
E02001619,53.430358465145886,-1.4853003362354449
E02005269,53.756160660664065,-2.703136080809226
E02004100,53.32624254190305,-1.9784647462886578
E02001654,53.36210382530982,-1.3607654100699231
E02005700,52.26824502986716,-0.7505071207875106
W02000354,51.59339785582929,-2.947520702945333
E02002836,52.64888177515875,-1.1178362676633093
E02003711,51.619718557635075,-0.7224889629341761
W02000371,51.52861746033959,-3.1914913180507454
E02006017,52.907305239850395,-2.8995622380807142
E02005686,52.077835714925335,-1.2701396547889205
E02001678,53.3240388953544,-1.535982580929994
E02005627,52.23507490703714,-1.0784639232393798
E02007073,52.21834820202372,-0.9353225543519186
W02000002,53.33765216124233,-4.267760067209656
W02000041,53.13966429610425,-3.7966540540913982
E02002922,52.04051007444785,-2.5777385161264603
E02005405,52.7230187597117,-1.3330516679831235
E02002814,52.90507770281449,-1.5414671135405522
W02000349,51.610658086829815,-3.0284971560022105
E02005903,53.05669794491739,-0.7850624866567198
E02003671,51.79844633424929,-0.8190392473285404
E02004618,51.82058128646582,-1.9831255267336787
E02003852,53.26126672128612,-2.9193131501043785
E02004616,51.98489973206167,-1.6990645891966134
E02002575,53.38133754210188,-2.7498881521190883
E02003873,53.24577898549682,-2.1275320724056654
E02002921,52.041119770417104,-2.7326828869707795
E02004036,53.04180523683725,-1.3908184961685028
E02003877,53.26876982174745,-2.7572612620858563
E02002853,52.62360761511677,-1.1037596864454569
E02001632,53.3978126048659,-1.4558971637278162
E02005334,52.622646194920335,-1.2132437098563107
E02002631,53.68535359264368,-2.456520922479016
E02005286,53.65900396884448,-2.176655834803899
W02000066,53.20919637570026,-3.0351082863332364
E02005997,51.86594491176488,-1.474732382958695
W02000257,51.68280014413974,-3.381348192585095
E02002589,53.318976342492604,-2.710117726804893
E02005399,52.75128354023917,-1.4730947140363915
E02005695,52.30392087306125,-0.6820853560088054
E02005316,53.5470257895318,-2.760746381392432
E02005247,53.848299765163375,-2.2251407407137345
W02000384,51.5154809048533,-3.1911513614754528
E02005356,52.74437309263089,-1.1700584322316745
E02001653,53.36442674536334,-1.4525214244707838
W02000415,51.76308359834651,-3.3798177098954776
E02005921,52.08846829962401,-1.3679774949326604
E02003664,51.82383027909016,-0.8214692681029965
E02004643,51.85114339010846,-2.237674330688602
W02000217,51.574827429950965,-3.756736568158798
E02005902,53.06273541590754,-0.8168995947234745
E02002584,53.33603609884158,-2.7196531977364082
W02000196,51.58508337802942,-4.010358553739106
W02000212,51.61791742877659,-3.759079382664799
E02002949,52.63483767917532,-2.4553206638158307
E02005312,53.56269621344764,-2.7758653543313487
E02004044,52.982718478551185,-1.496670431205413
E02003888,53.192940132133074,-2.5310919324180756
E02005924,52.065472789077106,-1.3257600031819174
E02005346,52.7752372474919,-1.2019660181041123
E02006013,52.539875256377066,-2.3378404614727284
E02002854,52.62468507878743,-1.1668060160297107
E02005698,52.301278176576105,-0.7133804388543398
E02003814,53.181431686000785,-2.439915501540616
E02002626,53.72865193783229,-2.5073736360769225
E02005186,53.78752392597706,-2.3032702877798945
W02000080,53.07859854097808,-3.0071275467569474
E02004109,53.30061689151425,-1.4997094336074104
E02003866,53.2760102496468,-2.1290083590868245
W02000219,51.606268313948966,-3.652521539509368
E02005624,52.27373764186334,-1.1611815645426213
E02005380,52.63772394677423,-1.405355647812213
E02004617,51.88866859206738,-1.752637056435451
W02000271,51.60662966677367,-3.4119505169239956
E02005287,53.74960492277185,-2.7350296114132027
E02004128,52.74607457993289,-1.5921571733715154
E02005363,52.68275880862766,-1.1293007566001825
E02005992,51.59706658478584,-1.2937765077056116
E02005343,52.55532651816142,-1.144713164834542
W02000303,51.6409229699492,-3.1302585246505576
W02000156,51.79021423231869,-4.091514814385521
W02000233,51.50810971566705,-3.5603434399495995
W02000402,51.485111447409444,-3.1588276319163042
E02003653,52.0032671467638,-0.9826709248724447
W02000382,51.514857896889914,-3.1138775108346066
E02005830,53.058498916932294,-1.3211139097712465
E02003846,53.28092245026924,-2.9326637792128953
E02003817,53.16476237910493,-2.236005062484252
E02002829,52.6632849754744,-1.140834210386885
E02005983,51.67409995719606,-1.286573378675889
E02005635,52.31013220541141,-0.5950981283918333
E02003850,53.27028347099926,-2.9268987148420282
W02000167,51.67337038777854,-4.158599233474141
E02001664,53.351090128896544,-1.4315793802155024
E02004672,51.88551361505991,-2.1847940498280423
E02003698,51.6681513483568,-0.7543387925140987
E02005177,53.807122516617724,-2.2328791257047236
E02005835,53.41931531396966,-1.0630532324116433
W02000277,51.564843859467594,-3.2811278252105325
W02000369,51.53404095813528,-3.136900157207213
E02003876,53.2735924218396,-2.5493248622576057
E02004668,51.96193695339078,-1.9681558395195842
E02004650,51.82158063820234,-2.2708748833421804
W02000417,51.77585524890651,-3.8276712307742664
E02003857,53.33595929134774,-2.223504617322252
E02005970,51.6034638011826,-1.2333889785513263
E02005306,53.60388785902957,-2.945720904003614
E02002802,52.93132839770004,-1.4524059166077434
W02000081,53.072238247814774,-3.02474430217656
E02005347,52.77337710993085,-1.2180082967463952
E02004628,51.856556416123226,-2.516242396729221
E02003841,53.294543063146,-3.065418321614426
E02002905,52.31337303559078,-2.7974005586090445
E02005193,53.66662340874795,-2.67437616368066
W02000229,51.513234030975816,-3.596550875177546
E02001651,53.36874470593853,-1.5521337582239578
E02006816,52.635326676973925,-1.0395545459845377
E02004061,53.249103846578556,-1.4351012621319181
W02000022,52.858076484050464,-4.10363540975369
W02000056,53.0423394928285,-3.3464135800302786
E02004093,53.4645315571119,-1.9681338106532071
E02003816,53.16630083928831,-2.2128600052582383
E02003712,51.61637978079596,-0.7933020504431404
W02000125,52.0639462133715,-4.390700200369074
E02005397,52.84177635766765,-1.3445622577139238
W02000207,51.65507726634355,-3.779966112875388
E02002849,52.62925081948102,-1.1512433795643766
E02002617,53.75903905908939,-2.4693867348371277
W02000358,51.58756235351663,-3.01481030249373
E02003842,53.291359986047695,-3.004304163243698
E02002810,52.91466446269963,-1.542236320378685
E02005300,53.692971248260974,-2.7344816956900955
E02005373,52.4799182314971,-0.9333323116545263
E02003696,51.72493741997103,-0.8305539739058327
E02005377,52.68359798445227,-1.2821506836788907
E02005379,52.64939306200725,-1.239232894987443
E02005826,53.1033069096645,-1.256177700990468
E02002607,53.38627564686771,-2.6003271961764893
E02005956,51.72323122508206,-1.1993821101903497
E02005821,53.12660142330553,-1.2987654353042388
E02007116,51.73971316631035,-1.2205190151846663
W02000147,51.859999040925295,-4.325253332722926
E02005986,51.654038278873216,-1.5800275733058946
E02003679,51.700681418202734,-0.607401074792524
W02000050,53.29199023387734,-3.4660542924602904
E02007031,53.0547215098768,-2.48306283878208
E02005613,52.50039747207159,-0.7097009270623434
W02000238,51.46126833368339,-3.4475250094540613
E02005612,52.5042664355895,-0.7013365702299255
E02003661,51.83943864676633,-1.0333588990829474
W02000166,51.680787811409466,-4.116366231883372
E02006030,52.73321578436923,-2.7198898456938525
E02001671,53.34262055349418,-1.3735292605741374
E02005881,53.20257331081449,-1.153504364429277
E02006835,53.01465876483057,-1.1620192700865977
E02004087,52.90912239123864,-1.2881704813958117
W02000245,51.41746210396147,-3.248340626451579
W02000023,52.848864683285804,-4.559510683805738
E02004090,52.896358427473544,-1.333857392948539
E02006008,52.66984508721467,-2.371262342550017
E02004601,51.91352229927057,-2.0520154543622544
E02005967,51.610239551322685,-1.260081392537702
E02001613,53.47023228532566,-1.4910905767333769
E02005214,53.767927838051904,-2.416291664267402
E02002912,52.087961848285374,-2.6557321079223266
E02002938,52.69624013825783,-2.505046227217907
W02000261,51.66059965080051,-3.5100005363470164
W02000290,51.754162690623474,-3.279041070307937
E02004632,51.79501524733484,-2.611597621159497
W02000389,51.50306107689204,-3.2178107902768227
E02004122,52.83794036073802,-1.549431746721851
E02005937,51.82359194257681,-1.290295829128832
E02003868,53.26238148015881,-2.1138351285224464
E02003863,53.299533730593154,-2.3749099112546888
W02000091,53.0189121636321,-3.0361136072183452
E02005820,53.13624824537864,-1.254588600131664
E02004078,52.98966563273809,-1.3095153158407355
W02000032,53.29270805355613,-3.8163070060947315
E02005191,53.69857088172814,-2.661172684348812
W02000088,53.04164568190142,-3.001752986070358
E02004047,53.26452802443692,-1.2153753094171111
E02005385,52.552224522027,-1.3609996258417294
E02005412,52.593780226588066,-1.0780785615740127
W02000117,52.416402622239616,-4.07926089491976
E02004046,53.27701905773798,-1.2230312922487996
W02000381,51.5173708240645,-3.1269961453557045
E02006044,52.42500545334064,-2.9621024673387475
E02005870,53.00209621641015,-1.1385927598936503
E02005392,52.774846878137,-0.8837689660326801
W02000255,51.70848430490982,-3.418734290944001
W02000025,52.743462634972495,-3.8931767102458674
E02003823,53.09740839442568,-2.2994930596019194
E02003843,53.28816649547217,-2.9309011934532636
W02000136,51.72397411415028,-4.718515644112094
E02004626,51.92781851769226,-2.3532923540747355
E02004057,53.263728188287764,-1.388759932161253
E02005664,52.25340978707446,-0.8825893195571124
W02000362,51.57931003941744,-3.0514922108626847
E02002595,53.415517460457714,-2.588370859693283
E02005896,53.14539809810841,-0.755625274479729
W02000266,51.62724537792517,-3.3424853894911655
E02006007,51.72805837113575,-1.5373623128105258
W02000256,51.696827711828576,-3.4291339096169398
E02005681,52.213431518000554,-1.0040576334259284
E02002911,52.09514279939037,-2.794816473510004
E02005969,51.60174854118886,-1.1327926880198687
E02005400,52.75092851163138,-1.3687603110293582
E02002845,52.635585701267054,-1.0852676969692048
W02000302,51.645732309650604,-3.253678203602144
E02003708,51.63013834326259,-0.7751373801144263
W02000172,51.67268097208447,-4.04548669177694
E02003860,53.31868274655823,-2.249419167159835
E02002861,52.598391643968505,-1.1350196854662742
W02000270,51.61056015764243,-3.3284933732429107
E02003805,53.18386981237752,-2.8314540148594873
W02000039,53.266026292602994,-3.9322537974743774
W02000152,51.802752596605735,-4.009708592513228
E02007072,52.237986686370256,-0.9475542579889691
W02000072,53.16692810829461,-2.977418510012953
E02001624,53.41603269608928,-1.4267064701222987
E02003802,53.19647524010263,-2.88237198291474
E02004094,53.45472658706234,-1.9806575939204727
W02000077,53.11074190152771,-3.0387486485190194
E02007029,53.186282344611506,-1.6564935865469654
E02002827,52.672861521511884,-1.163419308121434
W02000042,53.33549910792782,-3.422730882578489
E02001642,53.38016395468214,-1.4017649482330852
E02003826,53.108685734765324,-2.436346704896261
E02005831,53.04075541269304,-1.1938299325480488
E02003801,53.2008242843178,-2.860167444203406
E02002934,52.71151154725268,-2.501090651447511
E02003665,51.818167845460515,-0.7921836924062734
W02000278,51.56003993618574,-3.3304379160913333
E02002907,52.22377067156607,-2.741180814195424
E02005653,52.27126387097457,-0.8362681195340604
E02005390,52.52628057340224,-1.3626144593929534
E02005623,52.28929946755953,-0.8557054790864693
E02004035,53.04843352630999,-1.4784267300784013
E02005932,51.911513707866916,-1.1548700572922572
E02005406,52.72106575705661,-1.3700416223323133
W02000157,51.79001916043173,-4.143470762324609
W02000368,51.53960246857409,-3.197726128991266
W02000224,51.54273578808414,-3.5788156109802647
W02000194,51.61329868517535,-3.9903396861300635
E02005692,52.33864991938174,-0.6564171678597098
E02005362,52.69526696397666,-1.0680702328093639
E02003688,51.607213235078234,-0.6461089069253939
E02003890,53.1824073778407,-2.5265977587034287
E02002620,53.74845970793267,-2.483842265732456
E02004620,51.71905333242129,-1.9555854023516355
E02005357,52.73289986078877,-1.1034667175612516
E02002932,52.71667860078415,-2.435615502643615
E02005951,51.739715181340756,-1.255088527424699
W02000425,53.073424867886175,-2.9316868062119297
E02004648,51.830824584068914,-2.260057633119746
E02004634,51.72695370147935,-2.5262462502437457
E02005180,53.79728183170063,-2.2767388360479304
E02002919,52.04146859277404,-2.716944745104322
E02001648,53.370388334847405,-1.5213573676990269
E02002839,52.64320965690448,-1.067716847463477
E02005393,52.765577488015616,-0.9557209528286418
E02003668,51.807916650357996,-0.7852743160821577
W02000424,53.08823864964763,-2.96953509675159
E02006920,52.76974288880322,-1.5311901162708037
W02000388,51.505845096672815,-3.128609318828041
E02005634,52.3254052296299,-0.6160354077607351
E02005368,52.596349662099385,-0.8807571913617439
E02005633,52.34376277103736,-0.5392044284258449
E02006843,53.385377344321256,-1.4747802533194232
W02000234,51.50305083698587,-3.599898401511462
E02005258,53.780491541052825,-2.706591908354849
E02005935,51.89346808811792,-1.1441215378372462
E02006851,52.63327500222227,-1.1323209173446764
E02006027,52.80981119284276,-3.0787227132848236
E02003869,53.26102870952583,-2.1409499575020057
W02000068,53.19742778942282,-3.0162174614913497
E02005694,52.31232606366632,-0.7140424649252428
E02005893,53.206068465167796,-1.0057137988774008
E02002926,51.914917052409855,-2.581967412361496
E02003798,53.20919440985297,-2.921377806059417
E02005948,51.75428725611093,-1.2724329165077464
E02005216,53.7555615500563,-2.389505152938617
E02005280,53.702575645197584,-2.194919394953603
E02005844,53.31158941975679,-0.9509200097442417
W02000139,51.67507063611406,-4.863996364389431
E02004637,51.87124551627428,-2.235435382395086
E02006037,52.695263309220415,-2.76633601376319
W02000259,51.672147420624995,-3.3694739108256955
E02005977,51.51540803114995,-0.9841051956968092
E02005891,53.13300978131513,-1.1520828848219606
W02000412,51.465333116272774,-3.184500565695374
W02000246,51.41022544540415,-3.2925322525476064
E02005669,52.244322391490826,-0.8497050762789059
E02005198,53.64441152158063,-2.6286776902841718
E02003840,53.03105506039557,-2.5920507821517336
E02005632,52.36219909109389,-0.5588001974687923
W02000306,51.606646467766645,-3.0960026998397945
E02004118,52.880094174956284,-1.6637223560650993
E02004639,51.8611953708743,-2.2493274907471292
E02005847,53.299500525118006,-1.124479950715967
E02007003,53.860933800973555,-2.169042992151925
E02005882,53.171765655393365,-1.180932126036157
E02004673,51.87421352541122,-2.135250093336989
W02000058,53.3282745842624,-3.3341657406457204
E02004631,51.81250294526244,-2.614522560439526
E02004096,53.44044933509112,-1.9654458176213412
E02003683,51.668451464246765,-0.5654970494611694
E02005315,53.5498540838896,-2.9048533222351396
E02002813,52.908239953889904,-1.4721431272309204
E02001616,53.43573124853264,-1.4645122293407866
E02003808,53.173104938409715,-2.9177584972395603
E02005637,52.29019047871661,-0.5925174745944968
E02005697,52.30225833374257,-0.6975977943042607
E02005958,51.74915542533701,-0.9700013382776187
E02004658,51.72913843655282,-2.159508665148801
W02000071,53.16996399716132,-3.1078744982252915
E02005213,53.77492862160662,-2.3806014032660587
E02005901,53.07074371251344,-0.7979067186303694
E02005873,52.99142310609839,-1.1253950652252454
W02000124,52.090397237342344,-4.645546350420958
E02005936,51.87785078771331,-1.1851078382843963
E02002598,53.40219432913482,-2.645485611318171
W02000211,51.64013197655046,-3.819939527091482
E02002603,53.39916962977283,-2.5310867197156184
W02000013,53.165445258064594,-4.203410088582074
W02000378,51.52051432234009,-3.2074995237417006
E02005628,52.17446680751569,-1.215198055711516
W02000355,51.59194766381043,-3.056000321575317
E02002625,53.73057280964674,-2.4700176842005397
E02005684,52.14219535991437,-1.0183441448034936
E02005197,53.65246515679333,-2.618635343960713
W02000140,51.675387164526306,-4.922438737065609
E02004088,52.897215338355224,-1.2958664142694634
E02005885,53.157484080506016,-1.225090974853317
W02000165,51.68020656902406,-4.14966879177909
E02004636,51.87877735824857,-2.2147976980058828
E02005946,51.76008716198429,-1.1946207684750936
W02000208,51.655288479585664,-3.8510442790609574
E02005654,52.27028775641473,-0.8148620447185447
W02000295,51.680327282655945,-3.1626393750465964
E02001628,53.412406048637905,-1.3966387725696028
E02005248,53.84213022933754,-2.208128192121191
E02001675,53.33266312035591,-1.3514420817997488
E02003835,53.07871627985502,-2.465287657672145
E02003886,53.19811410531067,-2.5047201918408657
W02000226,51.52559166297341,-3.505048369507631
E02002610,53.38152416104662,-2.474450739606719
E02001612,53.47556080058344,-1.5761845389484452
E02004048,53.23528249324687,-1.2978215219196423
W02000292,51.691698947364486,-3.2220491518356136
E02002910,52.19282813348519,-3.0168800898693635
E02001647,53.37092452152417,-1.391593482007988
W02000216,51.59330585304933,-3.7749605929260364
E02005297,53.71591684858103,-2.7913045683152764
W02000348,51.613488880953575,-3.0048738129338015
E02002599,53.40196592461063,-2.6297130644054922
E02004086,52.90868091108785,-1.3740838643815683
E02001622,53.41961108700062,-1.4895775263341753
E02004660,51.708166629441095,-2.1954040923978213
E02004033,53.052316997537936,-1.3875241640181772
E02003695,51.5234662914777,-0.5139410621444507
W02000148,51.86276861049367,-4.305607833656912
E02004646,51.84078425888179,-2.220596348083112
E02002913,52.09076888439526,-2.3792354218389926
E02005981,51.68549247668196,-1.2684462194491597
E02005890,53.14040380725735,-1.164948409073345
E02006025,52.85698723303478,-3.0583659359539306
E02002796,52.954007720340314,-1.485706371487932
E02006919,52.76303149771726,-1.5675654769694165
E02006033,52.70931002665682,-2.7563745444253875
E02005993,51.938667256278656,-1.5466543842394986
E02003674,51.774988786611814,-0.9980422947867125
E02005311,53.56178203704334,-2.8440404471860843
E02006964,52.6595146211822,-1.063968348286019
E02003713,51.59969294339766,-0.7077572166410969
W02000201,51.743914035377955,-3.6304400461540816
W02000210,51.6528017158696,-3.7979489291804254
W02000054,53.13498511038852,-3.281313758185279
W02000268,51.61875303779565,-3.409023717467608
E02003807,53.18040845653257,-2.891894790557209
E02005839,53.33030218677806,-0.9526783838549637
E02006022,52.79192772208936,-2.6571422464094057
E02003834,53.08441059670295,-2.4420760829814676
E02006872,53.32174384393904,-1.904807338380029
E02006903,53.31877170655903,-1.1114012238424418
E02002804,52.925918362199084,-1.5218476120444524
W02000026,52.58914081581372,-4.083517529374819
E02004032,53.07615102585718,-1.3871582840913976
E02004053,53.10513878138854,-1.3405015765519597
E02006043,52.43662453740314,-2.7700869220784283
E02001620,53.42712640756302,-1.4467411738686582
E02005685,52.125343361908975,-0.9853934733425336
E02003878,53.26902202205369,-2.461157149382356
E02005843,53.322196434395224,-1.1434443354688886
W02000082,53.06185827411353,-3.03394249023917
W02000409,51.47391624719625,-3.2642846547736903
E02005974,51.53043267046057,-0.9035745171795659
E02005995,51.86390388346403,-1.600335908089247
W02000030,53.30970071772875,-3.74716514799244
W02000244,51.423963809513864,-3.1892014211432786
W02000403,51.48842995459836,-3.1403814286415646
E02001636,53.389612881431496,-1.4879078934143493
E02003663,51.83386705913993,-0.8495630077980085
W02000120,52.25341745948401,-4.194538806575653
W02000193,51.61543474597444,-3.962002595443741
E02005645,52.39717854065455,-0.7334152411224842
E02005394,52.76698621494932,-0.8963489687590436
W02000188,51.622913157745565,-3.9217212658470655
W02000236,51.4845488467945,-3.686117416313866
W02000353,51.59735708051158,-2.9822453577501786
E02005693,52.31529312637773,-0.693457410189632
E02002916,52.058994741498964,-2.7116420365554355
E02005304,53.69384202192528,-2.8389883870909767
W02000153,51.77626555538474,-4.236733241608102
E02005252,53.822508974139375,-2.2313161268502317
W02000036,53.28595173571796,-3.582671984503296
W02000222,51.595980579322024,-3.643112702380905
E02003676,51.720716992512735,-0.6419258347015332
E02005251,53.833347758910726,-2.1981739098296935
W02000286,51.74812381280491,-3.3864661525126496
W02000095,52.96805460723362,-2.865988185766176
E02005954,51.731438957380924,-1.219910296750377
E02003818,53.15528241017913,-2.192574284612696
W02000174,51.663960204644575,-4.05441201355986
E02005878,52.96524174827092,-1.0942750517259687
E02002574,53.38656508891624,-2.725169790036955
E02003889,53.18430301351745,-2.542763149121157
E02005982,51.677995696583004,-1.2713635041512028
E02005822,53.12845939929359,-1.2486802240839348
E02005345,52.78421523845288,-1.2435857235343943
E02004607,51.90173315277426,-2.066384711869396
E02005202,53.61755855376618,-2.60190479318617
W02000182,51.63975875767277,-3.9517340665471963
W02000380,51.52113278838821,-3.301875061364755
E02002602,53.40038078977193,-2.607653711569222
E02006868,53.377976757532004,-1.4477243285450916
E02004059,53.255031568032,-1.4035453853397488
W02000347,51.616021316366314,-2.9665681075290973
E02005985,51.662627345450424,-1.2919674831499761
W02000202,51.72038943785847,-3.8479836659539925
W02000408,51.47886900653802,-3.1919957707932474
E02003856,53.34448716191754,-2.213251427514889
W02000134,51.7170024483688,-4.94940800202703
W02000310,51.5929134533118,-3.152462575070163
E02004667,51.993978937717976,-2.1532296129400814
E02003701,51.64076841220786,-0.7666801582035765
W02000383,51.514386808815814,-3.154095752286137
W02000031,53.30506956161991,-3.5208061399516994
E02002940,52.69597895418893,-2.439208745699614
E02001638,53.386203232590866,-1.5020497358294438
E02002833,52.654879460845684,-1.1136818216039404
E02003670,51.80266643204313,-0.8025307278713679
E02004649,51.82958884779658,-2.2849297096411476
W02000423,51.467793346775295,-3.1714754878218088
W02000169,51.700290076502675,-3.897432239650798
W02000043,53.334677914775426,-3.399987301122612
W02000118,52.40478282416938,-4.070124886126082
W02000020,52.93014924066179,-4.334334253839027
W02000251,51.39684336519037,-3.276178107205217
E02005253,53.8181516527405,-2.6469259982875277
E02005996,51.84961545350637,-1.3551864278865564
W02000373,51.52653645284285,-3.1196184369577264
E02005288,53.74006244111533,-2.6227497679744727
W02000129,51.853672964474256,-4.871451156635779
E02004662,51.694030956107724,-2.458426574556426
E02005673,52.240886084729,-0.9194144458447672
E02006026,52.824755988511974,-2.9711731311747602
W02000394,51.495832754468836,-3.1810544850847933
E02005689,52.03964649890792,-1.1494608304082055
E02002843,52.639059946116625,-1.1063676076962252
E02004110,53.29758046956339,-1.4752906743435241
E02003828,53.10437172159782,-2.467539901470989
W02000051,53.25420308790495,-3.4456786727225768
E02006011,52.537159451630586,-2.431954202796284
E02001633,53.39621845791805,-1.541981785833743
E02003853,53.358183373768334,-2.0353442086570266
E02005302,53.6880941988505,-2.6820871716581993
E02003804,53.19316333612431,-2.864941563285699
E02004604,51.90720883425773,-2.1102779188642025
E02005665,52.25188123309873,-0.8271472431608581
E02006032,52.71452963341386,-2.7258735665137923
E02002597,53.41134308732456,-2.572743288382223
E02005338,52.58644465869471,-1.1961678890772678
W02000352,51.598559791897486,-3.0005940839174965
W02000179,51.64612174130303,-4.038164390144313
E02003655,51.942433385438406,-1.0055987054507636
E02002923,52.036427592437924,-2.4287284495575414
E02004089,52.89760641614506,-1.271174965857589
E02006016,52.924665302831855,-2.61722968769908
W02000059,53.28211661771451,-3.2474495550692746
E02004125,52.782091301254376,-1.5762990900759992
E02005690,52.02956620700019,-1.151572684339195
W02000127,51.99321541175008,-4.976922823750063
W02000185,51.63823880314275,-4.101811547847711
E02005938,51.81549319555917,-1.2828768386800409
E02005387,52.54297983253411,-1.3936764520480587
E02005298,53.707734536523276,-2.6941061766908057
E02003874,53.294322092196204,-2.718626332070329
E02005290,53.74104832801374,-2.671931095012267
E02001674,53.34125691657778,-1.4670468255802003
W02000367,51.53962985827799,-3.180461025046515
W02000300,51.653160526631446,-3.1941742543496785
E02001643,53.37872636124359,-1.5280279461745125
E02004669,51.94969789857693,-2.10820366177826
E02002909,52.18774377890862,-2.512094403173351
W02000033,53.29294332378496,-3.723751721652548
E02005408,52.702190684258724,-1.509475662489264
E02005904,53.05858973517066,-0.8439700513131777
E02004624,51.672049582477996,-1.9360331450621135
E02005679,52.20762546941837,-0.901298787290769
W02000128,51.904081514615314,-5.125448871677524
E02004097,53.367367592857576,-2.0010218749625963
W02000191,51.619458579062716,-3.9690747744229946
W02000235,51.48611862552334,-3.7093096320610703
E02002863,52.719572256667625,-0.6448086200367794
W02000018,52.98522421191908,-3.9353484862754535
E02001660,53.358546486651655,-1.4878934321389037
W02000296,51.66678215001601,-3.2146806622050783
E02006024,52.86013570340048,-3.040682499881534
W02000282,51.520942924866404,-3.3940593931113914
E02006029,52.734843473636595,-2.7398158982992196
E02004652,51.77888979811061,-2.178422721886355
E02005242,53.91305560189511,-2.1449985275423447
E02003717,51.5760813016669,-0.7777294827772414
W02000027,53.32179000803698,-3.830387530626193
E02004612,51.8844099229609,-2.111146841871888
W02000397,51.48956653438015,-3.2431239915262475
E02006000,51.790773486545746,-1.4738697473956472
E02004062,53.24725872863276,-1.4645174573684536
E02005289,53.74122712444668,-2.7330270919063624
E02004073,53.13233325104478,-1.555475825436945
E02005389,52.53388537546088,-1.3564709317487091
W02000065,53.213446248776485,-3.065933318334051
W02000366,51.54643808311947,-3.057962924087858
E02002928,52.77370602778679,-2.3754063670216103
W02000254,51.71588592875821,-3.4627184435298406
E02002866,52.63288035641894,-0.5520386822936776
E02005677,52.22636458525158,-0.8963413604307437
E02004066,53.22363532821442,-1.4108451335507695
E02005846,53.30224591781316,-1.113159662892566
E02002576,53.37429437542234,-2.7137794629600265
E02005265,53.76740228792319,-2.7530034592105737
E02002622,53.74599188935039,-2.44955590740484
W02000305,51.60781652207736,-3.0858204930429407
E02005383,52.57021023817575,-1.3441808826156674
E02005364,52.67960536026767,-1.1232858930853415
E02005934,51.90290249379104,-1.1679526531638744
E02003891,53.16180673693979,-2.662694906621797
W02000356,51.591795745741514,-2.9308303772804027
E02005348,52.77357692712752,-1.242849362465003
W02000385,51.513808956579005,-3.1707913389752216
W02000181,51.643717929726144,-3.9102531668341727
E02005849,53.24904078623775,-0.8841103045200857
W02000009,53.1996689932314,-4.303536017076442
E02006804,53.3058953643867,-1.3585498910070113
W02000171,51.67539394786265,-3.9965071843380415
W02000038,53.27601733027398,-3.83858018296076
E02002930,52.765348554606085,-2.378897733989756
E02005617,52.480716540046174,-0.7165375889550812
W02000237,51.46341950229939,-3.56998727161892
E02005294,53.73094860389392,-2.655258214945306
E02003838,53.063846200143935,-2.4523922147524635
E02004611,51.88739065798574,-2.050204120345068
E02005662,52.25500031584317,-0.8749214423766867
E02005834,53.0257075643521,-1.2197134824664693
W02000363,51.57690709491994,-3.0176199990153463
E02005303,53.687927052765694,-2.717960173123937
E02002933,52.71202812365683,-2.5274902065695977
E02004104,53.24678563224678,-1.9154879838625962
E02005195,53.66527979787321,-2.7721530765883378
E02005246,53.852155437509246,-2.1785452058868935
E02005945,51.76047428819832,-1.2190021755310712
E02005259,53.779056827895424,-2.672915232467082
E02003715,51.58909719726851,-0.7780594603535503
E02005880,53.21397672956612,-1.1476096189553504
E02005257,53.78391362241709,-2.744435891893089
E02003819,53.14896005552911,-2.36869198886919
E02003704,51.63702256642097,-0.7009599138778594
E02005250,53.83364425034581,-2.2193956601069003
W02000298,51.66550799721636,-3.1986309810752687
W02000247,51.40911331936672,-3.4783906034962513
E02002831,52.65784897785382,-1.1004104612262668
E02005293,53.729759165343715,-2.666614098921073
E02002578,53.37318101230594,-2.733311480095841
E02005395,52.75578912506126,-0.8826883325089
E02005966,51.61401258611499,-1.2335834329605193
E02003811,53.19997970373651,-2.310209158536003
E02003702,51.64611073818546,-0.8339599162666355
E02002842,52.63905972200111,-1.1511503410277046
E02004119,52.87016290932854,-1.6279116069160011
W02000399,51.48976633130153,-3.166040401124181
E02004045,53.276740881760716,-1.268315560598609
E02004608,51.89580086936998,-2.0813167645810973
E02002816,52.89846871993188,-1.5220757262824505
E02002823,52.88747095202159,-1.4261080255146272
E02004671,51.88862970641924,-2.2516399914510083
E02002915,52.066623874275706,-2.703517651077872
E02003812,53.20040036532514,-2.358449949990145
E02005249,53.8355038010592,-2.204052823418526
E02002585,53.33604546227422,-2.739500083086684
W02000045,53.3214504038099,-3.486839526805728
W02000427,51.684384180879235,-3.7021048514788135
E02005401,52.74158325449732,-1.4081327395516927
E02002803,52.92821258867678,-1.4837745742351283
E02001627,53.40946273893011,-1.5026919540394796
W02000075,53.1496398391183,-3.0401915106245956
E02003815,53.16657392602634,-2.196669983239338
E02005201,53.62262346191423,-2.660846348682891
W02000146,51.88623773809956,-4.168386201167781
E02003847,53.27749240085173,-2.9455178268097266
W02000144,52.008380355842704,-4.4194699237565445
W02000017,53.0548145249708,-4.279035347658789
E02005925,52.06304873948662,-1.3603706938907376
E02005887,53.14504448455439,-1.2040066623281904
W02000135,51.7176871752423,-5.025136077395358
E02004644,51.84793587001661,-2.2519278332465023
E02003660,51.837368138135055,-0.6394664671283301
E02002935,52.71036913561473,-2.4547854972193464
E02003656,51.94538254435075,-0.884562538880601
E02005256,53.789411408405705,-2.680439512098725
E02002860,52.60008324815744,-1.1528838726325088
E02004633,51.75427447624521,-2.566720875167765
E02005217,53.74937988132656,-2.37712690548759
E02002947,52.65059879509019,-2.442853712387743
W02000405,51.48036694915815,-3.2503894252519543
E02006884,53.695639879032726,-2.241690805027986
E02005263,53.770289529399776,-2.6996818219712737
E02005616,52.486886253665695,-0.6964846323797825
W02000213,51.618759353061286,-3.804942797072169
W02000281,51.538456249172285,-3.3753045284426975
E02005699,52.28964809947062,-0.70231944596907
E02005833,53.033984100474605,-1.2253277274393453
W02000258,51.67624846217559,-3.5400885861044094
E02004029,53.0968062059915,-1.3812810588913467
E02005961,51.74392039652374,-1.1299253410804533
E02004114,53.193365619934475,-1.4273841606675812
E02005968,51.61188841838791,-1.0897567124963843
E02005964,51.659117738292196,-1.101851510073599
E02003854,53.349059102393866,-2.129831468899694
E02006819,52.641141479940046,-1.1899940425307909
E02005301,53.69397312614926,-2.7078850496192004
E02005998,51.818965742026755,-1.3939267708149743
E02005660,52.25539290570058,-0.809686266213869
W02000307,51.59940079139357,-3.271432450306318
E02002583,53.33697285635062,-2.686792050616479
E02005872,52.990111292858764,-1.0477740980841384
W02000297,51.666401534095954,-3.24308637548566
E02002797,52.946318864990694,-1.4979000689518143
E02005278,53.72463868499864,-2.2842272605781657
W02000028,53.31418426999945,-3.8227266168664746
E02001634,53.39427850905836,-1.502887755118692
E02005295,53.727872554772134,-2.685643456415638
E02005898,53.11307793263945,-1.111187599752557
W02000312,51.57988820356667,-3.235701348749127
E02002848,52.62959139468553,-1.1115032145014365
E02004664,51.68114714253739,-2.351642692449736
E02006862,52.46879644498484,-0.7302101183104924
E02004030,53.08579285810126,-1.4766420353585996
E02005688,52.057176479104015,-0.886134105304033
E02006035,52.69912868578098,-2.728572725106751
W02000037,53.283950603314544,-3.794636124612275
W02000267,51.62512795391335,-3.4648151896070485
W02000396,51.49588631335506,-3.1705302431619455
W02000083,53.06045221824683,-3.0609677755631886
E02005382,52.57411813654033,-1.3150337090335793
E02003831,53.099216106065604,-2.394189671998741
E02006824,51.651963730953014,-0.7100732005202378
E02005691,52.02064103445291,-1.2360857207713594
E02005620,52.32709144486565,-0.9057027751906304
E02005355,52.752840639453346,-1.1441080542971718
E02002590,53.45204846668683,-2.5278703542987615
W02000186,51.62846137336027,-3.9641278252917336
E02005957,51.71647870324039,-1.1963559063695726
E02007030,53.082819700355955,-2.529212055114191
E02003667,51.81432518061493,-0.8338056879595717
E02005178,53.80088927644837,-2.2393107512988317
E02001631,53.40426036888973,-1.5137068944035799
E02005176,53.811343330000014,-2.2174725173235927
E02002937,52.71099114179573,-2.544266899983529
E02003862,53.293162982306185,-2.149711070723688
E02004077,52.94821136203204,-1.7356807634236653
E02005642,52.41423684077242,-0.7241916258219736
E02005292,53.735068987769786,-2.717032061193217
E02001680,53.32172372711023,-1.4688405215190465
E02003820,53.14244800242168,-2.389603218949974
W02000067,53.20505550464671,-3.0742026756595044
W02000357,51.59000039988412,-2.975775497291938
W02000225,51.531717187224835,-3.6813802269945803
E02003687,51.60385209336405,-0.565110665720848
E02002867,52.59056470078424,-0.7239176579926809
E02005370,52.52838315444936,-1.2224903728205694
E02005305,53.67471953069782,-2.9140312668798245
E02005701,52.25819253565464,-0.6672782402706959
E02003682,51.66805683582463,-0.6014589995575236
W02000218,51.63148742676699,-3.65707473054018
W02000089,53.03972743314929,-2.982469562622011
W02000024,52.90884343900914,-3.6001657951757315
W02000047,53.31565215667078,-3.4841465694447264
E02001679,53.32417207943171,-1.486382390711288
E02006966,52.60642888069794,-1.080872442664807
E02005988,51.60768200338049,-1.4257165675657506
E02002847,52.63222241098772,-1.0987282137306156
E02006046,52.36600259080511,-2.5577335303397986
E02004635,51.646257144675445,-2.6599559156589883
E02005254,53.80036223059186,-2.7396106545800256
E02003652,51.99556657211251,-0.9808469590266565
E02004051,53.201024297994486,-1.218399907523448
W02000215,51.59402890778818,-3.7998944421120364
E02006010,52.60862118903663,-2.486535257807515
E02002592,53.43164204575567,-2.648481866431587
E02002612,53.369402544750415,-2.575795892311249
E02003794,53.25695082948265,-2.816058968958281
E02006018,52.903337279015844,-2.493422426865709
W02000173,51.6688760612125,-3.8775576259463973
E02003795,53.226375407988876,-2.947675921788812
E02006817,52.60527280804185,-1.1241807340107925
E02001657,53.361800073841,-1.5130061351619475
E02005314,53.549906162361054,-2.80242294484722
E02005615,52.4906045176493,-0.7241688529427329
E02003707,51.63240710927888,-0.783253213753271
W02000223,51.547116803383894,-3.5928006911578496
E02004638,51.8702122568365,-2.2126321563783047
W02000407,51.47849458522603,-3.237300358037334
E02003884,53.23445972034487,-2.5993913274955314
E02005953,51.74006341345148,-1.2351484900620742
E02004106,53.310460833598675,-1.4281934231730367
E02005261,53.77406686314595,-2.658551094536165
E02005877,52.9704016699333,-1.111447321017163
E02006041,52.554488346022325,-2.992396509594964
E02003797,53.20867366966896,-2.889069594148962
E02005894,53.17089872056557,-1.1094271522543477
E02003870,53.255104802332525,-2.1307032151666476
W02000011,53.217067540809595,-4.145825303626353
E02003882,53.25321681486963,-2.495148164270827
E02005866,53.038515316133974,-1.0825274601517063
E02005190,53.69664064574803,-2.574137752768837
E02002632,53.65633607330964,-2.4105179930192304
W02000301,51.64988611870622,-3.2289302066286667
E02005260,53.775474017289014,-2.7317723996215477
E02005619,52.411092748745595,-1.0249242247052595
W02000204,51.67494660598762,-3.81485145521091
E02002838,52.64418412586796,-1.1680466113035937
W02000232,51.50927307193539,-3.546163490799987
E02004043,53.00634040030889,-1.4260006652307982
W02000411,51.47030438261999,-3.2526126642355635
E02005264,53.76993161562454,-2.7170468472326137
W02000004,53.29100979979936,-4.579786144435962
E02002582,53.33807682272926,-2.661718310157246
E02003694,51.52889898819296,-0.6647616895213222
E02001652,53.3689163844725,-1.471711486247832
E02005340,52.570998561934715,-1.1625877721056306
W02000183,51.63512499595105,-3.9413409964875523
E02003673,51.77459867546757,-0.923050184167867
E02005949,51.75082779123289,-1.2073414923491057
E02002948,52.638564932828984,-2.468654812869147
E02005398,52.83389335217219,-1.284581849627386
W02000143,52.00263557197385,-3.8222540443691098
E02005888,53.14458255300085,-1.1813889910655877
W02000123,52.12261631121797,-4.0935881348064465
E02002817,52.89836528087634,-1.502507388540286
E02005374,52.479958204015766,-0.9207964441154649
W02000260,51.667870557863466,-3.4673644532164594
E02003821,53.14079972108677,-2.358736495232651
E02005683,52.16347599868716,-0.8931247061832047
W02000289,51.66383808410171,-3.304261790353374
E02001676,53.332552011834366,-1.4919615677713416
E02003705,51.633482769699874,-0.7346269956397735
E02004091,52.889221633243594,-1.2727811944026048
E02004117,53.1291102495021,-1.4039956644864655
W02000141,51.675255070959004,-4.710486483678764
W02000176,51.659653052265625,-3.945191022472657
E02005652,52.27173691320946,-0.9068663922647038
E02005680,52.20289724758658,-0.881600651363215
E02002615,53.768211999328884,-2.4763951231166743
E02005928,52.032523334247045,-1.3257298451952026
E02006001,51.78339088338353,-1.5089476251223821
E02003714,51.59609511036323,-0.6857800126259829
E02003861,53.3064421243251,-2.360358235261426
E02003800,53.204515742072516,-2.734328116886691
E02003810,53.044797211163534,-2.791736406203046
W02000365,51.56355701820811,-3.0162503682183335
E02003865,53.294369609582,-2.10476127164181
E02005262,53.77821795894563,-2.7603936302130228
W02000087,53.04665007993647,-2.9717201887001576
E02004613,51.883114022665445,-2.0655459822173476
E02002800,52.936126655519956,-1.487146895837391
E02005892,53.1313501769188,-1.183705943827549
E02005360,52.70831861976987,-1.1929338631369453
E02005335,52.62536717670324,-1.2293379966435352
E02006863,52.47218587163771,-0.7048288749339553
E02005310,53.56559316486591,-2.8800646265555234
W02000264,51.645378537846014,-3.434923365780455
E02005840,53.32652339947176,-1.1288702080842652
E02005359,52.70689699493453,-1.0510649240894472
W02000138,51.69063327841096,-4.9422023818577365
W02000351,51.59949011094159,-2.969347686023782
E02001625,53.41666055787774,-1.4726252437693912
W02000398,51.48979844925173,-3.1770698072109176
E02005307,53.598346169359786,-2.8427598611665226
E02005267,53.76627807699162,-2.6956085653248083
W02000228,51.52460893667764,-3.5650459246841053
W02000248,51.408916094897876,-3.262550276169658
E02005825,53.10265658574767,-1.2356995536403812
W02000421,52.3437243310575,-3.9791395225730226
E02002820,52.8960702443577,-1.436504513352628
W02000262,51.64893920734607,-3.4909628521934
W02000361,51.581928078065964,-2.953371341916322
E02002852,52.62548007030014,-1.185444458883539
E02005369,52.54437356736696,-1.0036431046235892
E02003710,51.62507739254431,-0.7614919987329727
E02002579,53.36793605378064,-2.7605895732090278
E02001655,53.36293423306604,-1.4042766662723811
E02002591,53.449874593249895,-2.51307367028463
W02000195,51.584315674348034,-4.032766560990634
E02005672,52.24301926348127,-0.8882588213703084
E02002601,53.40056423496724,-2.559617879316699
E02002801,52.934824172331986,-1.4351477097750227
E02004661,51.6980482721683,-2.366517582528808
W02000001,53.39803980525238,-4.3807084852551155
W02000360,51.58398790432108,-3.0013716359072022
W02000374,51.52480569181577,-3.1645704521703224
E02004082,52.9705659327375,-1.3584405348622774
W02000419,53.315715382467424,-3.466157272343013
E02005268,53.761160808671676,-2.6756276344195977
E02005299,53.698321891624246,-2.693443236351586
E02005361,52.695785434632086,-1.0851942088806565
E02004600,51.91617010242223,-2.0889923317959074
E02002856,52.61591277989449,-1.1168439691876175
E02004080,52.97055044273346,-1.3044352526032497
E02005339,52.573616225794886,-1.2114722022938174
E02004126,52.77222070843756,-1.5625877224142868
E02002920,52.04176485899593,-2.751835299820218
E02002600,53.40191193761759,-2.5815179003878903
E02004663,51.69659806979677,-2.2281439973262347
E02001614,53.463108113794576,-1.4723912208024068
W02000197,51.57952886289338,-4.122087158013331
W02000221,51.60589036922467,-3.582942638618848
E02007035,51.945196142731824,-2.0550385229924375
W02000287,51.74174348211128,-3.367921776192883
E02005639,52.44264473822994,-0.7300099187477462
E02004641,51.85666582893672,-2.1912193952992656
E02005622,52.313339563836024,-1.0453973724537853
E02007034,51.94983564859808,-2.0674755030061855
E02004630,51.813757147218844,-2.4433902364491105
E02001656,53.36252895160568,-1.501626694940613
E02004058,53.258386495175394,-1.4457830656244588
E02002826,52.871878522953516,-1.434034276541452
E02004081,52.96901838468593,-1.4371787800883478
E02005354,52.75316770264977,-1.2198098683765506
E02005352,52.769912522134675,-1.0990796003378636
E02003864,53.300298313702775,-2.2398269411843668
E02005337,52.60920340692985,-1.176584897440661
E02005829,53.07349152938716,-1.3003792434794892
E02002830,52.659269787701575,-1.161665935564694
E02002944,52.66859026091084,-2.4607245467519783
E02005189,53.712478673573436,-2.6391073498145903
E02005351,52.76553579100553,-1.235617479323965
E02004063,53.23794539487434,-1.4526823369043935
W02000299,51.665713323261095,-3.146708314185385
E02002864,52.6778788512405,-0.7434972211843319
E02004039,53.020374077147075,-1.454839211134507
E02005824,53.121235254727374,-1.2773423583732086
W02000252,51.73832385552015,-3.50429030000933
E02004084,52.95794768937748,-1.3245544333228279
E02003669,51.808277490088315,-0.8167170315933321
E02004041,53.01285018525305,-1.343278140568918
E02004113,53.19043841455352,-1.3820284208200007
W02000090,53.003791335184374,-3.066714558265727
E02001646,53.37189090797192,-1.4970481858009537
E02005179,53.79826904456909,-2.3103711857402347
E02002942,52.69148715359022,-2.422960609232974
E02004116,53.16514626954866,-1.4088897770843665
E02004095,53.441674877605216,-1.947748315615225
E02005336,52.6196473657543,-1.1945727754923916
E02005658,52.26161390464625,-0.8938431442445585
E02005942,51.769505868522174,-1.2669540791227172
E02003871,53.25344033827305,-2.1557648948560963
E02006038,52.67484040626893,-2.7668156329439624
E02004105,53.320682505938365,-1.3173219868256445
E02005183,53.78747599098099,-2.2164468987802532
W02000132,51.79799290578575,-4.741075868591301
E02005828,53.08028167137012,-1.2510240097072416
E02002821,52.89393356105551,-1.4552299815933243
E02002812,52.90984493631325,-1.503909394623112
E02007021,51.74144357660568,-1.2025588760379122
E02006967,52.59479871715706,-1.0626429290611528
E02005631,52.39822895184384,-0.5347397675636133
E02002588,53.32223020364702,-2.686420101138694
E02005923,52.06644120442864,-1.3486043481612735
W02000130,51.804111563136466,-4.97328198388024
E02003844,53.283000265031724,-3.058133176526315
E02006823,51.65422784965952,-0.6830818800251809
E02005650,52.27371618593574,-0.8926876167394422
E02003845,53.2835098386542,-2.9018227492757145
E02003809,53.129313285965374,-2.7700630547382046
E02005926,52.052744891725325,-1.346122425195454
W02000158,51.723501393887226,-4.052972937709669
W02000151,51.80502528687345,-3.9032071940395086
E02003849,53.27259425127917,-2.889217842804812
E02002809,52.91569787528495,-1.4011523766221563
E02002825,52.87540115533171,-1.4474528273178078
E02006005,51.76886993321705,-1.5940704017498661
E02006021,52.82752941569135,-2.801644519767794
E02004621,51.713987065272704,-1.9663907159512612
W02000161,51.69271779500428,-4.140701761416764
E02005386,52.54519103722187,-1.3700690615989788
E02005353,52.75863418397754,-1.2036837922736068
W02000291,51.72074929918361,-3.2430439349064373
E02004085,52.92396226293449,-1.2945721151790315
E02004121,52.86805272677946,-1.3998809575306066
E02002822,52.88816679146001,-1.5009867015949754
E02006006,51.756806382834775,-1.5963141979536923
E02002798,52.94533122790058,-1.4298580590043828
E02006042,52.53717637995159,-2.802160974266142
W02000241,51.4398964447152,-3.175798487184931
E02003681,51.67978885086212,-0.6000714187587126
E02006850,52.626698576186165,-1.1361406707550599
E02005836,53.401134808144995,-0.8390455626692537
E02001626,53.411379079851166,-1.5114316296370025
E02004111,53.23246246392521,-1.3810935050892124
E02002865,52.67005177193823,-0.7283935792600371
E02002806,52.92436820965138,-1.4989613597132314
E02001669,53.343982062780775,-1.481539464370496
E02005661,52.255352992259986,-0.8632912975413559
W02000274,51.583302898033146,-3.450680912140994
W02000074,53.16619513359246,-3.0732808188604164
E02001650,53.36999404587457,-1.4807641933752633
E02004102,53.259866797503875,-1.9126403956484925
W02000220,51.603397582861774,-3.5404421127563332
E02002587,53.32221570058774,-2.665821063918166
E02006020,52.856673527087175,-2.5034642402007217
W02000265,51.64169721712952,-3.465308471903337
E02001617,53.434254720154,-1.4444688571313395
E02001630,53.40539156455178,-1.4542814731008862
E02007070,52.376331029966885,-0.7911525195049597
E02004666,51.9968651278535,-2.125308032374949
W02000206,51.66001774755793,-3.80219876884111
E02003799,53.201956336188196,-2.930123995765866
E02002917,52.0577404532421,-2.7343673623775437
E02004056,53.26780592470332,-1.3435026079895909
E02002618,53.75704360978244,-2.4840697143240957
W02000263,51.6491344205318,-3.331439900023729
E02003672,51.7953829428501,-0.7512313641879402
E02004072,53.14476915651536,-1.5542921734697106
W02000284,51.76411403244147,-3.3578850313594337
W02000029,53.31464113655134,-3.7731086600100823
W02000126,52.02128849927333,-4.6494409549512845
E02001670,53.34287583261832,-1.4443054659728483
E02005991,51.59200864181347,-1.425900000628053
E02005342,52.55951987394227,-1.22845653728238
E02005378,52.6594174828427,-1.2231294632139345
W02000142,52.051317940947904,-4.17699920458235
E02005943,51.76746933503388,-1.2371370190718132
E02005396,52.744583951711256,-0.8532626427568387
E02005648,52.382163630452126,-0.6926443441567297
E02005899,53.08061968743649,-0.8019351828726935
E02003716,51.579373217695405,-0.7080031375682587
E02005668,52.24890563060353,-0.9472719927104677
E02006869,53.347098706540955,-1.3966175365147835
E02001618,53.431850688938134,-1.5380832428362057
E02005625,52.260953020672105,-1.1694746567476524
W02000070,53.18593765294227,-3.051837739791032
W02000243,51.418398718151174,-3.2697290971121427
E02004052,53.14037710819865,-1.3426634831400168
E02005629,52.56632648799214,-0.5139487392307411
E02005279,53.7042317102523,-2.322999761546887
E02006820,52.64810884333137,-1.1990557465457323
E02003699,51.656594216678435,-0.8944161363931887
E02004034,53.048207671480505,-1.4157102517947708
E02003830,53.096745104150806,-2.450509545908533
W02000052,53.1844045329906,-3.425337231675894
W02000057,52.969566047075624,-3.1745836696016445
E02005184,53.78534107629975,-2.1967585290561007
E02005284,53.68966145397198,-2.3313138255856196
E02005404,52.73893244624903,-1.5286453948124332
E02005646,52.39360837424715,-0.6995933478200859
E02006828,52.98311725815653,-1.319458733209779
E02003691,51.55670449086653,-0.6128768334665393
W02000231,51.51072129629231,-3.5788358136710845
E02006045,52.37141105955934,-2.7093430692524945
W02000375,51.52491276445576,-3.1461116489984047
E02003677,51.71597269121868,-0.616663401961665
E02003858,53.32613334460292,-2.2351602802041284
E02002586,53.32934667615639,-2.709765850934149
E02004050,53.20635957930985,-1.2225683404439551
E02005212,53.78607093668537,-2.405528152445286
E02004074,53.08144853168069,-1.5744424765347802
E02005185,53.78430618017708,-2.2638962241516642
E02005200,53.64145165420602,-2.643087476801141
E02001663,53.354064936619054,-1.4741119048633808
E02003796,53.211807097210986,-2.874523021753457
E02005874,52.981074650244345,-1.1135147957353444
E02003662,51.828059518878064,-0.8049880354602476
W02000392,51.49587357112502,-3.2285221474644605
E02003686,51.612770431595266,-0.5521145626622908
E02003851,53.265940852992536,-2.902616533399274
E02002614,53.35346906124205,-2.572106240994766
W02000040,53.17983478135186,-3.6003804633843903
E02005973,51.53694044405666,-0.9108734365902853
E02004076,53.01102803961478,-1.7270414112059536
E02003658,51.864000593481585,-0.7466697204777892
E02005381,52.62522644222074,-1.3054837211327213
E02005886,53.15588561660191,-1.1588613449728062
E02005245,53.85797267283997,-2.1440928274581
E02001639,53.383222870475386,-1.5104482924882143
E02003832,53.090607293669585,-2.4452232395753244
E02004067,53.22220005284559,-1.433682782559498
E02004627,51.92990077596971,-2.405932904847978
E02005415,52.580842553652005,-1.1321786410967258
E02002844,52.6364435044326,-1.1164990569594957
E02003703,51.63984784663377,-0.7403677745127608
E02005675,52.22540272093939,-0.9233610066889678
E02005414,52.5861099036989,-1.1115898383186125
E02006844,53.378441141920106,-1.4796290829039898
E02005220,53.739343647374554,-2.404182022426121
E02005309,53.57359576587545,-2.8897311166525004
E02005987,51.634919050577444,-1.3061343624881783
E02005666,52.25035883063039,-0.9170092386813182
E02003872,53.23930951001038,-2.137975045351552
W02000285,51.7536574800035,-3.400246360568555
W02000092,53.008877192761005,-3.0540654562319665
W02000377,51.52234925550569,-3.0945414068706327
W02000230,51.51953625466183,-3.5902956419467364
E02005636,52.29409411626006,-0.6059751261153576
E02006004,51.76938313652258,-1.603560958721826
E02006803,53.32498682052351,-1.3610403733169842
W02000393,51.4963704968424,-3.2476175177809212
E02003697,51.72227913048721,-0.8152228184236501
E02006827,53.01869135854489,-1.3424069209279306
E02003659,51.858150652499404,-0.8690350103696212
E02003859,53.31708685408773,-2.3500900223294474
E02005674,52.239511069448454,-0.8813561449546659
W02000250,51.40037242804126,-3.397037370404425
E02005848,53.2982906212209,-1.1058845498220946
E02003693,51.53514035936368,-0.6668230310741805
E02002613,53.355431620963756,-2.557640779199632
E02002908,52.225860765020045,-2.7972264549139534
E02004651,51.81360559804382,-2.278518977516925
W02000069,53.18018166388529,-3.1003801107503857
E02002927,51.89862890094609,-2.5897623233108633
W02000205,51.66844630128509,-3.8205530956910603
E02002819,52.89619074456171,-1.4231237271366306
E02001682,54.97097774334433,-1.7536193783803151
E02005595,52.612777213432025,1.2620169998033395
E02002712,53.74271269693933,-0.19824667220900757
E02002680,53.74264976541414,-0.3471094875342632
E02005323,53.90887704574672,-3.0294240613387937
E02005484,52.80741580247933,-0.6264364166983851
E02005809,53.88272883267907,-1.2688513351314512
E02004586,51.7982422291852,1.161010828740252
E02001732,54.9767362947672,-1.6866458325186537
E02003743,52.673238078815125,0.16871363640773676
E02004459,51.850805089744675,0.7009696278585172
E02003239,52.61526805771807,-0.2502227495798688
E02002648,53.79793353793002,-3.0266648937896363
E02004306,54.82160392949631,-1.7395291766122905
E02003460,52.093751375931056,-0.7738593618355859
E02004890,51.814458601262665,-0.037376340275661946
E02005238,54.033589505839096,-2.7891560044002275
E02005796,54.48864481878424,-0.7949922490450363
E02005780,53.97940931059416,-1.5522207562532504
E02002686,54.09099432635874,-0.21043463072851723
E02006910,54.56543948086246,-1.165062470658179
E02002656,53.786720533695835,-0.35875595872499183
E02006296,52.06165151712499,1.2613294027840454
E02002689,54.076598815906536,-0.3257678526200962
E02001720,54.99342228334022,-1.6065422357069912
E02002705,53.780185988452374,-0.4323691287555497
E02001723,54.988210230430695,-1.6601758233946404
E02003313,51.46407098725517,0.36488973906075944
E02002714,53.72476268005965,-0.08280945746500293
E02004453,51.886906265199926,0.5481588117784493
E02002539,54.61032832600664,-1.3519075988103375
E02001790,54.946083039386316,-1.4408678580085028
E02005531,52.65925620494591,1.3171625725904634
E02006259,52.03805874155404,1.1293613447362967
E02003773,52.21775131164847,-0.2647615241764237
E02005592,52.627438601211324,1.2738905050903966
E02007016,52.02534111622295,-0.8049322235608155
E02005734,55.184328268388576,-1.5174808884779696
E02002708,53.77764684195678,-0.41730142653900043
E02007082,52.949773722868436,-1.2013125312550035
E02001785,54.957189673923075,-1.3688209246179994
E02002534,54.52761027773942,-1.0538490383729857
E02002664,53.771276301064724,-0.31030855311044564
E02004436,51.574606708803024,0.501056010011763
E02005911,52.92464233877777,-1.108675403602299
E02005230,54.06203814087691,-2.8558258583794798
E02003790,52.10109050895841,0.29053957493199273
E02003281,51.55885881663713,0.6493755450131502
E02005527,52.66578054776553,1.3901983744799955
E02005575,52.87655000139305,1.2084024059406466
E02006247,52.07088216490591,1.120013751691275
E02003984,54.1130078924905,-3.223117479936936
E02001696,54.94378366467322,-1.546162537477992
E02002639,53.83094272133213,-3.01731337470772
E02003607,52.060699148808716,-0.5520829378436846
E02004508,51.91206082234344,0.8450746503585502
E02002898,52.94728637768805,-1.1747537687215437
E02005432,53.23483904463238,0.01840704969319136
E02001773,54.978869409239486,-1.411375898817522
E02006812,54.542931069732056,-1.1727201173661639
E02005327,53.86942135241324,-2.865291818983297
E02005448,53.21679886691685,-0.6083322106101688
E02005713,55.111140662569625,-1.5142864121460848
E02004020,54.31341639097834,-2.740610934094457
E02005817,53.7518123003494,-1.2324118623416274
E02003789,52.124409626446706,0.17139203581841714
E02005541,52.62200892972421,1.732020409885512
E02003302,51.505844600805354,0.2849081140337774
E02006235,52.01007823346822,0.8726999558656181
E02004937,51.74477857940726,-0.35542894952449716
E02004579,51.84247953375309,1.141284183994496
E02004470,51.615384997008434,0.2985398765637143
E02002747,53.526226972125315,-0.06402049517055897
E02003764,52.33485704341834,-0.19380094940124162
E02001724,54.98645259739277,-1.599788159106199
E02001763,55.00248550281853,-1.4991009132928381
E02005538,52.69021696357361,1.6924259138791107
E02004928,51.804136502620544,-0.34052520195936364
E02001821,54.863286973147794,-1.405540703458603
E02006266,52.221697080854945,0.8965722337324842
E02003617,52.19178957718732,-0.5957270518493479
E02002547,54.5691470993055,-1.348310895942601
E02001739,55.055995768450025,-1.5851335145439565
E02006267,52.20410113939127,1.1448947109210783
E02007105,55.175564817591976,-1.574015944526055
E02005455,53.16565676367438,-0.6523263224550406
E02004319,54.718913284922294,-1.500093628438667
E02002793,53.938389161809965,-1.1247208741496746
E02004964,51.62963626519445,-0.5040465902993351
E02004846,51.74628239442277,-0.021631490537021077
E02005748,53.91857483965972,-2.049925075382209
E02007022,54.54701846343828,-1.9239947828799506
E02003472,52.04377446484729,-0.7536798242128575
E02002669,53.760922854047315,-0.3625846424670505
E02002790,53.94897276613763,-1.0734334266639316
E02004923,51.85525008766966,-0.22086877221456477
E02002732,53.57334865183253,-0.17027737546536592
E02001820,54.86654594798362,-1.4978131999367348
E02005530,52.66068335105322,1.2701234205354563
E02002502,54.55749245174673,-1.1826068301728747
E02001691,54.9486330731808,-1.607140915582703
E02002743,53.54856529017869,-0.044515897735463744
E02002886,52.965282643138956,-1.1896721760482993
E02005776,53.994549029679696,-1.3005862048400152
E02004876,51.72172309913807,-0.5306183649922657
E02002780,53.97340701813031,-1.0879755834338454
E02005800,54.286404311590076,-0.40242507476024725
E02001753,55.01811749419261,-1.4294580171728817
E02005522,52.72927278576182,1.3477958954742393
E02005770,54.00906317870221,-1.5343823983159541
E02002720,53.724018968450295,-0.8645539304626855
E02005814,53.77811919333635,-1.0849791040573877
E02004430,51.60798222846344,0.541789573648567
E02004008,54.73999163784091,-2.6069652977680597
E02004559,51.7218417542812,0.6758113378107868
E02004875,51.73794709229771,-0.4516586341583955
E02005570,52.93920818235284,1.209498850747106
E02004431,51.60406280507643,0.5246551614717225
E02003793,52.07961742531885,-0.06272164535522565
E02003996,54.88327817864374,-2.9291285468023545
E02004585,51.805289086782125,1.1372510000483433
E02005794,54.101035474702456,-0.9080460027723858
E02006867,53.190135449897674,-0.5896231790644354
E02006306,52.47285339664576,1.721062355741182
E02005460,53.045599550954925,-0.4528260201424772
E02005739,55.1623471804652,-1.592274680712555
E02004465,51.667927221195136,0.3779932476393756
E02002491,54.671318870664436,-1.236806934088274
E02005429,53.312408259961394,0.27876530045110515
E02002710,53.75293920652761,-0.43458101002204613
E02004899,51.69428696416504,-0.28552711231304195
E02005856,52.93888175844178,-1.2421532349424989
E02003485,52.004542793641285,-0.7513320023038945
E02005791,54.14975903073618,-0.6300807159609011
E02005324,53.89478964430071,-2.7645997829993854
E02001823,54.84494249504666,-1.4938370215380201
E02006313,52.4436404271001,1.7184478785731965
E02002769,53.52955820401996,-0.6481607814080437
E02007056,51.916175880477105,0.8948968646842342
E02006260,52.03483413818852,1.1805557997856797
E02002682,53.73647640542323,-0.3879881569042876
E02005490,52.659467318433045,-0.48303978122590924
E02006282,52.10773180038209,0.5892274554056592
E02002699,53.853681471104444,-0.43452827198686295
E02001701,54.929866872798186,-1.600297998663648
E02003625,52.14294430753186,-0.47459982510751636
E02003296,51.53092037308037,0.4548751819034573
E02002692,53.98273149108808,-0.9031230133964191
E02002510,54.533253584202505,-1.2601451629005858
E02003298,51.5214272417666,0.43754589944752564
E02004292,54.865780104284475,-1.57710112577814
E02005500,53.27109593979939,-0.6558753406076898
E02004883,51.885141974817714,0.015855687374639688
E02006239,52.40726552883708,0.5287810491837509
E02006274,52.31365748495429,0.8087756160584578
E02004507,51.91405452208698,0.9189993383583737
E02001727,54.98408759617675,-1.548025700883112
E02003645,51.89103071393676,-0.4967487563862539
E02003972,54.657082638749614,-3.53054678814614
E02004858,51.80020438328039,-0.6626235348768931
E02006311,52.45234797932242,1.5681235839944385
E02003720,52.22246249059296,0.11665551113520381
E02003292,51.53765688936799,0.7252468100085064
E02002524,54.56818578148182,-0.9387851531035213
E02005433,53.221752023879304,0.33018526941541493
E02005440,53.104542631075496,0.23030301898030311
E02005722,55.16202888081456,-1.7141542260422153
E02001824,54.8388790265921,-1.466272385503158
E02002775,53.992760010664234,-1.0692769646837843
E02004544,51.78314963046969,0.13954958270797288
E02005916,52.893825419894576,-1.151332123465763
E02004558,51.72859384842504,0.6804461843038716
E02002873,52.995316916641194,-1.1653233758321209
E02005436,53.16570290631129,0.1202326711596144
E02002540,54.594269472710124,-1.3229209562792614
E02007060,54.567741213030864,-1.3118952650632365
E02004856,51.83378900891335,-0.4604649418996288
E02003294,51.53443673988214,0.7441916185033791
E02004499,51.71569769381943,0.4748048681602107
E02007094,54.92105310250054,-1.8018867149974478
E02002675,53.75417761434863,-0.34947128450398945
E02005596,52.61098906566755,1.295783942103211
E02005912,52.9185844809473,-1.146930578037213
E02004488,51.75538041302233,0.49360719170408734
E02002537,54.611405746891826,-1.277316342135776
E02004514,51.88829697824086,0.8584068544729488
E02001712,55.005754163096725,-1.6107217432949406
E02004994,51.72057329776637,-0.18650699230508092
E02005598,52.609618999699286,1.2285346702136888
E02001798,54.919700296692774,-1.4504269626078208
E02002640,53.82536654934975,-3.0434925352735567
E02004349,54.71531981049178,-1.7551013213493762
E02006268,52.18243014402551,0.9909991447654991
E02005806,54.242175148581545,-0.40715240427433236
E02003279,51.56981210105872,0.6515305687540531
E02005233,54.05098167571172,-2.783068542529914
E02005477,52.947798291754424,-0.70234620147219
E02003650,51.87034110731298,-0.563245556109432
E02003997,54.88103097583896,-2.899990275262545
E02004027,54.18510358763737,-2.9304364645676277
E02004919,51.9557216122364,-0.2546595304204472
E02004547,51.773350156043314,0.08451982392341512
E02005798,54.41648159500465,-0.5641912835697074
E02003986,54.10217570761173,-3.246990230061813
E02002877,52.980793959685236,-1.1457923464654451
E02004574,51.93505304517535,1.2580502672357257
E02003461,52.08593591979738,-0.7419558697496744
E02003966,54.82131822690413,-3.096751618320424
E02002636,53.84261626638427,-3.0314009986426202
E02002755,53.59835054258564,-0.6558205118466823
E02004551,51.75843419130178,0.12829526950029943
E02006814,53.742323622835016,-0.4166038231329491
E02001707,54.889125733917496,-1.5685228198962105
E02004441,51.569309866690574,0.5097689092752228
E02003646,51.89017717806384,-0.5376453507140887
E02005797,54.47793092066039,-0.6117099658612315
E02001685,54.95578142819587,-1.7200314333071696
E02004971,51.679197506183186,-0.406048762706358
E02003481,52.01680851644121,-0.7293620121318203
E02002771,53.490868895655865,-0.840187277073612
E02005525,52.684514094111265,1.2032511604418588
E02004336,54.6906535835983,-1.54228125133659
E02003968,54.71283535720139,-3.4821471437131826
E02004443,51.56482933058218,0.45843716333343193
E02004539,51.642399593003915,0.0693748268683447
E02004896,51.69723184801458,-0.18820954067750614
E02005562,52.74398570422927,0.5490244049990995
E02005237,54.04473745827036,-2.8111709440378196
E02002509,54.540836373289544,-1.215436143934179
E02004533,51.689224082702765,0.021244885008846564
E02005710,55.12258021752196,-1.508555118674236
E02001772,54.979437204768494,-1.4260361160918065
E02005494,53.38793895623733,-0.3338819049777866
E02004597,51.87374101618477,0.3584493956805987
E02005508,52.6588534826369,1.0233088700644748
E02003250,52.579213332810625,-0.24070191598667645
E02002556,54.517771559765244,-1.3073269355823827
E02004002,54.5427290758869,-3.5671577016843914
E02004478,51.55559222055903,0.6019652077373668
E02002570,54.519022693898144,-1.5384107745944258
E02003478,52.029847248881154,-0.7894033626318727
E02005528,52.66547206596991,1.305304123253306
E02002891,52.959271709471686,-1.111639757792759
E02005496,53.395925952524976,-0.5686782236084482
E02005481,52.90448983155974,-0.6411566927392338
E02002544,54.580743955566646,-1.3085938780465982
E02003288,51.54483931857942,0.708146334705113
E02004328,54.76402501072178,-1.3485828677663332
E02007013,52.04640977569716,-0.6857603017547905
E02006237,51.98050148203626,1.1802147391771778
E02004877,51.71474830342455,-0.45199072682650937
E02001777,54.97393764223381,-1.5229849993564744
E02005786,54.320778027630496,-2.0567482828020056
E02004352,54.65638543968451,-1.6588515490396105
E02003611,52.0133284684044,-0.311984668298505
E02003965,54.82727314057129,-3.172756707723602
E02003772,52.22794648554483,-0.2841654176798759
E02005549,52.568406525880974,1.6601397633370796
E02005790,54.237362070527986,-1.0476528839595955
E02006287,52.29399859655917,1.5185268116376611
E02004502,51.659981824198454,0.4579254234284352
E02005746,53.9609384050726,-2.0075295668279267
E02004948,51.91385574111367,-0.22079402782781168
E02005537,52.61801209408513,1.5515209232018636
E02002549,54.562223821174676,-1.3609488113145847
E02005441,53.07780387626672,-0.0164273691254502
E02004956,51.70853384229341,-0.42203956868076686
E02004880,51.873945778330196,0.13573176129493472
E02005276,53.82186746819857,-2.4203399062684587
E02005480,52.9064926780463,-0.6605252737521913
E02002731,53.56638961830962,-0.06238384883261331
E02002520,54.59016152637831,-1.0252348848102966
E02003766,52.31473191932155,-0.16816377816401862
E02004542,51.61886031390057,0.07796693863308342
E02002561,54.547423266436546,-1.524675334811669
E02007011,52.09405205982298,-0.46226773844314684
E02004920,51.95155641910583,-0.286146962259261
E02004294,54.84771715115141,-1.5833627078148031
E02004902,51.6629062558932,-0.2846418119839262
E02005601,52.577359054757814,1.1113031515845218
E02004438,51.573286837958776,0.46865037425940875
E02003644,51.90462782096272,-0.5188880328071157
E02004461,51.80265183515899,0.6228937769349512
E02003642,51.91121819475073,-0.5099042296706212
E02006273,52.33112841569726,0.8868683001318577
E02003244,52.59725587181099,-0.23658337187317885
E02006227,52.11766521639611,0.8389649144430913
E02002569,54.525528472886556,-1.5869566852402368
E02004538,51.6526581267407,0.06538576205072522
E02003761,52.34166895456748,-0.16419279919050575
E02006250,52.06349437369081,1.1382409588801148
E02001737,54.96680238847978,-1.5516086135268925
E02002770,53.493718688295154,-0.5551814746933804
E02005589,52.63603848444304,1.2506465569966148
E02004424,51.64071033406954,0.43149406702242654
E02006308,52.466854302774074,1.7420739463461026
E02006841,54.9591996940205,-1.5956587608770276
E02004534,51.68377694783387,0.012902172214119042
E02002781,53.968971666241536,-1.0724802193624579
E02004434,51.57986224276041,0.5127634147401564
E02004477,51.557286737396446,0.6156815181022689
E02004305,54.847511325514,-1.8573923082037262
E02002729,53.5712072886117,-0.13020872358176996
E02001794,54.92616426434899,-1.4192461324633696
E02003967,54.76610714924593,-3.325006525690439
E02005768,54.01086579102112,-1.5766070259321647
E02003620,52.15896359199413,-0.45985488740681263
E02006281,52.23527997156329,0.7184909088610394
E02005586,52.642330557331306,1.2997175335860491
E02006277,52.247301833536675,0.7466654051118624
E02004965,51.626471061031914,-0.38035288033906245
E02005557,52.76395982811004,0.40717568109379
E02005320,53.92059447721702,-3.0324523059633974
E02004950,51.905405347818856,-0.16864422516203337
E02006825,52.22123061580158,0.43244504903577874
E02004868,51.75896137016645,-0.4453670097333839
E02002668,53.762263474104095,-0.2739740713432369
E02002789,53.94752306937911,-1.1327661681820194
E02005426,53.37137972963733,0.007441809266064493
E02007054,52.663927950499165,1.1873497836400808
E02001699,54.93687341771638,-1.560624865321691
E02004007,54.211303965694874,-3.274624860327393
E02006859,51.48459115693629,0.2928340007072904
E02004577,51.89846497113628,0.9930300795194279
E02001692,54.948237522407176,-1.5859128661999697
E02003785,52.18572435238136,0.20906024572589535
E02005724,55.15825260356911,-1.6908797468306682
E02007099,54.975423132402334,-1.618115978107684
E02003257,52.54490264633645,-0.28824858704873324
E02004592,52.0191192817044,0.2468799630852328
E02004012,54.63645487746388,-2.843403226067662
E02003290,51.54078316523751,0.6822597075632589
E02004560,51.66698955286556,0.82997256498521
E02006258,52.03813964204197,1.1923250833171244
E02006231,52.03992817862181,1.105849849899675
E02001735,54.97230391427012,-1.557883205390931
E02003990,54.90958947660311,-2.922592154053352
E02005546,52.5804754540168,1.7180503585794615
E02005599,52.60093408212891,1.177401649300916
E02002543,54.58434295025999,-1.3531902009045813
E02001689,54.95353410469927,-1.612649594388844
E02003271,51.88969274804207,-0.37507539396475775
E02004293,54.854244719299714,-1.588860689977453
E02004878,51.94573015965344,-0.016372335719163366
E02003480,52.01767805324947,-0.6892018441038592
E02005418,52.98140918200199,-0.037758821764644374
E02006978,51.73642405890644,0.47668080457278095
E02003631,52.12346086241949,-0.4962294190669185
E02003274,51.88644328082467,-0.4283776120108171
E02007057,51.90570032391577,0.8969980524806572
E02006305,52.47988692464841,1.7474899681202642
E02003459,52.15727796787925,-0.7035486937334914
E02004469,51.62292227770282,0.282179019101142
E02005501,53.265741692216984,-0.4818996310657423
E02004973,51.671838235534736,-0.3983064872747082
E02002526,54.56297424052015,-0.9764980653950363
E02001728,54.981163366362246,-1.7100092151949173
E02006874,52.24384353336968,-0.10857279167431423
E02005326,53.88268939506079,-3.0388660528494116
E02002554,54.53179028251149,-1.2952565525516049
E02005914,52.90811309845112,-1.0356922505703707
E02005917,52.8810978476965,-1.0861651666978176
E02004024,54.2607029415357,-2.737019559956175
E02005439,53.110095588503064,-0.18252369501462434
E02002753,53.60377945707381,-0.6868731278515943
E02005561,52.74848009175992,0.39806581622534076
E02002658,53.78087139993312,-0.30249252540778626
E02004967,51.62240284672375,-0.39257702154707647
E02004563,51.622306531581806,0.6153572278725247
E02003725,52.203051241352505,0.11772042163629855
E02005536,52.62388714565121,1.4350717848895418
E02004518,51.88154069110339,0.8875187775802666
E02003249,52.58532582534204,-0.21930651712241359
E02005749,53.899664408512464,-1.9930253900283326
E02004463,51.776964613757144,0.6016474717196363
E02005574,52.907940987400764,1.3121721139294877
E02003649,51.87653111080578,-0.5143507932392828
E02005551,52.93775314591572,0.4923778305240521
E02007045,54.12934104943794,-0.7876848470764382
E02004980,51.84276554705238,-0.1895331136202986
E02004874,51.74380800953972,-0.46403569400413996
E02004990,51.76529402603963,-0.21772174125288232
E02001754,55.016781583626035,-1.4450676939840106
E02003259,51.91738700982816,-0.46679209006027245
E02001795,54.92090784346941,-1.3950390369562176
E02004343,54.62033970602173,-1.5623002784455224
E02004871,51.751300977499845,-0.5012086140089518
E02005604,52.54692656852158,1.4653475805550753
E02004946,51.91829479544808,-0.17510545901094146
E02005611,52.37739623401324,1.109832334909264
E02004340,54.63097322472966,-1.642644529775079
E02003280,51.56298812069025,0.6923280952548615
E02005272,53.86681777028431,-2.402630548442752
E02005442,53.25076107661235,-0.5398357659516209
E02004850,51.71330281340058,-0.03276748963985316
E02002748,53.51495417573277,-0.10694145686280605
E02005499,53.30739949867197,-0.47598887640575893
E02005483,52.84008228534792,-0.3672101229790136
E02004975,51.66020340459426,-0.4163789807306241
E02005593,52.624670678860944,1.2499192321508035
E02002779,53.97095264471832,-1.053065465787823
E02003635,52.0937497590118,-0.5250952202447727
E02004844,51.76893656084337,-0.004012526824361267
E02002643,53.81115016393072,-3.0396922054012117
E02003303,51.501829578311636,0.252851875582025
E02001759,55.01057641413209,-1.4508314610206645
E02004591,52.030464107720775,0.24720111527271957
E02005729,54.970586833541596,-1.8638359066283658
E02004853,51.70327460457569,-0.051891896456366965
E02003273,51.886443737113105,-0.3955480053369805
E02003619,52.162036342909346,-0.3963592101398956
E02005807,54.24768000207735,-0.48313230705971555
E02004525,51.812530228757005,0.7471884628803126
E02003301,51.51687223500423,0.29067827955065334
E02004527,51.73103046460927,0.1695868686194406
E02002518,54.60365744344166,-1.0522922561343504
E02003775,52.31192723706731,0.052289513344997346
E02007044,54.13891055869769,-0.7900146467344272
E02003488,51.99374235731434,-0.7265410507028105
E02003637,51.93632089016712,-0.5591219578775428
E02005431,53.25920521453482,0.17987841103329977
E02003988,54.943856665335005,-2.731858353463005
E02004427,51.62145020205637,0.4141161006643672
E02003754,52.492388833651894,-0.2956071645792433
E02002734,53.56292710842499,-0.11608784582294715
E02001713,55.00429458442336,-1.6304207235668418
E02004963,51.63202919175063,-0.39999600273629804
E02004006,54.44467926126639,-3.5072485756706997
E02006310,52.45485028280005,1.6974774042984442
E02002737,53.55945740930181,-0.05792982884420286
E02005740,55.137435749998346,-1.572853995924884
E02005582,52.77291455206433,1.522212993599553
E02005736,55.178514239827685,-1.5457313093791392
E02001760,55.00691105016968,-1.4697475576841526
E02004530,51.70884440594662,0.24343083677696964
E02004442,51.56495589852439,0.48280871485699745
E02005464,52.981797974938004,-0.3018348343490055
E02004566,51.588157841711045,0.7101636022129966
E02004962,51.64048635103886,-0.488589957486634
E02002772,54.0340671592479,-1.0386843363467222
E02002493,54.65951364200446,-1.1943571462448623
E02005564,52.69799143223864,0.44512557622741816
E02004845,51.760612729030115,-0.014033707712734666
E02002719,53.72643834898951,-0.4447342676040552
E02006891,54.008100076780124,-0.4226896382043383
E02004010,54.662978042692636,-2.752863564012137
E02007103,54.9727098059302,-1.578237391674072
E02002880,52.97646461786161,-1.2019036649193269
E02004429,51.60971826803276,0.5086952204498506
E02001781,54.96482747033787,-1.463468150155071
E02004894,51.794595736131896,-0.07631980763174237
E02004988,51.78624011692949,-0.19856458817861194
E02004581,51.84533294974725,1.03275086498173
E02004870,51.752478127953104,-0.4654026970356957
E02005778,53.99824716469297,-1.6614219999815008
E02003253,52.560235324493135,-0.2411142927776897
E02001787,54.95356861437331,-1.4830018918383345
E02005422,52.944993316936525,-0.1567963222224426
E02005858,52.93369343432582,-1.2193130741514258
E02002542,54.586653428855264,-1.3365495898446658
E02004958,51.66173278388284,-0.4438225392557208
E02007053,52.62939438960256,1.291342236697557
E02001714,55.00208789430333,-1.5826086376885011
E02005273,53.835675784833725,-2.593232411477432
E02005205,53.772364259541,-2.8497998720013396
E02002679,53.74434896493513,-0.39984430775175006
E02006238,52.44427398134069,0.6246212663637877
E02002726,53.61436952653773,-0.21549726727539323
E02004911,51.992151339944975,-0.22830744076270637
E02006922,51.898715502210834,0.9296354298286638
E02003737,52.33639380579793,0.33560834769738557
E02003284,51.547935609637584,0.7279123036025916
E02003304,51.495079418444426,0.32606649052951475
E02001697,54.93798465135799,-1.5918537749663495
E02004464,51.66952688306988,0.29598412991441325
E02001774,54.97931070416028,-1.487405839860455
E02004929,51.79880697830055,-0.40132470972289136
E02005497,53.39595088944046,-0.7582091993093961
E02006307,52.467192124792014,1.7064267343418364
E02006241,52.34750602283589,0.5153074443914885
E02003291,51.53783631862883,0.7907068427116679
E02005571,52.936231480250505,0.9247882608836571
E02002782,53.97974615557977,-1.1499912141929485
E02004326,54.76251589566709,-1.3921108571599023
E02002759,53.55935017903669,-0.48378806299755955
E02005718,55.07463171969635,-1.5820261986604742
E02004451,51.93322120931087,0.685642151961273
E02005507,52.67025894269915,0.9396077144031665
E02004476,51.56049452656232,0.5718487167177343
E02004985,51.797616664089894,-0.2150793205234477
E02005587,52.64014834707987,1.3295886557375889
E02002758,53.58249187027733,-0.6439582190006962
E02005505,52.68479641959458,0.9442160262064263
E02004496,51.722900766985916,0.4696438381412017
E02003758,52.380609908912376,-0.03430627179509923
E02005795,54.48645358509853,-0.6292357909382043
E02001742,55.04175002507225,-1.4724508621977135
E02005331,53.84837557218189,-2.9886909781811153
E02005229,54.06292520151937,-2.8837449237703296
E02001738,55.05304079869971,-1.4692466427886781
E02004943,51.71120495766158,-0.36706877001979843
E02004931,51.76679351172774,-0.3054055824090169
E02004545,51.77535044627505,0.11974170152703092
E02005471,52.788324906243666,-0.1391631879198921
E02002881,52.974769925096254,-1.2275948415335167
E02002777,53.982921613816096,-1.1026672523882832
E02003780,52.24691135479818,0.11038007631891975
E02004934,51.75314406440967,-0.3197602137573464
E02005781,53.95556428132534,-1.5303955392605681
E02004005,54.485188896698865,-3.5351208849410143
E02006316,52.34451309589493,1.5066741717838203
E02002490,54.67366816764135,-1.216906128858506
E02004891,51.805349723805556,-0.08237544061048442
E02002730,53.569106141144765,-0.05067409213508577
E02003651,51.86264293388874,-0.4545237366990411
E02002568,54.52461251418521,-1.57052990218041
E02005488,52.68030589403707,-0.3188036862760206
E02005777,53.9879302411781,-1.5109773692712372
E02002751,53.65702666857456,-0.6022625601709047
E02006246,52.075190689460406,1.1373406229033265
E02004986,51.79566184729153,-0.1952262346077003
E02003265,51.90125020721835,-0.3851434146813974
E02003985,54.11163668974189,-3.2568850569147494
E02004599,51.82145955947837,0.22199521761915658
E02007041,54.006208324046696,-2.014118041178113
E02004978,51.647732492757314,-0.414976001661893
E02007090,51.74657247593288,-0.28795526549953226
E02005703,55.40975527569117,-1.7083211384290415
E02004309,54.79601427078229,-1.5855789510074667
E02004915,51.981158256919805,-0.24303026072172473
E02001725,54.98486543585878,-1.576649770474505
E02005584,52.65388567217457,1.290677949099264
E02003995,54.88760158367726,-2.9653545820366976
E02005702,55.42246882955258,-1.6441052517057042
E02005705,55.31186372666614,-1.906343466004067
E02004458,51.8608794141519,0.5337870186355982
E02006892,54.00725741767558,-0.4386916279640568
E02004572,51.5536952526873,0.8004381098769167
E02004026,54.19421505635543,-3.0894011675815514
E02003771,52.231407091772354,-0.2624465296369299
E02002685,54.096667738838015,-0.1837342223731029
E02003286,51.54806294922352,0.6355287641443788
E02004501,51.700217561517945,0.47317557243135816
E02005476,53.00862237922138,-0.6069158772734392
E02002633,53.869881794412635,-3.0379551844973234
E02005758,54.221097960698316,-1.3436862488881784
E02005560,52.752400227751025,0.4355751418612493
E02002768,53.532175575448754,-0.8262462437357602
E02004331,54.741996072449275,-1.422703713702548
E02001816,54.87619518568775,-1.4236565821459615
E02004968,51.69511499719053,-0.4015756300037684
E02005757,54.234908177959035,-1.343960230535035
E02003641,51.91780746624207,-0.6859757665554087
E02003776,52.28711680056932,0.12338684879384065
E02004535,51.685051454749406,0.0021110076001295357
E02002701,53.84372054629314,-0.8080611882429644
E02004861,51.77305855763049,-0.5851375792454738
E02003254,52.552851022665024,-0.30798904312729947
E02004298,54.87237948909567,-1.8445437545969279
E02005486,52.765607657347125,-0.37072650985016825
E02007089,51.9309395883124,-0.1722729043435593
E02005482,52.913854490250145,-0.6010003586110138
E02005764,54.130016782440784,-1.523495930116633
E02003268,51.89646611425563,-0.4590834897266545
E02004969,51.687758217528646,-0.40013113321611843
E02005420,52.97352545761913,-0.00575119532652574
E02002756,53.59329876225391,-0.6585892608571751
E02002512,54.52437689268041,-1.1963571677659046
E02001805,54.89916269099087,-1.4175160077081947
E02003729,52.18863173478192,0.174250072012336
E02002500,54.56039203573839,-1.2408966287791994
E02004468,51.62950222663877,0.3315784764832242
E02004425,51.63693164979098,0.40976247173331803
E02004483,51.518280217206986,0.5835905574663006
E02006303,52.49181494800581,1.7377186286701534
E02001775,54.97692568131736,-1.398629480511236
E02005772,54.00180311483757,-1.4548245516588307
E02002573,54.51192720121411,-1.474011988890388
E02004297,54.8996814665024,-1.7348276539340237
E02001822,54.86339220908034,-1.4817476518016461
E02004503,51.64809917847498,0.61146684300279
E02005428,53.3433882623442,0.2533155553825498
E02005225,54.07638313795625,-2.7396693955403637
E02002904,52.8978784319392,-1.17848507329282
E02002645,53.80161861788811,-3.051109163708748
E02001722,54.99058584821058,-1.700468493335686
E02005489,52.67565200227605,-0.29736799224791743
E02006233,52.042603828871904,0.7335155797110325
E02003462,52.08227513853439,-0.7222403177788645
E02003601,52.1277026344695,-0.216579515843717
E02004942,51.71943286101818,-0.3461478486534853
E02007043,54.33776086892721,-1.4349690429370856
E02004339,54.65617479045151,-1.4513686267425348
E02002786,53.956824836040845,-1.053577705696089
E02005419,52.97778819468167,-0.022102281804070735
E02006865,52.96974632328818,-0.04172262641600494
E02004924,51.82569014551742,-0.36916587107291393
E02004495,51.72937956449929,0.42294084561338635
E02004940,51.74025500212639,-0.3381390436323884
E02003977,54.18201755026037,-3.2001356145335182
E02003999,54.867609272095706,-2.9339704382105256
E02005816,53.74501857159295,-0.9996777396781416
E02004587,51.79809331880428,1.131295041785291
E02001741,55.048267317368804,-1.6263838593221795
E02003610,52.02590911653062,-0.4937801302704525
E02002678,53.74700295969311,-0.3837571992966783
E02004531,51.7032439895387,0.1118256735161915
E02004987,51.79026828700345,-0.17913196061352316
E02005330,53.86806151337206,-2.9982606839730224
E02002766,53.55906266223092,-0.6380975703511851
E02005721,55.17994087572674,-1.6532740470909846
E02004342,54.623018247209295,-1.5853718794455254
E02004302,54.860335853598286,-1.7134506477413056
E02002665,53.7667253415972,-0.3813637631490638
E02004300,54.86552835078373,-1.743823960854924
E02007100,54.973911692181474,-1.5999622458710052
E02006236,51.9822307769587,1.0424520850805152
E02003243,52.60588602564759,-0.23836826372718162
E02002508,54.54131503239081,-1.2571498531235763
E02006938,51.87819104528158,-0.4146543845015678
E02003295,51.5327749908581,0.7762631341729619
E02004888,51.81304249896244,0.14764538531037288
E02004895,51.78662782160802,-0.008184146381612358
E02006272,52.10479675501371,1.1120502688465843
E02005573,52.90773976825654,1.0976491369961392
E02003299,51.516775829231335,0.38213122019603524
E02003608,52.024867702211914,-0.2678430469900448
E02004584,51.80431179784124,1.1891489519240654
E02003476,52.031691943632865,-0.740476450631886
E02002752,53.6178125547465,-0.3273952339134928
E02005532,52.65544480603386,1.3326002426068948
E02003618,52.16859605560097,-0.5052503567792529
E02003991,54.89273441272561,-2.984238707015536
E02002788,53.95433926433689,-1.1001002992602598
E02004898,51.69312773492077,-0.17237307205220548
E02005493,53.44641737804166,-0.7234731978616592
E02004556,51.7738587774212,0.683649142037422
E02001752,55.02063361167579,-1.4810989090345252
E02004432,51.60832157100129,0.4336373024022072
E02005456,53.1776943897971,-0.5397414109070165
E02004945,51.916788233511426,-0.20173451973166803
E02004583,51.810875776094335,1.0267451412742292
E02006243,52.25725726597461,0.3938637127306346
E02002655,53.78738586232693,-0.312078597897052
E02003628,52.13427708743868,-0.48602529802861605
E02002567,54.52867702113934,-1.5301640747359377
E02001809,54.89776792353802,-1.5234447429923934
E02005915,52.90944843425851,-0.9807442030281137
E02001815,54.88148813234993,-1.531130641323033
E02002562,54.541735042132395,-1.5506591506533283
E02004493,51.736171962325145,0.4559307205466533
E02002677,53.74960441263635,-0.31533091203477376
E02006279,52.242014723984425,0.6914502645480718
E02004445,51.562314684401855,0.4913022820398386
E02001769,54.988056039561215,-1.4349994350475126
E02007032,52.82231850341713,1.396623769894282
E02005566,52.60859931688657,0.22918274323082297
E02004957,51.698491722863636,-0.4096137307817204
E02003981,54.123382796424906,-3.2208432686018846
E02004921,51.94528065785587,-0.264184943513211
E02005544,52.60189874777838,1.7194556125833418
E02005526,52.68470000041947,1.219735792155733
E02004321,54.834493412090545,-1.3380198644162915
E02002723,53.706913997804584,-0.8811743012782833
E02003647,51.88672250246803,-0.5249644728207408
E02003599,52.13660234832454,-0.2920633100311976
E02004857,51.793818792403,-0.6719684055883627
E02003468,52.05626394484562,-0.8390475843841807
E02007012,52.04465290807475,-0.7046817836017705
E02001786,54.96056159793405,-1.4290258144957395
E02003605,52.06754841058865,-0.6090548399068654
E02005458,53.10462149242588,-0.5312049579772357
E02001761,55.00621579610525,-1.5262281809943374
E02005224,54.07628435652625,-2.838804449948155
E02003774,52.21910075349703,-0.29257947657699945
E02005852,53.00963343145293,-1.2887715204997903
E02001704,54.923571399082995,-1.5877936743703966
E02003976,54.60048068507655,-3.132505146903886
E02005491,52.65412490614873,-0.49630171441897575
E02005503,52.73193771724735,0.9892752387494211
E02005608,52.468496114661995,1.3891732586484045
E02002538,54.59633361836785,-1.2905413097200191
E02005516,52.43367549775546,0.9388532733005114
E02004983,51.81076681308955,-0.1868098286711892
E02003781,52.24200415930575,0.16158493561149948
E02004455,51.873153968438245,0.5299489125256837
E02002672,53.75702267411755,-0.25587854261862936
E02001766,54.99506384705776,-1.5264274906657878
E02002728,53.568786168182626,-0.09544842851034963
E02005720,55.24220551562896,-1.5995358680989027
E02004523,51.864395163794704,0.9043801879220534
E02002897,52.948811477451386,-1.2306739391559736
E02004849,51.71435048309549,-0.08426541588689215
E02005492,53.49957555215643,-0.3265774767246706
E02002497,54.569874925189815,-1.2054577500022328
E02004984,51.798814066896796,-0.16953387033804682
E02007104,54.96808215301357,-1.639077268391025
E02004910,52.049197076675156,-0.01879819229568355
E02002529,54.55199964549583,-1.1542041808115266
E02005319,53.9220856308233,-3.01754896725723
E02005771,54.00402305147049,-1.5591812323579932
E02003762,52.328128943550375,-0.23421693526866663
E02006904,52.949095929144,-1.1437209076544168
E02002901,52.91905615735033,-1.163004015759163
E02002876,52.98308106690671,-1.188275699038685
E02005543,52.60173284522937,1.731725120300547
E02002499,54.56202673399836,-1.201741290709228
E02004925,51.82082263592187,-0.3413156734928293
E02003757,52.407570327331435,-0.08183179560915943
E02002794,53.94220858154919,-1.0502063586842558
E02002674,53.75507920017499,-0.4105644594970145
E02002704,53.79917889142455,-0.2081530548139897
E02005328,53.87921138846174,-3.023387312068741
E02004353,54.654764035636795,-1.6845387121381508
E02003751,52.50301772243298,0.08467944096313774
E02006263,52.313547405307666,1.2884937738195885
E02003745,52.636367124631555,0.10508158550628728
E02005424,53.49209763824765,-0.04621118085007867
E02004528,51.739958670844295,0.020376397954544878
E02001690,54.94940523220655,-1.680204579559883
E02001776,54.97692121918725,-1.5049952510792741
E02003778,52.269611756302304,0.19138019304493026
E02003769,52.2908668458559,-0.2518020666693875
E02001702,54.92912622761125,-1.5715101608565816
E02007093,51.898133814260774,-0.10826748044049321
E02004901,51.667177776629764,-0.2751788988896044
E02002739,53.55355204342254,-0.03193449223780784
E02007079,53.80339723909218,-0.33331124082693936
E02003627,52.13713303495014,-0.46237517756501395
E02005207,53.75595788590889,-3.0033336860655835
E02004887,51.832426349726155,-0.12072223618564883
E02002514,54.521103288793086,-1.2158752002878037
E02007055,52.647334504598334,1.2239513816285392
E02005450,53.214060329394606,-0.5962292370680786
E02003767,52.31615301189317,-0.37164727801664665
E02004872,51.74827793075273,-0.43581307352829707
E02005539,52.69593976181391,1.628726002370501
E02005270,53.8998152675978,-2.391735118176898
E02003276,51.88162384941545,-0.43558119670006756
E02002703,53.82797952628599,-0.4386152197724241
E02002571,54.51484397781037,-1.5270555157698562
E02004582,51.812496759203846,1.1610145611781346
E02005605,52.553296238641906,1.2373388852324056
E02001700,54.93377760936798,-1.65992927704501
E02004355,54.64691716773088,-1.6848312507516967
E02004512,51.89260124819546,0.9005692271353186
E02004594,51.95996486694861,0.3435335707217737
E02003786,52.15064100594801,0.14027488665778393
E02006298,51.981578015715904,1.3201381938514056
E02005449,53.21763347432403,-0.5551002696929564
E02002778,53.97909277233969,-1.107934708401449
E02003792,52.084232099289714,0.022011754181126927
E02006312,52.44775966903693,1.5873483246780655
E02004016,54.37190426430894,-2.9009763214679003
E02001804,54.901387453165974,-1.443362689187979
E02002736,53.560077453383975,-0.07373628689760961
E02004316,54.77129425982707,-1.696788046153676
E02004299,54.87494370264516,-1.6908506150995453
E02005762,54.14005705651713,-1.5375407308942424
E02007086,52.171529248319864,0.11795814347298235
E02002541,54.58891527413586,-1.3131591440569657
E02004847,51.72736621635861,-0.023793187882789234
E02003638,51.92356997303854,-0.6464917306878638
E02003723,52.21455186019724,0.10694647008465644
E02005271,53.8738203575993,-2.3876768455084765
E02005329,53.87735121366898,-3.00839309021907
E02004516,51.88292729956521,0.9129616455172203
E02003484,52.01060863449979,-0.7667643261695443
E02005808,54.20591427401929,-0.2985070089107193
E02004914,51.98202544597432,-0.2173506118030225
E02004307,54.797107596913555,-1.6791065972285357
E02006275,52.260586159691975,0.6994398363503747
E02004976,51.65716619094172,-0.39465747043563454
E02003760,52.34276814759844,-0.1754465337558678
E02004452,51.88928722785447,0.572627982427805
E02002791,53.95542594611659,-0.974416134832999
E02003278,51.87314402684567,-0.41623840072913526
E02004513,51.88767478172319,0.9364825491801169
E02004025,54.21322001907644,-2.7809238799715845
E02004522,51.864167759492865,0.9594235725254671
E02002521,54.58137368297769,-0.9788695992954289
E02004484,51.51730597011092,0.6050385502885247
E02003731,52.18160565550477,0.14650282106624343
E02004916,51.972926879844294,-0.23197006042548446
E02003640,51.917473798073104,-0.6746287987060512
E02005765,54.09190001072428,-1.3964560364747616
E02003719,52.22983952072241,0.13352202267826357
E02002635,53.85212502188355,-3.0469019611444796
E02001715,55.000468153454996,-1.6532007340392143
E02005804,54.2735182123027,-0.4033496469653464
E02006230,52.047664217789325,0.9593186071146126
E02002715,53.7302536007836,-0.5639605330266034
E02005709,55.12759485925726,-1.5356407538376304
E02004334,54.69809735384121,-1.4299629519111456
E02003240,52.61341348823379,-0.4284482249903205
E02001740,55.0491365324541,-1.4567246631602715
E02006269,52.19088446011402,0.9750519984779052
E02005763,54.14076292779582,-1.4643322080617474
E02004561,51.67387687158317,0.7306286011619505
E02007080,53.80062398772812,-0.3513864023638342
E02005555,52.78292477578569,0.43814571657912
E02005444,53.23975247952932,-0.5418098947332958
E02003606,52.04099869556769,-0.4536981773237125
E02004955,51.880222984374456,-0.16884191009670907
E02002776,53.98482230311298,-1.0622630331878389
E02002774,54.01340736176367,-1.0834143931780118
E02003763,52.339310041451405,-0.07856923156317344
E02003784,52.20204136046987,0.0026610103153618765
E02002545,54.574514267239024,-1.3617141178545658
E02001817,54.87203013542658,-1.4021239011167363
E02005523,52.70570975329504,1.240924579782848
E02004308,54.80146852227897,-1.568374367352697
E02002647,53.80065136932523,-3.0380368404036275
E02005226,54.07156517825771,-2.8599688434577506
E02002868,53.00864219763083,-1.17449271174383
E02004460,51.81332317097485,0.6358127249565577
E02005520,52.79228012060718,1.2506673686022083
E02002709,53.76080177938323,-0.7080649719510521
E02004991,51.76054866366008,-0.23296121643338147
E02005437,53.14458168262643,0.338105556448677
E02004884,51.86294319240777,0.1538273741596162
E02004974,51.6695026903708,-0.4089455723909684
E02004959,51.651001318434325,-0.48473456480973776
E02003639,51.92076005532405,-0.6578844306417521
E02002773,54.01633304018564,-1.072464520059681
E02003768,52.31359642269273,-0.09328197762495237
E02002883,52.97009041631329,-1.12621462169552
E02002871,52.998584892862326,-1.188335053790436
E02006291,52.1144021968292,1.3337511123313095
E02002792,53.94341687614124,-1.094331899179223
E02005767,54.0222071456102,-1.4718496014727018
E02004549,51.76010528141648,0.1110333905384285
E02003282,51.55467701348931,0.6917616030044037
E02003307,51.48602807569087,0.37116536946803436
E02007095,55.036502681325274,-1.6474805117689508
E02001743,55.04091467324631,-1.4424558920280117
E02004482,51.52433410297368,0.5707046202531714
E02004864,51.764465484949824,-0.5644411711819771
E02002875,52.98885351731287,-1.1771656405111524
E02003980,54.12609093047162,-3.2305010767272293
E02005580,52.83421834826178,0.8556827282645074
E02006242,52.301462166372026,0.49732736006588524
E02004596,51.87094721901585,0.27490585838454923
E02002892,52.959236150527985,-1.2365420457657996
E02003983,54.11363993253949,-3.209225437886232
E02003241,52.60948921775037,-0.18299377870171477
E02004590,51.78284577289074,1.110528784182711
E02004330,54.7475231943036,-1.291746640306362
E02001808,54.89919235864846,-1.4044637968863363
E02005907,52.95044026934723,-0.9595518880343565
E02001758,55.01297874586686,-1.512515294243624
E02002757,53.59032476063774,-0.6727564236089529
E02005234,54.048794587460925,-2.7992947606721956
E02006234,52.02982120099741,0.752504956039068
E02003264,51.9035178086474,-0.4189336517647773
E02005812,53.792510778979725,-1.2484261807782968
E02004562,51.632466969926526,0.8156348069154301
E02005730,54.96948902507043,-2.1063868406212016
E02005540,52.651728318791854,1.7222219770434772
E02001807,54.89882148347948,-1.5043136070593337
E02003787,52.152677882848096,-0.1679889074834795
E02007098,54.97769820892261,-1.5615124040778912
E02005727,55.13809333156051,-2.2237924328915786
E02001718,54.99649911582463,-1.6730489755104876
E02004889,51.81467157714458,-0.024101354625704296
E02005469,52.810198729498985,-0.16631812578228777
E02003614,52.00302192604565,-0.5028587949967963
E02004489,51.7564114644435,0.5359466314987186
E02004951,51.90137049474203,-0.1925380875689399
E02005862,52.91884473661552,-1.2446960853386932
E02004935,51.750472728332625,-0.3329872953307484
E02002787,53.95588417065558,-1.1180006922490093
E02003979,54.13322730262176,-3.211995392899646
E02005425,53.42505428798373,0.09532646801788111
E02005211,53.7402140346159,-2.9538367657387443
E02007091,51.913484307963586,-0.1641949388041542
E02002572,54.51518277180764,-1.5526792864913561
E02003992,54.89328931510596,-2.92458517181848
E02002532,54.53659432979297,-1.0580019640758427
E02004907,51.64697919521525,-0.36128672060141603
E02005715,55.08674845728542,-1.5956786957999383
E02006228,52.10416047267809,0.6714226012529453
E02004447,52.00722115581854,0.6786822288706057
E02004893,51.799364587744485,-0.053398903235574405
E02002688,54.081407519132966,-0.1973674700067507
E02004009,54.75538659481636,-2.809570628253669
E02002693,53.94358058343088,-0.2682440484049879
E02004466,51.6327798699427,0.3528989928308843
E02001796,54.91983021503126,-1.3747687304341205
E02006256,52.04573198855335,1.1510997808691352
E02002519,54.597395351077445,-1.0721969399455662
E02005774,53.998509109982024,-1.5029946550056092
E02003755,52.451296735463444,-0.11279788960026116
E02001782,54.9636023889795,-1.509361416010853
E02004320,54.840364479544306,-1.366158276989578
E02002872,52.99723215165552,-1.2073881927739583
E02004892,51.801064127598586,-0.10139541967193162
E02003622,52.148899514304674,-0.42842846164800585
E02005277,53.788334040877,-2.4837253629704836
E02002506,54.5519916210595,-1.226460566702824
E02004573,51.938138263794805,1.2810646049115233
E02006286,52.08130029435187,0.44636393332350827
E02004961,51.64867156046495,-0.4440669707841764
E02004576,51.927300427902345,1.2388873139316703
E02004519,51.87908036525565,0.8604782645361083
E02005435,53.15788941355031,0.3324763478800138
E02005475,52.678708888685726,-0.16342436891833664
E02002560,54.550647044037404,-1.5479620569301051
E02007004,51.4847962119191,0.23722968547241843
E02005223,54.09602875121923,-2.7997811068563236
E02004338,54.66352244518469,-1.554307652838173
E02005853,53.000172875533515,-1.2527599368113003
E02003987,55.008374442770624,-2.9616400328631793
E02006249,52.06462542353973,1.1618625248202141
E02006292,52.110824947660554,1.243740345763612
E02003490,51.97949633358064,-0.7266947047097851
E02001683,54.964577111901086,-1.7870568314207738
E02005606,52.50215167872746,1.5474907355387586
E02005864,52.90806975453318,-1.2570785086645146
E02003312,51.474563332893986,0.3219436311582662
E02002530,54.53932704364961,-0.9507392159114199
E02004335,54.70049426616736,-1.5813271438046084
E02003482,52.0170135924541,-0.6570870494950873
E02003970,54.66189682595725,-3.4079320869098595
E02005563,52.696144888362475,0.21171132658842964
E02001780,54.968540566278925,-1.407879913034843
E02002533,54.5290658594256,-1.0700814921375699
E02005231,54.06190004077629,-2.8016343023427805
E02004327,54.762623126082254,-1.3151968270855325
E02004028,54.17921365881496,-3.1017544784336066
E02001719,54.9935269715149,-1.577844842705291
E02002496,54.569916386953444,-1.229038903975365
E02002515,54.61578130137642,-1.0651341724223296
E02003750,52.54657876244877,0.08007455409314274
E02005747,53.95595395850111,-2.020077616115194
E02002641,53.822632274576364,-3.028056970501722
E02006293,52.10907790267868,1.419173191779154
E02004981,51.821761975318175,-0.22026065276439585
E02002760,53.576156150589874,-0.6690501288443478
E02003600,52.12892248557804,-0.291917635601779
E02005206,53.7645591091176,-3.029525566920387
E02006813,53.7310761475711,-0.413516384085356
E02005742,54.12932830070772,-2.4935163655957684
E02005731,54.960736216895405,-1.8498009474369785
E02001747,55.03280698527399,-1.4402734318628811
E02003734,52.40645721017295,0.26663884511066144
E02002882,52.9716624015772,-1.1471834807411911
E02004435,51.578668206880764,0.48248379248836876
E02001749,55.032317859711064,-1.557417436692631
E02001746,55.03791493846154,-1.4607875236120655
E02005744,54.06528486466463,-2.2795487883964656
E02005717,55.076070648947095,-1.5035212610423492
E02005805,54.24341992620832,-0.3844529308804016
E02005602,52.57039081310082,1.343515290415604
E02002740,53.553735695389136,-0.11320500643274432
E02004517,51.88355702171601,0.8396350239216395
E02002746,53.535717525861436,-0.09936674097512002
E02006284,52.08826977161776,0.43170717370972606
E02006276,52.25949880058237,0.7476894713150161
E02002653,53.791200481039574,-0.3282063838709419
E02005517,52.419825114650564,0.7385464197256331
E02003633,52.11185400182508,-0.500535378635797
E02001811,54.89110907093642,-1.4441200839061237
E02005466,52.80226178045488,0.0934074240337171
E02005711,55.12056640887973,-1.5236545428160082
E02004526,51.77975387569247,0.9197263439745068
E02001751,55.0249900073874,-1.5699812047260324
E02002717,53.728586792997916,-0.43205688475287984
E02005457,53.16261437136213,-0.4163742771075577
E02006285,52.08609348585701,0.41646333593037804
E02005222,54.121830677064864,-2.6493461541563312
E02004908,51.63937066733558,-0.34459434671166883
E02005535,52.634440911669756,1.3609823410257058
E02002696,53.881243393762205,-0.47220526683754804
E02002694,53.93105528075846,-0.7781242738592041
E02006981,51.59795338910017,0.6619805727560997
E02004932,51.763048497411255,-0.3426566156867635
E02004903,51.660129463644665,-0.3765551078173287
E02005239,54.00480820358748,-2.7877519938331434
E02004428,51.61674921838467,0.525552033356443
E02002673,53.756314562956995,-0.303005962820818
E02003247,52.589026936484174,-0.28565026325936865
E02005567,52.604505379024985,0.37830986116861587
E02005504,52.724450125735345,0.7981032187915686
E02004941,51.72387639056731,-0.3000914470103188
E02004004,54.529704332706515,-3.5852864238505404
E02004304,54.84551701457791,-1.8163905199812034
E02003998,54.87530418611585,-2.92720503190287
E02004015,54.42896070536067,-2.96205514444118
E02002691,53.994061470408276,-0.46422652489193483
E02005235,54.04268816084282,-2.7920409583626937
E02001695,54.94711489202882,-1.531161012723282
E02006908,52.6315063742798,1.3135409756758467
E02002724,53.70609958050077,-0.8683272877064214
E02004952,51.895054686638424,-0.1633367611534548
E02002767,53.55345533021375,-0.661676695936851
E02004487,51.751125235548855,0.44216627685212156
E02003749,52.5562521521319,-0.0863854094680658
E02004982,51.81373928298683,-0.20458123344268656
E02004922,51.93348267473251,-0.30827200192328624
E02006294,52.094315431378,1.3070461904062392
E02004324,54.787713645933444,-1.3420175042815827
E02002666,53.76426675693745,-0.3530716966776928
E02005552,52.89779245656896,0.6821476820319866
E02003993,54.8943964924888,-2.817928418351821
E02006232,52.055725432026044,0.776012846411609
E02005851,53.0144739734893,-1.3069059899642486
E02003726,52.201422180293164,0.1370516496683445
E02006295,52.060995883686786,1.2330483572043616
E02005512,52.55386241762894,0.8700132181302564
E02006877,52.54882154568193,-0.26526817804917047
E02004977,51.65214227059066,-0.40614928304099296
E02003791,52.09761411998469,0.1595333642002408
E02002651,53.78313083801355,-3.0392983868696697
E02005423,52.930309601496866,-0.05748701424573289
E02003616,52.25008514499729,-0.4894930536033316
E02003643,51.909118581380504,-0.6458281732690907
E02005769,54.009860032120926,-1.4627622209787343
E02003740,52.22778862114736,0.2664788354231164
E02004953,51.89335194227549,-0.17532809009696165
E02004021,54.26638361086919,-2.938067863763259
E02001721,54.99266904570481,-1.7498149701240382
E02004564,51.60207914484424,0.6917471435189567
E02004506,51.94367863460134,0.917519682184745
E02002523,54.57084832348887,-1.1459500281744441
E02004546,51.77223055910553,0.10549897213630534
E02003603,52.08953055239322,-0.260734564535357
E02005548,52.56903708270679,1.7152229493687532
E02006255,52.04899363416565,1.1735720050140204
E02004553,51.75034290836251,0.10315882314268661
E02005607,52.49019150317567,1.2117746415066557
E02003297,51.52698931452095,0.4489535415103653
E02005578,52.8371040013009,0.8279370678923925
E02004873,51.7441399215307,-0.48049788814436417
E02005908,52.949041736440606,-1.031450796859762
E02003289,51.54391094431135,0.6584520194353936
E02003621,52.154311133758014,-0.4409861499538746
E02005511,52.57011537693034,0.8305828457008158
E02003467,52.06059275355342,-0.7581400275056003
E02005759,54.11854251811242,-1.1842359602703179
E02002902,52.90860040938632,-1.1776828508499262
E02004291,54.87161844294181,-1.6133227065893914
E02003474,52.03587575609714,-0.7199435980276093
E02005609,52.403770766592885,1.2977798277885193
E02005447,53.22048387382053,-0.5405691174187666
E02004310,54.78425565678656,-1.6353515363099154
E02004315,54.76934892709883,-1.5931422386926037
E02004521,51.87033567137032,0.9244146527002071
E02001810,54.89350313678019,-1.5447069464625542
E02002738,53.5550709981608,-0.1326220161718225
E02004023,54.300212643834456,-2.5318629955090666
E02001757,55.013828479177036,-1.4654817394375943
E02003287,51.54467561435792,0.7460056053962797
E02004505,51.628441345580605,0.5329183039255722
E02005782,54.46976939014972,-1.6779983422102884
E02001819,54.86946175481396,-1.4336188855203083
E02004001,54.5476959344473,-3.5838061598186393
E02002550,54.55821039026778,-1.337859986121762
E02005910,52.929483992202435,-1.1320048096747175
E02004474,51.56958334119452,0.5905967581521941
E02003246,52.592113076956416,-0.2558991338837855
E02005568,52.58694716810358,0.44764864048617914
E02002707,53.7704365178409,-0.6022947054403701
E02003728,52.19017273904945,0.14891966707159082
E02002676,53.753221695056645,-0.37073688779023184
E02003721,52.220610164097344,0.14478037687213152
E02005545,52.58361623073783,1.7003815797983448
E02002896,52.95173681848481,-1.1265425924074381
E02002516,54.608400653172744,-1.0739262148785491
E02004524,51.835063177486354,0.850611325320553
E02002785,53.95813178231217,-1.0384584085339652
E02002762,53.57092977375024,-0.6537157898858582
E02005459,53.08736340034937,-0.3164626425067868
E02005208,53.75367429401075,-3.0277375652427145
E02002869,53.007244003513925,-1.19803691300623
E02001764,55.00018852877388,-1.4595751039040927
E02002727,53.56911889701673,-0.06832442717328822
E02004311,54.78215293681846,-1.4965648848091946
E02005472,52.773785338827835,0.16414840862231872
E02003479,52.0298929530215,-0.755607295106973
E02003471,52.04917124166784,-0.7739325669280924
E02003470,52.05191688190246,-0.8161999250611508
E02004555,51.76867445291863,0.8017449925497684
E02005818,53.70251731284873,-1.1520877092013326
E02005221,54.13047801646008,-2.771032368576323
E02005726,55.02927888483191,-1.7778193518221523
E02003261,51.91392367709897,-0.4288590471574014
E02004492,51.736031678853784,0.49821877751217486
E02004000,54.57851305914184,-3.5580912014871307
E02004995,51.71076976527889,-0.11744838310465934
E02005470,52.79117818978661,-0.16148411102058796
E02005325,53.90134460629766,-2.7793063655080417
E02005556,52.769485354466276,0.43178603275085137
E02001693,54.94696045377944,-1.5700035923075846
E02003978,54.15293443325659,-3.179474058006749
E02004318,54.73989783258922,-1.5289097302736336
E02003266,51.90155805041668,-0.4914551234973514
E02002504,54.55678823506132,-1.2520503997801038
E02002795,53.91575158614626,-1.1267220981087085
E02002754,53.60575995975898,-0.8238925885390405
E02005461,53.021868419484406,-0.4202285992762932
E02006314,52.44762858320595,1.443810670226808
E02003269,51.89439563933957,-0.4038101412137879
E02002564,54.53900541577498,-1.5832901989469346
E02004970,51.684418997271514,-0.3827861859934879
E02003742,52.6852193290943,0.12847604224981468
E02003309,51.4834015694909,0.3395484859877991
E02005569,52.49097836682733,0.5247913494136076
E02002697,53.87248103044629,-0.3158441147432929
E02002484,54.703714871833256,-1.2122172278921508
E02006264,52.25226185006269,0.8671760546757041
E02002889,52.9594525576399,-1.160153894561794
E02001812,54.890846726120515,-1.3931141996663325
E02003308,51.48331861178922,0.4163535534502253
E02005913,52.91460917517924,-1.1193199306249275
E02003770,52.23461011665277,-0.24304566357583296
E02001765,54.995746717788,-1.5019526739440034
E02005733,54.96506985038056,-2.2263408889889122
E02001800,54.90645666823683,-1.5388400977591938
E02003262,51.906560024856375,-0.47121651909383927
E02004449,51.941042209074446,0.6341450095524732
E02002711,53.75205125585698,-0.45261093918582923
E02005583,52.72209520678026,1.4983234182946408
E02005581,52.78164240534037,1.4111169244078652
E02004860,51.77806561973579,-0.43914729057987245
E02001792,54.93010922002787,-1.3747825777581195
E02004866,51.760891759988766,-0.4966553969150532
E02003486,51.999840831319766,-0.7823704700471824
E02004446,52.03218666600198,0.5192650525591067
E02004440,51.570730883658946,0.44579997772069324
E02007096,55.01754459100394,-1.6640522811345213
E02004520,51.869193436277854,0.8768362561892273
E02005761,54.17600093485916,-1.6424390394486954
E02002878,52.97980681702022,-1.2126392666906665
E02004855,51.68639556237172,-0.029558847745939396
E02002513,54.52243914919925,-1.244583571287974
E02004504,51.639632384095975,0.6136509081675545
E02004444,51.56481842693475,0.41302089875367626
E02005559,52.75504355530128,0.41938326034377227
E02003604,52.087747794204816,-0.24670278466012566
E02003738,52.31750638862703,0.40083805079864215
E02001779,54.97080457239469,-1.454207111854942
E02005585,52.64715546228805,1.278129167127186
E02003260,51.91705700817947,-0.4560852490819968
E02004575,51.9405403985365,1.0648452700502136
E02004473,51.57269687441132,0.5564121373506825
E02001726,54.98366816890947,-1.6700302376232288
E02004467,51.62877869814666,0.2937937707868686
E02004881,51.87604452757473,0.16266241647319757
E02006926,51.491287124285584,0.3094739986248672
E02002489,54.68158657182839,-1.2198203521162958
E02006811,54.5302626288243,-1.1874502064199022
E02002563,54.54090673407515,-1.5284251071436805
E02004886,51.82281544703305,0.06567436342114785
E02005463,52.994207148966865,-0.4257995248429117
E02002505,54.55195564879209,-1.2009020156981107
E02001767,54.99329286621646,-1.5392145126140835
E02001711,55.007035653781365,-1.6866483724613663
E02004852,51.70419751616407,-0.03286817699571956
E02003636,51.96615356569152,-0.4269597452876373
E02002749,53.683800528247495,-0.4419250841776062
E02003732,52.45629621539535,0.3016373339903517
E02007087,52.19198729444392,0.13022633848146378
E02001755,55.02038228857735,-1.5501934831904185
E02002525,54.561937455888355,-1.1390410683026737
E02001784,54.96341953820908,-1.4853122101335945
E02005920,52.82983134213242,-1.180013997980944
E02004450,51.945163857454226,0.4776469386975313
E02002503,54.55772134546073,-1.2634980355299286
E02002718,53.730777297017006,-0.4991876083176645
E02002558,54.49762265705342,-1.3522352276793441
E02002750,53.67934174501955,-0.3692975270604538
E02003722,52.21675402877698,0.12826761835376393
E02003630,52.12408922895392,-0.4678065771904883
E02005495,53.40235689670846,-0.7774028904372874
E02002761,53.569594483941025,-0.549848182732873
E02002765,53.56323834605948,-0.656835190965511
E02004966,51.62257504747758,-0.42584098593444036
E02005707,55.75463336648569,-2.0218969182046442
E02002654,53.78730884157842,-0.3813559329263421
E02004589,51.78973907241746,1.1414797093296147
E02004351,54.70572397773639,-1.6854335818429886
E02002551,54.55332310330124,-1.3003000360341548
E02005210,53.74437825759733,-2.997993580176727
E02005467,52.80418655239128,0.014476510942019728
E02003753,52.51925579334522,-0.25382511280489856
E02003648,51.8794987786232,-0.5058425191278859
E02004598,51.86164018643544,0.4151871255906259
E02005811,53.82594639731455,-1.0451741023282306
E02005554,52.84327633923926,0.5054091799249721
E02004332,54.731885120037184,-1.3748698997398974
E02003739,52.27794395724676,0.328008562696503
E02003255,52.55025379562099,-0.21674668217225107
E02005789,54.24382647530919,-0.7706490752684098
E02004018,54.326534914830496,-2.750734718077676
E02002903,52.90163785267154,-1.1909595285432624
E02005446,53.230800194559485,-0.5476672995886119
E02005706,55.763961227219184,-2.0068594254738192
E02001748,55.03217149959925,-1.514218008650044
E02005515,52.48340066917839,1.035456125382335
E02005909,52.93524145571688,-1.1202475913581804
E02003746,52.55915666344725,0.08510017637095701
E02005322,53.916026629134855,-2.968013570855812
E02005588,52.63715660310895,1.2263900528404479
E02001789,54.95104821609984,-1.4111126413740538
E02002657,53.78429414462494,-0.3366410960415062
E02007085,52.234500452514894,0.05892746037170226
E02002700,53.847123607332705,-0.42056160299220857
E02004905,51.64920183130224,-0.2906606488432591
E02005787,54.30993374070731,-1.8125161542378356
E02004348,54.739877479954366,-1.981254421871072
E02003735,52.3972209043942,0.2549614289247909
E02003629,52.12467813066763,-0.4523414953168701
E02004323,54.813049468170995,-1.3949985350828384
E02007014,52.028904540491816,-0.696053132812901
E02004426,51.627565423453305,0.4275233144108555
E02003744,52.66111275558438,0.16481211220904338
E02004593,51.98595822062972,0.19839505269340188
E02005756,54.270255520796674,-1.5038575986423277
E02001729,54.977536184340416,-1.6407562952862993
E02004485,51.78967607897065,0.4782755416347463
E02004500,51.70702488662395,0.5828134976885204
E02005704,55.33141801687552,-1.596295034007652
E02005810,53.839523549361765,-1.189500489019192
E02005519,52.40817190228113,0.7380112672836658
E02003982,54.116799204821355,-3.19178576934103
E02001762,55.006433186296015,-1.548154466066633
E02001826,54.81087781693836,-1.4428120529335056
E02001806,54.89844666717661,-1.3730459220606963
E02005863,52.918387553877146,-1.2314011875041673
E02005813,53.782503678161135,-1.0662357048281699
E02003487,51.994653862515975,-0.7623173873978077
E02004354,54.637897439996884,-1.7142591481663547
E02004457,51.868664241142596,0.5896379007769726
E02003602,52.10659401197944,-0.30998082387586534
E02002887,52.96548077357332,-1.211931696053081
E02005274,53.829328251267356,-2.3562209460983885
E02002527,54.55661307041975,-0.8947380321716861
E02001688,54.954302416514196,-1.634725055876021
E02005468,52.798294114983165,-0.059095829845593986
E02004933,51.76139696687196,-0.321228106128623
E02005741,55.13351687409479,-1.6048055545419417
E02001771,54.9842319969347,-1.3998635046912544
E02003756,52.436693239673524,-0.2841238281469353
E02003971,54.66050683531059,-3.3559348739457766
E02002638,53.83088716233402,-3.051604885923612
E02002888,52.96211164385141,-1.1308253831135324
E02001788,54.951209507246304,-1.4632953141057028
E02002483,54.71032794142908,-1.2442169043402558
E02002501,54.56076770254659,-1.2253433948329657
E02006261,52.32466814342217,1.14780944482591
E02002721,53.724471437886265,-0.8415796657218675
E02006937,51.885673845484355,-0.41282352010687956
E02004490,51.74870245834548,0.45936509631144623
E02001783,54.9626638692589,-1.4459339792519246
E02001825,54.82468062445273,-1.4553796136972366
E02004317,54.75090070303122,-1.63360221546332
E02005417,53.010871283695465,0.08483958716716536
E02002890,52.95899311864557,-1.144287644782594
E02005719,55.070765528666534,-1.532104684512521
E02004329,54.750617747703124,-1.3473305605750703
E02003974,54.632729953769115,-3.5472071092149187
E02003285,51.54796789459389,0.6878905380532075
E02004926,51.81526004561461,-0.3528905915344642
E02004904,51.65645790814049,-0.2571783233823534
E02003777,52.28406973416642,0.04389277261948647
E02004433,51.58414232706785,0.43157499001617494
E02004475,51.5648317194942,0.5524347547277461
E02007062,54.52246796382027,-1.3208471395656252
E02003242,52.60818156927946,-0.26840606389091487
E02005513,52.51426279856221,1.0089410542860602
E02005542,52.61215216136281,1.7293697860092296
E02007059,54.68807749784662,-1.2281561163300667
E02005485,52.76913593179414,-0.38458382687949827
E02004301,54.86310603343177,-1.6869370892054596
E02001709,55.02265397792023,-1.6253031370021087
E02003466,52.06032018902079,-0.8103660163389451
E02004437,51.57698040415613,0.4145766018584392
E02004900,51.68413218266385,-0.32072567156885085
E02004344,54.61664481837285,-1.5769757778780078
E02005783,54.408845347699014,-1.7309545071872803
E02005751,54.46667177829387,-1.2078431765748845
E02004540,51.64057123018978,0.050374303500103475
E02003747,52.558582228875196,-0.12754912063826798
E02004479,51.552860346631995,0.5561864181756132
E02004939,51.74183384370384,-0.3128389036298007
E02005861,52.919338764377784,-1.20396553615342
E02005801,54.28882841279368,-0.42284278828801486
E02005465,52.88035012993718,-0.1823850711038903
E02004848,51.71775057575672,-0.05820703436855677
E02001803,54.90394522081225,-1.3896949487887742
E02005502,53.24135937189852,-0.443259224788234
E02006907,52.62646181557906,1.3053831949836907
E02002687,54.08805058137778,-0.19303253936294248
E02005487,52.70946090392911,-0.366966822463497
E02004472,51.60383289361276,0.34165773667029414
E02006248,52.067365758475376,1.183420793741781
E02007010,52.10829021252292,-0.43220371573511707
E02004537,51.65456980869643,0.08143923839031761
E02001799,54.91474553148243,-1.5237116368290733
E02005451,53.207366620728244,-0.5652679207996621
E02003293,51.53782742945826,0.7023882859434664
E02004497,51.71913103614363,0.5058923988091983
E02005550,52.56951735530111,1.6995266815444119
E02006301,51.960706996464324,1.3484063702967217
E02004536,51.66908789306017,0.10035178921387033
E02002784,53.958220575136785,-1.0790533871424566
E02005321,53.91028630806297,-3.042551012148417
E02004859,51.79719220816762,-0.6483554594356862
E02002684,54.103501633808,-0.19336306411522194
E02004912,51.98664923573718,-0.18552005814113845
E02004869,51.75677694231387,-0.5617773502970905
E02006240,52.3677691074185,0.4853285395450968
E02006254,52.05297215812842,1.1322099284192146
E02007088,52.00976639053199,-0.10186731956637086
E02003612,52.013495281053075,-0.23123116505498367
E02002659,53.78007501751967,-0.37581866744235826
E02005802,54.28185629277813,-0.4126259421698411
E02005755,54.28696954263031,-1.5904409028472264
E02005236,54.043040208165266,-2.8909506611711033
E02001801,54.90572310103065,-1.4061423573887248
E02006280,52.23672155647262,0.6441565914446317
E02002546,54.57207247510454,-1.3264195740193196
E02006265,52.226693649649896,1.0281094644851503
E02005906,52.95589592131699,-0.9045267746492112
E02002498,54.5685869801156,-1.2469237117954843
E02005204,53.78579834104119,-2.884225220264489
E02004532,51.69411755102056,0.11305981086675129
E02003267,51.89592550776263,-0.43223468279217986
E02002716,53.72485656508911,-0.1767889035530919
E02004854,51.69449478446449,-0.03302099303453169
E02004865,51.76256884452942,-0.48368569194756766
E02006288,52.21991943018535,1.3411557436917596
E02002642,53.81620120262289,-3.0447469903085613
E02005498,53.3258871748585,-0.7103194021016345
E02006979,51.730547864125896,0.46514729080348416
E02007015,52.024199464654416,-0.8142768771139193
E02006271,52.133237257955855,1.0479382597712605
E02005603,52.573846801031124,1.1270106200254884
E02005209,53.751246892121685,-2.8832727811594494
E02002494,54.65954684857077,-1.242662975804004
E02005788,54.26978711603994,-0.9296139709352461
E02004954,51.88252669435755,-0.18335857020083499
E02005779,53.98453753120999,-1.537747425843274
E02001750,55.026100250221255,-1.4559298729684833
E02001793,54.92861280648424,-1.4493641863325293
E02005708,55.57535319278611,-1.900950162382158
E02006871,54.06378010266943,-2.8286922340835616
E02003237,52.639627686088694,-0.2969296217672376
E02004313,54.77934286969746,-1.5497496027902884
E02004567,51.59580417255128,0.6102657501665231
E02004462,51.79566939022726,0.6356007794084821
E02005534,52.63742194014278,1.3442787541712558
E02003272,51.89067436442151,-0.44258815711204996
E02007092,51.735937098006865,-0.21857747713402942
E02005803,54.27528649874529,-0.42187948486205007
E02005784,54.38107980586641,-1.634341763436304
E02001813,54.88590104315056,-1.4244015077679175
E02006289,52.21466143712199,1.4898224128133535
E02005577,52.85321938583411,1.0369995761259865
E02001802,54.90474953862912,-1.4275927010111102
E02004454,51.87927447230666,0.55813897860156
E02006866,53.180271088807224,-0.5981102111322087
E02005478,52.921323544595644,-0.6292629470302151
E02005766,54.07659439569195,-1.7357109757483042
E02004550,51.75888981428818,0.0930067049339309
E02002661,53.77480070520812,-0.2728934654388498
E02004543,51.6092764132575,0.08610231914405404
E02005427,53.366228042168814,-0.0010697905766306236
E02005462,52.99817081600466,-0.4094911631948838
E02004897,51.69704036405034,-0.20490006553053028
E02006252,52.054995813658564,1.1875826200710273
E02006826,52.24483070169309,0.4002304241872291
E02004851,51.71156416966557,-0.05883263608378371
E02003623,52.13859044200162,-0.5154474465310959
E02002485,54.69596234732964,-1.2255108102490175
E02002553,54.54001385774815,-1.2994810667822128
E02006315,52.341385209101524,1.6669084325102403
E02004013,54.5896494898032,-2.543288441225102
E02004595,51.906740565493386,0.19926529943347113
E02001706,54.90425400086081,-1.5797922582665798
E02003613,52.00726578973361,-0.49293258968877063
E02005430,53.27877821954755,-0.23893196409337436
E02004867,51.761526143118026,-0.5804419522085768
E02003973,54.632200167289824,-3.5582200562282416
E02006302,52.50330644923785,1.7375916258864896
E02006297,52.047493524617195,1.215306368488784
E02003463,52.0664248718886,-0.7490495544272513
E02006834,53.005811447210434,-1.1579378908034568
E02005518,52.41894477180877,0.7608980501784579
E02004552,51.75567841897592,0.07320846413005487
E02004927,51.81062466029961,-0.2953701523863494
E02003464,52.063755531329285,-0.7796052717531654
E02003989,54.9135210127883,-2.946541974555316
E02003765,52.328965489064785,-0.07322565795563617
E02005610,52.39949275539297,1.1715129833033229
E02005850,53.02261298487442,-1.2988242713400042
E02005728,54.9701477424072,-2.4640576960583025
E02002725,53.68906230187002,-1.0250245314669495
E02005760,54.07267325457881,-1.2333404539508186
E02002660,53.77586567270621,-0.26100318735824246
E02002698,53.863016292300344,-0.6671139340824715
E02003736,52.36002325782371,0.18184158323146013
E02005228,54.063482769254556,-2.872751501881934
E02003473,52.03886715042579,-0.8016408329497029
E02007102,54.9727490109402,-1.6274172594763892
E02007061,54.55622053438087,-1.3214785086892262
E02001710,55.01244001522239,-1.647631840757497
E02002559,54.55030580070002,-1.584834309783292
E02002893,52.958256981424576,-1.1777838240785483
E02005332,53.838984549885325,-2.9983245394487223
E02001698,54.93744876033893,-1.6856844550877483
E02005533,52.636643543184626,1.4599693111954206
E02005859,52.92721570216153,-1.270895912467219
E02005600,52.578445874199915,1.0151454543112342
E02001778,54.97357348293862,-1.4360116366737867
E02005479,52.91876856113482,-0.657706364861576
E02006300,51.96790164449626,1.333517059722386
E02004541,51.626470962773,0.04205756617953245
E02005754,54.32907832609584,-1.4584808527077069
E02003483,52.008926021088264,-0.7918997871160846
E02002681,53.739946448551684,-0.3667483041887795
E02002646,53.80100888235096,-3.002911897219624
E02003733,52.394417133494464,0.12805485340804454
E02005529,52.666438451346295,1.2568917809269191
E02004568,51.59497477643956,0.5917100099100226
E02007058,54.53203709409951,-1.561216893144879
E02005203,53.81773891380671,-2.9636636477213503
E02004345,54.61359534287612,-1.7887788401025277
E02004570,51.584764887926966,0.6093094499167573
E02005918,52.873702018826435,-1.08760671420193
E02002695,53.90964526951213,-0.1691359166720775
E02007052,52.63566383257842,1.2816877742260393
E02003632,52.11953380913357,-0.4860643010971011
E02002662,53.773670342996276,-0.2880546276862339
E02003624,52.143280697630054,-0.4555179115803226
E02005547,52.57063067357017,1.7270239356418593
E02007005,51.47697049612539,0.28961939480890975
E02005443,53.24703923988718,-0.5085992145305246
E02002649,53.787870034532006,-3.0487796395735587
E02007101,54.973115585511664,-1.654476452318568
E02002650,53.78754149128488,-3.0235585001963354
E02002783,53.96313364632965,-1.1282749037494004
E02004936,51.751557308901305,-0.30388758681026323
E02003270,51.89372340967458,-0.47842305702344623
E02006270,52.18780423845542,1.0081031346890912
E02002733,53.56393599878043,-0.1015896944220677
E02005576,52.871864996059486,1.4273578298226874
E02005752,54.37986373717869,-1.411955184123377
E02006299,51.96975784353399,1.3596690502843118
E02003752,52.454264596951,0.04883726113106398
E02006283,52.1052931894961,0.49095701913638257
E02004580,51.84209519922093,1.2379558574986307
E02002874,52.98968154635501,-1.1480519590468345
E02003788,52.143326189553406,0.08731550881155518
E02005453,53.209740458651986,-0.48323394986713
E02004480,51.52906224629807,0.5832883896310895
E02004882,51.87092582246569,0.17475185701613066
E02001744,55.039509650214086,-1.507321445022634
E02001791,54.93229318168165,-1.3866016996830488
E02003615,51.99560196979311,-0.45977707937419665
E02004885,51.85576436265323,0.14905442581471617
E02004448,51.977075907538655,0.5917413876167038
E02003469,52.052157864882574,-0.7875345104513778
E02004498,51.71667806494753,0.4904172308973321
E02002670,53.7605528962339,-0.3975846395016453
E02005275,53.82775125664529,-2.602784161706743
E02004471,51.60922991390721,0.30930301950606737
E02006909,54.68014154019606,-1.2509388752045134
E02005712,55.116387487056734,-1.5379661064490615
E02005524,52.6884661176784,1.319325026379159
E02002764,53.56713768912193,-0.677131464533909
E02001745,55.039488210588566,-1.5742969063993975
E02004557,51.7426730125638,0.6915098503299086
E02004325,54.76719971337662,-1.3328690584439342
E02005434,53.20754399141047,-0.11354918204095589
E02006278,52.24752696001988,0.7101355347793374
E02002667,53.76163783250989,-0.3175460676930621
E02004944,51.923603249913604,-0.17912943668068362
E02004491,51.7472203881857,0.49658315758113986
E02002555,54.52233249548214,-1.3549867956507826
E02004022,54.25687704640065,-3.1375081209452875
E02003748,52.549617655792304,0.09673468987315997
E02004456,51.87097063313833,0.5625041021459785
E02002634,53.85699264377643,-3.0293545582420482
E02003277,51.87422505936272,-0.4326350606005692
E02002744,53.547485656261024,-0.10483821613200904
E02003489,51.991225395996906,-0.7519242311105911
E02003465,52.059915659293594,-0.7352693265589254
E02004960,51.65222578436349,-0.5229634872284404
E02005514,52.512492338040865,0.6508586600049853
E02003609,52.035046418822844,-0.3377232309572855
E02003283,51.5531220879384,0.6655774889625538
E02003727,52.199269784982285,0.14872376907268062
E02005860,52.92633382852103,-1.211204360525978
E02007106,55.09174455075508,-1.578775981817813
E02004014,54.48196585329403,-2.3706635166401275
E02002535,54.622113845997426,-1.2873052312755364
E02004337,54.69281883717852,-1.6137820035733386
E02004303,54.85603161214593,-1.8314379193681958
E02005723,55.16441902407043,-1.6876954688938561
E02003252,52.569734369587174,-0.25668030107445683
E02004295,54.84426115545186,-1.5310957193520394
E02003969,54.705108858054174,-3.4914091454707425
E02004588,51.7926184303576,1.1521321081543854
E02004992,51.75002783392428,-0.23411212303447756
E02006262,52.32828547428508,1.0035349775265139
E02004979,51.642988180613465,-0.38630183894427267
E02004949,51.909951634227745,-0.19105311380030865
E02005521,52.76230906388937,1.1164605598860944
E02002741,53.554275760125485,-0.08501213260056714
E02002644,53.80718330554675,-3.0241233653116604
E02004003,54.524986447400444,-3.5122411162872584
E02004918,51.9564069598752,-0.27446403525687196
E02002879,52.978771124721035,-1.165668928589825
E02003251,52.57655713532849,-0.28005747137598647
E02004515,51.8831327830425,0.7922357756471768
E02003626,52.13845853469615,-0.43341420481222076
E02003759,52.352127053681485,0.008374902243803996
E02004909,52.057478665028185,-0.021797278959838764
E02004290,54.884774091794206,-1.60426366537878
E02006980,51.606812833482486,0.6591274087773059
E02004333,54.70610914243139,-1.5999739548608172
E02001694,54.946680960901396,-1.6454264196855055
E02004578,51.84719408574908,1.2645521554777008
E02005473,52.78095888027428,-0.16854463109319237
E02002702,53.84058020359847,-0.4208401670949478
E02005857,52.938412821888626,-1.2705626678041448
E02004554,51.74822966817246,0.08343035880551332
E02005452,53.19642777128232,-0.5642721665712305
E02001768,54.998366078157495,-1.4258817122059997
E02006873,52.21709416275491,-0.06419801824158512
E02006309,52.46230878264116,1.7254059354987359
E02003238,52.62493373653459,-0.27504870904176953
E02005775,53.994484115602425,-1.5440168044894285
E02006257,52.04377370845857,1.1172205724121749
E02005735,55.18097816239996,-1.5631309589551206
E02001818,54.87006254761082,-1.3695704379681815
E02002517,54.60690352973575,-1.0897915029087586
E02004863,51.763686859624926,-0.4624026889283096
E02005509,52.64316836037306,0.689776923247476
E02004312,54.78675975794377,-1.5263846152725173
E02007097,54.97971883476836,-1.5938569097719717
E02001756,55.01377144779113,-1.5862399581734177
E02004989,51.76474144094427,-0.24158391824222472
E02005510,52.612578885659225,0.8185864289494119
E02006905,52.940625171982745,-1.1508045830216993
E02002663,53.77227037669496,-0.35923477662082176
E02005565,52.68553289021714,0.355371826507274
E02005594,52.621912642275,1.2854977912363017
E02004314,54.773391262982905,-1.5743403159309148
E02006229,52.07255819653462,0.7190614700605947
E02007033,52.81934624066722,1.3801005297368596
E02004906,51.65141574173548,-0.26803477089137245
E02006245,52.08288948043755,1.1358317354848448
E02005785,54.375598660429716,-1.712056523852775
E02005558,52.75782324748263,0.3061824302222121
E02005553,52.90049563131537,0.49293590243613256
E02002492,54.6616871661318,-1.2234283795366947
E02002895,52.954196725490476,-1.1668129138656542
E02002884,52.97032969750934,-1.1618457103158963
E02004296,54.82113585132163,-1.6235558787079862
E02006251,52.05658016684115,1.1683547431364893
E02001703,54.92523102130477,-1.7462650091309533
E02003311,51.479228770875594,0.32750789482228204
E02005773,54.00003937415111,-1.5273356492686707
E02004017,54.33540718791349,-2.741046414107163
E02004917,51.96970694530379,-0.2088693500601892
E02003263,51.90491108666516,-0.4448576005615902
E02002671,53.75831476031587,-0.2919280478306659
E02003248,52.58896897039437,-0.24320463126966765
E02004439,51.57199600311133,0.43026194304441095
E02004481,51.52499335067645,0.6046739326104018
E02004972,51.67253598988094,-0.38727097658614773
E02006290,52.202891366782005,1.5799809627336168
E02005506,52.67775201032112,0.8875563000939892
E02007081,53.55804780656311,-0.032616609446668596
E02004019,54.323535938809016,-2.727362285768709
E02001814,54.8850779322789,-1.3706973721073374
E02002507,54.54735075847256,-1.2488466847402906
E02002552,54.547057749057124,-1.2926767356241593
E02003305,51.49312810331961,0.3434672532040282
E02002763,53.56714818487881,-0.6298730436979753
E02006906,52.98509356527255,-1.2493789895353884
E02006878,52.5343700612202,-0.27488930212742607
E02006304,52.489173091308935,1.7211029442704646
E02004569,51.585472512086874,0.699749875998708
E02001770,54.98866668799664,-1.421058442990983
E02002706,53.778939492918724,-0.3982359836150948
E02002536,54.61071742203879,-1.295456827488691
E02003258,51.92126812459526,-0.4386767230476535
E02003724,52.212873476943166,0.16015677077160223
E02005725,55.049719575360875,-1.747754823633023
E02005572,52.92638114327889,1.3016985734325641
E02002885,52.96670255007184,-1.172360598059636
E02004548,51.764031807050955,0.14175988318272725
E02002637,53.83411452987324,-3.040159457838982
E02004341,54.63063305402445,-1.5824388917002778
E02001734,54.97272479986538,-1.668128373224392
E02006893,54.99948881954317,-1.7064421267940686
E02004843,51.7753761043708,-0.01093982211892856
E02004862,51.7743857518175,-0.4565184980397593
E02002745,53.53430310728158,-0.022250664029537914
E02005799,54.294114757038734,-0.43626507565996664
E02003300,51.515645582704344,0.424766499450364
E02004350,54.71505814865315,-1.7405608871893967
E02006842,54.950978410388295,-1.5966610410805262
E02004571,51.5802884567608,0.6229087255929057
E02005750,54.47339221462027,-1.1641584140058214
E02004930,51.77260147508985,-0.30340058540063775
E02004529,51.71630467097141,0.2520119938076979
E02005438,53.146670913292525,0.32524542253742145
E02003975,54.630374295246106,-3.5296090075210427
E02002722,53.72318365038762,0.03334665522509111
E02006253,52.05341018418628,1.1997870655492195
E02006864,52.979756940224625,-0.005831823488131984
E02005919,52.846481059317206,-1.1960392131366802
E02001684,54.95522966048034,-1.554428577347568
E02004322,54.83223243630288,-1.3611698479376448
E02005445,53.23436686541248,-0.5241931648476618
E02007107,54.95218426199611,-1.976817609369248
E02005474,52.745383195579784,0.021296276613287084
E02007063,54.51533726211752,-1.323924791231338
E02005815,53.767722127587554,-1.0943949133192432
E02001797,54.920501478770454,-1.5313451218809289
E02004486,51.75723023132405,0.4673713094809014
E02007042,54.34009760916027,-1.4265252495772103
E02001686,54.95950197265428,-1.7254080876750393
E02004011,54.66620625430239,-2.7430418908632386
E02003245,52.59224228748337,-0.2760791627615794
E02003994,54.88914967816027,-2.952332723739969
