LSOA GVA Estimates (millions),Urban_rura,RUC21NM,LU_pct_micro_2025_msoa,LU_pct_small_2025_msoa,LU_pct_medium_2025_msoa,LU_pct_large_2025_msoa,enterprises_per_1k_residents_2025,total_enterprises_2025_msoa,turnover_diversity_1-HHI_2025_msoa,LU_diversity_1-HHI_2025,share_enterprises_creative_2025_msoa,share_enterprises_foundational_2025_msoa,share_enterprises_green_aligned_2025_msoa,share_enterprises_industrial_2025_msoa,share_enterprises_kibs_2025_msoa,share_enterprises_anchor_2025_msoa,share_enterprises_public_2025_msoa,share_enterprises_private_2025_msoa,employment_rate_per_pop,full_to_part_ratio,total_employees,Apprenticeship %,"Level 1 and entry level qualifications: 1 to 4 GCSEs grade A* to C, Any GCSEs at other grades, O levels or CSEs (any grades), 1 AS level, NVQ level 1, Foundation GNVQ, Basic or Essential Skills %","Level 2 qualifications: 5 or more GCSEs (A* to C or 9 to 4), O levels (passes), CSEs (grade 1), School Certification, 1 A level, 2 to 3 AS levels, VCEs, Intermediate or Higher Diploma, Welsh Baccalaureate Intermediate Diploma, NVQ level 2, Intermediate GNVQ, City and Guilds Craft, BTEC First or General Diploma, RSA Diploma %","Level 3 qualifications: 2 or more A levels or VCEs, 4 or more AS levels, Higher School Certificate, Progression or Advanced Diploma, Welsh Baccalaureate Advance Diploma, NVQ level 3; Advanced GNVQ, City and Guilds Advanced Craft, ONC, OND, BTEC National, RSA Advanced Diploma %","Level 4 qualifications or above: degree (BA, BSc), higher degree (MA, PhD, PGCE), NVQ level 4 to 5, HNC, HND, RSA Higher Diploma, BTEC Higher level, professional qualifications (for example, teaching, nursing, accountancy) %",No qualifications %,"Other: vocational or work-related qualifications, other qualifications achieved in England or Wales, qualifications achieved outside England or Wales (equivalent not stated or unknown) %",IMD_decile,Income_decile,Employment_decile,Education_decile,AdultSkills_decile,Percentage of connections receiving less than 10Mbit/s broadband,Average download speed (Mbit/s),Percentage of homes unable to receive at least 30Mbit/s broadband,bus_stop_density,dist_to_primary_m,Mid-2024 population,Working_Age_Pop,Pct_Working_Age,LSOA21CD,LSOA21NM,MSOA21CD,MSOA21NM,area_km2,LU_micro_2025_msoa,LU_small_2025_msoa,LU_medium_2025_msoa,LU_large_2025_msoa,LU_total_2025_msoa,full_time_employees,part_time_employees
15.064,Urban,Urban: Nearer to a major town or city,0.8448275862068966,0.1206896551724138,0.0344827586206896,0.0,105.4481546572935,240,0.7708333333333334,0.8961111111111111,0.1666666666666666,0.3958333333333333,0.0208333333333333,0.0208333333333333,0.4583333333333333,0.083333333,0.0,1.0,0.035149385,0.6,80,3.866432337434095,6.985940246045693,11.203866432337431,15.86115992970123,26.889279437609844,7.205623901581721,1.8892794376098416,10,9,10,9,9,0.0,113.5262865,0.0,3.849735190736679,617.7141308336493,2276,1519,0.6673989455184535,E01015471,Swindon 028A,E02006849,Swindon 028,1.2987906316338629,245,35,10,0,290,30,50
495.26,Rural,Smaller rural: Nearer to a major town or city,0.8202247191011236,0.1404494382022472,0.0280898876404494,0.0112359550561797,351.4010105649977,765,0.8165685595567866,0.9216639313218028,0.1437908496732026,0.3529411764705882,0.052287582,0.045751634,0.4052287581699346,0.065359477,0.006535948,0.9934640522875816,4.708314193844741,0.28125,10250,5.006890215893431,6.522737712448324,11.667432246210382,14.377583830960036,24.02388608176389,10.702802021129996,2.067064768029398,7,7,7,6,8,0.01843318,47.26703755,56.2,0.93727696562085,574.6975359805348,2177,1334,0.6127698667891593,E01015473,Swindon 008A,E02003219,Swindon 008,39.4760581526628,730,125,25,10,890,2250,8000
99.694,Urban,Urban: Nearer to a major town or city,0.8235294117647058,0.1411764705882353,0.0235294117647058,0.0117647058823529,124.29831595829992,310,0.8303850156087409,0.9058956916099772,0.048387097,0.5806451612903226,0.0161290322580645,0.0161290322580645,0.2903225806451613,0.064516129,0.0,1.0,0.7016840417000801,0.1666666666666666,1750,3.5685645549318363,17.802726543704892,10.66559743384122,6.976744186046512,15.99839615076183,16.11868484,7.698476343223737,4,5,7,2,1,0.0,105.9700355,0.0,18.02783961,350.5101129560774,2494,1778,0.7129109863672815,E01015475,Swindon 015A,E02003226,Swindon 015,0.554697635,350,60,10,5,425,250,1500
19.806,Urban,Urban: Nearer to a major town or city,0.8235294117647058,0.1411764705882353,0.0235294117647058,0.0117647058823529,171.36539524599226,310,0.8303850156087409,0.9058956916099772,0.048387097,0.5806451612903226,0.0161290322580645,0.0161290322580645,0.2903225806451613,0.064516129,0.0,1.0,0.1381978993919292,1.0,250,5.306799336650083,10.226644555002764,11.995577667219456,9.342177998894416,19.955776672194585,16.362631288004422,3.5378662244333885,4,4,4,3,2,0.0,109.5189655,0.0,8.041326649150886,473.1268036429945,1809,1288,0.7119955776672194,E01015477,Swindon 015C,E02003226,Swindon 015,0.6217879484510145,350,60,10,5,425,125,125
194.209,Urban,Urban: Nearer to a major town or city,0.8955223880597015,0.074626866,0.0298507462686567,0.0,181.31530424093424,295,0.7657550535077289,0.9048442906574394,0.135593220338983,0.423728814,0.033898305,0.033898305,0.4067796610169492,0.06779661,0.0,1.0,0.2765826674861709,0.5,450,5.347264904732637,9.465273509526735,11.92378610940381,13.275968039336204,24.76951444376153,13.398893669330056,2.335586969883221,7,6,7,4,4,0.00621118,124.7445313,0.6,3.747640112724047,58.39821858255132,1627,1132,0.6957590657652121,E01015478,Swindon 021A,E02003232,Swindon 021,1.6010075192729163,300,25,10,0,335,150,300
127.924,Urban,Urban: Nearer to a major town or city,0.8,0.14,0.06,0.0,82.79483037156704,205,0.8350459707950243,0.912,0.097560976,0.5121951219512195,0.048780488,0.048780488,0.3658536585365853,0.024390243902439,0.0238095238095238,0.9761904761904762,0.9087237479806138,0.8,2250,3.836833602584814,10.460420032310177,11.308562197092083,11.268174474959611,21.60743134087237,12.762520193861066,2.9079159935379644,6,5,6,4,3,0.0,109.8499327,0.7,3.8792648373549583,43.54926756099662,2476,1711,0.6910339256865913,E01015479,Swindon 017A,E02003228,Swindon 017,2.3200272158104496,200,35,15,0,250,1000,1250
13.183,Urban,Urban: Nearer to a major town or city,0.8235294117647058,0.1411764705882353,0.0235294117647058,0.0117647058823529,103.43677010343676,310,0.8303850156087409,0.9058956916099772,0.048387097,0.5806451612903226,0.0161290322580645,0.0161290322580645,0.2903225806451613,0.064516129,0.0,1.0,0.075075075,0.8,225,3.903903903903904,17.684351017684353,10.71071071071071,6.506506506506507,14.714714714714711,19.853186519853185,10.844177510844178,4,4,9,2,1,0.0,104.7119645,0.0,10.030860486006317,317.00429028835686,2997,2259,0.7537537537537538,E01015480,Swindon 015D,E02003226,Swindon 015,0.2990770337385501,350,60,10,5,425,100,125
15.851,Urban,Urban: Nearer to a major town or city,0.9117647058823528,0.088235294,0.0,0.0,85.91065292096219,150,0.7471383975026015,0.8494809688581314,0.1,0.5666666666666667,0.033333333,0.033333333,0.2666666666666666,0.1,0.0,1.0,0.1718213058419244,0.5,300,5.097365406643757,10.595647193585338,16.151202749140893,15.40664375715922,20.4467354,13.344788087056129,1.431844215,8,7,8,5,5,0.0,91.66833856,0.0,8.392788313000466,636.0191069433178,1746,1136,0.6506300114547537,E01015481,Swindon 013A,E02003224,Swindon 013,0.8340493932340661,155,15,0,0,170,100,200
77.772,Urban,Urban: Nearer to a major town or city,0.9117647058823528,0.088235294,0.0,0.0,118.01730920535012,150,0.7471383975026015,0.8494809688581314,0.1,0.5666666666666667,0.033333333,0.033333333,0.2666666666666666,0.1,0.0,1.0,0.3304484657749803,0.05,420,6.451612903225806,12.667191188040912,13.217938630999212,15.420928402832416,18.17466561762392,15.263571990558615,1.9669551534225016,9,10,8,5,4,0.0,124.5655093,0.0,8.119900544051017,457.72282177183774,1271,788,0.6199842643587726,E01015482,Swindon 013B,E02003224,Swindon 013,0.8620795244996561,155,15,0,0,170,20,400
7.25,Urban,Urban: Nearer to a major town or city,0.9117647058823528,0.088235294,0.0,0.0,109.7293343087052,150,0.7471383975026015,0.8494809688581314,0.1,0.5666666666666667,0.033333333,0.033333333,0.2666666666666666,0.1,0.0,1.0,0.054864667,0.5,75,8.632040965618142,12.070226773957572,12.070226773957572,13.89904901243599,17.702999268471103,18.361375274323336,3.584491587417703,9,9,9,6,4,0.0,117.3211382,0.0,10.631361718817264,382.94573612391787,1367,783,0.5727871250914411,E01015483,Swindon 013C,E02003224,Swindon 013,0.7524906227054794,155,15,0,0,170,25,50
77.772,Urban,Urban: Nearer to a major town or city,0.9117647058823528,0.088235294,0.0,0.0,102.59917920656636,150,0.7471383975026015,0.8494809688581314,0.1,0.5666666666666667,0.033333333,0.033333333,0.2666666666666666,0.1,0.0,1.0,0.068399453,1.0,100,6.976744186046512,10.39671682626539,12.038303693570452,13.885088919288648,17.16826265389877,18.80984952120383,3.967168262653898,9,9,8,5,4,0.0,111.1756238,0.0,2.6898130792162727,1005.4758685580172,1462,839,0.5738714090287278,E01015484,Swindon 013D,E02003224,Swindon 013,0.7435460907873708,155,15,0,0,170,50,50
10.289,Urban,Urban: Nearer to a major town or city,0.9117647058823528,0.088235294,0.0,0.0,113.72251705837756,150,0.7471383975026015,0.8494809688581314,0.1,0.5666666666666667,0.033333333,0.033333333,0.2666666666666666,0.1,0.0,1.0,0.045489006823351,0.3333333333333333,60,5.913570887035633,12.736921910538287,15.466262319939348,16.148597422289612,21.455648218347235,13.343442,3.108415466,9,9,8,6,4,0.0,120.5706619,0.0,3.763517741088259,465.8682789449508,1319,893,0.6770280515542078,E01015485,Swindon 013E,E02003224,Swindon 013,0.5314177154434457,155,15,0,0,170,15,45
12.036,Urban,Urban: Nearer to a major town or city,0.9117647058823528,0.088235294,0.0,0.0,102.04081632653062,150,0.7471383975026015,0.8494809688581314,0.1,0.5666666666666667,0.033333333,0.033333333,0.2666666666666666,0.1,0.0,1.0,0.068027211,1.0,100,7.074829932,11.428571428571429,12.925170068027212,12.925170068027212,17.891156462585034,15.44217687,2.857142857142857,7,7,6,4,4,0.0,105.5262646,0.0,9.315328346872684,1046.2204484107483,1470,843,0.573469388,E01015486,Swindon 013F,E02003224,Swindon 013,0.966149518822002,155,15,0,0,170,50,50
7.887,Urban,Urban: Nearer to a major town or city,0.6938775510204082,0.2040816326530612,0.081632653,0.020408163,120.16021361815754,180,0.8348765432098765,0.9072,0.055555556,0.4166666666666667,0.083333333,0.083333333,0.3611111111111111,0.083333333,0.0277777777777777,0.9722222222222222,0.046728972,0.4,70,5.941255006675568,12.683578104138851,15.554072096128172,12.950600801068092,19.492656875834445,16.22162883845127,2.9372496662216285,9,10,9,5,4,0.0,116.5920152,0.0,4.813579580449467,711.8849543723603,1498,923,0.6161548731642189,E01015487,Swindon 023A,E02003234,Swindon 023,0.8309824182083015,170,50,20,5,245,20,50
57.559,Urban,Urban: Nearer to a major town or city,0.6938775510204082,0.2040816326530612,0.081632653,0.020408163,120.32085561497324,180,0.8348765432098765,0.9072,0.055555556,0.4166666666666667,0.083333333,0.083333333,0.3611111111111111,0.083333333,0.0277777777777777,0.9722222222222222,1.570855614973262,0.3428571428571428,2350,4.545454545454546,12.366310160427808,13.302139037433156,11.029411764705882,16.97860962566845,20.12032085561497,2.740641711229946,3,3,3,3,2,0.022222222,112.7090909,2.2,5.229797391614642,543.4796471551538,1496,902,0.6029411764705882,E01015488,Swindon 023B,E02003234,Swindon 023,1.147271978379179,170,50,20,5,245,600,1750
15.488,Urban,Urban: Nearer to a major town or city,0.6938775510204082,0.2040816326530612,0.081632653,0.020408163,123.88162422573986,180,0.8348765432098765,0.9072,0.055555556,0.4166666666666667,0.083333333,0.083333333,0.3611111111111111,0.083333333,0.0277777777777777,0.9722222222222222,0.1720578114246387,1.5,250,4.679972470750172,11.493461803165864,13.695801789401235,14.934618031658635,22.161046111493462,12.801101169993116,2.477632484514797,8,8,7,6,4,0.0,125.4422747,0.0,5.988494378626504,313.4339111086133,1453,835,0.5746730901582932,E01015489,Swindon 023C,E02003234,Swindon 023,1.836855694356169,170,50,20,5,245,150,100
5.126,Urban,Urban: Nearer to a major town or city,0.6938775510204082,0.2040816326530612,0.081632653,0.020408163,144.23076923076923,180,0.8348765432098765,0.9072,0.055555556,0.4166666666666667,0.083333333,0.083333333,0.3611111111111111,0.083333333,0.0277777777777777,0.9722222222222222,0.0360576923076923,1.25,45,6.009615384615385,11.618589743589745,13.461538461538462,15.785256410256409,19.95192307692308,12.580128205128204,2.8846153846153846,7,7,7,5,5,0.0,117.4442222,0.0,2.0052592133422023,323.0892719834755,1248,797,0.6386217948717948,E01015490,Swindon 023D,E02003234,Swindon 023,0.4986886450122733,170,50,20,5,245,25,20
174.488,Urban,Urban: Nearer to a major town or city,0.6938775510204082,0.2040816326530612,0.081632653,0.020408163,129.6829971181556,180,0.8348765432098765,0.9072,0.055555556,0.4166666666666667,0.083333333,0.083333333,0.3611111111111111,0.083333333,0.0277777777777777,0.9722222222222222,1.5489913544668588,0.2285714285714285,2150,5.3314121037463975,14.337175792507203,15.561959654178676,11.959654178674352,15.85014409221902,19.956772334293948,2.521613832853026,3,3,2,3,3,0.0,111.6873394,0.0,4.153884937979576,1046.8507749591913,1388,884,0.6368876080691642,E01015491,Swindon 023E,E02003234,Swindon 023,1.925907943875583,170,50,20,5,245,400,1750
81.796,Urban,Urban: Nearer to a major town or city,0.6938775510204082,0.2040816326530612,0.081632653,0.020408163,132.35294117647058,180,0.8348765432098765,0.9072,0.055555556,0.4166666666666667,0.083333333,0.083333333,0.3611111111111111,0.083333333,0.0277777777777777,0.9722222222222222,0.8272058823529411,0.25,1125,5.661764705882353,14.117647058823527,14.26470588235294,10.147058823529411,15.441176470588236,18.529411764705884,3.4558823529411766,3,3,3,2,2,0.0,115.9776549,0.0,3.467717554218876,1247.4972273331389,1360,892,0.6558823529411765,E01015492,Swindon 023F,E02003234,Swindon 023,1.4418706027302963,170,50,20,5,245,225,900
74.525,Urban,Urban: Nearer to a major town or city,0.8,0.14,0.06,0.0,91.80474697716078,205,0.8350459707950243,0.912,0.097560976,0.5121951219512195,0.048780488,0.048780488,0.3658536585365853,0.024390243902439,0.0238095238095238,0.9761904761904762,0.8732646663681146,0.3,1950,4.164800716524854,11.419614867890733,11.061352440662786,10.165696372592924,23.60053739364084,13.121361397223469,4.523063143752799,6,6,7,5,3,0.0,106.337014,0.0,14.350935291010988,501.4694445590361,2233,1552,0.6950291088222122,E01015493,Swindon 017B,E02003228,Swindon 017,0.7665005643841265,200,35,15,0,250,450,1500
45.818,Urban,Urban: Nearer to a major town or city,0.7969924812030075,0.1654135338345864,0.037593985,0.0,178.84322678843225,470,0.8097506925207756,0.8989349112426035,0.074468085,0.5,0.0106382978723404,0.0106382978723404,0.2978723404255319,0.085106383,0.0105263157894736,0.9894736842105264,0.456621005,1.0,1200,3.500761035,7.800608828006088,8.675799087,9.360730593607306,21.95585997,12.633181126331811,4.718417047,4,4,6,4,3,0.0,89.02990897,42.1,1.722868332,461.5287184773617,2628,1976,0.7519025875190258,E01015494,Swindon 019A,E02003230,Swindon 019,0.5804274078064218,530,110,25,0,665,600,600
21.155,Urban,Urban: Nearer to a major town or city,0.7969924812030075,0.1654135338345864,0.037593985,0.0,229.9412915851272,470,0.8097506925207756,0.8989349112426035,0.074468085,0.5,0.0106382978723404,0.0106382978723404,0.2978723404255319,0.085106383,0.0105263157894736,0.9894736842105264,0.3546966731898239,0.45,725,3.375733855,8.365949119373777,10.518590998043052,12.181996086105675,26.810176125244617,10.861056751467707,3.571428571428571,6,5,7,6,5,0.0,101.892068,4.1,4.196542021009826,468.3976618,2044,1535,0.7509784735812133,E01015496,Swindon 019C,E02003230,Swindon 019,0.2382914301807389,530,110,25,0,665,225,500
11.67,Urban,Urban: Nearer to a major town or city,0.7969924812030075,0.1654135338345864,0.037593985,0.0,273.7332557,470,0.8097506925207756,0.8989349112426035,0.074468085,0.5,0.0106382978723404,0.0106382978723404,0.2978723404255319,0.085106383,0.0105263157894736,0.9894736842105264,0.1310425160163075,0.5,225,4.775771694816541,6.930693069306932,9.959231217,11.64822365,29.586488060570765,13.10425160163075,1.805474665,6,6,6,6,6,0.0,106.6406305,0.0,2.194102881193061,172.7928399942878,1717,1214,0.7070471753057659,E01015497,Swindon 019D,E02003230,Swindon 019,0.4557671422664747,530,110,25,0,665,75,150
8.954,Urban,Urban: Nearer to a major town or city,0.8955223880597015,0.074626866,0.0298507462686567,0.0,167.5184554230551,295,0.7657550535077289,0.9048442906574394,0.135593220338983,0.423728814,0.033898305,0.033898305,0.4067796610169492,0.06779661,0.0,1.0,0.0340715502555366,0.5,60,4.202157864849517,9.142532651902329,13.344690516751845,14.310051107325384,28.22260079500284,10.107893242475866,1.6467915956842702,8,7,7,6,6,0.0,100.0952998,0.0,6.169362677877656,147.53307489562388,1761,1254,0.7120954003407155,E01015498,Swindon 021B,E02003232,Swindon 021,0.6483651892185489,300,25,10,0,335,20,40
19.464,Urban,Urban: Nearer to a major town or city,0.96,0.04,0.0,0.0,84.31085044,115,0.7326388888888888,0.8854166666666667,0.1739130434782608,0.5217391304347826,0.0,0.0,0.3478260869565217,0.0434782608695652,0.0,1.0,0.1832844574780058,0.6666666666666666,250,4.838709677419355,9.824046920821116,14.516129032258066,15.02932551319648,27.27272727272727,9.237536656891496,2.272727272727273,9,8,9,7,7,0.0,123.7228111,0.0,2.7996293755853467,866.0690107060287,1364,884,0.6480938416422287,E01015499,Swindon 018A,E02003229,Swindon 018,0.7143802738467265,120,5,0,0,125,100,150
6.596,Urban,Urban: Nearer to a major town or city,0.96,0.04,0.0,0.0,81.21468926553672,115,0.7326388888888888,0.8854166666666667,0.1739130434782608,0.5217391304347826,0.0,0.0,0.3478260869565217,0.0434782608695652,0.0,1.0,0.021186441,0.5,30,4.872881355932203,10.805084745762713,15.819209039548024,15.254237288135592,21.610169491525426,14.83050847457627,3.389830508474576,8,7,8,5,4,0.0,103.3965889,0.0,6.816384276998757,749.7519464334098,1416,1008,0.711864407,E01015500,Swindon 018B,E02003229,Swindon 018,0.586821376,120,5,0,0,125,10,20
410.402,Urban,Urban: Nearer to a major town or city,0.7671232876712328,0.1643835616438356,0.04109589,0.02739726,198.96831245394253,270,0.8415637860082306,0.9290123456790124,0.074074074,0.3703703703703703,0.2037037037037037,0.055555556,0.2962962962962963,0.074074074,0.0,1.0,1.694915254237288,0.15,2300,3.905674281503317,8.695652173913043,15.327929255711128,14.66470154753132,22.10759027266028,12.60132645541636,3.5372144436256447,9,9,9,6,5,0.0,117.4592191,0.0,3.0286521216651128,10.021361621481317,1357,841,0.6197494473102432,E01015501,Swindon 022A,E02003233,Swindon 022,1.3207195278013155,280,60,15,10,365,300,2000
6.456,Urban,Urban: Nearer to a major town or city,0.7671232876712328,0.1643835616438356,0.04109589,0.02739726,172.3037651563497,270,0.8415637860082306,0.9290123456790124,0.074074074,0.3703703703703703,0.2037037037037037,0.055555556,0.2962962962962963,0.074074074,0.0,1.0,0.019144863,0.5,30,3.765156349712827,11.48691767708998,12.25271218889598,12.699425654116144,16.14550095724314,15.379706445437142,3.892788768,3,2,3,3,3,0.0,101.7996086,0.0,12.026243586471663,774.5460638524436,1567,1004,0.6407147415443523,E01015502,Swindon 022B,E02003233,Swindon 022,0.5820603873244601,280,60,15,10,365,10,20
3412.047,Urban,Urban: Nearer to a major town or city,0.7671232876712328,0.1643835616438356,0.04109589,0.02739726,208.1727062451812,270,0.8415637860082306,0.9290123456790124,0.074074074,0.3703703703703703,0.2037037037037037,0.055555556,0.2962962962962963,0.074074074,0.0,1.0,3.623747108712413,0.175,4700,4.703161141094834,11.64225134926754,12.41326137239784,13.41557440246723,15.265998457979954,20.81727062451812,3.084040092521203,3,2,2,2,1,0.0,94.23605578,0.0,7.878181919277383,165.42453054812304,1297,842,0.6491904394757132,E01015503,Swindon 022C,E02003233,Swindon 022,1.9039925903838304,280,60,15,10,365,700,4000
19.464,Urban,Urban: Nearer to a major town or city,0.96,0.04,0.0,0.0,91.63346613545816,115,0.7326388888888888,0.8854166666666667,0.1739130434782608,0.5217391304347826,0.0,0.0,0.3478260869565217,0.0434782608695652,0.0,1.0,0.099601594,0.6666666666666666,125,3.346613545816733,9.402390438247012,15.458167330677291,17.689243027888445,28.764940239043824,8.525896414342629,1.7529880478087652,9,8,9,8,7,0.0,124.8427918,0.0,2.323415022445219,1549.1769272189044,1255,890,0.7091633466135459,E01015504,Swindon 018C,E02003229,Swindon 018,3.012806550864524,120,5,0,0,125,50,75
7.027,Urban,Urban: Nearer to a major town or city,0.96,0.04,0.0,0.0,80.25122121423587,115,0.7326388888888888,0.8854166666666667,0.1739130434782608,0.5217391304347826,0.0,0.0,0.3478260869565217,0.0434782608695652,0.0,1.0,0.0348918353105373,0.25,50,4.466154919748779,9.979064898813675,15.491974877878576,16.329378925331472,20.865317515701324,12.97976273551989,2.5122121423586883,5,4,4,4,4,0.0,115.2594843,0.0,6.453112520789884,1390.2141385618506,1433,1050,0.732728542,E01015505,Swindon 018D,E02003229,Swindon 018,0.7748199003026189,120,5,0,0,125,10,40
15.447,Urban,Urban: Nearer to a major town or city,0.92,0.08,0.0,0.0,70.14028056112224,105,0.756198347,0.8582230623818525,0.0476190476190476,0.6666666666666666,0.0476190476190476,0.0476190476190476,0.1904761904761904,0.0476190476190476,0.0,1.0,0.1336005344021376,1.0,200,4.542418169672679,11.75684702738811,11.890447561790248,11.957247828991315,14.228456913827657,24.38209752839012,3.406813627254509,2,2,2,1,1,0.0,118.1504367,0.0,12.799857845078163,388.5648347218318,1497,992,0.6626586506346025,E01015506,Swindon 007A,E02003218,Swindon 007,0.7031328088898038,115,10,0,0,125,100,100
6.181,Urban,Urban: Nearer to a major town or city,0.92,0.08,0.0,0.0,64.02439024390245,105,0.756198347,0.8582230623818525,0.0476190476190476,0.6666666666666666,0.0476190476190476,0.0476190476190476,0.1904761904761904,0.0476190476190476,0.0,1.0,0.0182926829268292,0.2,30,3.536585365853658,12.682926829268292,13.414634146341465,8.536585365853659,10.48780487804878,21.52439024390244,2.682926829268293,1,1,1,1,1,0.0,117.7584521,0.0,13.633771148340523,921.2440474385584,1640,1058,0.6451219512195122,E01015507,Swindon 007B,E02003218,Swindon 007,0.513430945,115,10,0,0,125,5,25
6.604,Urban,Urban: Nearer to a major town or city,0.7555555555555555,0.2,0.0444444444444444,0.0,217.957059206246,335,0.841308594,0.918646694,0.044776119,0.5970149253731343,0.1044776119402985,0.1044776119402985,0.1940298507462686,0.059701493,0.0,1.0,0.07482108,0.5333333333333333,115,4.879635653871177,12.62199089134678,11.320754716981131,9.564085882,13.337670787247886,23.812621990891348,3.5783994795055305,2,2,2,1,1,0.0,105.1125257,0.0,2.0593263223379594,793.2143997797998,1537,1018,0.6623292127521145,E01015508,Swindon 010A,E02003221,Swindon 010,0.9711913931782284,340,90,20,0,450,40,75
706.386,Urban,Urban: Nearer to a major town or city,0.7555555555555555,0.2,0.0444444444444444,0.0,176.3157894736842,335,0.841308594,0.918646694,0.044776119,0.5970149253731343,0.1044776119402985,0.1044776119402985,0.1940298507462686,0.059701493,0.0,1.0,2.3157894736842106,0.2571428571428571,4400,4.894736842105263,12.63157894736842,10.842105263157894,10.894736842105262,16.94736842105263,15.68421052631579,2.684210526,5,5,6,3,2,0.0,100.3940157,0.0,4.748834014989907,268.88693127713776,1900,1326,0.6978947368421052,E01015509,Swindon 010B,E02003221,Swindon 010,2.737514084292043,340,90,20,0,450,900,3500
37.88,Urban,Urban: Nearer to a major town or city,0.7555555555555555,0.2,0.0444444444444444,0.0,148.62466725820764,335,0.841308594,0.918646694,0.044776119,0.5970149253731343,0.1044776119402985,0.1044776119402985,0.1940298507462686,0.059701493,0.0,1.0,0.3771073646850044,1.4285714285714286,850,4.436557231588288,14.241348713398402,11.88997338065661,8.784383319,15.794143744454304,18.899733806566104,4.614019520851819,3,4,4,2,1,0.0,97.41528752,0.0,7.167473634044686,143.14020880710217,2254,1577,0.6996450754214729,E01015510,Swindon 010C,E02003221,Swindon 010,1.1161533907848518,340,90,20,0,450,500,350
9.168,Urban,Urban: Nearer to a major town or city,0.7555555555555555,0.2,0.0444444444444444,0.0,173.93561786085152,335,0.841308594,0.918646694,0.044776119,0.5970149253731343,0.1044776119402985,0.1044776119402985,0.1940298507462686,0.059701493,0.0,1.0,0.049325026,0.9,95,4.932502596053999,12.668743509865005,11.941848390446522,9.709241952232608,15.939771547248183,17.601246105919003,4.205607476635514,5,5,5,3,2,0.0,120.2782288,0.7,12.565852105046565,760.4797281,1926,1331,0.6910695742471443,E01015511,Swindon 010D,E02003221,Swindon 010,0.3979037759000803,340,90,20,0,450,45,50
11.147,Urban,Urban: Nearer to a major town or city,0.8448275862068966,0.1206896551724138,0.0344827586206896,0.0,145.10278113663847,240,0.7708333333333334,0.8961111111111111,0.1666666666666666,0.3958333333333333,0.0208333333333333,0.0208333333333333,0.4583333333333333,0.083333333,0.0,1.0,0.075574365,0.6666666666666666,125,3.990326481257558,8.827085852478838,12.333736396614269,14.631197097944376,28.89963724304716,7.134220072551391,1.5114873035066507,10,10,10,8,8,0.0,133.0051081,0.0,0.9915722001142164,705.9989796888962,1654,1143,0.6910519951632407,E01015512,Swindon 028C,E02006849,Swindon 028,1.0084994313927045,245,35,10,0,290,50,75
8.066,Urban,Urban: Nearer to a major town or city,0.8888888888888888,0.074074074,0.037037037037037,0.0,76.92307692307693,115,0.7334593572778827,0.8834019204389575,0.0434782608695652,0.6086956521739131,0.0,0.0,0.3043478260869565,0.0434782608695652,0.0,1.0,0.050167224,0.875,75,4.481605351170568,11.237458193979936,13.444816053511705,15.117056856187292,22.47491638795987,12.107023411371236,1.3377926421404682,9,9,8,6,4,0.0,108.4216216,0.0,14.801497592175986,638.8695089027068,1495,1067,0.7137123745819398,E01015513,Swindon 004A,E02003215,Swindon 004,1.0134109678151042,120,10,5,0,135,35,40
6.643,Urban,Urban: Nearer to a major town or city,0.8888888888888888,0.074074074,0.037037037037037,0.0,95.04132231,115,0.7334593572778827,0.8834019204389575,0.0434782608695652,0.6086956521739131,0.0,0.0,0.3043478260869565,0.0434782608695652,0.0,1.0,0.078512397,0.9,95,9.008264462809915,13.223140495867767,13.801652892561982,14.214876033057852,15.950413223140496,17.272727272727273,2.644628099173554,9,9,8,6,4,0.0,113.7646288,0.0,7.601079797445246,1113.7106301889708,1210,643,0.531404959,E01015514,Swindon 004B,E02003215,Swindon 004,0.7893615328201954,120,10,5,0,135,45,50
5.253,Urban,Urban: Nearer to a major town or city,0.8888888888888888,0.074074074,0.037037037037037,0.0,80.02783576896312,115,0.7334593572778827,0.8834019204389575,0.0434782608695652,0.6086956521739131,0.0,0.0,0.3043478260869565,0.0434782608695652,0.0,1.0,0.0104384133611691,0.5,15,7.585247042449547,9.53375087,13.778705636743217,16.84064022268615,21.99025748086291,11.691022964509392,1.0438413361169103,10,10,10,8,7,0.0,123.4807018,0.0,11.18193125157407,1110.6543907658868,1437,895,0.6228253305497564,E01015515,Swindon 004C,E02003215,Swindon 004,0.6260099299943931,120,10,5,0,135,5,10
25.349,Urban,Urban: Nearer to a major town or city,0.8888888888888888,0.074074074,0.037037037037037,0.0,88.52963818321787,115,0.7334593572778827,0.8834019204389575,0.0434782608695652,0.6086956521739131,0.0,0.0,0.3043478260869565,0.0434782608695652,0.0,1.0,0.4041570438799076,1.3333333333333333,525,7.236335642802155,10.700538876058506,13.394919168591224,13.240954580446498,19.01462663587375,20.70823710546574,3.695150115473441,5,5,3,4,4,0.0,100.0532787,0.0,2.89690196569124,1138.6275028265495,1299,692,0.5327174749807544,E01015516,Swindon 004D,E02003215,Swindon 004,0.6903927104494795,120,10,5,0,135,300,225
7.218,Urban,Urban: Nearer to a major town or city,0.8888888888888888,0.074074074,0.037037037037037,0.0,86.66164280331574,115,0.7334593572778827,0.8834019204389575,0.0434782608695652,0.6086956521739131,0.0,0.0,0.3043478260869565,0.0434782608695652,0.0,1.0,0.0489826676714393,1.1666666666666667,65,9.344385833,11.228334589299171,13.715146948003015,13.63978899773926,17.935192162773173,23.21024868123587,3.240391861341372,9,9,7,6,4,0.0,110.2212806,0.0,3.539650681384966,1555.8470388961232,1327,732,0.5516201959306707,E01015517,Swindon 004E,E02003215,Swindon 004,0.8475412604348246,120,10,5,0,135,35,30
8.509,Urban,Urban: Nearer to a major town or city,0.8448275862068966,0.1206896551724138,0.0344827586206896,0.0,165.06189821182943,240,0.7708333333333334,0.8961111111111111,0.1666666666666666,0.3958333333333333,0.0208333333333333,0.0208333333333333,0.4583333333333333,0.083333333,0.0,1.0,0.061898211829436,0.8,90,3.645116918844567,9.69738652,14.37414030261348,16.98762035763411,25.378266850068776,8.803301237964236,1.6506189821182942,10,8,10,8,6,0.0,133.9611111,0.0,10.683259478815796,260.2246604924501,1454,1041,0.7159559834938102,E01015518,Swindon 028D,E02006849,Swindon 028,0.4680219562123968,245,35,10,0,290,40,50
16.131,Rural,Larger rural: Nearer to a major town or city,0.8870967741935484,0.1129032258064516,0.0,0.0,177.86561264822134,270,0.7927272727272727,0.9120685311161502,0.092592593,0.4074074074074074,0.0185185185185185,0.0185185185185185,0.3703703703703703,0.037037037037037,0.0,1.0,0.098814229,1.0,150,5.072463768115942,10.606060606060606,13.636363636363637,13.438735177865611,19.16996047,17.85243741765481,2.766798418972332,3,4,3,3,4,0.0,60.08726334,27.0,4.585510804144056,326.7436377751537,1518,863,0.5685111989459816,E01015519,Swindon 001A,E02003212,Swindon 001,0.8723128503775602,275,35,0,0,310,75,75
47.182,Rural,Larger rural: Nearer to a major town or city,0.8870967741935484,0.1129032258064516,0.0,0.0,205.7926829268293,270,0.7927272727272727,0.9120685311161502,0.092592593,0.4074074074074074,0.0185185185185185,0.0185185185185185,0.3703703703703703,0.037037037037037,0.0,1.0,0.4573170731707317,1.0,600,4.725609756097561,8.079268292682928,11.73780487804878,14.02439024390244,29.192073170731707,11.66158536585366,2.8201219512195124,7,7,6,6,6,0.0,44.95046382,41.0,1.8017510808260957,530.6037379286902,1312,768,0.5853658536585366,E01015520,Swindon 001B,E02003212,Swindon 001,6.660187485220239,275,35,0,0,310,300,300
94.153,Rural,Larger rural: Nearer to a major town or city,0.8870967741935484,0.1129032258064516,0.0,0.0,174.5313510019392,270,0.7927272727272727,0.9120685311161502,0.092592593,0.4074074074074074,0.0185185185185185,0.0185185185185185,0.3703703703703703,0.037037037037037,0.0,1.0,0.24240465416936,0.25,375,6.140917905623788,8.597285067873303,14.544279250161605,15.966386554621849,25.46864899806076,12.540400775694891,2.3270846800258567,9,8,9,7,7,0.0,49.34389068,0.0,1.2514241772681691,1405.6800969291694,1547,904,0.5843568196509373,E01015521,Swindon 001C,E02003212,Swindon 001,4.794537383078106,275,35,0,0,310,75,300
6.817,Rural,Larger rural: Nearer to a major town or city,0.8870967741935484,0.1129032258064516,0.0,0.0,206.10687022900763,270,0.7927272727272727,0.9120685311161502,0.092592593,0.4074074074074074,0.0185185185185185,0.0185185185185185,0.3703703703703703,0.037037037037037,0.0,1.0,0.0267175572519083,1.3333333333333333,35,6.335877863,11.603053435114504,14.122137404580156,15.954198473282444,22.748091603053435,12.290076335877863,2.900763358778626,6,7,6,5,6,0.0,42.04389381,0.0,1.8755424653942283,309.20552532115744,1310,807,0.6160305343511451,E01015522,Swindon 001D,E02003212,Swindon 001,0.5331790766943822,275,35,0,0,310,20,15
21.086,Rural,Larger rural: Nearer to a major town or city,0.8870967741935484,0.1129032258064516,0.0,0.0,163.3393829401089,270,0.7927272727272727,0.9120685311161502,0.092592593,0.4074074074074074,0.0185185185185185,0.0185185185185185,0.3703703703703703,0.037037037037037,0.0,1.0,0.1663641863278886,0.375,275,4.597701149425287,7.199032062915912,10.163339382940109,15.184513006654567,30.67150635208712,12.704174228675136,2.480338777979432,8,8,7,9,8,0.0,42.57107143,0.0,0.090559478,1035.5508024949377,1653,914,0.5529340592861464,E01015523,Swindon 001E,E02003212,Swindon 001,66.25479891,275,35,0,0,310,75,200
4.977,Rural,Larger rural: Nearer to a major town or city,0.8870967741935484,0.1129032258064516,0.0,0.0,243.90243902439025,270,0.7927272727272727,0.9120685311161502,0.092592593,0.4074074074074074,0.0185185185185185,0.0185185185185185,0.3703703703703703,0.037037037037037,0.0,1.0,0.009033424,1.0,10,6.233062330623306,11.38211382113821,13.550135501355012,15.808491418247517,16.982836495031616,15.808491418247517,2.3486901535682025,6,6,6,3,5,0.0,58.09855422,0.0,1.7652204636534397,1022.4101945610552,1107,695,0.6278229448961157,E01015524,Swindon 001F,E02003212,Swindon 001,0.5665014770621462,275,35,0,0,310,5,5
7.426,Urban,Urban: Nearer to a major town or city,0.9555555555555556,0.0222222222222222,0.0222222222222222,0.0,143.3224755700326,220,0.730124392,0.8730864197530864,0.1136363636363636,0.4318181818181818,0.0227272727272727,0.0227272727272727,0.4545454545454545,0.0454545454545454,0.0,1.0,0.0260586319218241,0.3333333333333333,40,5.798045602605863,11.205211726384364,17.06840390879479,17.133550488599347,22.34527687296417,7.752442996742672,2.4104234527687294,9,9,8,8,7,0.0,127.8277778,0.0,3.1741047286085644,487.2137577383188,1535,1023,0.6664495114006515,E01015525,Swindon 026A,E02006847,Swindon 026,0.9451483982115212,215,5,5,0,225,10,30
9.077,Urban,Urban: Nearer to a major town or city,0.9333333333333332,0.066666667,0.0,0.0,77.22007722007721,120,0.7462277091906722,0.8666666666666667,0.083333333,0.625,0.0,0.0,0.25,0.0416666666666666,0.0,1.0,0.045045045,0.4,70,4.633204633204633,11.711711711711713,13.963963963963964,14.478764478764475,19.305019305019304,11.325611325611328,2.0592020592020592,8,7,6,4,4,0.0,121.6800395,0.0,6.537695162815765,716.5601736820562,1554,1055,0.6788931788931789,E01015526,Swindon 006A,E02003217,Swindon 006,0.7647955243368239,140,10,0,0,150,20,50
28.082,Urban,Urban: Nearer to a major town or city,0.92,0.08,0.0,0.0,60.068649885583525,105,0.756198347,0.8582230623818525,0.0476190476190476,0.6666666666666666,0.0476190476190476,0.0476190476190476,0.1904761904761904,0.0476190476190476,0.0,1.0,0.2145308924485126,0.25,375,4.977116704805492,11.327231121281464,14.359267734553775,11.899313501144166,14.530892448512589,21.10983981693364,1.7734553775743709,4,4,3,2,2,0.0,108.359415,0.0,7.400419464237381,1645.5320348803243,1748,1082,0.6189931350114416,E01015527,Swindon 007C,E02003218,Swindon 007,1.081019804169223,115,10,0,0,125,75,300
9.359,Urban,Urban: Nearer to a major town or city,0.9333333333333332,0.066666667,0.0,0.0,54.69462169553328,120,0.7462277091906722,0.8666666666666667,0.083333333,0.625,0.0,0.0,0.25,0.0416666666666666,0.0,1.0,0.0341841385597082,0.5,75,4.010938924339107,11.166818596171376,12.716499544211484,11.030082041932545,16.226071103008206,17.502278942570648,2.3701002734731085,2,2,2,2,2,0.0,107.7345985,0.0,2.439225800528027,1545.2786164077972,2194,1400,0.6381039197812215,E01015528,Swindon 006B,E02003217,Swindon 006,0.8199322914537284,140,10,0,0,150,25,50
14.488,Urban,Urban: Nearer to a major town or city,0.9333333333333332,0.066666667,0.0,0.0,69.44444444444444,120,0.7462277091906722,0.8666666666666667,0.083333333,0.625,0.0,0.0,0.25,0.0416666666666666,0.0,1.0,0.1446759259259259,1.5,250,6.134259259,11.516203703703704,12.210648148148149,11.284722222222223,15.104166666666666,18.40277777777778,2.430555555555556,5,5,4,3,3,0.0,110.9272395,0.0,7.583393161764205,1857.985417769482,1728,1085,0.6278935185185185,E01015529,Swindon 006C,E02003217,Swindon 006,1.0549367320603058,140,10,0,0,150,150,100
20.742,Urban,Urban: Nearer to a major town or city,0.9333333333333332,0.066666667,0.0,0.0,54.919908466819216,120,0.7462277091906722,0.8666666666666667,0.083333333,0.625,0.0,0.0,0.25,0.0416666666666666,0.0,1.0,0.160183066361556,0.75,350,4.576659038901601,9.839816933638444,12.723112128146452,12.173913043478262,14.324942791762012,17.894736842105264,2.1510297482837526,4,3,3,2,2,0.0,106.8613419,0.0,5.547017859983672,1989.3867638361053,2185,1370,0.6270022883295194,E01015530,Swindon 006D,E02003217,Swindon 006,0.7211081883936415,140,10,0,0,150,150,200
25.173,Urban,Urban: Nearer to a major town or city,0.8955223880597015,0.074626866,0.0298507462686567,0.0,174.14403778040142,295,0.7657550535077289,0.9048442906574394,0.135593220338983,0.423728814,0.033898305,0.033898305,0.4067796610169492,0.06779661,0.0,1.0,0.3394332939787485,0.6428571428571429,575,3.896103896103896,6.906729634,11.983471074380166,12.101534828807557,33.88429752066116,8.972845336481699,2.361275088547816,6,7,5,9,8,0.0,109.3334507,0.0,14.890214714095688,255.77206149319352,1694,1172,0.691853601,E01015532,Swindon 021D,E02003232,Swindon 021,0.8730565844489581,300,25,10,0,335,225,350
11.166,Urban,Urban: Nearer to a major town or city,0.8764044943820225,0.1123595505617977,0.0112359550561797,0.0,261.43790849673206,400,0.783207819,0.9056937255397046,0.1,0.4375,0.025,0.025,0.4,0.0625,0.0,1.0,0.081699346,0.6666666666666666,125,4.771241830065359,8.496732026,11.437908496732026,12.22222222222222,32.61437908496732,11.96078431372549,2.549019607843137,10,10,9,9,8,0.0,115.9577281,0.0,4.297596244970337,694.2850661683161,1530,880,0.5751633986928104,E01015533,Swindon 024A,E02003235,Swindon 024,1.1634410761252216,390,50,5,0,445,50,75
81.715,Urban,Urban: Nearer to a major town or city,0.8764044943820225,0.1123595505617977,0.0112359550561797,0.0,171.89514396218306,400,0.783207819,0.9056937255397046,0.1,0.4375,0.025,0.025,0.4,0.0625,0.0,1.0,0.5156854318865493,0.7142857142857143,1200,4.426299957026214,7.520412548345509,9.883970777825526,11.516974645466266,32.05844434894714,11.431027073485174,2.1916630855178343,7,7,7,7,8,0.0,75.57159329,0.0,3.384569137343026,573.6441098199406,2327,1521,0.6536312849162011,E01015534,Swindon 024B,E02003235,Swindon 024,1.7727514955449115,390,50,5,0,445,500,700
354.575,Urban,Urban: Nearer to a major town or city,0.8764044943820225,0.1123595505617977,0.0112359550561797,0.0,177.3049645390071,400,0.783207819,0.9056937255397046,0.1,0.4375,0.025,0.025,0.4,0.0625,0.0,1.0,0.1551418439716312,0.5555555555555556,350,3.634751773049645,6.604609929078015,11.96808510638298,13.386524822695035,29.07801418439716,9.042553191489365,2.2163120567375887,9,8,8,8,8,0.0,101.7271978,0.0,5.1732520496357015,834.2679465853898,2256,1367,0.6059397163120568,E01015535,Swindon 024C,E02003235,Swindon 024,2.5129260811708285,390,50,5,0,445,125,225
17.395,Urban,Urban: Nearer to a major town or city,0.9130434782608696,0.0434782608695652,0.0434782608695652,0.0,57.00325732899022,105,0.7619047619047619,0.875,0.0476190476190476,0.6190476190476191,0.0476190476190476,0.0476190476190476,0.238095238095238,0.0476190476190476,0.0,1.0,0.1085776330076004,0.6,200,3.963083604777416,13.626492942453854,13.735070575461457,8.849077090119435,12.160694896851249,18.89250814332248,2.6058631921824107,2,2,2,1,1,0.0,115.1043478,0.0,2.9445303132031717,1339.922247628448,1842,1224,0.6644951140065146,E01015537,Swindon 020A,E02003231,Swindon 020,0.6792254747835571,105,5,5,0,115,75,125
10.932,Urban,Urban: Nearer to a major town or city,0.9130434782608696,0.0434782608695652,0.0434782608695652,0.0,55.37974683544304,105,0.7619047619047619,0.875,0.0476190476190476,0.6190476190476191,0.0476190476190476,0.0476190476190476,0.238095238095238,0.0476190476190476,0.0,1.0,0.036919831,0.75,70,3.9029535864978895,15.400843881856542,12.078059071729957,9.651898734177216,12.81645569620253,21.308016877637133,3.691983122362869,1,1,1,1,1,0.0,103.5530081,0.0,9.893511323,1112.6248145065358,1896,1229,0.6482067510548524,E01015538,Swindon 016A,E02003231,Swindon 020,0.9096871380059248,105,5,5,0,115,30,40
6.161,Urban,Urban: Nearer to a major town or city,0.9130434782608696,0.0434782608695652,0.0434782608695652,0.0,62.24066390041494,105,0.7619047619047619,0.875,0.0476190476190476,0.6190476190476191,0.0476190476190476,0.0476190476190476,0.238095238095238,0.0476190476190476,0.0,1.0,0.008891523,0.5,15,4.267931238885596,12.507409602845287,11.973918197984588,9.365737996443393,13.455838767042088,22.34736218138708,2.311796087729698,3,3,3,1,1,0.0,128.1909278,0.0,10.786263625831037,660.7769368581202,1687,1116,0.6615293420272673,E01015539,Swindon 020B,E02003231,Swindon 020,0.927105098,105,5,5,0,115,5,10
13.423,Urban,Urban: Nearer to a major town or city,0.9130434782608696,0.0434782608695652,0.0434782608695652,0.0,56.0,105,0.7619047619047619,0.875,0.0476190476190476,0.6190476190476191,0.0476190476190476,0.0476190476190476,0.238095238095238,0.0476190476190476,0.0,1.0,0.0506666666666666,1.1111111111111112,95,3.84,11.36,14.026666666666667,9.706666666666669,13.173333333333334,21.973333333333333,3.306666666666666,2,2,2,1,1,0.0,113.0106884,0.0,10.161569506416312,523.1836157109143,1875,1287,0.6864,E01015540,Swindon 020C,E02003231,Swindon 020,0.8856899511750757,105,5,5,0,115,50,45
14.903,Urban,Urban: Nearer to a major town or city,0.9130434782608696,0.0434782608695652,0.0434782608695652,0.0,55.467511885895405,105,0.7619047619047619,0.875,0.0476190476190476,0.6190476190476191,0.0476190476190476,0.0476190476190476,0.238095238095238,0.0476190476190476,0.0,1.0,0.1452720549392498,0.5714285714285714,275,3.328050713153724,12.097200211304807,11.516111991547808,8.557844691,12.466983623877445,22.345483359746435,3.169572107765452,2,1,1,1,1,0.0,102.0263959,0.0,2.0461807712624096,609.4528936168621,1893,1206,0.6370839936608558,E01015541,Swindon 020D,E02003231,Swindon 020,0.4887153735605877,105,5,5,0,115,100,175
5.362,Urban,Urban: Nearer to a major town or city,0.9130434782608696,0.0434782608695652,0.0434782608695652,0.0,66.03773585,105,0.7619047619047619,0.875,0.0476190476190476,0.6190476190476191,0.0476190476190476,0.0476190476190476,0.238095238095238,0.0476190476190476,0.0,1.0,0.028301887,0.2857142857142857,45,3.5849056603773586,12.20125786163522,11.132075471698114,7.169811320754717,11.572327044025158,19.748427672955977,2.8930817610062896,1,1,1,1,1,0.0,113.2562945,0.0,3.997537060403899,215.71139716514523,1590,1003,0.63081761,E01015542,Swindon 020E,E02003231,Swindon 020,0.5003080571310391,105,5,5,0,115,10,35
13.004,Urban,Urban: Nearer to a major town or city,0.9375,0.0625,0.0,0.0,39.34426229508197,60,0.7455621301775147,0.8533333333333333,0.083333333,0.6666666666666666,0.083333333,0.083333333,0.25,0.0,0.0,1.0,0.1311475409836065,0.6,200,6.229508196721312,12.131147540983608,16.327868852459016,12.262295081967212,13.114754098360656,19.40983606557377,2.229508196721312,4,4,3,2,2,0.0,121.8103647,0.0,3.2803865593547696,986.3051831486796,1525,956,0.6268852459016393,E01015543,Swindon 003A,E02003214,Swindon 003,2.133894854567644,75,5,0,0,80,75,125
6.755,Urban,Urban: Nearer to a major town or city,0.9375,0.0625,0.0,0.0,33.277870216306155,60,0.7455621301775147,0.8533333333333333,0.083333333,0.6666666666666666,0.083333333,0.083333333,0.25,0.0,0.0,1.0,0.008319468,0.5,15,3.6605657237936775,12.534664448141983,14.08763172490294,8.707709373266779,9.927897948,20.521353300055463,2.5513033832501386,1,1,1,1,1,0.0,127.4521073,0.0,6.684771603534193,352.7429156123972,1803,1117,0.6195230171935663,E01015544,Swindon 003B,E02003214,Swindon 003,0.5983749688448933,75,5,0,0,80,5,10
7.356,Urban,Urban: Nearer to a major town or city,0.9375,0.0625,0.0,0.0,33.76477208778841,60,0.7455621301775147,0.8533333333333333,0.083333333,0.6666666666666666,0.083333333,0.083333333,0.25,0.0,0.0,1.0,0.0196961170512099,0.75,35,3.601575689364097,13.674732695554306,10.692177827799664,9.960607766,9.229037703995498,16.882386043894204,1.0129431626336522,1,1,1,1,1,0.0,113.412334,0.0,4.009730433355105,513.9251719845167,1777,1069,0.6015756893640968,E01015545,Swindon 003C,E02003214,Swindon 003,0.7481799711632429,75,5,0,0,80,15,20
6.83,Urban,Urban: Nearer to a major town or city,0.9375,0.0625,0.0,0.0,32.17158177,60,0.7455621301775147,0.8533333333333333,0.083333333,0.6666666666666666,0.083333333,0.083333333,0.25,0.0,0.0,1.0,0.008042895,0.5,15,3.1635388739946384,12.225201072386058,14.638069705093834,7.882037533512063,8.686327078,20.214477211796247,2.788203753351206,1,1,1,1,1,0.0,120.6701689,0.0,10.988192808886504,764.4734915205555,1865,1153,0.618230563,E01015546,Swindon 003D,E02003214,Swindon 003,0.3640271034164118,75,5,0,0,80,5,10
316.009,Rural,Smaller rural: Nearer to a major town or city,0.8202247191011236,0.1404494382022472,0.0280898876404494,0.0112359550561797,381.9271093,765,0.8165685595567866,0.9216639313218028,0.1437908496732026,0.3529411764705882,0.052287582,0.045751634,0.4052287581699346,0.065359477,0.006535948,0.9934640522875816,3.99400898652022,0.6,8000,4.193709435846231,6.040938592111832,11.482775836245631,11.183225162256614,33.74937593609585,8.437343984023963,1.198202695956066,9,9,10,9,10,0.228571429,33.53227092,100.0,0.4346185052657603,465.7294211753333,2003,1253,0.6255616575137294,E01015547,Swindon 008C,E02003219,Swindon 008,55.22084243818493,730,125,25,10,890,3000,5000
316.009,Rural,Smaller rural: Nearer to a major town or city,0.8202247191011236,0.1404494382022472,0.0280898876404494,0.0112359550561797,484.4838505383154,765,0.8165685595567866,0.9216639313218028,0.1437908496732026,0.3529411764705882,0.052287582,0.045751634,0.4052287581699346,0.065359477,0.006535948,0.9934640522875816,0.2374920835972134,0.6666666666666666,375,3.6732108929702334,6.3331222292590255,11.589613679544016,14.81950601646612,37.49208359721343,7.726409119696011,1.3932868904369855,9,10,10,10,10,0.317757009,18.90219124,96.3,0.3545022142813546,2841.689171102974,1579,994,0.62951235,E01015548,Swindon 008D,E02003219,Swindon 008,78.98399183982949,730,125,25,10,890,150,225
457.8,Urban,Urban: Nearer to a major town or city,0.7555555555555555,0.1888888888888888,0.0444444444444444,0.0111111111111111,173.1266149870801,335,0.835820896,0.9091358024691358,0.074626866,0.5223880597014925,0.074626866,0.059701493,0.3134328358208955,0.044776119,0.0,1.0,0.9043927648578812,0.4,1750,5.943152454780361,9.560723514211883,10.74935400516796,13.023255813953488,16.795865633074936,14.005167958656331,1.7054263565891472,8,8,8,5,4,0.0,113.4597973,0.0,7.711478850628666,550.5167082603767,1935,1240,0.6408268733850129,E01015549,Swindon 009A,E02003220,Swindon 009,2.72321307064053,340,85,20,5,450,500,1250
47.754,Urban,Urban: Nearer to a major town or city,0.7555555555555555,0.1888888888888888,0.0444444444444444,0.0111111111111111,149.3535443602318,335,0.835820896,0.9091358024691358,0.074626866,0.5223880597014925,0.074626866,0.059701493,0.3134328358208955,0.044776119,0.0,1.0,0.3009362460989745,0.35,675,5.662059741417744,10.031208203299151,10.65537226928221,11.368702630405709,15.06910387873384,15.02452073116362,3.1654034774855107,7,7,6,4,4,0.0,103.5798206,0.0,6.294734181370029,317.3638795514946,2243,1373,0.6121266161390995,E01015550,Swindon 009B,E02003220,Swindon 009,1.5886294340428415,340,85,20,5,450,175,500
457.8,Urban,Urban: Nearer to a major town or city,0.7555555555555555,0.1888888888888888,0.0444444444444444,0.0111111111111111,203.64741641337383,335,0.835820896,0.9091358024691358,0.074626866,0.5223880597014925,0.074626866,0.059701493,0.3134328358208955,0.044776119,0.0,1.0,0.3951367781155015,0.625,650,6.626139818,11.975683890577509,13.799392097264436,14.954407294832828,19.51367781155015,16.291793313069906,2.7963525835866263,9,9,8,5,5,0.0,95.80500894,0.8,1.8765177323359432,81.78182917620394,1645,996,0.6054711246200608,E01015551,Swindon 009C,E02003220,Swindon 009,3.730313803795608,340,85,20,5,450,250,400
184.911,Urban,Urban: Nearer to a major town or city,0.7555555555555555,0.1888888888888888,0.0444444444444444,0.0111111111111111,144.21007318123117,335,0.835820896,0.9091358024691358,0.074626866,0.5223880597014925,0.074626866,0.059701493,0.3134328358208955,0.044776119,0.0,1.0,1.0546706844597504,0.225,2450,5.122686181661645,9.987085665088248,14.894532931554023,14.765389582436503,19.845027981058973,12.09642703400775,2.0232458028411537,7,6,6,5,5,0.0,84.05197531,0.0,2.719131289813025,13.544816678112223,2323,1517,0.6530348687042618,E01015552,Swindon 009D,E02003220,Swindon 009,4.780938694907194,340,85,20,5,450,450,2000
10.99,Urban,Urban: Nearer to a major town or city,0.7555555555555555,0.1888888888888888,0.0444444444444444,0.0111111111111111,228.66894197952217,335,0.835820896,0.9091358024691358,0.074626866,0.5223880597014925,0.074626866,0.059701493,0.3134328358208955,0.044776119,0.0,1.0,0.1194539249146757,0.4,175,4.709897610921502,11.535836177474405,16.450511945392492,16.450511945392492,23.890784982935152,11.604095563139932,2.389078498293516,8,9,5,6,5,0.0,103.4949515,0.0,2.8349477086265304,326.81050885187386,1465,976,0.6662116040955631,E01015553,Swindon 009E,E02003220,Swindon 009,0.7054803846695838,340,85,20,5,450,50,125
11.272,Urban,Urban: Nearer to a major town or city,0.7555555555555555,0.1888888888888888,0.0444444444444444,0.0111111111111111,244.52554744525548,335,0.835820896,0.9091358024691358,0.074626866,0.5223880597014925,0.074626866,0.059701493,0.3134328358208955,0.044776119,0.0,1.0,0.1094890510948905,1.0,150,8.02919708,10.218978102189782,14.81751824817518,15.328467153284672,19.05109489051095,15.328467153284672,2.554744525547445,6,5,4,4,5,0.0,95.48503119,3.2,4.908767912566682,535.4344837734089,1370,816,0.5956204379562043,E01015554,Swindon 009F,E02003220,Swindon 009,0.8148684295624993,340,85,20,5,450,75,75
11.777,Urban,Urban: Nearer to a major town or city,0.8571428571428571,0.1224489795918367,0.020408163,0.0,147.36120630568882,215,0.7664399092970522,0.895427795,0.069767442,0.5348837209302325,0.069767442,0.069767442,0.2558139534883721,0.093023256,0.0,1.0,0.119945167923235,0.75,175,7.333790267306374,12.337217272104182,11.85743660041124,12.885538039753255,17.683344756682658,22.686771761480465,2.810143934201508,5,5,4,4,3,0.0,102.6519626,0.0,8.839473274,406.7168944668984,1459,861,0.5901302261823167,E01015555,Swindon 005A,E02003216,Swindon 005,1.0181602139690635,210,30,5,0,245,75,100
24.611,Urban,Urban: Nearer to a major town or city,0.8571428571428571,0.1224489795918367,0.020408163,0.0,144.97639919082943,215,0.7664399092970522,0.895427795,0.069767442,0.5348837209302325,0.069767442,0.069767442,0.2558139534883721,0.093023256,0.0,1.0,0.2022926500337154,0.5,300,7.080242751180041,12.474713418745784,14.969656102494945,16.925151719487523,19.217801753202966,13.486176668914364,3.034389750505732,8,8,7,6,5,0.0,97.3954386,0.0,3.2844612872222547,380.4676354129562,1483,949,0.6399190829399866,E01015556,Swindon 005B,E02003216,Swindon 005,1.2178557304241795,210,30,5,0,245,100,200
24.269,Urban,Urban: Nearer to a major town or city,0.8571428571428571,0.1224489795918367,0.020408163,0.0,117.10239651416124,215,0.7664399092970522,0.895427795,0.069767442,0.5348837209302325,0.069767442,0.069767442,0.2558139534883721,0.093023256,0.0,1.0,0.1906318082788671,0.75,350,5.501089324618736,11.002178649237472,13.071895424836605,15.63180828,20.20697167755992,13.88888888888889,2.124183006535948,8,8,8,5,5,0.0,111.4599693,44.9,1.883966587008962,96.69974657,1836,1124,0.6122004357298475,E01015557,Swindon 005C,E02003216,Swindon 005,3.1847698581139743,210,30,5,0,245,150,200
8.066,Urban,Urban: Nearer to a major town or city,0.8571428571428571,0.1224489795918367,0.020408163,0.0,139.42931258106356,215,0.7664399092970522,0.895427795,0.069767442,0.5348837209302325,0.069767442,0.069767442,0.2558139534883721,0.093023256,0.0,1.0,0.055123217,1.4285714285714286,85,3.826199740596628,13.683527885862516,14.461738002594036,9.922178988326849,10.959792477302203,23.346303501945524,3.1776913099870296,1,1,1,1,1,0.0,113.1835443,0.0,7.034569133235421,1244.601338286937,1542,903,0.585603113,E01015558,Swindon 005D,E02003216,Swindon 005,0.7107755862938462,210,30,5,0,245,50,35
11.688,Urban,Urban: Nearer to a major town or city,0.8571428571428571,0.1224489795918367,0.020408163,0.0,145.76271186440678,215,0.7664399092970522,0.895427795,0.069767442,0.5348837209302325,0.069767442,0.069767442,0.2558139534883721,0.093023256,0.0,1.0,0.1186440677966101,0.75,175,6.915254237288136,13.220338983050848,13.288135593220336,13.694915254237287,17.423728813559322,17.83050847457627,3.1186440677966103,6,6,5,4,3,0.0,110.0272727,0.0,15.79344921905414,999.5308075799264,1475,911,0.6176271186440678,E01015559,Swindon 005E,E02003216,Swindon 005,0.8231260834597196,210,30,5,0,245,75,100
20.749,Urban,Urban: Nearer to a major town or city,0.8571428571428571,0.1224489795918367,0.020408163,0.0,98.66911427260212,215,0.7664399092970522,0.895427795,0.069767442,0.5348837209302325,0.069767442,0.069767442,0.2558139534883721,0.093023256,0.0,1.0,0.1606241395135383,0.5555555555555556,350,5.553005966039468,10.096374483708123,12.895823772372648,13.90546122074346,20.972923359339145,12.804038549793484,2.3864157870582834,9,8,8,6,5,0.0,106.7774815,0.0,13.153277503808368,514.5395109504192,2179,1476,0.6773749426342359,E01015560,Swindon 005F,E02003216,Swindon 005,0.8362934634972223,210,30,5,0,245,125,225
251.871,Urban,Urban: Nearer to a major town or city,0.75,0.1904761904761904,0.0476190476190476,0.0119047619047619,202.49221183800623,325,0.8411672978391624,0.9183673469387756,0.1076923076923077,0.3846153846153846,0.061538462,0.061538462,0.4307692307692308,0.061538462,0.0,1.0,1.0903426791277258,0.4,1750,5.295950156,9.283489096573208,12.21183800623053,12.710280373831775,28.59813084112149,9.532710280373832,2.741433021806853,8,8,7,7,5,0.407942238,108.8096667,40.8,4.105347419123494,2027.694020126632,1605,1071,0.6672897196261682,E01015561,Swindon 014A,E02003225,Swindon 014,3.4101864155967214,315,80,20,5,420,500,1250
18.859,Urban,Urban: Nearer to a major town or city,0.9032258064516128,0.096774194,0.0,0.0,96.95290858725762,140,0.7653061224489797,0.8888888888888888,0.1071428571428571,0.5357142857142857,0.035714286,0.035714286,0.2857142857142857,0.1071428571428571,0.0,1.0,0.1558171745152354,1.25,225,4.1551246537396125,8.518005540166206,14.40443213296399,17.65927977839335,25.96952908587258,8.310249307479225,1.5235457063711912,7,6,7,7,7,0.0,108.1408124,0.0,4.958806171738989,1028.852907934699,1444,1029,0.7126038781163435,E01015562,Swindon 011A,E02003222,Swindon 011,1.613291530851367,140,15,0,0,155,125,100
8.853,Urban,Urban: Nearer to a major town or city,0.9032258064516128,0.096774194,0.0,0.0,96.15384615384616,140,0.7653061224489797,0.8888888888888888,0.1071428571428571,0.5357142857142857,0.035714286,0.035714286,0.2857142857142857,0.1071428571428571,0.0,1.0,0.0618131868131868,0.8,90,4.052197802197802,10.43956043956044,15.865384615384617,15.10989010989011,30.013736263736263,7.417582417582418,1.5796703296703296,10,9,10,8,7,0.0,120.4626263,0.0,7.042112274,1960.022136131938,1456,989,0.6792582417582418,E01015563,Swindon 011B,E02003222,Swindon 011,1.136022785,140,15,0,0,155,40,50
251.871,Urban,Urban: Nearer to a major town or city,0.75,0.1904761904761904,0.0476190476190476,0.0119047619047619,212.14099216710184,325,0.8411672978391624,0.9183673469387756,0.1076923076923077,0.3846153846153846,0.061538462,0.061538462,0.4307692307692308,0.061538462,0.0,1.0,4.438642297650131,0.1333333333333333,6800,4.765013054830288,9.138381201044384,13.838120104438644,15.339425587467362,26.631853785900784,10.117493472584856,1.958224543,9,9,9,7,6,0.0,110.2018416,0.0,10.931564149710368,2036.1196432569632,1532,1016,0.6631853785900783,E01015564,Swindon 014B,E02003225,Swindon 014,1.097738606813915,315,80,20,5,420,800,6000
15.312,Urban,Urban: Nearer to a major town or city,0.9032258064516128,0.096774194,0.0,0.0,97.69713886950454,140,0.7653061224489797,0.8888888888888888,0.1071428571428571,0.5357142857142857,0.035714286,0.035714286,0.2857142857142857,0.1071428571428571,0.0,1.0,0.1221214235868806,0.75,175,3.768318213538032,9.769713886950454,15.84089323098395,16.329378925331472,25.819958129797627,9.351011863224006,2.5122121423586883,8,6,6,7,6,0.0,113.6968921,0.0,10.040149896922122,2425.747861,1433,973,0.6789951151430565,E01015565,Swindon 011C,E02003222,Swindon 011,0.697200746,140,15,0,0,155,75,100
11.995,Urban,Urban: Nearer to a major town or city,0.9032258064516128,0.096774194,0.0,0.0,89.05852417302799,140,0.7653061224489797,0.8888888888888888,0.1071428571428571,0.5357142857142857,0.035714286,0.035714286,0.2857142857142857,0.1071428571428571,0.0,1.0,0.095419847,1.0,150,4.452926209,10.432569974554708,13.16793893129771,15.966921119592875,26.78117048346056,7.37913486,2.099236641221374,9,8,9,7,6,0.0,109.6277228,0.0,4.260850322423388,2102.304549106709,1572,1088,0.6921119592875318,E01015566,Swindon 011D,E02003222,Swindon 011,0.7040848124169097,140,15,0,0,155,75,75
36.07,Urban,Urban: Nearer to a major town or city,0.75,0.1904761904761904,0.0476190476190476,0.0119047619047619,192.7639383155397,325,0.8411672978391624,0.9183673469387756,0.1076923076923077,0.3846153846153846,0.061538462,0.061538462,0.4307692307692308,0.061538462,0.0,1.0,0.2372479240806643,0.7777777777777778,400,3.7366548042704624,9.549228944246735,14.17556346381969,14.531435349940688,21.41162514827996,11.743772241992882,2.491103202846975,7,5,6,4,4,0.0,113.65,0.0,6.170156940072232,1167.1849313609564,1686,1096,0.6500593119810202,E01015567,Swindon 014C,E02003225,Swindon 014,1.458633886854528,315,80,20,5,420,175,225
520.949,Urban,Urban: Nearer to a major town or city,0.75,0.1904761904761904,0.0476190476190476,0.0119047619047619,189.3939393939394,325,0.8411672978391624,0.9183673469387756,0.1076923076923077,0.3846153846153846,0.061538462,0.061538462,0.4307692307692308,0.061538462,0.0,1.0,1.719114219114219,0.3111111111111111,2950,5.536130536130536,10.722610722610725,14.044289044289044,13.86946386946387,23.484848484848484,12.470862470862471,2.797202797202797,7,6,7,4,4,0.0,101.6278632,0.8,4.656563507873607,283.8145198917272,1716,1213,0.7068764568764568,E01015568,Swindon 014D,E02003225,Swindon 014,1.7180051311386828,315,80,20,5,420,700,2250
24.916,Urban,Urban: Nearer to a major town or city,0.7671232876712328,0.1643835616438356,0.04109589,0.02739726,186.46408839779005,270,0.8415637860082306,0.9290123456790124,0.074074074,0.3703703703703703,0.2037037037037037,0.055555556,0.2962962962962963,0.074074074,0.0,1.0,0.5179558011049724,2.0,750,3.3839779005524857,14.917127071823206,13.604972375690608,11.256906077348066,16.22928177,20.234806629834253,2.6933701657458564,2,3,2,2,1,0.0,98.33005671,4.8,4.062875652293203,950.9775384975236,1448,914,0.6312154696132597,E01015569,Swindon 022D,E02003233,Swindon 022,0.984524347,280,60,15,10,365,500,250
24.916,Urban,Urban: Nearer to a major town or city,0.7671232876712328,0.1643835616438356,0.04109589,0.02739726,193.40974212034385,270,0.8415637860082306,0.9290123456790124,0.074074074,0.3703703703703703,0.2037037037037037,0.055555556,0.2962962962962963,0.074074074,0.0,1.0,0.1074498567335243,1.0,150,5.945558739255015,13.896848137535816,14.040114613180515,12.106017191977076,15.04297994269341,21.131805157593124,3.151862464183381,1,2,1,2,1,0.0,97.12605505,0.0,8.919438163723925,593.5423263347632,1396,939,0.6726361031518625,E01015570,Swindon 022E,E02003233,Swindon 022,0.7848027949192545,280,60,15,10,365,75,75
9.311,Urban,Urban: Nearer to a major town or city,0.7671232876712328,0.1643835616438356,0.04109589,0.02739726,168.53932584269663,270,0.8415637860082306,0.9290123456790124,0.074074074,0.3703703703703703,0.2037037037037037,0.055555556,0.2962962962962963,0.074074074,0.0,1.0,0.06866417,0.4666666666666667,110,5.181023720349563,12.359550561797752,12.60923845193508,11.36079900124844,16.853932584269664,17.60299625468165,3.4332084893882646,5,4,5,3,3,0.0,116.1758945,0.0,3.3125572364832125,153.89091927029116,1602,914,0.5705368289637952,E01015571,Swindon 022F,E02003233,Swindon 022,0.9056447287790746,280,60,15,10,365,35,75
11.495,Urban,Urban: Nearer to a major town or city,0.75,0.1875,0.0625,0.0,43.76367615,60,0.7916666666666666,0.8984375,0.0,0.5833333333333334,0.083333333,0.083333333,0.25,0.083333333,0.076923077,0.9230769230769232,0.1130561633843909,0.24,155,3.4281546316557256,15.75492341356674,12.180889861415023,8.460977388767322,9.919766593727209,21.51714077315828,2.9905178701677606,2,1,1,1,1,0.0,125.9235577,0.0,9.411211870609936,547.0691436694024,1371,925,0.674690007,E01015572,Swindon 016B,E02003227,Swindon 016,0.7437936895098647,60,15,5,0,80,30,125
36.872,Urban,Urban: Nearer to a major town or city,0.75,0.1875,0.0625,0.0,24.93765586034913,60,0.7916666666666666,0.8984375,0.0,0.5833333333333334,0.083333333,0.083333333,0.25,0.083333333,0.076923077,0.9230769230769232,0.1662510390689942,0.6,400,3.366583541147132,12.011637572734829,12.967581047381548,9.060681629260182,14.297589359933498,17.747298420615127,3.325020781379884,1,1,1,1,2,0.0,95.25241477,0.0,9.544295125895443,137.34820985014443,2406,1608,0.6683291770573566,E01015573,Swindon 016C,E02003227,Swindon 016,0.8381970480244806,60,15,5,0,80,150,250
17.479,Urban,Urban: Nearer to a major town or city,0.8,0.14,0.06,0.0,125.84407612031924,205,0.8350459707950243,0.912,0.097560976,0.5121951219512195,0.048780488,0.048780488,0.3658536585365853,0.024390243902439,0.0238095238095238,0.9761904761904762,0.1227747084100675,0.6,200,5.893186003683241,10.190300798035604,13.014119091467158,12.277470841006751,22.5291589932474,13.56660527931246,2.5168815224063845,7,6,6,5,4,0.0,112.3819578,0.0,6.476509393039703,290.3951967316295,1629,1040,0.6384284837323512,E01015574,Swindon 017C,E02003228,Swindon 017,0.7720208057404339,200,35,15,0,250,75,125
30.818,Urban,Urban: Nearer to a major town or city,0.75,0.1875,0.0625,0.0,44.47739065974796,60,0.7916666666666666,0.8984375,0.0,0.5833333333333334,0.083333333,0.083333333,0.25,0.083333333,0.076923077,0.9230769230769232,0.3150481838398813,0.7,425,3.1875463306152705,14.75166790214974,12.45366938472943,8.673091178650852,9.785025945144552,23.721275018532246,3.335804299481097,1,1,1,1,1,0.0,105.2555825,0.0,15.631361322635556,185.48309174958132,1349,861,0.6382505559673832,E01015575,Swindon 016D,E02003227,Swindon 016,0.5117916370095874,60,15,5,0,80,175,250
74.525,Urban,Urban: Nearer to a major town or city,0.8,0.14,0.06,0.0,123.94195888754535,205,0.8350459707950243,0.912,0.097560976,0.5121951219512195,0.048780488,0.048780488,0.3658536585365853,0.024390243902439,0.0238095238095238,0.9761904761904762,0.1360338573155985,0.5,225,5.622732769,9.129383313,12.212817412333736,13.119709794437725,23.39782345828295,14.57073760580411,2.599758162031439,8,7,7,5,5,0.0,100.3138889,0.0,7.452800277541901,521.7633642812086,1654,986,0.596130593,E01015576,Swindon 017D,E02003228,Swindon 017,1.207599783281513,200,35,15,0,250,75,150
202.928,Urban,Urban: Nearer to a major town or city,0.7469135802469136,0.2037037037037037,0.037037037037037,0.0123456790123456,219.45432977461445,555,0.8223140495867769,0.9096174363664076,0.081081081,0.5495495495495496,0.072072072,0.072072072,0.2612612612612612,0.054054054,0.009009009,0.990990991,1.660735469,0.2,4200,4.191379992091735,8.699090549624358,10.122578094108343,10.39936733886912,21.352313167259787,13.79992091735864,2.4515618821668643,6,5,5,4,3,0.0,80.43622685,0.0,3.2874520560474543,1461.379206395659,2529,1901,0.7516805061289047,E01015578,Swindon 012B,E02003223,Swindon 012,2.4334955654436228,605,165,30,10,810,700,3500
26.329,Urban,Urban: Nearer to a major town or city,0.7469135802469136,0.2037037037037037,0.037037037037037,0.0123456790123456,319.1489361702128,555,0.8223140495867769,0.9096174363664076,0.081081081,0.5495495495495496,0.072072072,0.072072072,0.2612612612612612,0.054054054,0.009009009,0.990990991,0.1868890166762507,0.625,325,5.060379528464635,10.46578493387004,13.398504887866592,10.983323749281196,19.03392754456584,14.37607820586544,2.875215641173088,7,6,7,4,3,0.0,114.3574956,0.0,3.901778146946077,926.2341687798414,1739,1189,0.6837262794709603,E01015579,Swindon 012C,E02003223,Swindon 012,1.281467016,605,165,30,10,810,125,200
10.626,Urban,Urban: Nearer to a major town or city,0.92,0.08,0.0,0.0,62.09343583678297,105,0.756198347,0.8582230623818525,0.0476190476190476,0.6666666666666666,0.0476190476190476,0.0476190476190476,0.1904761904761904,0.0476190476190476,0.0,1.0,0.029568303,0.6666666666666666,50,4.376108811354229,12.18214074512123,14.665878178592548,10.999408633944412,15.90774689532821,18.80544056771141,3.015966883500888,4,4,4,2,2,0.0,125.9373777,0.0,4.245952825073706,1822.975898077552,1691,1066,0.6303962152572442,E01015580,Swindon 007D,E02003218,Swindon 007,1.1775919813506652,115,10,0,0,125,20,30
222.95,Urban,Urban: Nearer to a major town or city,0.7469135802469136,0.2037037037037037,0.037037037037037,0.0123456790123456,349.93694829760403,555,0.8223140495867769,0.9096174363664076,0.081081081,0.5495495495495496,0.072072072,0.072072072,0.2612612612612612,0.054054054,0.009009009,0.990990991,2.3959646910466583,0.2666666666666666,3800,6.179066835,10.151324085750316,14.94325346784363,15.510718789407314,20.239596469104665,15.699873896595207,2.3329129886506936,8,7,7,6,5,0.023316062,87.2468232,2.3,2.691891574716042,1953.432669453466,1586,1020,0.6431273644388399,E01015581,Swindon 012D,E02003223,Swindon 012,5.943775800735133,605,165,30,10,810,800,3000
104.261,Urban,Urban: Nearer to a major town or city,0.7469135802469136,0.2037037037037037,0.037037037037037,0.0123456790123456,247.8785171951764,555,0.8223140495867769,0.9096174363664076,0.081081081,0.5495495495495496,0.072072072,0.072072072,0.2612612612612612,0.054054054,0.009009009,0.990990991,1.8758374274229568,0.2,4200,4.689593568557392,9.289861545332736,11.523001339883878,10.540419830281374,24.38588655649844,11.523001339883878,3.974988834301027,7,6,7,5,4,0.0,110.6886463,0.0,8.748362833549413,1471.144496956935,2239,1484,0.662795891,E01015582,Swindon 012E,E02003223,Swindon 012,1.2573781185453012,605,165,30,10,810,700,3500
12.988,Rural,Larger rural: Nearer to a major town or city,0.8773584905660378,0.1037735849056603,0.0188679245283018,0.0,318.4713375796178,450,0.7713580246913581,0.9049483802064792,0.1222222222222222,0.3888888888888889,0.0444444444444444,0.0444444444444444,0.3666666666666666,0.066666667,0.0,1.0,0.2123142250530785,0.7142857142857143,300,8.421797593772116,10.686482661004954,12.80962491153574,14.366595895258316,21.797593772116063,15.99433828733192,3.326256192498231,8,8,6,6,5,0.0,109.5331384,1.5,3.7907394244958903,555.1496701191221,1413,734,0.5194621372965322,E01015584,Swindon 025B,E02003236,Swindon 025,0.7914023265787923,465,55,10,0,530,125,175
69.096,Rural,Larger rural: Nearer to a major town or city,0.8773584905660378,0.1037735849056603,0.0188679245283018,0.0,159.4048884165781,450,0.7713580246913581,0.9049483802064792,0.1222222222222222,0.3888888888888889,0.0444444444444444,0.0444444444444444,0.3666666666666666,0.066666667,0.0,1.0,0.5667729365922777,0.7777777777777778,1600,2.869287991498406,5.738575982996812,9.458023379383636,9.953949698901878,19.16400991852639,8.643287283032235,1.4169323414806942,8,6,7,7,7,0.0,72.41220285,83.2,0.4317835374623259,6.953002589019931,2823,1785,0.6323060573857598,E01015585,Swindon 025C,E02003236,Swindon 025,55.583406771486864,465,55,10,0,530,700,900
8.566,Rural,Larger rural: Nearer to a major town or city,0.8773584905660378,0.1037735849056603,0.0188679245283018,0.0,331.85840707964604,450,0.7713580246913581,0.9049483802064792,0.1222222222222222,0.3888888888888889,0.0444444444444444,0.0444444444444444,0.3666666666666666,0.066666667,0.0,1.0,0.062684366,1.4285714285714286,85,8.775811209439528,10.398230088495575,12.315634218289086,13.421828908554572,23.00884955752212,17.99410029498525,3.392330383480826,10,10,9,7,6,0.0,93.89980916,3.2,6.020717833343643,821.8766510384261,1356,675,0.497787611,E01015586,Swindon 025D,E02003236,Swindon 025,1.4948383646475911,465,55,10,0,530,50,35
26.866,Rural,Larger rural: Nearer to a major town or city,0.8773584905660378,0.1037735849056603,0.0188679245283018,0.0,241.41630901287556,450,0.7713580246913581,0.9049483802064792,0.1222222222222222,0.3888888888888889,0.0444444444444444,0.0444444444444444,0.3666666666666666,0.066666667,0.0,1.0,0.2280042918454935,1.125,425,5.472103004291846,10.46137339055794,10.836909871244634,14.05579399141631,22.90772532188841,18.240343347639485,1.7703862660944207,5,4,4,5,4,0.0,77.68840782,22.3,5.130023303968828,104.8089872040542,1864,1074,0.5761802575107297,E01015587,Swindon 025E,E02003236,Swindon 025,1.7543779953274627,465,55,10,0,530,225,200
15.173,Rural,Larger rural: Nearer to a major town or city,0.8773584905660378,0.1037735849056603,0.0188679245283018,0.0,256.26423690205013,450,0.7713580246913581,0.9049483802064792,0.1222222222222222,0.3888888888888889,0.0444444444444444,0.0444444444444444,0.3666666666666666,0.066666667,0.0,1.0,0.1423690205011389,0.6666666666666666,250,4.840546697038724,8.314350797266515,12.927107061503415,15.375854214123008,28.18906605922552,14.521640091116172,1.765375854214123,6,6,6,5,6,0.0,18.28605016,100.0,2.911970037481538,870.2787617789506,1756,1037,0.5905466970387244,E01015588,Swindon 025F,E02003236,Swindon 025,5.837972156713093,465,55,10,0,530,100,150
30.676,Urban,Urban: Nearer to a major town or city,0.8888888888888888,0.079365079,0.0317460317460317,0.0,213.23529411764704,290,0.7694675284702985,0.8899408284023669,0.1551724137931034,0.3448275862068966,0.0172413793103448,0.0172413793103448,0.5,0.068965517,0.0,1.0,0.3125,0.4166666666666667,425,5.367647058823529,5.882352941,9.779411764705882,15.514705882352942,29.411764705882355,9.044117647058822,1.397058823529412,8,7,9,7,9,0.0,45.03190578,0.0,2.97640922676604,227.840465,1360,837,0.6154411764705883,E01016180,Bracknell Forest 005A,E02003356,Bracknell Forest 005,1.3439012230002134,280,25,10,0,315,125,300
60.566,Urban,Urban: Nearer to a major town or city,0.8888888888888888,0.079365079,0.0317460317460317,0.0,146.68689934243804,290,0.7694675284702985,0.8899408284023669,0.1551724137931034,0.3448275862068966,0.0172413793103448,0.0172413793103448,0.5,0.068965517,0.0,1.0,0.4425897824987355,0.25,875,2.9337379868487607,5.715730905,9.458775923115832,11.532625189681337,29.84319676277188,8.093070308548306,2.3773394031360646,10,10,10,9,9,0.046082949,76.95248714,22.6,0.076574011,255.9511556349607,1977,1186,0.5998988366211432,E01016181,Bracknell Forest 005B,E02003356,Bracknell Forest 005,39.17778338895363,280,25,10,0,315,175,700
24.891,Urban,Urban: Nearer to a major town or city,0.8888888888888888,0.079365079,0.0317460317460317,0.0,186.4951768488746,290,0.7694675284702985,0.8899408284023669,0.1551724137931034,0.3448275862068966,0.0172413793103448,0.0172413793103448,0.5,0.068965517,0.0,1.0,0.2090032154340836,0.625,325,3.408360128617363,6.173633440514469,9.324758842,13.504823151125404,35.88424437299035,8.488745980707396,2.315112540192926,10,9,10,9,9,0.0,43.16688963,17.8,0.7377991385944807,1309.306096126753,1555,1021,0.6565916398713826,E01016182,Bracknell Forest 005C,E02003356,Bracknell Forest 005,2.710764888950714,280,25,10,0,315,125,200
9.465,Urban,Urban: Nearer to a major town or city,0.8888888888888888,0.079365079,0.0317460317460317,0.0,215.29324424647365,290,0.7694675284702985,0.8899408284023669,0.1551724137931034,0.3448275862068966,0.0172413793103448,0.0172413793103448,0.5,0.068965517,0.0,1.0,0.077951002,0.4,105,3.860430586488493,6.904231625835189,10.69042316258352,13.956941351150704,33.11061618411284,8.314773570898293,1.559020045,10,10,10,9,9,0.0,38.9931677,14.1,1.5252525332139657,626.0910415136788,1347,868,0.6443949517446177,E01016183,Bracknell Forest 005D,E02003356,Bracknell Forest 005,0.6556291356506261,280,25,10,0,315,30,75
460.353,Urban,Urban: Nearer to a major town or city,0.8716216216216216,0.1081081081081081,0.0135135135135135,0.006756757,491.861288,695,0.7867087624864137,0.9068444444444445,0.1438848920863309,0.39568345323741,0.043165468,0.035971223,0.4388489208633093,0.0503597122302158,0.0,1.0,1.94621373,0.2222222222222222,2750,4.104741684359519,7.360226468506724,10.40339702760085,14.932767162066526,36.30573248407643,10.049539985845716,2.830856334041047,9,7,9,8,9,0.0,84.38723404,0.0,2.800371164574464,976.2029109137368,1413,933,0.6602972399150743,E01016185,Bracknell Forest 002B,E02003353,Bracknell Forest 002,2.856764167979732,645,80,10,5,740,500,2250
28.12,Urban,Urban: Nearer to a major town or city,0.8716216216216216,0.1081081081081081,0.0135135135135135,0.006756757,432.7521793275218,695,0.7867087624864137,0.9068444444444445,0.1438848920863309,0.39568345323741,0.043165468,0.035971223,0.4388489208633093,0.0503597122302158,0.0,1.0,0.3268991282689912,1.3333333333333333,525,3.424657534246576,5.603985056039851,11.70610211706102,14.881693648816938,40.72229140722292,6.413449564134496,1.1830635118306352,10,10,10,10,10,0.0,121.9861436,0.0,0.4484029135101691,1996.3700589646385,1606,975,0.6070983810709838,E01016187,Bracknell Forest 002D,E02003353,Bracknell Forest 002,2.230137159841004,645,80,10,5,740,300,225
26.325,Urban,Urban: Nearer to a major town or city,0.8716216216216216,0.1081081081081081,0.0135135135135135,0.006756757,261.57320286036884,695,0.7867087624864137,0.9068444444444445,0.1438848920863309,0.39568345323741,0.043165468,0.035971223,0.4388489208633093,0.0503597122302158,0.0,1.0,0.1881821603312006,0.4285714285714285,500,2.220549491908167,5.156191193074896,8.317651486639067,12.043658261196835,23.560406473466315,5.269100489273617,1.1667293940534438,10,8,9,9,9,0.0,118.5712098,0.0,1.6760456422976218,1740.522498677166,2657,1772,0.6669175762137749,E01016188,Bracknell Forest 002E,E02003353,Bracknell Forest 002,2.983212314639419,645,80,10,5,740,150,350
182.49,Urban,Urban: Nearer to a major town or city,0.927536232,0.0434782608695652,0.0289855072463768,0.0,196.6292134831461,315,0.743260267,0.8638895076854534,0.2063492063492063,0.2539682539682539,0.0158730158730158,0.0158730158730158,0.6031746031746031,0.0476190476190476,0.0,1.0,0.3745318352059925,0.2,600,4.307116104868914,8.988764045,11.04868913857678,13.17103620474407,28.15230961298377,11.610486891385769,2.9962546816479403,8,7,7,5,5,0.0,105.1684803,0.0,1.883709276285956,347.4879925330042,1602,969,0.6048689138576779,E01016190,Bracknell Forest 003A,E02003354,Bracknell Forest 003,1.0617349636581557,320,15,10,0,345,100,500
11.006,Urban,Urban: Nearer to a major town or city,0.8208955223880597,0.1492537313432835,0.0298507462686567,0.0,162.69610691458456,280,0.8281807372175981,0.900423257,0.1785714285714285,0.4642857142857143,0.0178571428571428,0.0178571428571428,0.4285714285714285,0.035714286,0.0,1.0,0.043579314,0.5,75,3.893085415,9.064497385,13.073794305636255,12.144102266124346,24.57873329459616,12.84137129575828,1.917489831493318,8,6,7,5,6,0.0,125.931391,0.0,1.8330601375022464,500.9129128204592,1721,1116,0.6484601975595584,E01016191,Bracknell Forest 006B,E02003357,Bracknell Forest 006,1.0910716779457263,275,50,10,0,335,25,50
20.164,Urban,Urban: Nearer to a major town or city,0.8727272727272727,0.109090909090909,0.018181818,0.0,165.19823788546256,225,0.770512287,0.8979591836734694,0.1333333333333333,0.4666666666666667,0.0444444444444444,0.0444444444444444,0.3777777777777777,0.0444444444444444,0.0,1.0,0.2936857562408223,0.7777777777777778,400,4.919236417033774,8.883994126284875,12.701908957415563,13.509544787077829,25.91776798825257,15.638766519823788,2.3494860499265786,7,6,7,5,5,0.0,52.67874763,0.0,3.4965013557175157,82.35576044,1362,905,0.6644640234948604,E01016192,Bracknell Forest 014A,E02003365,Bracknell Forest 014,1.4300008755391866,240,30,5,0,275,175,225
8.242,Urban,Urban: Nearer to a major town or city,0.88,0.1,0.02,0.0,159.7051597051597,195,0.7891156462585034,0.8872,0.1025641025641025,0.4102564102564102,0.051282051,0.051282051,0.4102564102564102,0.051282051,0.0,1.0,0.024570025,0.2,30,4.914004914004914,12.12121212121212,14.004914004914005,17.280917280917283,22.44062244062244,12.776412776412776,2.702702702702702,8,7,9,6,5,0.0,44.37376033,0.8,2.416074297915297,51.170536289777445,1221,879,0.7199017199017199,E01016193,Bracknell Forest 015A,E02003366,Bracknell Forest 015,0.4138945564972266,220,25,5,0,250,5,25
11.557,Urban,Urban: Nearer to a major town or city,0.8727272727272727,0.109090909090909,0.018181818,0.0,185.9504132231405,225,0.770512287,0.8979591836734694,0.1333333333333333,0.4666666666666667,0.0444444444444444,0.0444444444444444,0.3777777777777777,0.0444444444444444,0.0,1.0,0.1239669421487603,1.0,150,5.289256198347108,6.6115702479338845,12.975206611570249,15.454545454545451,33.88429752066116,8.347107438016529,2.975206611570248,10,10,10,10,9,0.0,53.35314534,0.8,0.3319711383132014,579.6062554223254,1210,669,0.552892562,E01016194,Bracknell Forest 014B,E02003365,Bracknell Forest 014,3.012310061293763,240,30,5,0,275,75,75
9.064,Urban,Urban: Nearer to a major town or city,0.8727272727272727,0.109090909090909,0.018181818,0.0,189.2346509671993,225,0.770512287,0.8979591836734694,0.1333333333333333,0.4666666666666667,0.0444444444444444,0.0444444444444444,0.3777777777777777,0.0444444444444444,0.0,1.0,0.0504625735912531,0.5,60,4.457527333894029,8.326324643,13.540790580319594,16.65264928511354,23.88561816652649,12.279226240538268,1.2615643397813288,9,8,10,5,6,0.0,49.59257541,0.0,2.216403050188502,75.48034288280915,1189,820,0.6896551724137931,E01016195,Bracknell Forest 014C,E02003365,Bracknell Forest 014,1.3535444285482527,240,30,5,0,275,20,40
193.526,Urban,Urban: Nearer to a major town or city,0.88,0.1,0.02,0.0,84.52535760728217,195,0.7891156462585034,0.8872,0.1025641025641025,0.4102564102564102,0.051282051,0.051282051,0.4102564102564102,0.051282051,0.0,1.0,0.7802340702210663,1.25,1800,8.625921109666233,8.582574772,7.802340702210664,13.350671868227137,28.95535327264846,9.102730819245773,1.907238838318162,10,10,10,7,6,0.0,57.3862955,0.0,0.2455591063661425,1075.186106,2307,1740,0.7542262678803641,E01016196,Bracknell Forest 015B,E02003366,Bracknell Forest 015,8.144678605475486,220,25,5,0,250,1000,800
13.115,Urban,Urban: Nearer to a major town or city,0.88,0.1,0.02,0.0,137.51763046544428,195,0.7891156462585034,0.8872,0.1025641025641025,0.4102564102564102,0.051282051,0.051282051,0.4102564102564102,0.051282051,0.0,1.0,0.1234132581100141,0.75,175,4.442877291960508,10.296191819464036,11.988716502115656,14.315937940761636,21.15655853314528,15.091678420310297,2.1861777150916786,7,6,8,3,4,0.0,46.50580357,7.5,5.912631955169422,800.2223900139185,1418,914,0.6445698166431594,E01016197,Bracknell Forest 015C,E02003366,Bracknell Forest 015,1.0147765065529222,220,25,5,0,250,75,100
102.239,Urban,Urban: Nearer to a major town or city,0.88,0.1,0.02,0.0,169.41789748045178,195,0.7891156462585034,0.8872,0.1025641025641025,0.4102564102564102,0.051282051,0.051282051,0.4102564102564102,0.051282051,0.0,1.0,0.2172024326672458,0.6666666666666666,250,5.2128583840139004,9.904430929626413,14.16159860990443,17.636837532580365,24.41355343179844,12.510860121633364,2.519548218940052,10,9,10,8,7,0.0,49.6760181,0.0,2.943347982953856,304.1432912227219,1151,736,0.6394439617723718,E01016198,Bracknell Forest 015D,E02003366,Bracknell Forest 015,0.6794983167409447,220,25,5,0,250,100,150
14.252,Urban,Urban: Nearer to a major town or city,0.88,0.1,0.02,0.0,168.10344827586206,195,0.7891156462585034,0.8872,0.1025641025641025,0.4102564102564102,0.051282051,0.051282051,0.4102564102564102,0.051282051,0.0,1.0,0.1077586206896551,0.6666666666666666,125,4.051724137931034,9.051724137931034,14.482758620689657,14.13793103448276,33.01724137931035,8.793103448275861,2.0689655172413794,10,10,10,9,8,0.0,60.40843091,0.0,2.287297459757565,161.82024330557778,1160,752,0.6482758620689655,E01016199,Bracknell Forest 015E,E02003366,Bracknell Forest 015,0.4371971803378786,220,25,5,0,250,50,75
15.276,Urban,Urban: Nearer to a major town or city,0.9696969696969696,0.0303030303030303,0.0,0.0,116.54135338345864,155,0.765625,0.8631772268135904,0.1290322580645161,0.4516129032258064,0.032258065,0.032258065,0.3870967741935484,0.032258065,0.0,1.0,0.07518797,0.3333333333333333,100,4.436090226,9.248120301,14.285714285714285,15.18796992481203,29.32330827067669,7.819548872180452,1.5789473684210529,9,9,9,7,7,0.0,116.5808017,0.0,1.824058381292841,223.1894756838292,1330,961,0.7225563909774436,E01016200,Bracknell Forest 008A,E02003359,Bracknell Forest 008,0.5482280667416074,160,5,0,0,165,25,75
10.71,Urban,Urban: Nearer to a major town or city,0.9696969696969696,0.0303030303030303,0.0,0.0,120.06196746707978,155,0.765625,0.8631772268135904,0.1290322580645161,0.4516129032258064,0.032258065,0.032258065,0.3870967741935484,0.032258065,0.0,1.0,0.092951201,0.6,120,4.027885360185903,9.140201394,14.717273431448488,15.724244771494966,27.73044151820294,8.675445391169635,2.7110766847405112,9,9,9,8,7,0.0,143.6830266,0.0,1.8894676200664948,959.6099629453728,1291,938,0.726568552,E01016201,Bracknell Forest 008B,E02003359,Bracknell Forest 008,0.5292496094560264,160,5,0,0,165,45,75
8.077,Urban,Urban: Nearer to a major town or city,0.9696969696969696,0.0303030303030303,0.0,0.0,127.67710049423394,155,0.765625,0.8631772268135904,0.1290322580645161,0.4516129032258064,0.032258065,0.032258065,0.3870967741935484,0.032258065,0.0,1.0,0.037067545,0.2857142857142857,45,4.695222405271829,8.978583196046129,12.767710049423394,17.71004942339374,31.713344316309723,6.8369028006589785,2.306425041186161,9,9,10,8,7,0.0,115.9483516,0.0,2.116348135978366,1181.2791398064137,1214,971,0.799835255,E01016202,Bracknell Forest 008C,E02003359,Bracknell Forest 008,0.4725120517743695,160,5,0,0,165,10,35
15.485,Urban,Urban: Nearer to a major town or city,0.9696969696969696,0.0303030303030303,0.0,0.0,119.23076923076924,155,0.765625,0.8631772268135904,0.1290322580645161,0.4516129032258064,0.032258065,0.032258065,0.3870967741935484,0.032258065,0.0,1.0,0.1346153846153846,0.75,175,4.461538461538462,9.307692307692308,11.923076923076923,15.461538461538463,20.923076923076923,16.692307692307693,3.1538461538461537,4,4,4,4,4,0.0,117.1604374,0.0,1.0647734137387974,761.6048199563608,1300,865,0.6653846153846154,E01016203,Bracknell Forest 008D,E02003359,Bracknell Forest 008,0.9391669505426936,160,5,0,0,165,75,100
6.172,Urban,Urban: Nearer to a major town or city,0.9696969696969696,0.0303030303030303,0.0,0.0,130.25210084033614,155,0.765625,0.8631772268135904,0.1290322580645161,0.4516129032258064,0.032258065,0.032258065,0.3870967741935484,0.032258065,0.0,1.0,0.0294117647058823,0.4,35,4.705882352941177,10.252100840336134,13.19327731092437,13.781512605042018,22.268907563025213,12.352941176470589,2.016806722689076,7,6,6,5,5,0.0,132.8875,0.0,3.874561123604276,744.5642471698205,1190,798,0.6705882352941176,E01016204,Bracknell Forest 008E,E02003359,Bracknell Forest 008,0.2580937474202908,160,5,0,0,165,10,25
20.445,Urban,Urban: Nearer to a major town or city,0.9142857142857144,0.085714286,0.0,0.0,120.66365007541478,160,0.7421875,0.8788927335640139,0.09375,0.4375,0.0625,0.0625,0.3125,0.09375,0.0,1.0,0.060331825,0.7777777777777778,80,4.675716440422323,8.521870286576169,12.066365007541478,15.233785822021115,22.09653092006033,13.87631976,1.809954751131222,7,6,6,4,5,0.0,123.5287582,0.0,3.0360839761862186,314.73913356353626,1326,874,0.6591251885369532,E01016205,Bracknell Forest 010A,E02003361,Bracknell Forest 010,0.6587433073943834,160,15,0,0,175,35,45
41.282,Urban,Urban: Nearer to a major town or city,0.868421053,0.1184210526315789,0.0131578947368421,0.0,166.42192853646597,340,0.7880622837370241,0.8925619834710744,0.1323529411764706,0.3235294117647059,0.0294117647058823,0.0294117647058823,0.4852941176470588,0.0588235294117647,0.0,1.0,0.4160548213411649,0.4166666666666667,850,3.328438571,6.461086637298092,11.11111111111111,12.090063631913852,37.54282917278512,7.782672540381791,1.4194811551639746,10,10,10,10,9,0.029661017,54.23212903,22.9,0.9329073058071772,1810.241866636856,2043,1142,0.5589818893783651,E01016206,Bracknell Forest 012A,E02003363,Bracknell Forest 012,1.0719178569780548,330,45,5,0,380,250,600
154.657,Urban,Urban: Nearer to a major town or city,0.8541666666666666,0.125,0.0208333333333333,0.0,78.52447042,215,0.7448979591836735,0.8967999999999999,0.1395348837209302,0.3953488372093023,0.0232558139534883,0.0232558139534883,0.4651162790697674,0.0465116279069767,0.0,1.0,4.382761139517896,0.2,12000,3.104455807,4.894083272461651,9.824689554419283,11.21256391526662,21.47552958363769,7.998539079620161,1.1687363038714391,8,7,6,8,7,0.0,86.78888889,0.0,0.4522380878780946,702.4025305442531,2738,1938,0.7078159240321402,E01016207,Bracknell Forest 013A,E02003364,Bracknell Forest 013,26.534695598736747,205,30,5,0,240,2000,10000
59.294,Urban,Urban: Nearer to a major town or city,0.868421053,0.1184210526315789,0.0131578947368421,0.0,150.9098979138926,340,0.7880622837370241,0.8925619834710744,0.1323529411764706,0.3235294117647059,0.0294117647058823,0.0294117647058823,0.4852941176470588,0.0588235294117647,0.0,1.0,0.3772747447847314,0.7,850,3.462050599201065,7.101642254771416,9.675987572126054,13.581890812250332,32.31247225920994,9.320905459387484,1.5090989791389258,10,10,10,9,9,0.0,64.64780024,0.7,1.2707006998879518,1017.8784323461986,2253,1415,0.628051487,E01016208,Bracknell Forest 012B,E02003363,Bracknell Forest 012,2.3609021386897284,330,45,5,0,380,350,500
631.472,Urban,Urban: Nearer to a major town or city,0.7322834645669292,0.2125984251968504,0.0472440944881889,0.007874016,268.2119205298013,405,0.8081499107674004,0.9038378076756154,0.1604938271604938,0.345679012,0.0246913580246913,0.0246913580246913,0.4567901234567901,0.086419753,0.0121951219512195,0.9878048780487804,3.443708609271523,0.1555555555555555,5200,4.834437086092716,11.788079470198676,11.920529801324504,12.582781456953644,22.317880794701985,13.17880794701987,2.185430463576159,8,6,7,4,4,0.0,121.4012048,0.0,4.283930688368092,38.57849925926774,1510,953,0.6311258278145695,E01016209,Bracknell Forest 009A,E02003358,Bracknell Forest 007,2.5677352880306072,465,135,30,5,635,700,4500
15.507,Urban,Urban: Nearer to a major town or city,0.8375,0.0875,0.0625,0.0125,250.96525096525096,325,0.8227218934911242,0.8972921006248998,0.1692307692307692,0.4461538461538462,0.0461538461538461,0.0461538461538461,0.4153846153846154,0.0461538461538461,0.0,1.0,0.1544401544401544,0.6,200,3.9382239382239375,10.656370656370656,13.281853281853282,12.2007722,20.07722007722008,13.590733590733592,1.9305019305019304,4,3,4,3,4,0.0,124.1252315,0.0,2.4986798626895674,454.4582897194785,1295,819,0.6324324324324324,E01016210,Bracknell Forest 009B,E02003360,Bracknell Forest 009,0.400211333565399,335,35,25,5,400,75,125
7.258,Urban,Urban: Nearer to a major town or city,0.96,0.04,0.0,0.0,91.46341463414636,120,0.7326388888888888,0.8609467455621301,0.125,0.4583333333333333,0.0416666666666666,0.0416666666666666,0.4583333333333333,0.0416666666666666,0.0,1.0,0.03429878,0.2857142857142857,45,3.429878048780488,11.890243902439025,13.26219512195122,14.786585365853655,19.35975609756097,13.033536585365852,2.591463414634146,6,5,6,4,3,0.0,140.8876812,0.0,3.078993172,288.7530108927969,1312,831,0.6333841463414634,E01016212,Bracknell Forest 011A,E02003362,Bracknell Forest 011,0.6495629863470223,120,5,0,0,125,10,35
35.713,Urban,Urban: Nearer to a major town or city,0.8375,0.0875,0.0625,0.0125,277.5405636208369,325,0.8227218934911242,0.8972921006248998,0.1692307692307692,0.4461538461538462,0.0461538461538461,0.0461538461538461,0.4153846153846154,0.0461538461538461,0.0,1.0,0.3842869342442357,0.8,450,4.269854824935952,9.308283518360376,12.382578992314262,14.26131511528608,21.69086251067464,12.382578992314262,1.7079419299743808,8,8,9,5,5,0.0,116.6841962,0.0,0.4551920816577126,1702.0689546733545,1171,744,0.6353543979504697,E01016213,Bracknell Forest 009D,E02003360,Bracknell Forest 009,4.393749541328632,335,35,25,5,400,200,250
11.429,Urban,Urban: Nearer to a major town or city,0.8375,0.0875,0.0625,0.0125,234.65703971119132,325,0.8227218934911242,0.8972921006248998,0.1692307692307692,0.4461538461538462,0.0461538461538461,0.0461538461538461,0.4153846153846154,0.0461538461538461,0.0,1.0,0.090252708,0.6666666666666666,125,3.826714801444044,8.086642599277978,10.68592057761733,14.945848375451265,30.03610108303249,8.880866426,1.8050541516245489,10,10,10,8,8,0.0,150.9274882,1.4,2.316894018577411,477.709002,1385,787,0.5682310469314079,E01016214,Bracknell Forest 009E,E02003360,Bracknell Forest 009,1.2948369566951623,335,35,25,5,400,50,75
6.397,Urban,Urban: Nearer to a major town or city,0.8375,0.0875,0.0625,0.0125,264.44263628966644,325,0.8227218934911242,0.8972921006248998,0.1692307692307692,0.4461538461538462,0.0461538461538461,0.0461538461538461,0.4153846153846154,0.0461538461538461,0.0,1.0,0.020341741,0.25,25,4.312449145646868,11.31000814,11.716842961757528,13.181448331977217,17.493897477624085,15.052888527257933,2.034174125305126,4,3,5,3,3,0.0,116.125323,0.0,5.880427752450347,851.3548153748405,1229,820,0.6672091131000814,E01016215,Bracknell Forest 009F,E02003360,Bracknell Forest 009,0.3401113123389041,335,35,25,5,400,5,20
9.996,Urban,Urban: Nearer to a major town or city,0.96,0.04,0.0,0.0,91.53318077803203,120,0.7326388888888888,0.8609467455621301,0.125,0.4583333333333333,0.0416666666666666,0.0416666666666666,0.4583333333333333,0.0416666666666666,0.0,1.0,0.076277651,0.3333333333333333,100,4.271548436308162,10.221205186880244,13.043478260869565,13.729977116704806,21.43401983218917,14.416475972540049,2.440884820747521,6,5,5,3,4,0.0,141.3964912,0.0,3.152876691,268.3496467784134,1311,846,0.6453089244851259,E01016216,Bracknell Forest 011B,E02003362,Bracknell Forest 011,0.6343413320389444,120,5,0,0,125,25,75
28.455,Urban,Urban: Nearer to a major town or city,0.9142857142857144,0.085714286,0.0,0.0,116.8736303871439,160,0.7421875,0.8788927335640139,0.09375,0.4375,0.0625,0.0625,0.3125,0.09375,0.0,1.0,0.5843681519357194,1.6666666666666667,800,4.601899196493791,11.029948867786706,13.075237399561724,14.901387874360848,25.785244704163624,9.642074506939371,2.6296566837107376,7,6,7,4,5,0.0,145.5213552,0.0,3.2785147012949034,347.953729456986,1369,923,0.6742147552958364,E01016217,Bracknell Forest 010B,E02003361,Bracknell Forest 010,1.2200646830774111,160,15,0,0,175,500,300
21.34,Urban,Urban: Nearer to a major town or city,0.9142857142857144,0.085714286,0.0,0.0,118.16838995568683,160,0.7421875,0.8788927335640139,0.09375,0.4375,0.0625,0.0625,0.3125,0.09375,0.0,1.0,0.2400295420974889,0.8571428571428571,325,5.022156573116692,13.737075332348596,12.776957163958642,13.663220088626291,20.38404726735598,15.952732644017726,3.1757754800590843,5,5,5,4,3,0.0,130.8292308,0.0,2.9110634992145794,813.8820126189637,1354,917,0.6772525849335302,E01016218,Bracknell Forest 010C,E02003361,Bracknell Forest 010,0.6870341373658152,160,15,0,0,175,150,175
12.064,Urban,Urban: Nearer to a major town or city,0.96,0.04,0.0,0.0,93.53078721745908,120,0.7326388888888888,0.8609467455621301,0.125,0.4583333333333333,0.0416666666666666,0.0416666666666666,0.4583333333333333,0.0416666666666666,0.0,1.0,0.1558846453624318,1.0,200,4.9883086515978174,9.898674981,10.989867498051442,15.744349181605614,27.82540919719408,13.71784879,2.650038971161341,8,7,8,5,5,0.0,129.3867521,0.0,2.4878456569013645,329.83786168618855,1283,758,0.5908028059236166,E01016219,Bracknell Forest 011C,E02003362,Bracknell Forest 011,0.8039083913634012,120,5,0,0,125,100,100
7.332,Urban,Urban: Nearer to a major town or city,0.96,0.04,0.0,0.0,84.09250175192712,120,0.7326388888888888,0.8609467455621301,0.125,0.4583333333333333,0.0416666666666666,0.0416666666666666,0.4583333333333333,0.0416666666666666,0.0,1.0,0.038542397,0.375,55,5.11562719,9.110021023125435,10.721793973370708,14.085494043447794,25.78836720392432,11.282410651716887,2.0322354590049057,6,6,6,4,5,0.0,144.9770065,0.0,2.920180759257867,919.5458230576096,1427,1006,0.7049754730203224,E01016220,Bracknell Forest 011D,E02003362,Bracknell Forest 011,0.6848891095728878,120,5,0,0,125,15,40
7.984,Urban,Urban: Nearer to a major town or city,0.96,0.04,0.0,0.0,96.61835748792272,120,0.7326388888888888,0.8609467455621301,0.125,0.4583333333333333,0.0416666666666666,0.0416666666666666,0.4583333333333333,0.0416666666666666,0.0,1.0,0.048309179,0.2,60,4.911433172302738,9.903381642512077,13.043478260869565,15.217391304347828,25.76489533011272,12.47987117552335,2.0128824476650564,7,6,7,5,5,0.0,121.1342685,0.0,2.3050195597571013,973.7663567604014,1242,828,0.6666666666666666,E01016221,Bracknell Forest 011E,E02003362,Bracknell Forest 011,0.433835798,120,5,0,0,125,10,50
7.883,Urban,Urban: Nearer to a major town or city,0.8888888888888888,0.079365079,0.0317460317460317,0.0,245.7627118644068,290,0.7694675284702985,0.8899408284023669,0.1551724137931034,0.3448275862068966,0.0172413793103448,0.0172413793103448,0.5,0.068965517,0.0,1.0,0.088983051,0.4,105,3.220338983050848,7.288135593220339,11.186440677966102,15.677966101694915,42.03389830508474,6.864406779661017,2.118644068,10,10,10,10,9,0.0,76.96004274,0.7,4.498453409866757,536.0072085199629,1180,779,0.6601694915254237,E01016222,Bracknell Forest 005E,E02003356,Bracknell Forest 005,0.444597247,280,25,10,0,315,30,75
9.665,Urban,Urban: Nearer to a major town or city,0.8208955223880597,0.1492537313432835,0.0298507462686567,0.0,224.53889334402567,280,0.8281807372175981,0.900423257,0.1785714285714285,0.4642857142857143,0.0178571428571428,0.0178571428571428,0.4285714285714285,0.035714286,0.0,1.0,0.1202886928628708,1.0,150,4.250200481154772,12.10906174819567,10.344827586206897,13.873295910184444,24.21812349639134,12.590216519647154,1.9246190858059344,6,6,6,4,4,0.0,111.0467562,0.0,1.8879706500936075,773.0824555989582,1247,868,0.6960705693664796,E01016223,Bracknell Forest 006C,E02003357,Bracknell Forest 006,0.529669251,275,50,10,0,335,75,75
18.069,Urban,Urban: Nearer to a major town or city,0.8208955223880597,0.1492537313432835,0.0298507462686567,0.0,127.3306048203729,280,0.8281807372175981,0.900423257,0.1785714285714285,0.4642857142857143,0.0178571428571428,0.0178571428571428,0.4285714285714285,0.035714286,0.0,1.0,0.090950432,1.0,200,3.728967712596635,8.367439745,11.095952705775352,12.86948613005912,25.32969531605276,11.00500227,2.137335152341974,6,5,5,5,6,0.0,115.0751753,0.0,1.8603154479426904,882.0567545579514,2199,1512,0.6875852660300137,E01016224,Bracknell Forest 006D,E02003357,Bracknell Forest 006,1.0750864871932262,275,50,10,0,335,100,100
25.347,Urban,Urban: Nearer to a major town or city,0.8208955223880597,0.1492537313432835,0.0298507462686567,0.0,178.79948914431674,280,0.8281807372175981,0.900423257,0.1785714285714285,0.4642857142857143,0.0178571428571428,0.0178571428571428,0.4285714285714285,0.035714286,0.0,1.0,0.239463601532567,1.5,375,4.469987228607918,8.365261813537675,11.174968071519796,11.94125159642401,24.521072796934863,12.707535121328226,2.490421455938697,6,5,5,5,5,0.0,90.64283122,0.0,3.042990616748899,270.02279096512126,1566,1027,0.6558109833971902,E01016226,Bracknell Forest 006E,E02003357,Bracknell Forest 006,0.9858722480075112,275,50,10,0,335,225,150
16.331,Urban,Urban: Nearer to a major town or city,0.8727272727272727,0.109090909090909,0.018181818,0.0,173.47725520431763,225,0.770512287,0.8979591836734694,0.1333333333333333,0.4666666666666667,0.0444444444444444,0.0444444444444444,0.3777777777777777,0.0444444444444444,0.0,1.0,0.1542020046260601,0.6,200,3.700848111025443,7.170393215111797,10.25443331,15.651503469545103,33.61603700848111,5.936777178103315,1.7733230531996915,10,9,10,10,9,0.0,47.81891892,0.0,0.5059017,1076.6494546886354,1297,804,0.6198920585967618,E01016227,Bracknell Forest 014D,E02003365,Bracknell Forest 014,1.9766685905430004,240,30,5,0,275,75,125
65.534,Urban,Urban: Nearer to a major town or city,0.8727272727272727,0.109090909090909,0.018181818,0.0,124.30939226519337,225,0.770512287,0.8979591836734694,0.1333333333333333,0.4666666666666667,0.0444444444444444,0.0444444444444444,0.3777777777777777,0.0444444444444444,0.0,1.0,0.7182320441988951,0.8571428571428571,1300,4.254143646408839,6.906077348066299,12.099447513812157,16.07734806629834,30.27624309392265,8.121546961325967,2.3756906077348066,10,9,10,9,9,0.0,66.64418605,2.3,0.4339378575457288,18.107562928786813,1810,1101,0.6082872928176796,E01016228,Bracknell Forest 014E,E02003365,Bracknell Forest 014,2.304477432911276,240,30,5,0,275,600,700
11.26,Urban,Urban: Nearer to a major town or city,0.868421053,0.1184210526315789,0.0131578947368421,0.0,288.6247877758913,340,0.7880622837370241,0.8925619834710744,0.1323529411764706,0.3235294117647059,0.0294117647058823,0.0294117647058823,0.4852941176470588,0.0588235294117647,0.0,1.0,0.084889643,1.0,100,4.329371817,7.130730050933787,11.714770797962649,14.855687606112053,30.98471986417657,9.847198641765704,2.461799660441426,10,10,10,9,9,0.0,52.43904762,0.0,0.5509656338644275,44.24490729,1178,673,0.5713073005093379,E01016229,Bracknell Forest 012C,E02003363,Bracknell Forest 012,1.8149952347954672,330,45,5,0,380,50,50
41.282,Urban,Urban: Nearer to a major town or city,0.868421053,0.1184210526315789,0.0131578947368421,0.0,170.8542713567839,340,0.7880622837370241,0.8925619834710744,0.1323529411764706,0.3235294117647059,0.0294117647058823,0.0294117647058823,0.4852941176470588,0.0588235294117647,0.0,1.0,0.4020100502512563,0.6,800,2.010050251256281,3.4673366834170856,22.110552763819097,6.733668341708543,24.824120603015075,9.748743718592964,1.1557788944723617,10,10,10,10,10,0.0,50.26287879,0.0,0.1409773242287046,179.76407649847025,1990,1250,0.628140704,E01016230,Bracknell Forest 012D,E02003363,Bracknell Forest 012,7.093339340004214,330,45,5,0,380,300,500
13.091,Urban,Urban: Nearer to a major town or city,0.9142857142857144,0.085714286,0.0,0.0,81.01265823,160,0.7421875,0.8788927335640139,0.09375,0.4375,0.0625,0.0625,0.3125,0.09375,0.0,1.0,0.055696203,0.4666666666666667,110,4.860759493670886,8.658227848101266,11.493670886075948,14.17721518987342,24.0,11.544303797468354,2.430379746835443,6,5,5,5,5,0.0,108.4431034,0.0,3.919776447695341,798.4124337772041,1975,1360,0.6886075949367089,E01016231,Bracknell Forest 010D,E02003361,Bracknell Forest 010,1.0204663590832654,160,15,0,0,175,35,75
9.902,Urban,Urban: Nearer to a major town or city,0.9142857142857144,0.085714286,0.0,0.0,109.9656357388316,160,0.7421875,0.8788927335640139,0.09375,0.4375,0.0625,0.0625,0.3125,0.09375,0.0,1.0,0.0618556701030927,0.2,90,6.460481099656358,8.52233677,11.134020618556702,14.63917525773196,23.436426116838486,13.402061855670103,2.061855670103093,7,6,8,4,5,0.0,115.7083333,0.0,1.9836281229225965,305.23693012802016,1455,943,0.6481099656357389,E01016232,Bracknell Forest 010E,E02003361,Bracknell Forest 010,1.0082535011921905,160,15,0,0,175,15,75
46.694,Urban,Urban: Nearer to a major town or city,0.7322834645669292,0.2125984251968504,0.0472440944881889,0.007874016,151.40186915887853,405,0.8081499107674004,0.9038378076756154,0.1604938271604938,0.345679012,0.0246913580246913,0.0246913580246913,0.4567901234567901,0.086419753,0.0121951219512195,0.9878048780487804,0.3177570093457944,1.125,850,3.551401869158879,10.16822429906542,11.88785046728972,13.308411214953273,23.252336448598133,10.72897196261682,1.6822429906542056,4,4,4,3,4,0.0,79.56221692,0.0,0.771322707,764.1078876069065,2675,1870,0.6990654205607477,E01016233,Bracknell Forest 007B,E02003358,Bracknell Forest 007,1.296474214216456,465,135,30,5,635,450,400
6.278,Urban,Urban: Nearer to a major town or city,0.8541666666666666,0.125,0.0208333333333333,0.0,214.57085828343315,215,0.7448979591836735,0.8967999999999999,0.1395348837209302,0.3953488372093023,0.0232558139534883,0.0232558139534883,0.4651162790697674,0.0465116279069767,0.0,1.0,0.0499002,0.25,50,4.291417165668663,10.978043912175648,13.872255489021956,18.66267465,29.44111776447106,10.079840319361278,2.7944111776447107,9,10,10,8,7,0.0,50.53324873,0.0,0.1188979499139498,1278.497140920724,1002,644,0.6427145708582834,E01016234,Bracknell Forest 013B,E02003364,Bracknell Forest 013,8.410573947858069,205,30,5,0,240,10,40
6.927,Urban,Urban: Nearer to a major town or city,0.8541666666666666,0.125,0.0208333333333333,0.0,174.23014586709886,215,0.7448979591836735,0.8967999999999999,0.1395348837209302,0.3953488372093023,0.0232558139534883,0.0232558139534883,0.4651162790697674,0.0465116279069767,0.0,1.0,0.0243111831442463,0.2,30,4.376012965964344,8.184764991896271,13.290113452188008,16.85575364667747,31.118314424635336,7.293354943273905,2.3500810372771475,10,9,10,9,9,0.0,58.6380531,0.0,1.202092954260065,17.555682830405736,1234,810,0.6564019448946515,E01016235,Bracknell Forest 013C,E02003364,Bracknell Forest 013,0.831882423,205,30,5,0,240,5,25
17.955,Urban,Urban: Nearer to a major town or city,0.8541666666666666,0.125,0.0208333333333333,0.0,149.51321279554938,215,0.7448979591836735,0.8967999999999999,0.1395348837209302,0.3953488372093023,0.0232558139534883,0.0232558139534883,0.4651162790697674,0.0465116279069767,0.0,1.0,0.1564673157162726,1.25,225,3.894297635605007,11.543810848400556,13.908205841446453,15.02086230876217,20.723226703755216,14.325452016689846,3.546592489568846,6,6,6,4,4,0.0,39.67878788,0.0,1.6268354794889983,384.0234171695059,1438,961,0.6682892906815021,E01016236,Bracknell Forest 013D,E02003364,Bracknell Forest 013,0.6146903067998662,205,30,5,0,240,125,100
14.256,Urban,Urban: Nearer to a major town or city,0.8541666666666666,0.125,0.0208333333333333,0.0,194.2186088527552,215,0.7448979591836735,0.8967999999999999,0.1395348837209302,0.3953488372093023,0.0232558139534883,0.0232558139534883,0.4651162790697674,0.0465116279069767,0.0,1.0,0.1580849141824751,0.75,175,4.245709123757904,8.130081300813007,12.917795844625113,16.621499548328817,28.72628726287263,11.47244805781391,2.2583559168925023,9,9,10,7,6,0.0,58.45046948,0.0,2.1698148456408592,357.4960462385101,1107,717,0.6476964769647696,E01016237,Bracknell Forest 013E,E02003364,Bracknell Forest 013,0.4608688165301256,205,30,5,0,240,75,100
182.49,Urban,Urban: Nearer to a major town or city,0.927536232,0.0434782608695652,0.0289855072463768,0.0,171.38193688792165,315,0.743260267,0.8638895076854534,0.2063492063492063,0.2539682539682539,0.0158730158730158,0.0158730158730158,0.6031746031746031,0.0476190476190476,0.0,1.0,0.2176278563656148,0.7777777777777778,400,3.318824809575625,8.215451577801959,9.902067464635474,12.785636561479867,27.20348204570185,11.20783460282916,1.9042437431991293,8,7,9,5,7,0.0,109.5637153,0.0,2.430434051953058,420.1192737810331,1838,1198,0.6517954298150164,E01016238,Bracknell Forest 003B,E02003354,Bracknell Forest 003,1.2343474193793689,320,15,10,0,345,175,225
9.816,Urban,Urban: Nearer to a major town or city,0.6923076923076923,0.2019230769230769,0.086538462,0.0192307692307692,250.32092426187415,390,0.8609374999999999,0.9022528042228296,0.1538461538461538,0.3846153846153846,0.0384615384615384,0.0384615384615384,0.4871794871794871,0.051282051,0.0,1.0,0.07381258,0.5333333333333333,115,4.878048780487805,10.783055198973042,13.350449293966625,13.928112965340182,19.83311938382542,13.928112965340182,2.1181001283697047,6,6,6,3,4,0.0,112.3658103,0.0,9.875006834924276,727.0930193575043,1558,990,0.6354300385109114,E01016239,Bracknell Forest 004A,E02003355,Bracknell Forest 004,0.6075945161658219,360,105,45,10,520,40,75
74.209,Urban,Urban: Nearer to a major town or city,0.6923076923076923,0.2019230769230769,0.086538462,0.0192307692307692,226.21809744779583,390,0.8609374999999999,0.9022528042228296,0.1538461538461538,0.3846153846153846,0.0384615384615384,0.0384615384615384,0.4871794871794871,0.051282051,0.0,1.0,0.4060324825986079,0.1666666666666666,700,4.582366589327147,9.802784222737818,13.225058004640372,12.006960556844549,19.489559164733176,13.57308584686775,1.8561484918793505,6,5,5,3,4,0.0,109.0415534,0.0,2.7133870674520035,232.5274380973042,1724,1164,0.6751740139211136,E01016240,Bracknell Forest 004B,E02003355,Bracknell Forest 004,0.7370861400463934,360,105,45,10,520,100,600
74.209,Urban,Urban: Nearer to a major town or city,0.6923076923076923,0.2019230769230769,0.086538462,0.0192307692307692,218.85521885521885,390,0.8609374999999999,0.9022528042228296,0.1538461538461538,0.3846153846153846,0.0384615384615384,0.0384615384615384,0.4871794871794871,0.051282051,0.0,1.0,0.1262626262626262,1.25,225,3.3670033670033668,10.606060606060606,11.447811447811448,12.570145903479238,17.17171717171717,13.524130190796855,1.6835016835016834,5,4,5,3,3,0.0,114.4852998,0.0,3.0606471687212755,894.9792126417453,1782,1163,0.6526374859708193,E01016241,Bracknell Forest 004C,E02003355,Bracknell Forest 004,0.9801848545820414,360,105,45,10,520,125,100
1253.169,Urban,Urban: Nearer to a major town or city,0.6923076923076923,0.2019230769230769,0.086538462,0.0192307692307692,164.48755799240828,390,0.8609374999999999,0.9022528042228296,0.1538461538461538,0.3846153846153846,0.0384615384615384,0.0384615384615384,0.4871794871794871,0.051282051,0.0,1.0,4.006748207507381,0.1875,9500,3.205398566005905,8.89919865,10.248840151834669,13.580767608603963,24.16701813580768,8.941374947279629,1.8979333614508649,4,4,4,4,5,0.0,91.59889001,0.0,5.650932093205111,353.1172354995276,2371,1768,0.7456769295655842,E01016242,Bracknell Forest 004D,E02003355,Bracknell Forest 004,1.946581522936155,360,105,45,10,520,1500,8000
24.575,Urban,Urban: Nearer to a major town or city,0.927536232,0.0434782608695652,0.0289855072463768,0.0,225.0,315,0.743260267,0.8638895076854534,0.2063492063492063,0.2539682539682539,0.0158730158730158,0.0158730158730158,0.6031746031746031,0.0476190476190476,0.0,1.0,0.2857142857142857,1.6666666666666667,400,3.785714285714286,7.214285714285714,14.428571428571429,14.357142857142858,33.0,6.428571428571428,1.5714285714285716,10,9,10,9,9,0.0,121.7626223,0.0,4.166513776068132,912.3180081973168,1400,994,0.71,E01016243,Bracknell Forest 003C,E02003354,Bracknell Forest 003,0.7200264204648926,320,15,10,0,345,250,150
18.618,Urban,Urban: Nearer to a major town or city,0.927536232,0.0434782608695652,0.0289855072463768,0.0,134.55788124733022,315,0.743260267,0.8638895076854534,0.2063492063492063,0.2539682539682539,0.0158730158730158,0.0158730158730158,0.6031746031746031,0.0476190476190476,0.0,1.0,0.1067919692439128,0.6666666666666666,250,3.118325501922256,7.304570696,12.857753096967109,14.651858180264842,34.600598035027765,6.236651003844511,1.2387868432293891,10,10,10,10,9,0.0,121.9592838,0.0,2.5993057414199416,707.7969942793271,2341,1580,0.6749252456215292,E01016245,Bracknell Forest 003D,E02003354,Bracknell Forest 003,1.1541543390586937,320,15,10,0,345,100,150
11.973,Urban,Urban: Nearer to a major town or city,0.927536232,0.0434782608695652,0.0289855072463768,0.0,206.01700457815568,315,0.743260267,0.8638895076854534,0.2063492063492063,0.2539682539682539,0.0158730158730158,0.0158730158730158,0.6031746031746031,0.0476190476190476,0.0,1.0,0.088293002,0.35,135,3.4663178548070634,7.325049051667756,12.164813603662523,14.32308698495749,36.36363636363637,6.344015696533682,0.9156311314584696,10,10,10,10,9,0.0,111.2548387,0.0,3.013991170161485,1363.8611468170325,1529,1054,0.6893394375408763,E01016246,Bracknell Forest 003E,E02003354,Bracknell Forest 003,0.9953579259620936,320,15,10,0,345,35,100
20.643,Urban,Urban: Nearer to a major town or city,0.927536232,0.0434782608695652,0.0289855072463768,0.0,176.07602012297374,315,0.743260267,0.8638895076854534,0.2063492063492063,0.2539682539682539,0.0158730158730158,0.0158730158730158,0.6031746031746031,0.0476190476190476,0.0,1.0,0.1397428731134712,0.4285714285714285,250,3.465623253214086,8.105086641,12.91224147568474,14.645053102291785,32.42034656232532,5.645612073784237,1.509223029625489,10,9,9,9,9,0.0,117.5021672,0.0,0.78730837,961.2031181703928,1789,1246,0.6964784795975405,E01016247,Bracknell Forest 003F,E02003354,Bracknell Forest 003,1.270150348411799,320,15,10,0,345,75,175
13.869,Urban,Urban: Nearer to a major town or city,0.7322834645669292,0.2125984251968504,0.0472440944881889,0.007874016,254.71698113207543,405,0.8081499107674004,0.9038378076756154,0.1604938271604938,0.345679012,0.0246913580246913,0.0246913580246913,0.4567901234567901,0.086419753,0.0121951219512195,0.9878048780487804,0.1257861635220125,0.6,200,3.710691823899371,9.433962264150944,12.138364779874214,13.71069182389937,20.251572327044027,15.471698113207546,2.4528301886792456,6,5,6,5,4,0.0,125.1983015,0.8,1.4379062091840529,642.9868112319928,1590,1040,0.6540880503144654,E01016248,Bracknell Forest 007C,E02003358,Bracknell Forest 007,0.6954556518449524,465,135,30,5,635,75,125
13.232,Urban,Urban: Nearer to a major town or city,0.7322834645669292,0.2125984251968504,0.0472440944881889,0.007874016,213.83315733896515,405,0.8081499107674004,0.9038378076756154,0.1604938271604938,0.345679012,0.0246913580246913,0.0246913580246913,0.4567901234567901,0.086419753,0.0121951219512195,0.9878048780487804,0.1187961985216473,0.5,225,4.329461457233368,8.342133051742344,10.82365364308342,14.519535374868004,24.604012671594507,11.932418162618797,2.6399155227032733,8,6,8,6,6,0.0,101.3907668,0.0,1.4769707586670748,452.3371670247512,1894,1241,0.6552270327349525,E01016250,Bracknell Forest 007E,E02003358,Bracknell Forest 007,1.3541229494651232,465,135,30,5,635,75,150
29.37,Rural,Smaller rural: Nearer to a major town or city,0.918918919,0.067567568,0.0135135135135135,0.0,239.05723905723903,355,0.7934933544931562,0.8924444444444444,0.1267605633802817,0.323943662,0.028169014084507,0.028169014084507,0.4929577464788732,0.042253521,0.0,1.0,0.2693602693602693,0.6,400,5.185185185185185,6.936026936026936,11.11111111111111,12.65993265993266,33.1986532,15.286195286195287,1.818181818181818,8,10,10,8,7,0.04137931,39.87687688,12.4,0.078393018,1028.7633478009404,1485,910,0.6127946127946128,E01016252,Bracknell Forest 001C,E02003352,Bracknell Forest 001,38.26871405382218,340,25,5,0,370,150,250
11.642,Urban,Urban: Nearer to a major town or city,0.918918919,0.067567568,0.0135135135135135,0.0,260.0732600732601,355,0.7934933544931562,0.8924444444444444,0.1267605633802817,0.323943662,0.028169014084507,0.028169014084507,0.4929577464788732,0.042253521,0.0,1.0,0.076923077,0.4,105,3.8095238095238098,6.080586081,11.135531135531137,15.897435897435896,37.50915750915751,7.6190476190476195,1.684981684981685,10,10,10,10,10,0.0,57.83021442,0.0,0.4399909227202037,1555.5785032861486,1365,968,0.7091575091575092,E01016253,Bracknell Forest 001D,E02003352,Bracknell Forest 001,2.2727741604703824,340,25,5,0,370,30,75
921.035,Rural,Smaller rural: Nearer to a major town or city,0.8121827411167513,0.1472081218274111,0.0304568527918781,0.010152284,560.6860158311346,850,0.8429065743944637,0.91929394959698,0.1,0.3470588235294117,0.1,0.076470588,0.4,0.035294118,0.005847953,0.9941520467836256,8.080474934036939,0.1136363636363636,12250,4.683377308707124,8.509234828496043,11.279683377308707,12.467018469656992,28.034300791556728,16.75461741424802,1.978891820580475,5,7,6,5,5,0.0,66.09442177,50.0,0.6538172783165412,765.7432243304975,1516,904,0.5963060686015831,E01016254,West Berkshire 011A,E02003377,West Berkshire 011,39.76646207,800,145,30,10,985,1250,11000
45.671,Rural,Smaller rural: Nearer to a major town or city,0.8121827411167513,0.1472081218274111,0.0304568527918781,0.010152284,553.7459283387623,850,0.8429065743944637,0.91929394959698,0.1,0.3470588235294117,0.1,0.076470588,0.4,0.035294118,0.005847953,0.9941520467836256,0.5537459283387622,0.4166666666666667,850,2.8664495114006514,6.188925081433225,9.250814332247558,14.006514657980455,35.11400651465798,9.315960912052116,1.758957654723127,7,9,9,8,9,0.0,122.8181034,0.8,0.4918276122196179,981.0734881894718,1535,931,0.606514658,E01016255,West Berkshire 011B,E02003377,West Berkshire 011,48.797585584282274,800,145,30,10,985,250,600
26.794,Rural,Smaller rural: Nearer to a major town or city,0.8736842105263158,0.1157894736842105,0.0105263157894736,0.0,247.20423778693348,420,0.8090859924283397,0.9006663890045814,0.1309523809523809,0.2261904761904762,0.0238095238095238,0.0238095238095238,0.5476190476190477,0.083333333,0.0114942528735632,0.9885057471264368,0.279576221,0.5833333333333334,475,2.942907592701589,5.709240729841083,9.711595055915245,12.419070041200706,47.20423778693349,6.474396703943497,1.9423190111830488,8,10,10,10,10,0.0,173.1188312,0.6,0.0564508157122756,1838.727023543203,1699,1069,0.6291936433195998,E01016256,West Berkshire 003A,E02003369,West Berkshire 003,35.42907174616936,415,55,5,0,475,175,300
18.557,Rural,Smaller rural: Nearer to a major town or city,0.8736842105263158,0.1157894736842105,0.0105263157894736,0.0,319.87814166031984,420,0.8090859924283397,0.9006663890045814,0.1309523809523809,0.2261904761904762,0.0238095238095238,0.0238095238095238,0.5476190476190477,0.083333333,0.0114942528735632,0.9885057471264368,0.2665651180502665,1.0,350,3.046458492003046,4.188880426504189,8.225437928408226,11.50038081,47.98172124904798,6.549885757806551,1.0662604722010662,9,10,10,10,10,0.018018018,139.5209424,1.8,0.017639686,3480.241598439394,1313,812,0.6184310738766184,E01016257,West Berkshire 003B,E02003369,West Berkshire 003,56.690352144416615,415,55,5,0,475,175,175
36.759,Urban,Urban: Nearer to a major town or city,0.9117647058823528,0.0588235294117647,0.0294117647058823,0.0,97.71986971,150,0.718192628,0.84765625,0.1333333333333333,0.4666666666666667,0.033333333,0.033333333,0.3666666666666666,0.033333333,0.0,1.0,0.4071661237785016,0.5625,625,6.905537459283388,11.270358306188925,13.094462540716613,12.899022801302932,21.30293159609121,17.52442996742671,2.214983713355049,9,9,7,6,5,0.0,96.06197719,0.0,1.2028425172862596,1422.7501155804828,1535,879,0.5726384364820847,E01016258,West Berkshire 005A,E02003371,West Berkshire 005,2.4940920834493934,155,10,5,0,170,225,400
375.398,Urban,Urban: Nearer to a major town or city,0.8301886792452831,0.1132075471698113,0.037735849,0.0188679245283018,137.6440460947503,215,0.7789115646258503,0.8921324314702741,0.1162790697674418,0.4651162790697674,0.0232558139534883,0.0232558139534883,0.4186046511627907,0.0465116279069767,0.0,1.0,1.536491677336748,0.6,2400,5.313700384122919,9.411011524,12.99615877080666,15.87708066581306,22.279129321382843,12.99615877080666,1.9206145966709345,10,9,9,7,6,0.0,111.4141791,0.0,3.093532445627121,599.8001210122137,1562,1000,0.6402048655569782,E01016259,West Berkshire 006A,E02003372,West Berkshire 006,2.586040437787695,220,30,10,5,265,900,1500
10.568,Urban,Urban: Nearer to a major town or city,0.8301886792452831,0.1132075471698113,0.037735849,0.0188679245283018,131.74019607843138,215,0.7789115646258503,0.8921324314702741,0.1162790697674418,0.4651162790697674,0.0232558139534883,0.0232558139534883,0.4186046511627907,0.0465116279069767,0.0,1.0,0.091911765,0.5,150,5.208333333333334,9.742647058823527,13.112745098039216,13.541666666666666,29.47303921568628,11.27450980392157,2.083333333333333,10,9,9,8,7,0.0,110.5910646,0.0,3.1678675200264466,752.5866744196865,1632,973,0.5962009803921569,E01016260,West Berkshire 006B,E02003372,West Berkshire 006,0.9470092991688476,220,30,10,5,265,50,100
10.408,Urban,Urban: Nearer to a major town or city,0.9117647058823528,0.0588235294117647,0.0294117647058823,0.0,92.42144177449168,150,0.718192628,0.84765625,0.1333333333333333,0.4666666666666667,0.033333333,0.033333333,0.3666666666666666,0.033333333,0.0,1.0,0.089340727,0.45,145,4.436229205175601,8.502772643253234,14.417744916820702,17.56007393715342,28.40418977202711,6.531115218730746,0.9242144177449167,10,10,10,9,9,0.0,122.7763419,0.0,2.142571472236748,1814.674162757009,1623,1091,0.6722119531731362,E01016261,West Berkshire 005B,E02003371,West Berkshire 005,1.866915550697677,155,10,5,0,170,45,100
16.348,Urban,Urban: Nearer to a major town or city,0.8301886792452831,0.1132075471698113,0.037735849,0.0188679245283018,153.02491103202848,215,0.7789115646258503,0.8921324314702741,0.1162790697674418,0.4651162790697674,0.0232558139534883,0.0232558139534883,0.4186046511627907,0.0465116279069767,0.0,1.0,0.1779359430604982,1.5,250,6.761565836298933,8.540925266903916,11.601423487544483,14.09252669039146,21.99288256227758,11.95729537366548,2.277580071174377,10,10,10,9,7,0.0,104.6753846,0.0,6.243407604010347,1798.305677394443,1405,818,0.5822064056939502,E01016262,West Berkshire 006C,E02003372,West Berkshire 006,0.4805068306084967,220,30,10,5,265,150,100
26.134,Rural,Larger rural: Nearer to a major town or city,0.8795180722891566,0.096385542,0.0240963855421686,0.0,160.60862214708368,380,0.8068814302580536,0.8996875,0.1447368421052631,0.2894736842105263,0.052631579,0.052631579,0.5,0.052631579,0.0,1.0,0.2007607776838546,0.9,475,2.578191039729501,7.100591715976331,11.62299239222316,14.327979712595097,34.277261200338124,6.551141166525781,1.7328825021132712,9,9,10,9,9,0.0,103.109589,0.0,0.034086563,1007.590486682331,2366,1527,0.6453930684699916,E01016263,West Berkshire 007A,E02003373,West Berkshire 007,29.337073662628928,365,40,10,0,415,225,250
63.619,Rural,Smaller rural: Nearer to a major town or city,0.8121827411167513,0.1472081218274111,0.0304568527918781,0.010152284,484.0546697038724,850,0.8429065743944637,0.91929394959698,0.1,0.3470588235294117,0.1,0.076470588,0.4,0.035294118,0.005847953,0.9941520467836256,0.5979498861047836,0.75,1050,1.879271070615034,3.701594533029613,19.19134396355353,8.997722095671982,27.44874715261959,6.605922551252847,1.7084282460136675,7,10,10,8,10,0.015503876,162.5618881,1.6,0.019035089,1104.5367699323754,1756,1067,0.607630979,E01016264,West Berkshire 011C,E02003377,West Berkshire 011,52.53455962194388,800,145,30,10,985,450,600
21.17,Rural,Smaller rural: Nearer to a major town or city,0.8121827411167513,0.1472081218274111,0.0304568527918781,0.010152284,542.4377791959157,850,0.8429065743944637,0.91929394959698,0.1,0.3470588235294117,0.1,0.076470588,0.4,0.035294118,0.005847953,0.9941520467836256,0.1914486279514997,0.7142857142857143,300,3.6375239310784937,7.147415443522655,11.614550095724317,12.380344607530311,35.60944479897894,8.487555839183154,1.0210593490746651,8,8,8,9,9,0.0,121.6862302,0.4,0.0238992738743708,3315.032253059985,1567,955,0.6094447989789407,E01016265,West Berkshire 011D,E02003377,West Berkshire 011,41.84227542881055,800,145,30,10,985,125,175
17.46,Rural,Smaller rural: Nearer to a major town or city,0.8121827411167513,0.1472081218274111,0.0304568527918781,0.010152284,613.7184115523465,850,0.8429065743944637,0.91929394959698,0.1,0.3470588235294117,0.1,0.076470588,0.4,0.035294118,0.005847953,0.9941520467836256,0.1805054151624548,0.6666666666666666,250,3.898916967509025,6.281588448,10.469314079422382,12.92418772563177,35.88447653429603,9.097472924187723,1.8050541516245489,8,8,9,8,8,0.0,169.6854701,0.0,0.2962856174433819,2797.825023268018,1385,839,0.6057761732851985,E01016266,West Berkshire 011E,E02003377,West Berkshire 011,16.87560821596568,800,145,30,10,985,100,150
35.646,Rural,Larger rural: Nearer to a major town or city,0.8125,0.15625,0.015625,0.015625,182.60292164674635,275,0.7933673469387755,0.9040060468631896,0.1454545454545454,0.3272727272727272,0.054545455,0.036363636,0.4727272727272727,0.036363636,0.0,1.0,0.348605577689243,0.75,525,3.386454183266932,6.241699867197875,11.819389110225764,13.41301460823373,35.45816733067729,6.839309428950863,1.7264276228419653,10,10,10,10,10,0.0,64.47858473,0.0,9.084725003,3953.021172368753,1506,919,0.6102257636122178,E01016267,West Berkshire 015A,E02003381,West Berkshire 015,1.320898540750927,260,50,5,5,320,225,300
14.586,Rural,Larger rural: Nearer to a major town or city,0.8125,0.15625,0.015625,0.015625,158.5014409221902,275,0.7933673469387755,0.9040060468631896,0.1454545454545454,0.3272727272727272,0.054545455,0.036363636,0.4727272727272727,0.036363636,0.0,1.0,0.086455331,0.5,150,4.841498559,8.991354467,11.469740634005763,12.103746397694524,25.302593659942364,12.33429395,1.786743515850144,6,5,6,4,6,0.0,43.11788079,0.0,5.115131115988476,3919.6545664259847,1735,1069,0.6161383285302594,E01016268,West Berkshire 015B,E02003381,West Berkshire 015,0.7819936399082936,260,50,5,5,320,50,100
195.014,Rural,Smaller rural: Nearer to a major town or city,0.8125,0.15625,0.015625,0.015625,192.17330538085253,275,0.7933673469387755,0.9040060468631896,0.1454545454545454,0.3272727272727272,0.054545455,0.036363636,0.4727272727272727,0.036363636,0.0,1.0,1.9916142557651992,0.2666666666666666,2850,3.2145352900069883,6.498951781970649,12.299091544374562,12.997903563941298,35.01048218,10.062893081761008,2.0964360587002098,8,9,9,9,8,0.0,59.37171533,0.0,0.3105763702497472,484.4830696380717,1431,909,0.6352201257861635,E01016269,West Berkshire 015C,E02003381,West Berkshire 015,38.637839673218885,260,50,5,5,320,600,2250
29.003,Rural,Smaller rural: Nearer to a major town or city,0.8125,0.15625,0.015625,0.015625,184.3163538873995,275,0.7933673469387755,0.9040060468631896,0.1454545454545454,0.3272727272727272,0.054545455,0.036363636,0.4727272727272727,0.036363636,0.0,1.0,0.087131367,0.3,130,2.8150134048257374,5.697050938337802,10.388739946380698,16.621983914209114,30.89812332439678,5.898123324396782,0.938337802,10,9,10,9,10,0.0,71.19190283,0.0,2.5673529849631347,2777.530610516537,1492,925,0.6199731903485255,E01016270,West Berkshire 015D,E02003381,West Berkshire 015,2.726543658,260,50,5,5,320,30,100
19.35,Urban,Urban: Nearer to a major town or city,0.9642857142857144,0.035714286,0.0,0.0,87.41258741258741,125,0.7455621301775148,0.8587105624142661,0.28,0.44,0.0,0.0,0.48,0.04,0.0,1.0,0.06993007,1.0,100,5.804195804195804,11.818181818181818,12.587412587412588,12.237762237762238,21.818181818181817,18.39160839160839,2.517482517482517,5,4,4,3,3,0.0,108.5777328,0.0,4.485958622808917,502.218216,1430,936,0.6545454545454545,E01016271,West Berkshire 008A,E02003374,West Berkshire 008,0.4458355879233867,135,5,0,0,140,50,50
11.427,Urban,Urban: Nearer to a major town or city,0.8301886792452831,0.1132075471698113,0.037735849,0.0188679245283018,139.42931258106356,215,0.7789115646258503,0.8921324314702741,0.1162790697674418,0.4651162790697674,0.0232558139534883,0.0232558139534883,0.4186046511627907,0.0465116279069767,0.0,1.0,0.1459143968871595,0.5,225,3.501945525291829,8.236057068741893,11.154345006485086,13.488975356679637,34.954604409857325,8.495460440985733,1.6861219195849546,10,9,10,9,8,0.0,84.79393939,3.9,4.951227365597226,307.11250018692914,1542,962,0.6238651102464332,E01016272,West Berkshire 006D,E02003372,West Berkshire 006,3.231521967900994,220,30,10,5,265,75,150
18.041,Urban,Urban: Nearer to a major town or city,0.8301886792452831,0.1132075471698113,0.037735849,0.0188679245283018,125.6575102279369,215,0.7789115646258503,0.8921324314702741,0.1162790697674418,0.4651162790697674,0.0232558139534883,0.0232558139534883,0.4186046511627907,0.0465116279069767,0.0,1.0,0.1168907071887784,0.6,200,4.850964348334308,11.221507890122735,12.27352425482174,10.578609000584454,18.00116890707189,18.93629456458212,2.571595558153127,4,4,3,2,3,0.0,103.2622222,0.0,16.74688052364292,259.27044062468576,1711,1100,0.6428988895382817,E01016273,West Berkshire 006E,E02003372,West Berkshire 006,0.7762639723646954,220,30,10,5,265,75,125
19.35,Urban,Urban: Nearer to a major town or city,0.9642857142857144,0.035714286,0.0,0.0,86.98677800974251,125,0.7455621301775148,0.8587105624142661,0.28,0.44,0.0,0.0,0.48,0.04,0.0,1.0,0.076548365,0.4666666666666667,110,3.827418232428671,9.394572025052192,12.734864300626306,13.70911621433542,29.64509394572025,11.482254697286011,2.2964509394572024,8,7,8,4,6,0.0,109.451378,0.6,9.694150683337686,459.9095856910566,1437,896,0.6235212247738344,E01016274,West Berkshire 008B,E02003374,West Berkshire 008,1.1347048709390095,135,5,0,0,140,35,75
9.553,Urban,Urban: Nearer to a major town or city,0.9642857142857144,0.035714286,0.0,0.0,86.62508662508662,125,0.7455621301775148,0.8587105624142661,0.28,0.44,0.0,0.0,0.48,0.04,0.0,1.0,0.055440055,0.6,80,4.573804573804575,9.147609147609147,13.79071379071379,15.73111573111573,28.27442827442828,8.87040887,2.772002772002772,8,7,8,6,7,0.0,109.9358696,0.0,9.499950835176032,309.1177567603512,1443,1015,0.7033957033957033,E01016275,West Berkshire 008C,E02003374,West Berkshire 008,1.0526370266014855,135,5,0,0,140,30,50
12.042,Urban,Urban: Nearer to a major town or city,0.9642857142857144,0.035714286,0.0,0.0,64.03688524590163,125,0.7455621301775148,0.8587105624142661,0.28,0.44,0.0,0.0,0.48,0.04,0.0,1.0,0.0537909836065573,0.4,105,3.637295081967213,7.120901639344263,9.272540983606556,12.704918032786884,18.442622950819672,7.991803278688526,1.536885245901639,8,6,8,6,6,0.0,126.8138,0.0,2.4809097998007785,255.26688841321675,1952,1278,0.6547131147540983,E01016276,West Berkshire 008D,E02003374,West Berkshire 008,1.6123117415720665,135,5,0,0,140,30,75
88.851,Rural,Smaller rural: Nearer to a major town or city,0.8651685393258427,0.1011235955056179,0.02247191,0.0112359550561797,259.4033722438392,400,0.8129858253315043,0.9072830578512396,0.1875,0.2125,0.0375,0.0375,0.4125,0.0875,0.025,0.975,1.264591439688716,0.56,1950,3.112840467,5.447470817120623,13.294422827496758,11.543450064850845,31.776913099870296,13.553826199740596,1.556420233463035,7,10,10,8,10,0.0,100.5368664,0.8,0.0229047519525656,19.37415862086181,1542,914,0.5927367055771725,E01016277,West Berkshire 001A,E02003367,West Berkshire 001,43.65906262905362,385,45,10,5,445,700,1250
214.484,Urban,Urban: Nearer to a major town or city,0.7872340425531915,0.1276595744680851,0.085106383,0.0,78.85159725030327,195,0.8205128205128205,0.8865784499054821,0.2307692307692307,0.4102564102564102,0.025641026,0.025641026,0.4358974358974359,0.051282051,0.025,0.975,0.6773150020218358,0.1166666666666666,1675,4.164981803477557,8.249090174,10.675293166194905,10.75616659927214,22.64456126162556,13.22280630812778,2.0218358269308534,5,4,5,3,4,0.0,105.720527,0.0,3.968521577595021,314.22351854501375,2473,1750,0.7076425394257986,E01016279,West Berkshire 013A,E02003379,West Berkshire 013,1.0079320275295205,185,30,20,0,235,175,1500
144.277,Urban,Urban: Nearer to a major town or city,0.7872340425531915,0.1276595744680851,0.085106383,0.0,104.27807486631016,195,0.8205128205128205,0.8865784499054821,0.2307692307692307,0.4102564102564102,0.025641026,0.025641026,0.4358974358974359,0.051282051,0.025,0.975,0.5347593582887701,0.6666666666666666,1000,3.8502673796791447,9.946524064171124,11.176470588235295,11.550802139037431,22.35294117647059,17.272727272727273,2.8877005347593583,5,4,5,3,3,0.0,110.6311943,0.0,10.270351765479212,111.93437796577604,1870,1188,0.6352941176470588,E01016280,West Berkshire 013B,E02003379,West Berkshire 013,1.168411781214203,185,30,20,0,235,400,600
144.277,Urban,Urban: Nearer to a major town or city,0.7872340425531915,0.1276595744680851,0.085106383,0.0,132.02437373053485,195,0.8205128205128205,0.8865784499054821,0.2307692307692307,0.4102564102564102,0.025641026,0.025641026,0.4358974358974359,0.051282051,0.025,0.975,0.2234258632362897,0.1,330,4.603926878808395,9.681787407,10.49424509140149,14.285714285714285,25.186188219363576,12.728503723764389,2.3019634394041977,8,8,8,5,6,0.007042254,84.45308642,0.7,6.665884544733711,780.5972457477327,1477,962,0.6513202437373053,E01016281,West Berkshire 013C,E02003379,West Berkshire 013,0.9001055988496255,185,30,20,0,235,30,300
24.532,Urban,Urban: Nearer to a major town or city,0.7872340425531915,0.1276595744680851,0.085106383,0.0,130.1735648,195,0.8205128205128205,0.8865784499054821,0.2307692307692307,0.4102564102564102,0.025641026,0.025641026,0.4358974358974359,0.051282051,0.025,0.975,0.1835781041388518,0.375,275,4.672897196261682,8.344459279038718,13.01735648,15.153538050734314,28.03738317757009,10.41388518024032,1.535380507343124,9,8,10,7,7,0.0,73.68568773,0.0,1.0545623369742236,706.7533607652373,1498,1019,0.6802403204272364,E01016282,West Berkshire 013D,E02003379,West Berkshire 013,0.9482606811743578,185,30,20,0,235,75,200
12.35,Urban,Urban: Nearer to a major town or city,0.8795180722891566,0.096385542,0.0240963855421686,0.0,282.5278810408922,380,0.8068814302580536,0.8996875,0.1447368421052631,0.2894736842105263,0.052631579,0.052631579,0.5,0.052631579,0.0,1.0,0.1301115241635687,0.75,175,4.014869888475837,7.211895910780669,12.490706319702602,15.836431226765798,33.234200743494426,9.888475836431226,2.527881040892193,10,10,9,9,9,0.0,112.123389,0.0,0.1965330368338979,1905.691308924698,1345,866,0.6438661710037175,E01016284,West Berkshire 007D,E02003373,West Berkshire 007,5.088203063005437,365,40,10,0,415,75,100
28.369,Rural,Smaller rural: Further from a major town or city,0.8795180722891566,0.096385542,0.0240963855421686,0.0,248.04177545691903,380,0.8068814302580536,0.8996875,0.1447368421052631,0.2894736842105263,0.052631579,0.052631579,0.5,0.052631579,0.0,1.0,0.3263707571801567,0.6666666666666666,500,3.590078328981724,6.984334203655353,11.553524804177544,14.556135770234988,35.83550914,9.138381201044384,2.154046997389034,6,8,9,8,8,0.0,125.7123077,0.0,0.011367817,2067.4554383070454,1532,957,0.6246736292428199,E01016285,West Berkshire 007E,E02003373,West Berkshire 007,87.96763837046345,365,40,10,0,415,200,300
82.812,Rural,Larger rural: Further from a major town or city,0.8651685393258427,0.1011235955056179,0.02247191,0.0112359550561797,220.62879205736348,400,0.8129858253315043,0.9072830578512396,0.1875,0.2125,0.0375,0.0375,0.4125,0.0875,0.025,0.975,0.6067291781577496,0.375,1100,3.419746276889134,5.4605626034197465,11.638168781025923,14.837286265857694,29.06784335355764,8.439051296194153,1.4892443463872034,7,6,7,8,9,0.0,60.7449827,0.0,0.103984749668688,4580.162537235889,1813,1103,0.6083838940981798,E01016286,West Berkshire 001B,E02003367,West Berkshire 001,38.46717920411055,385,45,10,5,445,300,800
35.901,Rural,Smaller rural: Further from a major town or city,0.8651685393258427,0.1011235955056179,0.02247191,0.0112359550561797,281.2939521800281,400,0.8129858253315043,0.9072830578512396,0.1875,0.2125,0.0375,0.0375,0.4125,0.0875,0.025,0.975,0.3164556962025316,0.5,450,3.305203938115331,6.399437412,12.447257383966246,15.682137834036569,35.16174402250351,9.282700421940929,1.5471167369901548,6,8,9,9,9,0.0,81.75813953,0.7,0.007194204,4257.651671687256,1422,960,0.6751054852320675,E01016287,West Berkshire 001C,E02003367,West Berkshire 001,139.0007779677116,385,45,10,5,445,150,300
29.48,Rural,Smaller rural: Nearer to a major town or city,0.8651685393258427,0.1011235955056179,0.02247191,0.0112359550561797,234.05500292568755,400,0.8129858253315043,0.9072830578512396,0.1875,0.2125,0.0375,0.0375,0.4125,0.0875,0.025,0.975,0.2047981275599766,0.4,350,2.8671737858396726,7.606787595084845,11.702750146284377,13.926272674078408,35.049736688121705,9.479227618490343,2.223522527794032,7,8,10,8,8,0.0,109.4666008,1.5,0.010917979,3201.432362963939,1709,1092,0.638970158,E01016288,West Berkshire 001D,E02003367,West Berkshire 001,91.59204310226086,385,45,10,5,445,100,250
9.482,Urban,Urban: Nearer to a major town or city,0.9411764705882352,0.044117647,0.0147058823529411,0.0,223.7762237762238,320,0.75,0.8680795847750865,0.171875,0.328125,0.015625,0.015625,0.515625,0.078125,0.015625,0.984375,0.052447552,0.5,75,3.006993006993007,5.734265734265734,10.839160839160838,13.286713286713288,39.58041958041958,7.2027972027972025,1.818181818181818,10,10,10,10,10,0.0,95.08821218,0.0,2.374739321863771,194.9373111971117,1430,738,0.5160839160839161,E01016289,West Berkshire 021A,E02003387,West Berkshire 021,3.368790808467072,320,15,5,0,340,25,50
26.385,Urban,Urban: Nearer to a major town or city,0.9411764705882352,0.044117647,0.0147058823529411,0.0,206.4516129032258,320,0.75,0.8680795847750865,0.171875,0.328125,0.015625,0.015625,0.515625,0.078125,0.015625,0.984375,0.2419354838709677,0.5,375,5.548387096774193,7.290322580645162,11.483870967741936,13.161290322580646,32.25806451612903,7.548387096774194,1.870967741935484,9,9,9,10,9,0.0,101.9695489,0.0,9.053536391597325,229.68439125425928,1550,921,0.5941935483870968,E01016290,West Berkshire 021B,E02003387,West Berkshire 021,1.2149948400504813,320,15,5,0,340,125,250
26.558,Urban,Urban: Nearer to a major town or city,0.9411764705882352,0.044117647,0.0147058823529411,0.0,163.76663254861822,320,0.75,0.8680795847750865,0.171875,0.328125,0.015625,0.015625,0.515625,0.078125,0.015625,0.984375,0.2047082906857728,0.7777777777777778,400,3.582395087001024,5.629477993858751,11.003070624360287,12.896622313203684,33.930399181166834,7.727737973387923,1.586489252814739,10,9,9,10,9,0.0,97.20956938,0.0,5.470556316426472,565.6916829310172,1954,1220,0.6243602865916069,E01016291,West Berkshire 021C,E02003387,West Berkshire 021,1.4623741238122991,320,15,5,0,340,175,225
20.26,Urban,Urban: Nearer to a major town or city,0.9411764705882352,0.044117647,0.0147058823529411,0.0,195.95835884874464,320,0.75,0.8680795847750865,0.171875,0.328125,0.015625,0.015625,0.515625,0.078125,0.015625,0.984375,0.1377832210655235,0.8,225,4.225352112676056,7.348438456827925,12.124923453766074,13.59461114513166,25.597060624617267,13.962033067973056,1.653398652786283,8,7,7,6,5,0.0,97.63825758,0.0,4.583173692515782,411.6330835269491,1633,1021,0.6252296387017758,E01016292,West Berkshire 021D,E02003387,West Berkshire 021,0.8727576715086991,320,15,5,0,340,100,125
10.671,Urban,Urban: Nearer to a major town or city,0.9130434782608696,0.072463768,0.0144927536231884,0.0,206.8045363575717,310,0.7299113141628595,0.8772555134773892,0.1451612903225806,0.4193548387096774,0.032258065,0.032258065,0.4354838709677419,0.048387097,0.0,1.0,0.040026684,0.3333333333333333,60,5.070046697798532,8.872581721147432,10.740493662441628,15.343562374916612,30.820547031354234,10.140093395597065,1.9346230820547032,10,10,10,8,7,0.0,101.9849023,0.0,5.85660368,542.9059972,1499,980,0.6537691794529686,E01016294,West Berkshire 020A,E02003386,West Berkshire 020,1.0244845525377024,315,25,5,0,345,15,45
54.295,Urban,Urban: Nearer to a major town or city,0.9130434782608696,0.072463768,0.0144927536231884,0.0,200.38784744667095,310,0.7299113141628595,0.8772555134773892,0.1451612903225806,0.4193548387096774,0.032258065,0.032258065,0.4354838709677419,0.048387097,0.0,1.0,0.3393665158371041,2.0,525,4.007756949,12.087912087912088,10.85972850678733,11.118293471234647,14.091790562378796,17.323852617970264,2.8442146089204914,2,2,2,1,2,0.0,102.9231557,0.0,1.9022994575123668,448.1831363111109,1547,1062,0.6864899806076277,E01016295,West Berkshire 020B,E02003386,West Berkshire 020,1.0513591811750795,315,25,5,0,345,350,175
63.991,Rural,Larger rural: Further from a major town or city,0.86,0.12,0.02,0.0,289.8089171974522,455,0.822069943,0.9134948096885812,0.1098901098901098,0.3296703296703296,0.043956044,0.043956044,0.4395604395604395,0.043956044,0.0,1.0,0.3343949044585987,0.5,525,3.949044585987261,9.171974522292992,11.337579617834397,13.694267515923569,27.38853503184713,13.56687898089172,2.1019108280254777,6,5,7,4,6,0.0,63.05427286,0.0,2.859204162463973,178.43772666340593,1570,990,0.6305732484076433,E01016296,West Berkshire 010A,E02003376,West Berkshire 010,1.0492430164254842,430,60,10,0,500,175,350
18.954,Rural,Larger rural: Further from a major town or city,0.86,0.12,0.02,0.0,250.68870523415976,455,0.822069943,0.9134948096885812,0.1098901098901098,0.3296703296703296,0.043956044,0.043956044,0.4395604395604395,0.043956044,0.0,1.0,0.1101928374655647,1.0,200,4.517906336088155,11.074380165289256,11.570247933884298,10.358126721763083,17.63085399449036,16.47382920110193,1.9283746556473829,5,4,5,3,3,0.0,51.30604027,0.0,0.8021964395880031,1228.5306223319044,1815,1005,0.5537190082644629,E01016297,West Berkshire 010B,E02003376,West Berkshire 010,8.726042219278737,430,60,10,0,500,100,100
220.544,Rural,Smaller rural: Nearer to a major town or city,0.86,0.12,0.02,0.0,368.7196110210697,455,0.822069943,0.9134948096885812,0.1098901098901098,0.3296703296703296,0.043956044,0.043956044,0.4395604395604395,0.043956044,0.0,1.0,1.7828200972447326,0.4666666666666667,2200,3.646677471636953,7.536466775,11.99351702,13.695299837925443,31.847649918962723,10.696920583468396,3.484602917341977,7,7,7,7,7,0.02259887,69.02068376,2.3,0.1689103881466508,233.40303702089943,1234,716,0.580226904,E01016298,West Berkshire 010C,E02003376,West Berkshire 010,59.20298987956758,430,60,10,0,500,700,1500
31.976,Rural,Larger rural: Further from a major town or city,0.86,0.12,0.02,0.0,296.6101694915254,455,0.822069943,0.9134948096885812,0.1098901098901098,0.3296703296703296,0.043956044,0.043956044,0.4395604395604395,0.043956044,0.0,1.0,0.3259452411994785,0.6666666666666666,500,5.345501955671447,8.018252934,11.864406779661016,11.929595827900911,27.77053455019557,11.734028683181226,2.4771838331160363,8,8,8,6,6,0.0,65.43083475,0.0,0.8837264780586174,692.8400904003395,1534,944,0.6153846153846154,E01016299,West Berkshire 010D,E02003376,West Berkshire 010,2.2631436871662234,430,60,10,0,500,200,300
16.309,Rural,Larger rural: Further from a major town or city,0.9010989010989012,0.076923077,0.021978022,0.0,290.7369844,430,0.787686616,0.8873324477720081,0.127906976744186,0.2441860465116279,0.0232558139534883,0.0232558139534883,0.5116279069767442,0.0232558139534883,0.0,1.0,0.1183231913455037,0.75,175,3.8539553752535496,8.045977011494253,10.006761325219744,14.131169709263016,31.10209601081812,10.75050709939148,1.555104800540906,5,6,7,6,7,0.0,51.84920635,0.0,0.6483008975742441,2269.999341001539,1479,891,0.6024340770791075,E01016300,West Berkshire 018A,E02003384,West Berkshire 018,4.627480867642076,410,35,10,0,455,75,100
72.334,Rural,Smaller rural: Further from a major town or city,0.9010989010989012,0.076923077,0.021978022,0.0,213.1879028259792,430,0.787686616,0.8873324477720081,0.127906976744186,0.2441860465116279,0.0232558139534883,0.0232558139534883,0.5116279069767442,0.0232558139534883,0.0,1.0,0.3718393653941497,0.5,750,4.660386713,6.4452156668319285,11.948438274665344,13.68368864650471,37.18393653941497,9.816559246405552,1.834407535944472,7,9,10,8,9,0.0,148.0471477,0.0,0.0241833805859637,958.9758618558784,2017,1189,0.5894893406048587,E01016301,West Berkshire 018B,E02003384,West Berkshire 018,206.7535588015368,410,35,10,0,455,250,500
31.483,Rural,Smaller rural: Further from a major town or city,0.9010989010989012,0.076923077,0.021978022,0.0,282.33749179251475,430,0.787686616,0.8873324477720081,0.127906976744186,0.2441860465116279,0.0232558139534883,0.0232558139534883,0.5116279069767442,0.0232558139534883,0.0,1.0,0.262639527,0.6,400,3.808273145108339,8.273145108338804,12.278397898883782,15.233092580433356,33.749179251477344,12.278397898883782,1.510177281680893,7,7,9,8,7,0.032786885,108.0240343,3.3,0.0451740079331744,2678.325939928448,1523,940,0.6172028890347997,E01016302,West Berkshire 018C,E02003384,West Berkshire 018,44.27324675195048,410,35,10,0,455,150,250
38.562,Rural,Smaller rural: Nearer to a major town or city,0.875,0.1145833333333333,0.0104166666666666,0.0,308.9887640449438,440,0.8178094860615669,0.8910803324099723,0.2386363636363636,0.2613636363636363,0.0454545454545454,0.0454545454545454,0.2954545454545454,0.0454545454545454,0.0,1.0,0.351123596,0.4285714285714285,500,5.617977528089887,8.216292135,12.5,15.730337078651685,31.67134831460674,11.30617978,2.247191011235955,6,7,10,6,7,0.0,96.38740458,0.7,0.0125537758953463,2014.312935273264,1424,866,0.6081460674157303,E01016303,West Berkshire 002A,E02003368,West Berkshire 002,79.65730855293457,420,55,5,0,480,150,350
107.702,Rural,Larger rural: Nearer to a major town or city,0.875,0.1145833333333333,0.0104166666666666,0.0,279.5425667090216,440,0.8178094860615669,0.8910803324099723,0.2386363636363636,0.2613636363636363,0.0454545454545454,0.0454545454545454,0.2954545454545454,0.0454545454545454,0.0,1.0,0.6988564167725541,0.375,1100,5.273189326556544,9.402795426,12.007623888182971,15.819567979669632,28.52604828462516,12.261753494282084,1.9695044472681067,6,7,8,4,5,0.0,93.99368421,3.2,0.0228323494507804,2144.801389322416,1574,973,0.6181702668360864,E01016304,West Berkshire 002B,E02003368,West Berkshire 002,87.59501532294719,420,55,5,0,480,300,800
36.582,Rural,Larger rural: Nearer to a major town or city,0.875,0.1145833333333333,0.0104166666666666,0.0,360.65573770491807,440,0.8178094860615669,0.8910803324099723,0.2386363636363636,0.2613636363636363,0.0454545454545454,0.0454545454545454,0.2954545454545454,0.0454545454545454,0.0,1.0,0.4508196721311475,0.8333333333333334,550,6.721311475409836,7.950819672131147,12.704918032786884,16.557377049180328,28.36065573770492,14.754098360655735,2.0491803278688523,6,7,9,4,7,0.0,63.4384913,19.0,0.046458747,5604.712547166004,1220,802,0.6573770491803279,E01016305,West Berkshire 002C,E02003368,West Berkshire 002,64.57341545973561,420,55,5,0,480,250,300
17.139,Rural,Larger rural: Nearer to a major town or city,0.875,0.1145833333333333,0.0104166666666666,0.0,323.5294117647059,440,0.8178094860615669,0.8910803324099723,0.2386363636363636,0.2613636363636363,0.0454545454545454,0.0454545454545454,0.2954545454545454,0.0454545454545454,0.0,1.0,0.1286764705882352,0.75,175,5.367647058823529,10.36764705882353,11.617647058823527,12.794117647058822,19.044117647058822,19.48529411764705,1.3235294117647058,4,4,5,2,3,0.0,87.39887892,0.0,0.4206653570116222,3915.355713724701,1360,811,0.5963235294117647,E01016306,West Berkshire 002D,E02003368,West Berkshire 002,2.3771864816820933,420,55,5,0,480,75,100
19.937,Rural,Larger rural: Nearer to a major town or city,0.8615384615384616,0.123076923076923,0.0153846153846153,0.0,173.02052785923755,295,0.7848319448434358,0.901367188,0.1186440677966101,0.3389830508474576,0.050847458,0.050847458,0.4406779661016949,0.084745763,0.0,1.0,0.1319648093841642,0.8,225,4.164222873900293,8.680351906158359,10.909090909090908,13.48973607038123,26.920821114369502,14.076246334310852,2.0527859237536656,6,5,5,6,6,0.0,51.75589587,0.0,1.5384820372754824,6007.72094476544,1705,1045,0.6129032258064516,E01016307,West Berkshire 022A,E02003388,West Berkshire 022,1.9499740180995149,280,40,5,0,325,100,125
38.581,Rural,Larger rural: Nearer to a major town or city,0.8615384615384616,0.123076923076923,0.0153846153846153,0.0,145.8230350963915,295,0.7848319448434358,0.901367188,0.1186440677966101,0.3389830508474576,0.050847458,0.050847458,0.4406779661016949,0.084745763,0.0,1.0,0.2100840336134453,0.4166666666666667,425,3.460207612456748,5.9812160158180925,11.220958971824023,10.874938210578348,38.80375679683638,6.772120612951063,1.4335145823035098,9,9,9,10,10,0.012738854,75.334757,5.1,0.1201807875876319,3994.2855359166974,2023,1190,0.5882352941176471,E01016308,West Berkshire 022B,E02003388,West Berkshire 022,33.28319010293828,280,40,5,0,325,125,300
99.26,Rural,Smaller rural: Nearer to a major town or city,0.7251908396946565,0.2061068702290076,0.053435115,0.015267175572519,216.6802943581357,530,0.8635636730914906,0.914485767,0.1509433962264151,0.3396226415094339,0.056603774,0.047169811,0.490566037735849,0.037735849,0.009345794,0.9906542056074766,0.5519215044971382,0.35,1350,3.8430089942763694,8.013082583810302,11.61079313,13.164349959116924,31.84791496320523,8.994276369582993,2.2076860179885527,7,8,9,7,7,0.014925373,95.04921053,1.5,0.1402277449457816,4186.189577298175,2446,1604,0.6557645134914145,E01016309,West Berkshire 022C,E02003375,West Berkshire 009,57.050050994495855,475,135,35,10,655,350,1000
118.428,Urban,Urban: Nearer to a major town or city,0.8333333333333334,0.1111111111111111,0.0444444444444444,0.0111111111111111,188.48700967906265,370,0.8089053803339518,0.8911967153725395,0.1891891891891892,0.2567567567567567,0.0135135135135135,0.0135135135135135,0.5945945945945946,0.054054054,0.0,1.0,0.891492613,0.4,1750,3.667855323484463,10.239429444727458,10.64696892511462,11.869587366276107,28.27305145,16.760061130922058,2.699949057564952,6,4,5,5,4,0.0,71.40099432,0.0,3.8004338464489673,212.16972053059004,1963,1199,0.6107997962302598,E01016310,West Berkshire 012A,E02003378,West Berkshire 012,1.5787671203923872,375,50,20,5,450,500,1250
908.411,Urban,Urban: Nearer to a major town or city,0.8333333333333334,0.1111111111111111,0.0444444444444444,0.0111111111111111,219.5845697329377,370,0.8089053803339518,0.8911967153725395,0.1891891891891892,0.2567567567567567,0.0135135135135135,0.0135135135135135,0.5945945945945946,0.054054054,0.0,1.0,1.513353115727003,0.4571428571428571,2550,4.569732938,7.062314540059347,10.148367952522255,11.632047477744807,38.93175074183976,10.919881305637984,2.373887240356084,9,8,9,9,8,0.0,83.0453149,0.0,0.5707936522565431,439.0650583990576,1685,1094,0.6492581602373887,E01016311,West Berkshire 012B,E02003378,West Berkshire 012,1.7519466028514106,375,50,20,5,450,800,1750
17.609,Urban,Urban: Nearer to a major town or city,0.9130434782608696,0.072463768,0.0144927536231884,0.0,153.54135710747897,310,0.7299113141628595,0.8772555134773892,0.1451612903225806,0.4193548387096774,0.032258065,0.032258065,0.4354838709677419,0.048387097,0.0,1.0,0.1733531451213472,0.5555555555555556,350,3.368003962357603,8.865775136206043,10.30212976721149,12.035661218424965,33.43239227340267,11.788013868251609,1.2877662209014362,7,6,6,6,6,0.0,84.34424658,0.0,3.769702330059296,875.3384864977057,2019,1395,0.6909361069836553,E01016312,West Berkshire 020C,E02003386,West Berkshire 020,0.7958188040679622,315,25,5,0,345,125,225
53.909,Rural,Larger rural: Nearer to a major town or city,0.8736842105263158,0.1157894736842105,0.0105263157894736,0.0,233.85300668151447,420,0.8090859924283397,0.9006663890045814,0.1309523809523809,0.2261904761904762,0.0238095238095238,0.0238095238095238,0.5476190476190477,0.083333333,0.0114942528735632,0.9885057471264368,0.3897550111358575,0.4,700,3.897550111358575,6.792873051224944,10.579064587973273,11.971046770601337,31.29175946547884,9.298440979955457,2.060133630289532,8,7,8,8,8,0.0,49.85575843,0.0,0.9948922425141968,127.51304370325428,1796,1070,0.5957683741648107,E01016313,West Berkshire 003C,E02003369,West Berkshire 003,2.010267961,415,55,5,0,475,200,500
62.702,Rural,Smaller rural: Nearer to a major town or city,0.8736842105263158,0.1157894736842105,0.0105263157894736,0.0,264.3171806167401,420,0.8090859924283397,0.9006663890045814,0.1309523809523809,0.2261904761904762,0.0238095238095238,0.0238095238095238,0.5476190476190477,0.083333333,0.0114942528735632,0.9885057471264368,0.4719949653870359,0.5,750,2.454373820012586,4.845814977973569,12.08307111390812,9.565764631843928,44.49339207048458,6.419131529263687,1.5733165512901195,9,10,10,8,10,0.0,94.3573741,1.5,0.064468418,1572.0527590261634,1589,954,0.6003775959723097,E01016314,West Berkshire 003D,E02003369,West Berkshire 003,15.511471007362838,415,55,5,0,475,250,500
24.392,Urban,Urban: Nearer to a major town or city,0.9375,0.0625,0.0,0.0,132.04225352112675,225,0.777882798,0.8646446355817112,0.1555555555555555,0.4,0.0222222222222222,0.0222222222222222,0.4444444444444444,0.066666667,0.0,1.0,0.2053990610328638,0.75,350,5.046948356807512,8.509389671361504,11.208920187793426,12.617370892018778,33.21596244131456,8.978873239,1.8779342723004693,9,9,9,9,9,0.0,108.6989708,7.9,0.1431996085680421,887.8146667839658,1704,1029,0.6038732394366197,E01016315,West Berkshire 004A,E02003370,West Berkshire 004,20.94977793584214,225,15,0,0,240,150,200
17.844,Urban,Urban: Nearer to a major town or city,0.9375,0.0625,0.0,0.0,108.43373493975903,225,0.777882798,0.8646446355817112,0.1555555555555555,0.4,0.0222222222222222,0.0222222222222222,0.4444444444444444,0.066666667,0.0,1.0,0.096385542,0.6,200,5.0602409638554215,6.8915662650602405,10.55421686746988,15.614457831325302,33.10843373493976,8.048192771084338,1.686746987951807,9,9,9,9,9,0.0,112.3644699,0.0,0.2345206299621335,239.9331764116488,2075,1328,0.64,E01016316,West Berkshire 004B,E02003370,West Berkshire 004,8.528034400738761,225,15,0,0,240,75,125
9.864,Urban,Urban: Nearer to a major town or city,0.9375,0.0625,0.0,0.0,147.8318002628121,225,0.777882798,0.8646446355817112,0.1555555555555555,0.4,0.0222222222222222,0.0222222222222222,0.4444444444444444,0.066666667,0.0,1.0,0.1806833114323258,0.8333333333333334,275,3.416557161629435,6.044678055190539,11.169513797634693,11.892247043363994,36.07095926412615,12.352168199737187,1.3797634691195797,7,7,5,7,6,0.0,92.38950495,3.3,2.242726603235984,181.4226679590681,1522,904,0.5939553219448095,E01016317,West Berkshire 004C,E02003370,West Berkshire 004,1.7835432969085407,225,15,0,0,240,125,150
12.949,Urban,Urban: Nearer to a major town or city,0.9375,0.0625,0.0,0.0,147.54098360655738,225,0.777882798,0.8646446355817112,0.1555555555555555,0.4,0.0222222222222222,0.0222222222222222,0.4444444444444444,0.066666667,0.0,1.0,0.098360656,1.0,150,5.901639344262295,8.459016393442623,11.934426229508196,13.836065573770492,26.36065573770492,11.868852459016392,2.1639344262295084,10,9,9,8,7,0.0,104.7878676,0.0,1.2109783559802765,380.7626726846544,1525,916,0.600655738,E01016318,West Berkshire 004D,E02003370,West Berkshire 004,0.8257785905599515,225,15,0,0,240,75,75
26.316,Urban,Urban: Nearer to a major town or city,0.9130434782608696,0.072463768,0.0144927536231884,0.0,165.24520255863538,310,0.7299113141628595,0.8772555134773892,0.1451612903225806,0.4193548387096774,0.032258065,0.032258065,0.4354838709677419,0.048387097,0.0,1.0,0.093283582,0.75,175,3.8379530916844353,5.970149253731343,11.194029850746269,10.767590618336886,31.18336886993604,14.76545842217484,2.6119402985074625,7,5,7,8,7,0.0,92.34125364,0.0,12.646219621267738,365.9324103516451,1876,1093,0.5826226012793176,E01016319,West Berkshire 020D,E02003386,West Berkshire 020,1.1070502030864264,315,25,5,0,345,75,100
17.587,Urban,Urban: Nearer to a major town or city,0.9130434782608696,0.072463768,0.0144927536231884,0.0,207.63563295378432,310,0.7299113141628595,0.8772555134773892,0.1451612903225806,0.4193548387096774,0.032258065,0.032258065,0.4354838709677419,0.048387097,0.0,1.0,0.1339584728734092,0.6,200,3.817816476892164,6.496985934360349,9.979906229068987,11.252511721366377,36.16878768,9.645010046885464,1.2726054922973875,8,7,6,9,8,0.0,93.51107011,0.0,6.557277567396085,304.9856510168209,1493,957,0.6409912926992632,E01016320,West Berkshire 020E,E02003386,West Berkshire 020,0.7625115680417225,315,25,5,0,345,75,125
15.046,Urban,Urban: Nearer to a major town or city,0.9411764705882352,0.044117647,0.0147058823529411,0.0,189.46121965660157,320,0.75,0.8680795847750865,0.171875,0.328125,0.015625,0.015625,0.515625,0.078125,0.015625,0.984375,0.097690941,0.32,165,3.611604499703968,7.460035523978685,10.301953818827709,11.663706335109532,31.97158081705151,10.479573712255773,2.07223209,6,6,5,7,7,0.0,95.90142857,4.1,7.887244672842609,513.2689732519215,1689,1048,0.620485494,E01016321,West Berkshire 021E,E02003387,West Berkshire 021,0.8875089198262641,320,15,5,0,340,40,125
10.682,Urban,Urban: Nearer to a major town or city,0.9411764705882352,0.044117647,0.0147058823529411,0.0,220.2339986235375,320,0.75,0.8680795847750865,0.171875,0.328125,0.015625,0.015625,0.515625,0.078125,0.015625,0.984375,0.120440467997247,0.4,175,4.267033723331039,5.574673090158293,9.015829318651068,11.906400550584996,37.71507226,7.226428079834825,1.3764624913971095,10,10,10,10,10,0.0,95.83877069,0.0,6.351091249012754,362.2033271335556,1453,873,0.6008258774948383,E01016322,West Berkshire 021F,E02003387,West Berkshire 021,1.5745325658097655,320,15,5,0,340,50,125
23.136,Urban,Urban: Nearer to a major town or city,0.8333333333333334,0.1111111111111111,0.0444444444444444,0.0111111111111111,230.67331670822944,370,0.8089053803339518,0.8911967153725395,0.1891891891891892,0.2567567567567567,0.0135135135135135,0.0135135135135135,0.5945945945945946,0.054054054,0.0,1.0,0.3273067331670823,0.5,525,3.990024938,6.296758104738156,9.102244389027431,11.658354114713216,26.870324189526183,11.596009975062344,1.8703241895261848,9,9,8,8,7,0.0,70.04765625,0.0,0.4099009702526992,701.7302670482379,1604,906,0.5648379052369077,E01016323,West Berkshire 012C,E02003378,West Berkshire 012,7.318840934068866,375,50,20,5,450,175,350
908.411,Urban,Urban: Nearer to a major town or city,0.8333333333333334,0.1111111111111111,0.0444444444444444,0.0111111111111111,203.2967032967033,370,0.8089053803339518,0.8911967153725395,0.1891891891891892,0.2567567567567567,0.0135135135135135,0.0135135135135135,0.5945945945945946,0.054054054,0.0,1.0,3.021978021978022,0.1,5500,3.2417582417582422,7.967032967032966,9.065934065934066,10.43956043956044,22.41758241758242,10.164835164835164,1.5384615384615383,7,5,7,4,6,0.0,76.33611111,0.0,0.7212760946600406,1006.4509216088808,1820,1147,0.6302197802197802,E01016324,West Berkshire 012D,E02003378,West Berkshire 012,18.023611341406365,375,50,20,5,450,500,5000
12.808,Urban,Urban: Nearer to a major town or city,0.8333333333333334,0.1111111111111111,0.0444444444444444,0.0111111111111111,231.82957393483707,370,0.8089053803339518,0.8911967153725395,0.1891891891891892,0.2567567567567567,0.0135135135135135,0.0135135135135135,0.5945945945945946,0.054054054,0.0,1.0,0.078320802,0.6666666666666666,125,3.508771929824561,8.897243107769423,11.027568922305765,11.027568922305765,22.99498746867168,16.478696741854638,2.0676691729323307,5,4,4,5,4,0.0,97.14378819,0.0,3.3102850059124624,174.0411929014599,1596,971,0.6083959899749374,E01016325,West Berkshire 012E,E02003378,West Berkshire 012,0.6041775848387141,375,50,20,5,450,50,75
51.98,Rural,Smaller rural: Nearer to a major town or city,0.9010989010989012,0.076923077,0.021978022,0.0,313.18281136198107,430,0.787686616,0.8873324477720081,0.127906976744186,0.2441860465116279,0.0232558139534883,0.0232558139534883,0.5116279069767442,0.0232558139534883,0.0,1.0,0.4552075746540422,0.3888888888888889,625,2.9133284777858703,5.243991260014567,11.726147123088127,13.03714493809177,38.89293517844137,10.852148579752368,1.7479970866715222,7,9,10,10,10,0.0,135.8625,2.3,0.0233900545398703,2289.028543,1373,863,0.6285506190823015,E01016326,West Berkshire 018D,E02003384,West Berkshire 018,85.50642738309269,410,35,10,0,455,175,450
155.845,Rural,Smaller rural: Nearer to a major town or city,0.7251908396946565,0.2061068702290076,0.053435115,0.015267175572519,428.10985460420034,530,0.8635636730914906,0.914485767,0.1509433962264151,0.3396226415094339,0.056603774,0.047169811,0.490566037735849,0.037735849,0.009345794,0.9906542056074766,0.5048465266558966,0.25,625,4.281098546042003,7.592891760904685,9.450726978998384,13.166397415185784,32.956381260096926,11.22778675282714,2.2617124394184165,7,9,9,7,7,0.0,100.5033079,0.0,0.2911630543218089,1412.2243644599632,1238,804,0.6494345718901454,E01016327,West Berkshire 009A,E02003375,West Berkshire 009,20.60701009602846,475,135,35,10,655,125,500
62.111,Rural,Smaller rural: Nearer to a major town or city,0.7251908396946565,0.2061068702290076,0.053435115,0.015267175572519,257.28155339805824,530,0.8635636730914906,0.914485767,0.1509433962264151,0.3396226415094339,0.056603774,0.047169811,0.490566037735849,0.037735849,0.009345794,0.9906542056074766,0.2912621359223301,0.2,600,3.0097087378640777,6.650485436893204,11.116504854368932,13.640776699029123,26.65048543689321,10.631067961165048,2.135922330097088,6,6,7,5,7,0.0,77.81169231,0.0,0.1933092518234473,437.8601923527901,2060,1358,0.6592233009708738,E01016328,West Berkshire 009B,E02003375,West Berkshire 009,41.38446517452013,475,135,35,10,655,100,500
8.045,Urban,Urban: Nearer to a major town or city,0.926829268,0.073170732,0.0,0.0,135.73000733675715,185,0.7520775623268698,0.874479477,0.1081081081081081,0.5135135135135135,0.054054054,0.054054054,0.2972972972972973,0.054054054,0.0,1.0,0.0220102714600146,0.2,30,5.722670579603815,10.638297872340424,15.04035216434336,18.19515774,26.41232575201761,9.904622157006605,1.9809244314013204,10,10,10,7,7,0.0,105.4352827,0.0,3.2337183069180293,700.3062309068783,1363,957,0.7021276595744681,E01016329,West Berkshire 014A,E02003380,West Berkshire 014,0.6184830619665652,190,15,0,0,205,5,25
15.442,Urban,Urban: Nearer to a major town or city,0.875,0.1041666666666666,0.0208333333333333,0.0,144.4043321299639,200,0.7758053911900066,0.9149305555555556,0.1,0.5,0.05,0.05,0.325,0.05,0.0,1.0,0.072202166,1.0,100,5.631768953068592,9.530685920577616,13.068592057761732,17.545126353790614,22.454873646209386,14.223826714801444,2.166064981949458,8,7,7,5,5,0.0,85.47527473,0.0,6.740383786338488,623.7040735739185,1385,909,0.6563176895306859,E01016330,West Berkshire 016A,E02003382,West Berkshire 016,0.4450785140870532,210,25,5,0,240,50,50
11.117,Urban,Urban: Nearer to a major town or city,0.875,0.1041666666666666,0.0208333333333333,0.0,125.47051442910916,200,0.7758053911900066,0.9149305555555556,0.1,0.5,0.05,0.05,0.325,0.05,0.0,1.0,0.053324969,0.8888888888888888,85,4.830614805520702,11.480552070263489,12.48431618569636,14.366373902132995,17.94228356336261,11.91969887076537,1.1292346298619824,6,5,5,3,4,0.0,105.1865546,0.0,3.5368054207097304,381.9267135086288,1594,1063,0.6668757841907151,E01016331,West Berkshire 016B,E02003382,West Berkshire 016,0.5654820557243605,210,25,5,0,240,40,45
46.96,Urban,Urban: Nearer to a major town or city,0.875,0.1041666666666666,0.0208333333333333,0.0,122.4739742804654,200,0.7758053911900066,0.9149305555555556,0.1,0.5,0.05,0.05,0.325,0.05,0.0,1.0,0.4592774035517452,0.875,750,5.327617881200245,9.797917942437232,10.349050826699328,12.431108389467235,21.18799755052052,18.37109614206981,2.3270055113288426,6,6,6,4,4,0.0,78.87709815,0.0,9.943221642441882,121.75142692064252,1633,907,0.5554194733619106,E01016332,West Berkshire 016C,E02003382,West Berkshire 016,1.307423334959214,210,25,5,0,240,350,400
17.935,Urban,Urban: Nearer to a major town or city,0.8604651162790697,0.1162790697674418,0.0232558139534883,0.0,144.4184231069477,185,0.7659279778393352,0.8934240362811792,0.1891891891891892,0.3513513513513513,0.027027027,0.027027027,0.4324324324324324,0.081081081,0.0,1.0,0.1366120218579235,0.75,175,2.888368462138954,8.274785323965652,11.553473848555816,16.081186572989854,32.16237314597971,7.025761124,1.1709601873536302,10,10,10,9,8,0.0,59.9212,0.0,0.4914198777064728,818.7661301950245,1281,870,0.6791569086651054,E01016333,West Berkshire 017A,E02003383,West Berkshire 017,10.174598600560724,185,25,5,0,215,75,100
24.863,Urban,Urban: Nearer to a major town or city,0.875,0.1041666666666666,0.0208333333333333,0.0,118.90606420927467,200,0.7758053911900066,0.9149305555555556,0.1,0.5,0.05,0.05,0.325,0.05,0.0,1.0,0.1040428061831153,0.4,175,3.804994054696789,9.393579073,13.13912009512485,13.61474435196195,26.51605231866825,13.674197384066588,1.605231866825208,7,6,7,5,5,0.0,97.90072993,0.0,1.4085056374056002,366.71097189747474,1682,1147,0.6819262782401903,E01016334,West Berkshire 016D,E02003382,West Berkshire 016,0.7099723092638465,210,25,5,0,240,50,125
10.767,Urban,Urban: Nearer to a major town or city,0.8604651162790697,0.1162790697674418,0.0232558139534883,0.0,124.16107382550337,185,0.7659279778393352,0.8934240362811792,0.1891891891891892,0.3513513513513513,0.027027027,0.027027027,0.4324324324324324,0.081081081,0.0,1.0,0.090604027,0.35,135,4.362416107382551,8.389261744966444,14.899328859060404,16.308724832214764,26.308724832214764,8.590604026845638,1.6778523489932886,10,9,9,9,8,0.0,97.85268022,0.0,5.400813126273227,760.7852404773603,1490,975,0.6543624161073825,E01016335,West Berkshire 017B,E02003383,West Berkshire 017,0.9257865219732564,185,25,5,0,215,35,100
11.744,Urban,Urban: Nearer to a major town or city,0.875,0.1041666666666666,0.0208333333333333,0.0,152.0912547528517,200,0.7758053911900066,0.9149305555555556,0.1,0.5,0.05,0.05,0.325,0.05,0.0,1.0,0.068441065,1.0,90,5.779467680608365,11.55893536121673,10.494296577946768,12.47148288973384,14.67680608365019,20.988593155893536,2.2053231939163496,3,2,3,1,2,0.0,96.30024331,0.0,11.224602735480705,229.4726839897829,1315,804,0.6114068441064638,E01016336,West Berkshire 016E,E02003382,West Berkshire 016,0.3563600507086183,210,25,5,0,240,45,45
42.611,Urban,Urban: Nearer to a major town or city,0.8604651162790697,0.1162790697674418,0.0232558139534883,0.0,79.67269595176572,185,0.7659279778393352,0.8934240362811792,0.1891891891891892,0.3513513513513513,0.027027027,0.027027027,0.4324324324324324,0.081081081,0.0,1.0,0.247631352282515,0.6428571428571429,575,4.134366925,8.613264427217917,12.446167097329887,14.814814814814811,22.22222222222222,12.446167097329887,1.4642549526270456,8,6,7,5,6,0.0,103.5338912,0.0,3.008455173272467,1292.3214198502478,2322,1490,0.6416881998277347,E01016337,West Berkshire 017C,E02003383,West Berkshire 017,3.988758119652127,185,25,5,0,215,225,350
21.234,Urban,Urban: Nearer to a major town or city,0.8604651162790697,0.1162790697674418,0.0232558139534883,0.0,107.2463768115942,185,0.7659279778393352,0.8934240362811792,0.1891891891891892,0.3513513513513513,0.027027027,0.027027027,0.4324324324324324,0.081081081,0.0,1.0,0.144927536231884,1.0,250,4.3478260869565215,9.449275362,14.08695652173913,14.318840579710146,30.60869565217391,10.144927536231885,1.7971014492753623,10,9,10,8,7,0.0,103.069771,0.0,2.0626214036683166,336.6596602631388,1725,1129,0.6544927536231884,E01016338,West Berkshire 017D,E02003383,West Berkshire 017,0.969639894,185,25,5,0,215,125,125
290.455,Urban,Urban: Nearer to a major town or city,0.8121827411167513,0.1472081218274111,0.0304568527918781,0.010152284,286.484664644422,850,0.8429065743944637,0.91929394959698,0.1,0.3470588235294117,0.1,0.076470588,0.4,0.035294118,0.005847953,0.9941520467836256,1.584091675092686,0.175,4700,3.9433771486349847,8.324907314,11.45938658577688,12.976070104482645,26.59251769464105,11.661611054937646,2.0222446916076846,8,6,6,7,6,0.0,85.26641075,0.0,0.7300149724041868,2215.3914591031325,2967,1950,0.6572295247724975,E01016339,West Berkshire 011F,E02003377,West Berkshire 011,27.396698363779063,800,145,30,10,985,700,4000
16.743,Urban,Urban: Nearer to a major town or city,0.926829268,0.073170732,0.0,0.0,90.81983308787431,185,0.7520775623268698,0.874479477,0.1081081081081081,0.5135135135135135,0.054054054,0.054054054,0.2972972972972973,0.054054054,0.0,1.0,0.1104565537555228,0.5,225,5.105547374,8.787432498772704,11.73294059891998,14.187530682376044,20.0785468826706,15.218458517427589,2.061855670103093,6,6,6,3,5,0.0,95.51016692,0.0,5.685526262834577,234.66968990221983,2037,1302,0.6391752577319587,E01016340,West Berkshire 014B,E02003380,West Berkshire 014,1.582966920552568,190,15,0,0,205,75,150
11.828,Urban,Urban: Nearer to a major town or city,0.926829268,0.073170732,0.0,0.0,142.7469135802469,185,0.7520775623268698,0.874479477,0.1081081081081081,0.5135135135135135,0.054054054,0.054054054,0.2972972972972973,0.054054054,0.0,1.0,0.077160494,1.0,100,5.709876543209877,10.87962962962963,11.265432098765432,18.132716049382715,21.219135802469136,14.19753086419753,1.5432098765432098,7,6,6,4,4,0.0,100.5665924,0.0,1.4281152855752144,582.6869759388934,1296,841,0.6489197530864198,E01016341,West Berkshire 014C,E02003380,West Berkshire 014,1.4004471629154522,190,15,0,0,205,50,50
42.199,Urban,Urban: Nearer to a major town or city,0.926829268,0.073170732,0.0,0.0,88.98508898508899,185,0.7520775623268698,0.874479477,0.1081081081081081,0.5135135135135135,0.054054054,0.054054054,0.2972972972972973,0.054054054,0.0,1.0,0.1563251563251563,0.4444444444444444,325,5.57960558,9.571909571909572,12.987012987012983,16.354016354016355,24.146224146224142,9.62000962,1.443001443001443,9,8,9,6,6,0.0,96.31056911,0.0,2.7520891730912456,145.3616336635833,2079,1472,0.708032708,E01016342,West Berkshire 014D,E02003380,West Berkshire 014,4.360323828650206,190,15,0,0,205,100,225
11.051,Urban,Urban: Nearer to a major town or city,0.926829268,0.073170732,0.0,0.0,136.12950699043412,185,0.7520775623268698,0.874479477,0.1081081081081081,0.5135135135135135,0.054054054,0.054054054,0.2972972972972973,0.054054054,0.0,1.0,0.073583517,0.3333333333333333,100,6.181015452538632,11.037527593818984,13.90728476821192,16.777041942604857,22.958057395143488,14.863870493009564,3.090507726269316,10,10,10,7,6,0.0,107.0974576,0.0,1.5965841994526042,614.0178088285287,1359,800,0.5886681383370125,E01016343,West Berkshire 014E,E02003380,West Berkshire 014,0.6263371517411073,190,15,0,0,205,25,75
812.685,Rural,Larger rural: Nearer to a major town or city,0.7251908396946565,0.2061068702290076,0.053435115,0.015267175572519,332.91457286432166,530,0.8635636730914906,0.914485767,0.1509433962264151,0.3396226415094339,0.056603774,0.047169811,0.490566037735849,0.037735849,0.009345794,0.9906542056074766,7.851758793969849,0.3888888888888889,12500,4.648241206030151,8.354271357,12.5,13.944723618090451,25.0,17.08542713567839,1.6959798994974875,6,5,5,6,5,0.0,85.49225908,0.0,0.4644889717049767,288.1427616887649,1592,1054,0.6620603015075377,E01016344,West Berkshire 009C,E02003375,West Berkshire 009,4.305807288941002,475,135,35,10,655,3500,9000
567.086,Rural,Larger rural: Nearer to a major town or city,0.7251908396946565,0.2061068702290076,0.053435115,0.015267175572519,351.4588859416445,530,0.8635636730914906,0.914485767,0.1509433962264151,0.3396226415094339,0.056603774,0.047169811,0.490566037735849,0.037735849,0.009345794,0.9906542056074766,3.149867374005305,0.3571428571428571,4750,4.111405835543767,8.289124668435013,11.20689655172414,15.251989389920425,28.116710875331563,11.140583554376658,1.4588859416445623,9,8,9,8,7,0.0,111.0247273,0.0,1.8342107827714496,47.23256616363972,1508,983,0.6518567639257294,E01016345,West Berkshire 009D,E02003375,West Berkshire 009,5.451936110031059,475,135,35,10,655,1250,3500
270.083,Urban,Urban: Nearer to a major town or city,0.7586206896551724,0.2068965517241379,0.0275862068965517,0.006896552,638.7403446226975,1075,0.8415553526301259,0.9244470868014268,0.1302325581395348,0.3441860465116279,0.074418605,0.069767442,0.4372093023255814,0.060465116,0.004651163,0.9953488372093025,2.3767082590612003,0.3333333333333333,4000,3.4462269756387403,6.476530006,9.031491384,12.715389185977422,28.04515745692217,13.368983957219251,1.9013666072489603,5,5,5,5,5,0.0,56.61833085,0.0,4.667260861705217,124.93609562790616,1683,1156,0.6868686868686869,E01016346,West Berkshire 019B,E02003385,West Berkshire 019,2.142584332932792,1100,300,40,10,1450,1000,3000
96.538,Urban,Urban: Nearer to a major town or city,0.7586206896551724,0.2068965517241379,0.0275862068965517,0.006896552,428.4575528098844,1075,0.8415553526301259,0.9244470868014268,0.1302325581395348,0.3441860465116279,0.074418605,0.069767442,0.4372093023255814,0.060465116,0.004651163,0.9953488372093025,0.7373455559984058,0.48,1850,3.387803905938621,7.453168593064966,10.920685532084494,12.594659226783577,32.12435233160622,9.924272618573136,2.112395376644081,7,6,7,6,7,0.0,76.13273305,0.0,8.381542061264994,602.6455672081778,2509,1783,0.7106416899163013,E01016348,West Berkshire 019D,E02003385,West Berkshire 019,1.1930978723133363,1100,300,40,10,1450,600,1250
27.686,Urban,Urban: Nearer to a major town or city,0.9117647058823528,0.0588235294117647,0.0294117647058823,0.0,123.45679012345678,150,0.718192628,0.84765625,0.1333333333333333,0.4666666666666667,0.033333333,0.033333333,0.3666666666666666,0.033333333,0.0,1.0,0.2880658436213992,0.75,350,5.185185185185185,9.876543209876544,12.098765432098766,16.954732510288064,26.502057613168724,12.098765432098766,2.057613169,10,10,10,8,6,0.0,122.1761337,0.0,1.4393707441070624,502.3141838138204,1215,760,0.6255144032921811,E01016349,West Berkshire 005C,E02003371,West Berkshire 005,0.6947480377061342,155,10,5,0,170,150,200
9.131,Urban,Urban: Nearer to a major town or city,0.9117647058823528,0.0588235294117647,0.0294117647058823,0.0,99.535500995355,150,0.718192628,0.84765625,0.1333333333333333,0.4666666666666667,0.033333333,0.033333333,0.3666666666666666,0.033333333,0.0,1.0,0.0431320504313205,0.8571428571428571,65,6.436629064366291,8.560053085600531,13.00597213005972,15.593895155938952,23.689449236894493,11.94426012,2.853351029,10,10,8,7,8,0.0,116.8813906,0.0,8.513110991,980.7322210420846,1507,963,0.6390179163901791,E01016350,West Berkshire 005D,E02003371,West Berkshire 005,0.7047952278013856,155,10,5,0,170,30,35
54.921,Urban,Urban: Nearer to a major town or city,0.7275362318840579,0.1971014492753623,0.060869565,0.0144927536231884,518.7908496732026,1270,0.8120506023713909,0.8878638941398865,0.3622047244094488,0.2047244094488189,0.0314960629921259,0.0236220472440944,0.4409448818897638,0.0472440944881889,0.0,1.0,0.4697712418300653,0.15,1150,3.431372549019608,7.557189542,7.148692810457516,7.557189542,27.573529411764707,14.991830065359476,2.9820261437908497,4,4,5,4,2,0.0,107.6949928,0.0,1.5837295259255175,125.66957256670533,2448,1933,0.7896241830065359,E01016353,Reading 019C,E02006939,Reading 019,0.631420949,1255,340,105,25,1725,150,1000
184.767,Urban,Urban: Nearer to a major town or city,0.816793893,0.1526717557251908,0.0229007633587786,0.007633588,272.7703984819734,575,0.8349338374291115,0.925207101,0.1130434782608695,0.4782608695652174,0.086956522,0.07826087,0.3217391304347826,0.0434782608695652,0.0,1.0,1.4943074003795067,0.4,3150,2.2296015180265654,5.265654648956357,6.214421252371916,10.341555977229602,45.49335863377609,7.447817836812145,1.1385199240986716,7,7,9,7,8,0.006968641,101.0120513,1.7,4.260360314404342,412.66800737607394,2108,1665,0.7898481973434535,E01016355,Reading 007A,E02003395,Reading 007,2.112497379522306,535,100,15,5,655,900,2250
15.871,Urban,Urban: Nearer to a major town or city,0.8695652173913043,0.108695652173913,0.0217391304347826,0.0,120.33694344163658,200,0.7725,0.9102079395085066,0.1,0.45,0.025,0.025,0.375,0.1,0.0,1.0,0.1203369434416365,1.0,200,3.610108303249097,7.641395908543923,9.145607702,10.890493381468112,27.85800240673887,16.84717208182912,3.128760529482552,4,4,5,3,3,0.0,109.593321,0.0,4.461332654668313,414.94641047181744,1662,1262,0.7593261131167268,E01016356,Reading 008A,E02003396,Reading 008,0.4482965415966486,200,25,5,0,230,100,100
18.053,Urban,Urban: Nearer to a major town or city,0.8695652173913043,0.108695652173913,0.0217391304347826,0.0,107.58472296933836,200,0.7725,0.9102079395085066,0.1,0.45,0.025,0.025,0.375,0.1,0.0,1.0,0.1748251748251748,0.8571428571428571,325,3.765465303926842,7.6923076923076925,6.724045185583647,10.758472296933837,36.14846691769769,11.242603550295858,3.4965034965034967,6,6,7,5,5,0.0,115.3594551,0.0,3.555837611277328,307.87451618172594,1859,1412,0.7595481441635288,E01016357,Reading 008B,E02003396,Reading 008,0.562455381,200,25,5,0,230,150,175
13.205,Urban,Urban: Nearer to a major town or city,0.816793893,0.1526717557251908,0.0229007633587786,0.007633588,274.0705433746425,575,0.8349338374291115,0.925207101,0.1130434782608695,0.4782608695652174,0.086956522,0.07826087,0.3217391304347826,0.0434782608695652,0.0,1.0,0.071496663,1.0,150,3.28884652,6.768350810295519,9.246901811248808,8.770257388,29.26596758817922,15.109628217349858,3.7178265014299336,3,3,4,4,4,0.0,114.3707612,0.0,4.936941664317118,200.16313292094767,2098,1578,0.7521448999046711,E01016358,Reading 007B,E02003395,Reading 007,0.8102182022750888,535,100,15,5,655,75,75
157.195,Urban,Urban: Nearer to a major town or city,0.816793893,0.1526717557251908,0.0229007633587786,0.007633588,175.6261453879047,575,0.8349338374291115,0.925207101,0.1130434782608695,0.4782608695652174,0.086956522,0.07826087,0.3217391304347826,0.0434782608695652,0.0,1.0,0.855222969,0.4,2800,2.8711056811240074,7.269395235186317,7.025045815516188,8.674404398289553,23.549175320708613,11.728772144166156,3.298717165546732,4,4,5,3,3,0.0,112.6026437,0.0,2.2358875263369318,676.1237879311149,3274,2324,0.7098350641417227,E01016359,Reading 007C,E02003395,Reading 007,3.577997509162033,535,100,15,5,655,800,2000
22.018,Urban,Urban: Nearer to a major town or city,0.816793893,0.1526717557251908,0.0229007633587786,0.007633588,206.61157024793388,575,0.8349338374291115,0.925207101,0.1130434782608695,0.4782608695652174,0.086956522,0.07826087,0.3217391304347826,0.0434782608695652,0.0,1.0,0.1886453467481135,0.75,525,2.9823931009701763,8.228530362917715,9.090909090909092,9.737693136902625,24.54186130075458,16.02587136183974,3.3057851239669422,3,3,5,3,2,0.0,100.2704575,0.0,10.096010883519574,118.33205036787992,2783,2116,0.7603305785123967,E01016360,Reading 007D,E02003395,Reading 007,0.3961960863700613,535,100,15,5,655,225,300
15.413,Urban,Urban: Nearer to a major town or city,0.816793893,0.1526717557251908,0.0229007633587786,0.007633588,260.18099547511315,575,0.8349338374291115,0.925207101,0.1130434782608695,0.4782608695652174,0.086956522,0.07826087,0.3217391304347826,0.0434782608695652,0.0,1.0,0.1018099547511312,0.5,225,4.253393665158371,8.597285067873303,7.330316742081449,10.09049773755656,26.923076923076923,13.25791855,3.8461538461538463,4,3,5,3,3,0.0,101.8542683,0.0,4.472970583249361,96.89364458159484,2210,1596,0.7221719457013575,E01016361,Reading 007E,E02003395,Reading 007,0.2235650741243096,535,100,15,5,655,75,150
54.452,Urban,Urban: Nearer to a major town or city,0.8676470588235294,0.1176470588235294,0.0147058823529411,0.0,161.37708445400753,300,0.7884977156678312,0.9044995408631772,0.15,0.4,0.066666667,0.066666667,0.4333333333333333,0.033333333,0.0,1.0,0.5110274341043571,0.9,950,3.1737493275954813,5.3792361484669176,7.853684776761701,9.359870898332437,46.69176976869285,8.015061861215706,1.828940290478752,8,6,9,9,10,0.0,107.2898551,0.0,11.822587789713005,129.23289485909055,1859,1301,0.699838623,E01016362,Reading 004A,E02003392,Reading 004,0.7612546559249088,295,40,5,0,340,450,500
16.636,Urban,Urban: Nearer to a major town or city,0.8676470588235294,0.1176470588235294,0.0147058823529411,0.0,156.82174594877156,300,0.7884977156678312,0.9044995408631772,0.15,0.4,0.066666667,0.066666667,0.4333333333333333,0.033333333,0.0,1.0,0.1568217459487715,0.3333333333333333,300,3.293256664924203,9.775222164140096,11.604809200209097,10.088865656037637,24.777835859905903,13.43439624,1.5682174594877154,2,2,2,2,4,0.0,113.3338515,0.0,7.393202642067074,417.3040628198245,1913,1324,0.6921066387872452,E01016363,Reading 004B,E02003392,Reading 004,0.9468156547164333,295,40,5,0,340,75,225
28.701,Urban,Urban: Nearer to a major town or city,0.9032258064516128,0.080645161,0.0161290322580645,0.0,187.58526603001363,275,0.7256515775034293,0.8728836334318731,0.2181818181818181,0.2181818181818181,0.036363636,0.036363636,0.5454545454545454,0.109090909090909,0.0,1.0,0.3922237380627558,1.5555555555555556,575,2.523874488,3.819918144611187,6.957708049113233,8.594815825375171,50.40927694406548,5.184174624829468,1.5688949522510234,10,10,9,10,10,0.0,111.1932727,0.0,11.194686129703516,214.9456547781285,1466,925,0.630968622,E01016364,Reading 003A,E02003391,Reading 003,0.6252966736982908,280,25,5,0,310,350,225
18.46,Urban,Urban: Nearer to a major town or city,0.8676470588235294,0.1176470588235294,0.0147058823529411,0.0,183.03843807199516,300,0.7884977156678312,0.9044995408631772,0.15,0.4,0.066666667,0.066666667,0.4333333333333333,0.033333333,0.0,1.0,0.1982916412446613,0.4444444444444444,325,3.6607687614399023,5.186089078706528,6.467358145210494,11.714460036607688,52.348993288590606,7.382550336,1.2202562538133008,9,9,9,8,10,0.0,110.8752577,0.0,6.049531289309624,600.2273729407661,1639,1183,0.7217815741305674,E01016365,Reading 004C,E02003392,Reading 004,0.9918123757129492,295,40,5,0,340,100,225
18.101,Urban,Urban: Nearer to a major town or city,0.8676470588235294,0.1176470588235294,0.0147058823529411,0.0,195.4397394136808,300,0.7884977156678312,0.9044995408631772,0.15,0.4,0.066666667,0.066666667,0.4333333333333333,0.033333333,0.0,1.0,0.1791530944625407,0.375,275,2.4104234527687294,7.361563517915309,8.729641693811075,10.35830618892508,41.69381107491857,11.335504885993489,1.5635179153094465,7,6,7,6,7,0.0,99.94141414,0.0,2.0614354319580643,187.19717718219152,1535,1062,0.6918566775244299,E01016366,Reading 004D,E02003392,Reading 004,0.4850988706690392,295,40,5,0,340,75,200
11.913,Urban,Urban: Nearer to a major town or city,0.8676470588235294,0.1176470588235294,0.0147058823529411,0.0,187.61726078799248,300,0.7884977156678312,0.9044995408631772,0.15,0.4,0.066666667,0.066666667,0.4333333333333333,0.033333333,0.0,1.0,0.087554722,0.4,140,4.127579737335835,7.066916823014384,8.192620388,11.882426516572858,36.14759224515322,12.570356472795496,2.626641651031896,6,5,5,5,7,0.0,109.1392796,0.0,11.285162593585971,258.9863363875712,1599,1125,0.7035647279549718,E01016367,Reading 004E,E02003392,Reading 004,0.620283487,295,40,5,0,340,40,100
8.972,Urban,Urban: Nearer to a major town or city,0.7284768211920529,0.1854304635761589,0.066225166,0.0198675496688741,330.50333535476045,545,0.8323282950896703,0.9134687075128284,0.2018348623853211,0.4128440366972477,0.055045872,0.055045872,0.4311926605504587,0.055045872,0.0,1.0,0.048514251,0.7777777777777778,80,3.517283202,11.461491813220134,11.825348696179502,8.489993935718617,14.00848999393572,21.16434202546998,1.9405700424499697,2,2,2,1,1,0.0,102.4247768,0.0,9.685900603204589,1249.1730026741986,1649,1137,0.6895087932080048,E01016368,Reading 017A,E02003405,Reading 017,1.1356713692024305,550,140,50,15,755,35,45
9.774,Urban,Urban: Nearer to a major town or city,0.7083333333333334,0.1805555555555555,0.097222222,0.0138888888888888,143.3982683982684,265,0.8381344307270233,0.910136878,0.1698113207547169,0.4716981132075472,0.056603774,0.056603774,0.3962264150943396,0.056603774,0.0,1.0,0.051406926,0.2666666666666666,95,5.032467532467533,8.54978355,11.093073593073594,10.768398268398268,20.183982683982684,20.12987012987013,2.813852813852814,6,5,6,3,2,0.007874016,121.0171875,0.8,3.5090768090434685,770.5598340730103,1848,1195,0.6466450216450217,E01016369,Reading 018A,E02003406,Reading 018,0.5699504766739989,255,65,35,5,360,20,75
20.936,Urban,Urban: Nearer to a major town or city,0.8378378378378378,0.1351351351351351,0.027027027,0.0,41.32231404958678,160,0.7825182101977107,0.912037037,0.15625,0.4375,0.03125,0.03125,0.34375,0.09375,0.0,1.0,0.1678719008264463,0.8571428571428571,650,1.1105371900826446,2.2469008264462813,4.080578512396695,49.664256198347104,20.66115702479339,5.036157024793388,2.0144628099173554,9,9,10,5,6,0.0,104.9136126,0.0,5.801197055061755,38.47925918614722,3872,3342,0.8631198347107438,E01016370,Reading 016A,E02003404,Reading 016,1.723782161696203,155,25,5,0,185,300,350
15.092,Urban,Urban: Nearer to a major town or city,0.8378378378378378,0.1351351351351351,0.027027027,0.0,91.95402298850574,160,0.7825182101977107,0.912037037,0.15625,0.4375,0.03125,0.03125,0.34375,0.09375,0.0,1.0,0.1724137931034483,0.5,300,3.103448275862069,5.919540229885058,9.367816091954024,11.551724137931034,34.08045977011494,13.563218390804598,1.7241379310344829,6,6,6,4,5,0.0,115.4727273,0.0,9.241469670589703,39.18110581382128,1740,1029,0.5913793103448276,E01016371,Reading 016B,E02003404,Reading 016,1.5149105606604942,155,25,5,0,185,100,200
8.764,Urban,Urban: Nearer to a major town or city,0.7284768211920529,0.1854304635761589,0.066225166,0.0198675496688741,373.28767123287673,545,0.8323282950896703,0.9134687075128284,0.2018348623853211,0.4128440366972477,0.055045872,0.055045872,0.4311926605504587,0.055045872,0.0,1.0,0.068493151,1.0,100,3.424657534246576,10.205479452054794,10.616438356164384,10.0,14.315068493150685,22.73972602739726,2.8767123287671232,2,3,3,1,1,0.0,111.2786967,0.0,9.230243503566646,1009.3421782695608,1460,991,0.6787671232876712,E01016372,Reading 017B,E02003405,Reading 017,0.5416975183881072,550,140,50,15,755,50,50
17.674,Urban,Urban: Nearer to a major town or city,0.8378378378378378,0.1351351351351351,0.027027027,0.0,101.010101010101,160,0.7825182101977107,0.912037037,0.15625,0.4375,0.03125,0.03125,0.34375,0.09375,0.0,1.0,0.1578282828282828,1.0,250,3.4090909090909087,9.974747474747476,11.300505050505052,12.058080808080808,19.57070707070708,19.255050505050505,2.083333333333333,3,2,3,1,1,0.0,112.4390909,0.0,5.232927340575487,448.8849069179496,1584,1106,0.6982323232323232,E01016373,Reading 016C,E02003404,Reading 016,0.9554881378211778,155,25,5,0,185,125,125
12.706,Urban,Urban: Nearer to a major town or city,0.8363636363636363,0.1272727272727272,0.036363636,0.0,119.1765980498375,220,0.7777176852352623,0.9044628099173554,0.2045454545454545,0.4090909090909091,0.0227272727272727,0.0227272727272727,0.3863636363636363,0.1136363636363636,0.0,1.0,0.081256771,1.0,150,3.0335861321776814,9.100758396533044,7.096424702058505,10.617551462621885,36.78223185265439,11.755146262188516,2.004333694,5,5,8,3,4,0.0,118.6202401,0.0,2.7291073787608875,55.71933155481113,1846,1432,0.7757313109425785,E01016374,Reading 014A,E02003402,Reading 014,0.3664201737837211,230,35,10,0,275,75,75
5.115,Urban,Urban: Nearer to a major town or city,0.8363636363636363,0.1272727272727272,0.036363636,0.0,156.36105188343993,220,0.7777176852352623,0.9044628099173554,0.2045454545454545,0.4090909090909091,0.0227272727272727,0.0227272727272727,0.3863636363636363,0.1136363636363636,0.0,1.0,0.0142146410803127,0.3333333333333333,20,4.193319118692253,9.808102345415778,9.808102345415778,9.808102345415778,23.73845060412225,15.35181236673774,2.558635394,3,3,4,2,2,0.0,101.5055838,0.0,5.919955804687618,269.7745938086993,1407,1062,0.7547974413646056,E01016375,Reading 014B,E02003402,Reading 014,0.1689201799797503,230,35,10,0,275,5,15
56.338,Urban,Urban: Nearer to a major town or city,0.8363636363636363,0.1272727272727272,0.036363636,0.0,113.2269686052496,220,0.7777176852352623,0.9044628099173554,0.2045454545454545,0.4090909090909091,0.0227272727272727,0.0227272727272727,0.3863636363636363,0.1136363636363636,0.0,1.0,0.4117344312918168,0.3333333333333333,800,3.4482758620689653,6.433350488934638,7.050952135872363,12.094698919197118,35.254760679361816,14.410705095213588,3.705609881626351,4,5,6,5,5,0.0,97.75167785,0.0,11.473986219447632,132.03736009567044,1943,1487,0.7653113741636645,E01016376,Reading 014C,E02003402,Reading 014,0.6972293540357003,230,35,10,0,275,200,600
104.894,Urban,Urban: Nearer to a major town or city,0.7284768211920529,0.1854304635761589,0.066225166,0.0198675496688741,286.0892388451444,545,0.8323282950896703,0.9134687075128284,0.2018348623853211,0.4128440366972477,0.055045872,0.055045872,0.4311926605504587,0.055045872,0.0,1.0,1.1548556430446195,0.2571428571428571,2200,3.202099737532808,9.133858267716535,7.821522309711286,11.338582677165354,22.15223097112861,18.37270341207349,3.674540682414698,3,3,4,2,2,0.0,97.54152542,0.0,1.855268325954992,752.3035387606946,1905,1356,0.7118110236220473,E01016377,Reading 017C,E02003405,Reading 017,1.617016772199656,550,140,50,15,755,450,1750
9.78,Urban,Urban: Nearer to a major town or city,0.8363636363636363,0.1272727272727272,0.036363636,0.0,101.24252185918084,220,0.7777176852352623,0.9044628099173554,0.2045454545454545,0.4090909090909091,0.0227272727272727,0.0227272727272727,0.3863636363636363,0.1136363636363636,0.0,1.0,0.034514496,0.5,75,2.991256327657616,7.777266451909802,5.706396686608375,11.182696732627702,39.71468016566958,11.965025310630464,5.154164749194662,6,6,9,5,5,0.0,111.7309748,0.0,8.260172907255798,33.81768274,2173,1707,0.7855499309710078,E01016379,Reading 014D,E02003402,Reading 014,0.3631885232529185,230,35,10,0,275,25,50
15.629,Urban,Urban: Nearer to a major town or city,0.9090909090909092,0.090909091,0.0,0.0,143.27485380116957,245,0.740524781,0.8786776859504133,0.081632653,0.4285714285714285,0.020408163,0.020408163,0.4285714285714285,0.0612244897959183,0.0,1.0,0.078947368,0.35,135,3.918128655,8.654970760233919,12.514619883040936,15.730994152046785,29.064327485380115,10.701754385964913,1.988304093567252,9,9,9,8,7,0.0,108.8354331,0.0,6.187150852630595,1152.4790153222818,1710,1119,0.6543859649122807,E01016380,Reading 005A,E02003393,Reading 005,1.2930022542764792,250,25,0,0,275,35,100
5.595,Urban,Urban: Nearer to a major town or city,0.8163265306122449,0.1632653061224489,0.020408163,0.0,126.7427122940431,200,0.810232005,0.9096,0.15,0.55,0.025,0.025,0.3,0.05,0.0,1.0,0.0285171102661596,0.2857142857142857,45,3.8656527249683146,12.29404309252218,9.949302915082384,11.343472750316856,19.581749049429657,16.09632446134347,1.4575411913814955,4,4,4,2,2,0.0,110.2398104,0.0,1.359139428405236,509.5215405293832,1578,1076,0.6818757921419518,E01016381,Reading 006A,E02003394,Reading 006,0.7357596866815665,200,40,5,0,245,10,35
42.182,Urban,Urban: Nearer to a major town or city,0.8163265306122449,0.1632653061224489,0.020408163,0.0,99.85022466300548,200,0.810232005,0.9096,0.15,0.55,0.025,0.025,0.3,0.05,0.0,1.0,0.4493260109835247,0.5,900,4.193709435846231,9.186220668996508,11.133300049925111,10.683974038941589,17.62356465302047,19.27109335996006,3.095356965,3,2,3,2,2,0.0,94.547557,0.0,5.6045219924914935,151.5041945352533,2003,1371,0.6844732900649027,E01016382,Reading 006B,E02003394,Reading 006,1.7842734872656811,200,40,5,0,245,300,600
16.178,Urban,Urban: Nearer to a major town or city,0.9090909090909092,0.090909091,0.0,0.0,158.06451612903226,245,0.740524781,0.8786776859504133,0.081632653,0.4285714285714285,0.020408163,0.020408163,0.4285714285714285,0.0612244897959183,0.0,1.0,0.096774194,1.0,150,4.967741935483871,10.451612903225808,10.258064516129032,15.096774193548388,23.483870967741936,13.548387096774196,2.967741935483871,7,5,7,4,4,0.0,94.38078292,0.0,3.905372984051776,946.952526281328,1550,1010,0.6516129032258065,E01016383,Reading 005B,E02003393,Reading 005,0.5121149780487868,250,25,0,0,275,75,75
11.876,Urban,Urban: Nearer to a major town or city,0.9090909090909092,0.090909091,0.0,0.0,136.71875,245,0.740524781,0.8786776859504133,0.081632653,0.4285714285714285,0.020408163,0.020408163,0.4285714285714285,0.0612244897959183,0.0,1.0,0.1116071428571428,0.3333333333333333,200,4.241071428571429,6.026785714285714,9.877232142857142,15.680803571428571,33.53794642857143,6.082589285714286,2.232142857142857,10,9,9,9,9,0.0,113.8953875,3.3,6.129600530030009,379.7733882376405,1792,1050,0.5859375,E01016384,Reading 005C,E02003393,Reading 005,1.9577132214750137,250,25,0,0,275,50,150
12.531,Urban,Urban: Nearer to a major town or city,0.8163265306122449,0.1632653061224489,0.020408163,0.0,112.4859392575928,200,0.810232005,0.9096,0.15,0.55,0.025,0.025,0.3,0.05,0.0,1.0,0.140607424,0.4285714285714285,250,4.555680539932508,8.717660292463442,9.05511811,12.373453318335208,23.17210348706412,14.623172103487065,2.1372328458942635,7,6,7,4,5,0.0,110.2288235,0.0,4.956175542419114,368.32367760606985,1778,1122,0.6310461192350956,E01016385,Reading 006C,E02003394,Reading 006,0.6053054364849428,200,40,5,0,245,75,175
13.322,Urban,Urban: Nearer to a major town or city,0.9375,0.0625,0.0,0.0,209.03573836817264,310,0.7377731529656607,0.8355029585798817,0.1935483870967742,0.1774193548387097,0.0161290322580645,0.0161290322580645,0.6935483870967742,0.080645161,0.0,1.0,0.1180040458530006,0.75,175,2.832097100472016,4.652730950775455,7.484828051247472,8.900876601483478,52.46122724207687,6.608226567768037,0.7417397167902899,10,10,10,10,10,0.0,68.76632653,7.1,1.7488504718843043,530.3100570634713,1483,799,0.5387727579231288,E01016386,Reading 002A,E02003390,Reading 002,3.4308250456285614,300,20,0,0,320,75,100
8.885,Urban,Urban: Nearer to a major town or city,0.9375,0.0625,0.0,0.0,202.34986945169717,310,0.7377731529656607,0.8355029585798817,0.1935483870967742,0.1774193548387097,0.0161290322580645,0.0161290322580645,0.6935483870967742,0.080645161,0.0,1.0,0.078328982,0.6,120,4.438642298,4.242819843342036,9.399477807,12.467362924281984,43.60313315926893,6.527415143603134,1.827676240208877,10,10,10,10,10,0.0,103.5609615,0.8,7.370806573855604,278.2288309158992,1532,915,0.5972584856396866,E01016387,Reading 002B,E02003390,Reading 002,0.949692538,300,20,0,0,320,45,75
65.22,Urban,Urban: Nearer to a major town or city,0.8545454545454545,0.109090909090909,0.036363636,0.0,137.25490196078434,210,0.7365702479338843,0.8720661157024794,0.3095238095238095,0.2857142857142857,0.0,0.0,0.6190476190476191,0.071428571,0.0,1.0,0.4248366013071895,0.3,650,3.1372549019607843,9.803921568627452,7.647058823529412,10.130718954248366,30.78431373,16.60130718954248,3.0065359477124183,5,5,6,3,4,0.0,91.83761468,0.0,2.062868863829407,414.5105868590379,1530,1056,0.6901960784313725,E01016388,Reading 013A,E02003401,Reading 013,2.4238089428128986,235,30,10,0,275,150,500
9.846,Urban,Urban: Nearer to a major town or city,0.8545454545454545,0.109090909090909,0.036363636,0.0,109.09090909090908,210,0.7365702479338843,0.8720661157024794,0.3095238095238095,0.2857142857142857,0.0,0.0,0.6190476190476191,0.071428571,0.0,1.0,0.062337662,0.6,120,3.74025974,9.922077922077923,10.597402597402596,10.493506493506494,17.142857142857142,15.948051948051948,2.181818181818182,2,2,3,2,2,0.0,94.9961039,0.0,2.822307211987312,869.9121819,1925,1261,0.655064935,E01016389,Reading 013B,E02003401,Reading 013,2.125920230978376,235,30,10,0,275,45,75
41.072,Urban,Urban: Nearer to a major town or city,0.8545454545454545,0.109090909090909,0.036363636,0.0,119.93146773272416,210,0.7365702479338843,0.8720661157024794,0.3095238095238095,0.2857142857142857,0.0,0.0,0.6190476190476191,0.071428571,0.0,1.0,0.2998286693318104,0.75,525,2.5128498001142203,5.939463164,7.081667618503712,8.052541404911478,42.20445459737293,10.05139920045688,1.9417475728155336,6,6,6,7,7,0.0,114.8378913,0.0,8.001080181377391,14.971715800445027,1751,1261,0.7201599086236437,E01016390,Reading 013C,E02003401,Reading 013,0.6249156222228043,235,30,10,0,275,225,300
38.511,Urban,Urban: Nearer to a major town or city,0.7252747252747253,0.2252747252747252,0.043956044,0.005494505,320.16348773841963,705,0.8565041617122473,0.891975214,0.1914893617021276,0.2340425531914893,0.0283687943262411,0.0283687943262411,0.6099290780141844,0.070921986,0.0,1.0,0.4200726612170753,0.15625,925,2.361489554950045,6.448683015440508,6.721162579473205,10.217983651226158,39.28247048138056,10.990009082652136,2.316076294277929,4,4,4,2,6,0.0,123.4318822,0.0,6.258257829458829,24.328065824752507,2202,1681,0.7633969118982743,E01016391,Reading 020E,E02006940,Reading 020,0.7989443925534729,660,205,40,5,910,125,800
43.216,Urban,Urban: Nearer to a major town or city,0.8545454545454545,0.109090909090909,0.036363636,0.0,84.77997577714979,210,0.7365702479338843,0.8720661157024794,0.3095238095238095,0.2857142857142857,0.0,0.0,0.6190476190476191,0.071428571,0.0,1.0,0.1614856681469519,0.6,400,3.350827614049253,6.661283811061769,7.024626564,10.01211142511102,35.52684699232943,11.26362535,2.785627775534921,5,5,6,7,7,0.0,73.12444183,0.0,8.692054959715405,233.13809477798785,2477,1736,0.7008477997577715,E01016392,Reading 013D,E02003401,Reading 013,0.8053331499216836,235,30,10,0,275,150,250
44.177,Urban,Urban: Nearer to a major town or city,0.8545454545454545,0.109090909090909,0.036363636,0.0,99.8573466476462,210,0.7365702479338843,0.8720661157024794,0.3095238095238095,0.2857142857142857,0.0,0.0,0.6190476190476191,0.071428571,0.0,1.0,0.2020922491678554,0.7,425,1.902044698050404,5.801236329053733,8.368996671421778,8.273894436519258,37.23252496433666,10.366143604374702,1.9971469329529243,6,6,5,7,7,0.0,118.3492857,0.0,7.181874287792905,57.32786534693712,2103,1411,0.6709462672372801,E01016393,Reading 013E,E02003401,Reading 013,0.8354365113572446,235,30,10,0,275,175,250
13.872,Urban,Urban: Nearer to a major town or city,0.9047619047619048,0.071428571,0.0238095238095238,0.0,109.23845193508116,175,0.7363038714390066,0.8804759329367225,0.1142857142857142,0.5714285714285714,0.028571429,0.028571429,0.2857142857142857,0.057142857,0.0,1.0,0.1092384519350811,1.3333333333333333,175,4.119850187265917,9.737827715355806,9.987515605493131,10.17478152309613,14.731585518102372,18.16479400749064,2.309612983770287,2,2,2,2,2,0.0,91.09377593,0.0,14.002493366043172,703.8803443739929,1602,958,0.5980024968789014,E01016394,Reading 009A,E02003397,Reading 009,0.7855743768231745,190,15,5,0,210,100,75
30.849,Urban,Urban: Nearer to a major town or city,0.8695652173913043,0.108695652173913,0.0217391304347826,0.0,129.28248222365872,200,0.7725,0.9102079395085066,0.1,0.45,0.025,0.025,0.375,0.1,0.0,1.0,0.2100840336134453,0.4444444444444444,325,4.266321913380737,8.855850032320621,9.696186166774403,9.954751131,23.400129282482222,16.354234001292824,2.068519715578539,5,5,5,5,4,0.0,85.18900204,0.7,9.148930981171391,768.8704787073569,1547,955,0.6173238526179703,E01016395,Reading 008C,E02003396,Reading 008,0.6558143254493963,200,25,5,0,230,100,225
14.79,Urban,Urban: Nearer to a major town or city,0.8163265306122449,0.1632653061224489,0.020408163,0.0,119.9760047990402,200,0.810232005,0.9096,0.15,0.55,0.025,0.025,0.3,0.05,0.0,1.0,0.071985603,0.6,120,4.379124175164967,10.557888422315536,9.538092381523697,10.077984403119377,24.47510498,16.616676664667065,1.859628074385123,4,4,5,3,3,0.0,92.57230143,0.0,14.86045985551671,809.9696976598545,1667,1088,0.6526694661067787,E01016396,Reading 006D,E02003394,Reading 006,0.5383413486380185,200,40,5,0,245,45,75
33.124,Urban,Urban: Nearer to a major town or city,0.8163265306122449,0.1632653061224489,0.020408163,0.0,106.26992561105207,200,0.810232005,0.9096,0.15,0.55,0.025,0.025,0.3,0.05,0.0,1.0,0.2258235919234856,0.7,425,3.0818278427205104,9.245483528,9.458023379383636,9.351753453772584,20.51009564293305,16.09989373007439,2.3379383634431457,2,1,2,2,2,0.0,106.8787234,0.0,2.7549086885329794,422.16157381737696,1882,1210,0.6429330499468651,E01016397,Reading 006E,E02003394,Reading 006,0.7259768747780251,200,40,5,0,245,175,250
8.349,Urban,Urban: Nearer to a major town or city,0.8695652173913043,0.108695652173913,0.0217391304347826,0.0,108.51871947911016,200,0.7725,0.9102079395085066,0.1,0.45,0.025,0.025,0.375,0.1,0.0,1.0,0.0406945198046663,0.5,75,4.286489419424851,7.107976125881714,9.766684753119913,10.634834508952794,27.509495387954424,13.564839934888766,3.038524145415084,5,4,6,4,4,0.0,98.60526316,0.0,7.770128352084797,194.65890087493167,1843,1310,0.7107976125881714,E01016398,Reading 008D,E02003396,Reading 008,0.2573960054937035,200,25,5,0,230,25,50
6.917,Urban,Urban: Nearer to a major town or city,0.8695652173913043,0.108695652173913,0.0217391304347826,0.0,125.47051442910916,200,0.7725,0.9102079395085066,0.1,0.45,0.025,0.025,0.375,0.1,0.0,1.0,0.0376411543287327,0.3333333333333333,60,3.701380176,7.590966122961104,8.34378921,11.982434127979923,30.55207026348808,11.543287327478042,1.5056461731493098,7,6,7,7,6,0.0,104.9876289,0.0,6.0787054276873365,586.4972947759926,1594,1078,0.6762860727728983,E01016399,Reading 008E,E02003396,Reading 008,0.4935261357353452,200,25,5,0,230,15,45
16.812,Urban,Urban: Nearer to a major town or city,0.8695652173913043,0.108695652173913,0.0217391304347826,0.0,109.2896174863388,200,0.7725,0.9102079395085066,0.1,0.45,0.025,0.025,0.375,0.1,0.0,1.0,0.1229508196721311,1.25,225,3.4426229508196724,7.814207650273223,8.633879781420765,9.890710383,26.775956284153008,13.114754098360656,4.098360655737705,5,4,5,5,4,0.0,109.862,0.0,8.317231003,198.56642514229105,1830,1295,0.7076502732240437,E01016400,Reading 008F,E02003396,Reading 008,0.4809292898618591,200,25,5,0,230,125,100
18.715,Urban,Urban: Nearer to a major town or city,0.8301886792452831,0.1509433962264151,0.0188679245283018,0.0,158.83977900552486,230,0.8049382716049382,0.903846153846154,0.1304347826086956,0.3260869565217391,0.0217391304347826,0.0217391304347826,0.4565217391304347,0.108695652173913,0.0,1.0,0.2935082872928177,0.7,425,1.7265193370165748,4.143646408839778,7.665745856353591,18.30110497237569,45.027624309392266,8.356353591,1.2430939226519335,7,6,9,10,9,0.0,113.5974414,0.0,1.682011099700576,321.5158481308986,1448,1035,0.7147790055248618,E01016401,Reading 012A,E02003400,Reading 012,0.5945263977021409,220,40,5,0,265,175,250
15.644,Urban,Urban: Nearer to a major town or city,0.8923076923076924,0.076923077,0.0153846153846153,0.0153846153846153,134.2439943476213,285,0.7649586776859504,0.9140828402366864,0.1403508771929824,0.4561403508771929,0.0175438596491228,0.0175438596491228,0.3684210526315789,0.070175439,0.0,1.0,0.1530852567121997,1.1666666666666667,325,2.543570419218088,6.3118228921337725,4.992934526613283,23.55157795572304,24.870466321243523,7.913330193122939,2.355157795572304,6,5,9,4,4,0.0,122.1778656,0.0,10.06790685700345,118.89089153140102,2123,1654,0.7790861987753179,E01016402,Reading 010B,E02003398,Reading 010,0.3973020466729403,290,25,5,5,325,175,150
27.757,Urban,Urban: Nearer to a major town or city,0.8301886792452831,0.1509433962264151,0.0188679245283018,0.0,107.22610722610725,230,0.8049382716049382,0.903846153846154,0.1304347826086956,0.3260869565217391,0.0217391304347826,0.0217391304347826,0.4565217391304347,0.108695652173913,0.0,1.0,0.1981351981351981,0.7,425,1.5850815850815851,4.428904428904429,7.086247086247087,14.871794871794872,41.3986014,9.463869463869464,2.2843822843822843,8,8,9,9,8,0.0,105.1838063,0.0,9.652196653918152,75.99694405737614,2145,1434,0.6685314685314685,E01016403,Reading 012B,E02003400,Reading 012,0.8288268760824024,220,40,5,0,265,175,250
12.601,Urban,Urban: Nearer to a major town or city,0.8923076923076924,0.076923077,0.0153846153846153,0.0153846153846153,121.43161482743928,285,0.7649586776859504,0.9140828402366864,0.1403508771929824,0.4561403508771929,0.0175438596491228,0.0175438596491228,0.3684210526315789,0.070175439,0.0,1.0,0.063911376,1.0,150,3.536429484448232,7.158074137196421,7.285896889646357,8.819769919,30.03834682573498,14.35875585854282,2.428632296548785,4,3,6,4,4,0.0,103.6684783,0.0,5.0446633046029445,243.3122332407441,2347,1693,0.7213463996591394,E01016404,Reading 010C,E02003398,Reading 010,0.39645857,290,25,5,5,325,75,75
8.128,Urban,Urban: Nearer to a major town or city,0.8923076923076924,0.076923077,0.0153846153846153,0.0153846153846153,118.30635118306353,285,0.7649586776859504,0.9140828402366864,0.1403508771929824,0.4561403508771929,0.0175438596491228,0.0175438596491228,0.3684210526315789,0.070175439,0.0,1.0,0.0311332503113325,0.5,75,2.283105023,7.430469074304691,7.638024076380241,8.883354089,24.823578248235783,17.18555417185554,2.905770029,4,4,6,3,3,0.0,93.70036166,0.0,7.508311568729678,184.2829803637888,2409,1753,0.7276878372768784,E01016405,Reading 010D,E02003398,Reading 010,0.1331857356805438,290,25,5,5,325,25,50
9.042,Urban,Urban: Nearer to a major town or city,0.8923076923076924,0.076923077,0.0153846153846153,0.0153846153846153,169.23990498812353,285,0.7649586776859504,0.9140828402366864,0.1403508771929824,0.4561403508771929,0.0175438596491228,0.0175438596491228,0.3684210526315789,0.070175439,0.0,1.0,0.1484560570071258,0.6666666666666666,250,1.840855106888361,5.463182897862233,6.472684085510688,25.89073634204276,29.45368171021377,10.09501187648456,1.7814726840855106,5,6,8,5,4,0.0,133.9280654,0.0,8.016583972795281,123.59492708321608,1684,1340,0.7957244655581948,E01016406,Reading 010E,E02003398,Reading 010,0.9979312918256006,290,25,5,5,325,100,150
16.556,Urban,Urban: Nearer to a major town or city,0.912280701754386,0.070175439,0.0175438596491228,0.0,151.3353115727003,255,0.7352,0.871811224,0.1568627450980392,0.3529411764705882,0.019607843,0.019607843,0.5098039215686274,0.0588235294117647,0.0,1.0,0.1632047477744807,1.2,275,4.035608308605341,6.290801186943621,8.545994065,10.979228486646884,33.29376854599407,9.198813056,2.314540059347181,10,9,9,8,9,0.0,99.01076642,0.0,8.263983922476559,1511.4818303071231,1685,973,0.5774480712166172,E01016407,Reading 001A,E02003389,Reading 001,1.5730911533651857,260,20,5,0,285,150,125
12.655,Urban,Urban: Nearer to a major town or city,0.912280701754386,0.070175439,0.0175438596491228,0.0,177.5766016713092,255,0.7352,0.871811224,0.1568627450980392,0.3529411764705882,0.019607843,0.019607843,0.5098039215686274,0.0588235294117647,0.0,1.0,0.1218662952646239,0.4,175,4.805013927576602,7.729805013927576,13.509749303621168,16.08635097493036,25.13927576601671,13.440111420612814,2.715877437325905,8,9,8,6,6,0.0,106.5621339,0.0,3.3712733394149854,868.5146771102217,1436,915,0.6371866295264624,E01016408,Reading 001B,E02003389,Reading 001,1.7797429623553382,260,20,5,0,285,50,125
14.691,Urban,Urban: Nearer to a major town or city,0.9032258064516128,0.080645161,0.0161290322580645,0.0,146.82327816337423,275,0.7256515775034293,0.8728836334318731,0.2181818181818181,0.2181818181818181,0.036363636,0.036363636,0.5454545454545454,0.109090909090909,0.0,1.0,0.1735184196476241,1.1666666666666667,325,4.057661506,6.780565936999467,9.503470368392952,12.17298451681794,30.218900160170847,13.134009610250937,2.2423918846769886,8,7,7,8,7,0.0,91.18580858,0.0,4.774247532130202,1064.4157730085929,1873,1099,0.58675921,E01016409,Reading 003B,E02003391,Reading 003,1.256742546258988,280,25,5,0,310,175,150
23.286,Urban,Urban: Nearer to a major town or city,0.912280701754386,0.070175439,0.0175438596491228,0.0,135.20678685047722,255,0.7352,0.871811224,0.1568627450980392,0.3529411764705882,0.019607843,0.019607843,0.5098039215686274,0.0588235294117647,0.0,1.0,0.1988335100742311,0.6666666666666666,375,3.340402969247084,7.529162248144221,8.907741251325557,11.505832449628844,36.320254506892894,7.423117709437964,1.8027571580063628,9,8,10,9,9,0.0,100.6206271,5.7,5.713860254169401,231.69095678288664,1886,1177,0.6240721102863203,E01016410,Reading 001C,E02003389,Reading 001,1.5751172761764176,260,20,5,0,285,150,225
10.234,Urban,Urban: Nearer to a major town or city,0.912280701754386,0.070175439,0.0175438596491228,0.0,154.35835351089588,255,0.7352,0.871811224,0.1568627450980392,0.3529411764705882,0.019607843,0.019607843,0.5098039215686274,0.0588235294117647,0.0,1.0,0.066585956,0.4666666666666667,110,3.2687651331719128,5.508474576271186,10.351089588377723,12.046004842615012,41.28329297820823,8.958837772397095,2.0581113801452786,10,10,10,10,10,0.007194245,99.78480138,1.4,5.262944572829729,1999.0023584003825,1652,907,0.5490314769975787,E01016411,Reading 001D,E02003389,Reading 001,2.280092414795841,260,20,5,0,285,35,75
10.239,Urban,Urban: Nearer to a major town or city,0.912280701754386,0.070175439,0.0175438596491228,0.0,170.45454545454544,255,0.7352,0.871811224,0.1568627450980392,0.3529411764705882,0.019607843,0.019607843,0.5098039215686274,0.0588235294117647,0.0,1.0,0.1002673796791443,1.0,150,4.879679144385027,8.288770053475936,11.831550802139038,15.508021390374331,30.14705882352941,9.425133689839573,1.938502673796792,9,8,9,8,7,0.0,110.9595661,0.0,4.013976024509741,1209.7288468003865,1496,969,0.6477272727272727,E01016412,Reading 001E,E02003389,Reading 001,0.4982590797223997,260,20,5,0,285,75,75
14.707,Urban,Urban: Nearer to a major town or city,0.8363636363636363,0.1272727272727272,0.036363636,0.0,122.83640424343942,220,0.7777176852352623,0.9044628099173554,0.2045454545454545,0.4090909090909091,0.0227272727272727,0.0227272727272727,0.3863636363636363,0.1136363636363636,0.0,1.0,0.097710776,0.4,175,0.9491903964265772,2.121719709659408,5.583472920156337,30.03908431044109,42.15522054718034,5.192629815745393,1.060859854829704,9,10,10,9,9,0.0,112.3544081,0.0,12.942128077604607,171.39052504504116,1791,1424,0.7950865438302624,E01016413,Reading 014E,E02003402,Reading 014,0.772670456,230,35,10,0,275,50,125
428.373,Urban,Urban: Nearer to a major town or city,0.8363636363636363,0.1272727272727272,0.036363636,0.0,117.6470588235294,220,0.7777176852352623,0.9044628099173554,0.2045454545454545,0.4090909090909091,0.0227272727272727,0.0227272727272727,0.3863636363636363,0.1136363636363636,0.0,1.0,4.812834225,0.5,9000,1.7647058823529411,2.5133689839572195,5.294117647058823,17.807486631016044,50.588235294117645,5.133689839572193,1.497326203208556,8,8,9,9,10,0.0,99.2417094,1.0,9.793693690062351,249.14043818704152,1870,1512,0.8085561497326204,E01016414,Reading 014F,E02003402,Reading 014,1.4294913076774889,230,35,10,0,275,3000,6000
20.936,Urban,Urban: Nearer to a major town or city,0.8378378378378378,0.1351351351351351,0.027027027,0.0,89.88764045,160,0.7825182101977107,0.912037037,0.15625,0.4375,0.03125,0.03125,0.34375,0.09375,0.0,1.0,0.039325843,0.75,70,3.033707865168539,9.382022471910112,8.595505617977528,8.876404494382022,21.292134831460675,20.56179775280899,3.146067415730337,2,2,3,2,1,0.0,97.72397408,0.0,9.239735882,502.0323321593178,1780,1159,0.6511235955056179,E01016415,Reading 016D,E02003404,Reading 016,0.5411410092170028,155,25,5,0,185,30,40
64.917,Urban,Urban: Nearer to a major town or city,0.8301886792452831,0.1509433962264151,0.0188679245283018,0.0,106.48148148148148,230,0.8049382716049382,0.903846153846154,0.1304347826086956,0.3260869565217391,0.0217391304347826,0.0217391304347826,0.4565217391304347,0.108695652173913,0.0,1.0,0.5092592592592593,0.375,1100,0.8333333333333334,3.7037037037037033,3.981481481481482,31.157407407407405,35.55555555555556,7.8240740740740735,1.574074074074074,6,7,9,4,6,0.0,123.7470149,0.7,3.1597621441408283,70.953688,2160,1863,0.8625,E01016416,Reading 012C,E02003400,Reading 012,0.3164795178821633,220,40,5,0,265,300,800
21.272,Urban,Urban: Nearer to a major town or city,0.8301886792452831,0.1509433962264151,0.0188679245283018,0.0,129.79683972911965,230,0.8049382716049382,0.903846153846154,0.1304347826086956,0.3260869565217391,0.0217391304347826,0.0217391304347826,0.4565217391304347,0.108695652173913,0.0,1.0,0.1975169300225733,0.75,350,2.088036117,3.837471783295711,4.3453724604966135,41.13995485327314,29.17607223476298,7.279909706546276,1.580135440180587,6,8,9,7,6,0.0,137.6897321,0.0,7.709446146278858,336.62069866451054,1772,1434,0.809255079,E01016417,Reading 012D,E02003400,Reading 012,0.2594220080213344,220,40,5,0,265,150,200
19.491,Urban,Urban: Nearer to a major town or city,0.8301886792452831,0.1509433962264151,0.0188679245283018,0.0,145.4775458570525,230,0.8049382716049382,0.903846153846154,0.1304347826086956,0.3260869565217391,0.0217391304347826,0.0217391304347826,0.4565217391304347,0.108695652173913,0.0,1.0,0.1423149905123339,0.5,225,1.3915243516761544,4.0480708412397215,5.376344086021505,40.22770398481973,32.63757115749525,5.123339658444023,1.1385199240986716,7,9,10,7,8,0.0,125.0550538,0.0,16.983455311861434,588.3137495786445,1581,1326,0.8387096774193549,E01016418,Reading 012E,E02003400,Reading 012,0.412165833,220,40,5,0,265,75,150
66.511,Urban,Urban: Nearer to a major town or city,0.8775510204081632,0.081632653,0.040816327,0.0,94.90740740740742,205,0.75125,0.8962932111620159,0.1951219512195122,0.4146341463414634,0.024390243902439,0.024390243902439,0.4878048780487805,0.048780488,0.0,1.0,0.4398148148148148,0.5833333333333334,950,3.981481481481482,7.4074074074074066,7.962962962962964,10.13888888888889,34.49074074074074,12.407407407407408,2.5462962962962963,6,5,6,6,6,0.0,98.507173,0.0,6.397654214301855,19.66775105948961,2160,1457,0.674537037,E01016419,Reading 015A,E02003403,Reading 015,1.406765620417659,215,20,10,0,245,350,600
18.889,Urban,Urban: Nearer to a major town or city,0.8775510204081632,0.081632653,0.040816327,0.0,129.50094756790904,205,0.75125,0.8962932111620159,0.1951219512195122,0.4146341463414634,0.024390243902439,0.024390243902439,0.4878048780487805,0.048780488,0.0,1.0,0.060012634,0.9,95,4.421983575489577,11.876184459886291,12.128869235628551,9.286165508528113,14.90840176879343,18.066961465571698,3.474415666456096,2,2,1,2,1,0.0,113.0435622,0.0,2.171979639442404,207.03072070908107,1583,1058,0.6683512318382817,E01016420,Reading 015B,E02003403,Reading 015,0.4604094724648167,215,20,10,0,245,45,50
73.346,Urban,Urban: Nearer to a major town or city,0.8775510204081632,0.081632653,0.040816327,0.0,149.63503649635038,205,0.75125,0.8962932111620159,0.1951219512195122,0.4146341463414634,0.024390243902439,0.024390243902439,0.4878048780487805,0.048780488,0.0,1.0,0.948905109,0.4444444444444444,1300,5.474452554744526,10.291970802919709,11.67883211678832,11.751824817518248,19.708029197080293,17.73722627737226,1.9708029197080288,5,6,6,4,4,0.0,112.8361702,5.0,5.2293870502410105,103.00174154707666,1370,848,0.618978102,E01016421,Reading 015C,E02003403,Reading 015,2.2947240058367733,215,20,10,0,245,400,900
19.69,Urban,Urban: Nearer to a major town or city,0.8775510204081632,0.081632653,0.040816327,0.0,139.45578231292515,205,0.75125,0.8962932111620159,0.1951219512195122,0.4146341463414634,0.024390243902439,0.024390243902439,0.4878048780487805,0.048780488,0.0,1.0,0.1360544217687075,1.0,200,4.353741496598639,8.163265306,10.20408163265306,11.63265306122449,24.829931972789115,15.918367346938776,2.7891156462585034,4,3,3,4,4,0.0,89.60884956,0.0,7.957347356,102.42526735661822,1470,890,0.6054421768707483,E01016422,Reading 015D,E02003403,Reading 015,1.0053601585959508,215,20,10,0,245,100,100
6.83,Urban,Urban: Nearer to a major town or city,0.8775510204081632,0.081632653,0.040816327,0.0,126.30930375847196,205,0.75125,0.8962932111620159,0.1951219512195122,0.4146341463414634,0.024390243902439,0.024390243902439,0.4878048780487805,0.048780488,0.0,1.0,0.0246457178065311,0.3333333333333333,40,3.9433148490449774,10.59765865680838,10.04313000616143,11.583487369069625,18.299445471349355,17.991373998767717,2.526186075,3,3,4,1,2,0.0,119.3750533,0.0,1.5749717900781548,899.0125029001993,1623,1052,0.6481823783117683,E01016423,Reading 015E,E02003403,Reading 015,2.539728028907431,215,20,10,0,245,10,30
13.858,Urban,Urban: Nearer to a major town or city,0.8775510204081632,0.081632653,0.040816327,0.0,139.45578231292515,205,0.75125,0.8962932111620159,0.1951219512195122,0.4146341463414634,0.024390243902439,0.024390243902439,0.4878048780487805,0.048780488,0.0,1.0,0.119047619047619,0.4,175,4.489795918367347,6.054421768707483,11.428571428571429,10.748299319727892,33.40136054421769,9.047619047619047,2.7891156462585034,10,10,9,9,9,0.0,139.5035088,0.0,3.0414855374869054,514.1494843161175,1470,974,0.6625850340136055,E01016424,Reading 015F,E02003403,Reading 015,0.986360107,215,20,10,0,245,50,125
10.523,Urban,Urban: Nearer to a major town or city,0.9375,0.0625,0.0,0.0,180.54746651135704,310,0.7377731529656607,0.8355029585798817,0.1935483870967742,0.1774193548387097,0.0161290322580645,0.0161290322580645,0.6935483870967742,0.080645161,0.0,1.0,0.1019219569015725,0.75,175,2.6790914385556204,5.649388468,8.328479906814211,11.06581246,43.73907979033198,5.416423995,1.164822365,10,10,10,10,10,0.0,105.8368509,0.0,1.8812506936851612,741.7815370158164,1717,1078,0.6278392545136867,E01016425,Reading 002C,E02003390,Reading 002,1.0631225315761728,300,20,0,0,320,75,100
18.495,Urban,Urban: Nearer to a major town or city,0.9375,0.0625,0.0,0.0,219.8581560283688,310,0.7377731529656607,0.8355029585798817,0.1935483870967742,0.1774193548387097,0.0161290322580645,0.0161290322580645,0.6935483870967742,0.080645161,0.0,1.0,0.2304964539007092,0.4444444444444444,325,1.4184397163120568,3.7588652482269502,7.5177304964539005,8.510638298,54.96453900709219,4.609929078014184,0.7801418439716312,10,10,10,10,10,0.0,110.5687898,0.0,7.360426790586261,274.8382676406601,1410,888,0.6297872340425532,E01016426,Reading 002D,E02003390,Reading 002,0.8151701213404906,300,20,0,0,320,100,225
23.03,Urban,Urban: Nearer to a major town or city,0.9032258064516128,0.080645161,0.0161290322580645,0.0,161.76470588235296,275,0.7256515775034293,0.8728836334318731,0.2181818181818181,0.2181818181818181,0.036363636,0.036363636,0.5454545454545454,0.109090909090909,0.0,1.0,0.25,0.7,425,2.117647058823529,4.0588235294117645,8.764705882352942,9.705882352941178,43.94117647058823,7.294117647058823,1.2941176470588236,10,10,10,10,10,0.0,85.43310696,0.0,4.732656034150532,401.2040506152448,1700,1004,0.5905882352941176,E01016427,Reading 003C,E02003391,Reading 003,1.479084883728812,280,25,5,0,310,175,250
15.593,Urban,Urban: Nearer to a major town or city,0.9032258064516128,0.080645161,0.0161290322580645,0.0,143.67816091954023,275,0.7256515775034293,0.8728836334318731,0.2181818181818181,0.2181818181818181,0.036363636,0.036363636,0.5454545454545454,0.109090909090909,0.0,1.0,0.057471264,0.4666666666666667,110,2.978056426332288,5.015673981191222,8.202716823406478,10.240334378265413,40.70010449320794,8.934169278996865,1.4629049111807733,10,8,9,10,9,0.0,108.000471,0.0,3.5414116573714214,569.2486521810098,1914,1160,0.6060606060606061,E01016428,Reading 003D,E02003391,Reading 003,1.6942396367592696,280,25,5,0,310,35,75
10.228,Urban,Urban: Nearer to a major town or city,0.9032258064516128,0.080645161,0.0161290322580645,0.0,169.96291718170582,275,0.7256515775034293,0.8728836334318731,0.2181818181818181,0.2181818181818181,0.036363636,0.036363636,0.5454545454545454,0.109090909090909,0.0,1.0,0.077255871,0.6666666666666666,125,4.079110012,6.427688504326329,11.00123609394314,13.22620519159456,37.021013597033374,7.416563658838071,1.2978986402966626,10,10,10,10,10,0.0,95.92714536,0.0,1.533602887232612,238.02304525892723,1618,997,0.6161928306551298,E01016429,Reading 003E,E02003391,Reading 003,0.6520592836157874,280,25,5,0,310,50,75
23.657,Urban,Urban: Nearer to a major town or city,0.9375,0.0625,0.0,0.0,216.32937892533147,310,0.7377731529656607,0.8355029585798817,0.1935483870967742,0.1774193548387097,0.0161290322580645,0.0161290322580645,0.6935483870967742,0.080645161,0.0,1.0,0.2791346824842987,1.0,400,2.0237264480111654,4.466154919748779,12.212142358688068,11.51430565247732,42.56803907885555,3.907885554780181,1.3956734124214931,10,10,10,10,10,0.0,106.3682648,0.8,0.6597293609282373,1279.7906115994151,1433,952,0.6643405443126309,E01016430,Reading 002E,E02003390,Reading 002,1.5157730718441922,300,20,0,0,320,200,200
21.716,Urban,Urban: Nearer to a major town or city,0.9090909090909092,0.090909091,0.0,0.0,144.37242192103713,245,0.740524781,0.8786776859504133,0.081632653,0.4285714285714285,0.020408163,0.020408163,0.4285714285714285,0.0612244897959183,0.0,1.0,0.2946375957572186,0.6666666666666666,500,4.478491455509722,7.955215085444903,10.430170889805538,14.37831467295227,27.637006482027104,10.724808485562756,2.592810842663524,9,8,8,8,7,0.0,95.52801418,0.0,10.03610136670132,1632.8294817652252,1697,1039,0.6122569239835003,E01016431,Reading 005D,E02003393,Reading 005,0.7971222796277366,250,25,0,0,275,200,300
13.903,Urban,Urban: Nearer to a major town or city,0.9090909090909092,0.090909091,0.0,0.0,159.60912052117263,245,0.740524781,0.8786776859504133,0.081632653,0.4285714285714285,0.020408163,0.020408163,0.4285714285714285,0.0612244897959183,0.0,1.0,0.1140065146579804,1.3333333333333333,175,5.863192182410423,7.947882736156352,11.986970684039088,12.37785016286645,25.732899022801305,12.899022801302932,2.0846905537459284,9,8,8,7,7,0.0,100.333526,0.0,10.603874895607523,1813.0558019149053,1535,905,0.5895765472312704,E01016432,Reading 005E,E02003393,Reading 005,0.8487463392960338,250,25,0,0,275,100,75
23.266,Urban,Urban: Nearer to a major town or city,0.9047619047619048,0.071428571,0.0238095238095238,0.0,117.5285426460712,175,0.7363038714390066,0.8804759329367225,0.1142857142857142,0.5714285714285714,0.028571429,0.028571429,0.2857142857142857,0.057142857,0.0,1.0,0.2686366689053056,1.0,400,6.044325050369376,7.991940899932841,11.484217595701814,14.237743451981194,23.90866353,14.372061786433848,2.7535258562793823,6,6,6,6,6,0.0,102.0435185,0.0,13.19736310931651,1466.3999809034196,1489,921,0.6185359301544661,E01016433,Reading 009B,E02003397,Reading 009,0.6819544120633132,190,15,5,0,210,200,200
41.595,Urban,Urban: Nearer to a major town or city,0.9047619047619048,0.071428571,0.0238095238095238,0.0,82.35294118,175,0.7363038714390066,0.8804759329367225,0.1142857142857142,0.5714285714285714,0.028571429,0.028571429,0.2857142857142857,0.057142857,0.0,1.0,0.2352941176470588,1.0,500,5.035294117647059,10.4,9.6,13.129411764705882,19.105882352941176,14.305882352941175,2.9176470588235293,5,4,5,3,3,0.0,107.4268489,0.0,3.0583642831745883,1239.2732392090145,2125,1290,0.6070588235294118,E01016434,Reading 009C,E02003397,Reading 009,1.3078886717340263,190,15,5,0,210,250,250
7.659,Urban,Urban: Nearer to a major town or city,0.9047619047619048,0.071428571,0.0238095238095238,0.0,114.6037983,175,0.7363038714390066,0.8804759329367225,0.1142857142857142,0.5714285714285714,0.028571429,0.028571429,0.2857142857142857,0.057142857,0.0,1.0,0.039292731,0.5,60,4.780615586116569,11.984282907662084,8.775376555337262,13.032089063523248,19.77734119,18.467583497053045,2.554027504911592,4,3,4,3,2,0.0,103.8352362,0.0,9.401243129608472,1234.4688920860856,1527,976,0.639161755,E01016435,Reading 009D,E02003397,Reading 009,0.957320204990254,190,15,5,0,210,20,40
14.566,Urban,Urban: Nearer to a major town or city,0.9047619047619048,0.071428571,0.0238095238095238,0.0,110.54958938723942,175,0.7363038714390066,0.8804759329367225,0.1142857142857142,0.5714285714285714,0.028571429,0.028571429,0.2857142857142857,0.057142857,0.0,1.0,0.1105495893872394,0.4,175,5.369551484523058,9.665192672141504,12.950094756790904,12.507896399241949,22.04674668351232,15.540113708149084,2.2109917877447884,5,5,5,4,4,0.0,86.99349442,0.0,12.12167720492731,1281.3299,1583,1001,0.6323436512950095,E01016436,Reading 009E,E02003397,Reading 009,0.8249683464541627,190,15,5,0,210,50,125
435.088,Urban,Urban: Nearer to a major town or city,0.7083333333333334,0.1805555555555555,0.097222222,0.0138888888888888,184.0277777777778,265,0.8381344307270233,0.910136878,0.1698113207547169,0.4716981132075472,0.056603774,0.056603774,0.3962264150943396,0.056603774,0.0,1.0,1.6319444444444444,0.175,2350,4.861111111111112,10.625,12.430555555555555,11.875,20.0,16.52777777777778,1.875,4,5,5,3,3,0.0,96.19047619,0.0,5.165421549,708.7850285396196,1440,1000,0.6944444444444444,E01016437,Reading 018B,E02003406,Reading 018,1.7423553751441676,255,65,35,5,360,350,2000
20.285,Urban,Urban: Nearer to a major town or city,0.7284768211920529,0.1854304635761589,0.066225166,0.0198675496688741,392.3686105111592,545,0.8323282950896703,0.9134687075128284,0.2018348623853211,0.4128440366972477,0.055045872,0.055045872,0.4311926605504587,0.055045872,0.0,1.0,0.2159827213822894,0.7142857142857143,300,3.8156947444204463,11.375089992800577,10.367170626349893,9.431245500359973,16.19870410367171,22.67818574514039,2.8077753779697625,2,2,2,1,1,0.0,100.2656471,0.0,4.478406398537424,1371.0680982159972,1389,908,0.6537077033837293,E01016438,Reading 017D,E02003405,Reading 017,0.4465874291027201,550,140,50,15,755,125,175
435.088,Urban,Urban: Nearer to a major town or city,0.7083333333333334,0.1805555555555555,0.097222222,0.0138888888888888,126.13041408852926,265,0.8381344307270233,0.910136878,0.1698113207547169,0.4716981132075472,0.056603774,0.056603774,0.3962264150943396,0.056603774,0.0,1.0,3.236554021894336,0.1333333333333333,6800,3.664921465968586,8.138981437410758,8.662541647,10.42360780580676,24.083769633507853,15.944788196097097,2.4750118990956684,4,4,5,3,3,0.0,115.915942,1.3,2.2705412360762063,54.93359145,2101,1411,0.6715849595430747,E01016439,Reading 018C,E02003406,Reading 018,2.202118120805706,255,65,35,5,360,800,6000
10.476,Urban,Urban: Nearer to a major town or city,0.7083333333333334,0.1805555555555555,0.097222222,0.0138888888888888,173.7704918032787,265,0.8381344307270233,0.910136878,0.1698113207547169,0.4716981132075472,0.056603774,0.056603774,0.3962264150943396,0.056603774,0.0,1.0,0.1311475409836065,1.0,200,4.590163934426229,10.42622950819672,10.295081967213116,11.475409836065571,18.81967213114754,22.098360655737707,2.6885245901639343,3,3,3,2,1,0.0,115.9556745,0.0,10.885923667361936,833.5417709,1525,1044,0.6845901639344262,E01016440,Reading 018D,E02003406,Reading 018,0.6430322509965165,255,65,35,5,360,100,100
17.454,Urban,Urban: Nearer to a major town or city,0.7083333333333334,0.1805555555555555,0.097222222,0.0138888888888888,172.7509778357236,265,0.8381344307270233,0.910136878,0.1698113207547169,0.4716981132075472,0.056603774,0.056603774,0.3962264150943396,0.056603774,0.0,1.0,0.091264668,0.12,140,5.019556714471968,10.29986962190352,10.365058670143416,9.843546284,16.362451108213822,23.07692307692308,2.411994784876141,2,2,2,1,1,0.0,104.3167015,0.0,6.630473701601177,237.773052353794,1534,1051,0.6851368970013038,E01016441,Reading 018E,E02003406,Reading 018,1.206550294900966,255,65,35,5,360,15,125
8.882,Urban,Urban: Nearer to a major town or city,0.7284768211920529,0.1854304635761589,0.066225166,0.0198675496688741,323.2502965599051,545,0.8323282950896703,0.9134687075128284,0.2018348623853211,0.4128440366972477,0.055045872,0.055045872,0.4311926605504587,0.055045872,0.0,1.0,0.088967972,0.5,150,2.7283511269276395,11.387900355871883,10.498220640569397,7.829181494661921,14.353499406880193,22.835112692763936,2.1945432977461445,2,2,3,1,1,0.0,107.401087,0.0,1.687386110595695,1566.9758202989794,1686,1141,0.6767497034400949,E01016443,Reading 017F,E02003405,Reading 017,0.5926325893763411,550,140,50,15,755,50,100
6.07,Urban,Urban: Nearer to a major town or city,0.9404761904761904,0.0476190476190476,0.0119047619047619,0.0,230.54755043227664,400,0.7908982748364068,0.8939967550027041,0.0625,0.6,0.025,0.0125,0.25,0.075,0.0123456790123456,0.9876543209876544,0.100864553314121,0.4,175,2.0172910662824206,10.489913544668587,9.164265129682995,10.835734870317005,18.61671469740634,20.172910662824208,3.5734870317002883,3,2,4,2,1,0.0,101.8807198,0.0,4.164552625,1677.6002794802698,1735,1249,0.7198847262247838,E01016444,Slough 004A,E02003410,Slough 004,0.2401218306223048,395,20,5,0,420,50,125
8.774,Urban,Urban: Nearer to a major town or city,0.9404761904761904,0.0476190476190476,0.0119047619047619,0.0,208.0083203328133,400,0.7908982748364068,0.8939967550027041,0.0625,0.6,0.025,0.0125,0.25,0.075,0.0123456790123456,0.9876543209876544,0.03900156,0.5,75,2.808112324,8.528341133645345,9.204368174726987,11.648465938637544,20.02080083203328,18.30473218928757,3.016120644825793,3,3,4,2,1,0.0,108.54,0.0,6.436053934127438,1461.7822138858437,1923,1297,0.6744669786791472,E01016445,Slough 004B,E02003410,Slough 004,0.6214988315728427,395,20,5,0,420,25,50
9.436,Urban,Urban: Nearer to a major town or city,0.9404761904761904,0.0476190476190476,0.0119047619047619,0.0,214.47721179624665,400,0.7908982748364068,0.8939967550027041,0.0625,0.6,0.025,0.0125,0.25,0.075,0.0123456790123456,0.9876543209876544,0.1072386058981233,0.6,200,2.4664879356568368,9.276139410187668,10.134048257372656,10.402144772117962,18.65951742627346,16.353887399463808,2.680965147453083,4,3,5,3,2,0.0,106.8131868,0.0,4.473445735573529,1127.2445525555015,1865,1246,0.6680965147453083,E01016446,Slough 004C,E02003410,Slough 004,0.447082656,395,20,5,0,420,75,125
9.516,Urban,Urban: Nearer to a major town or city,0.9404761904761904,0.0476190476190476,0.0119047619047619,0.0,194.7419668938656,400,0.7908982748364068,0.8939967550027041,0.0625,0.6,0.025,0.0125,0.25,0.075,0.0123456790123456,0.9876543209876544,0.085199611,0.75,175,2.4342745861733204,7.0593962999026285,8.325219084712755,9.688412852969815,18.938656280428432,18.06231742940604,3.797468354,4,3,6,3,1,0.0,98.25971897,0.0,1.619059968494437,847.2202571648996,2054,1322,0.6436222005842259,E01016447,Slough 004D,E02003410,Slough 004,0.6176423476950639,395,20,5,0,420,75,100
46.826,Urban,Urban: Nearer to a major town or city,0.9404761904761904,0.0476190476190476,0.0119047619047619,0.0,154.26147319706905,400,0.7908982748364068,0.8939967550027041,0.0625,0.6,0.025,0.0125,0.25,0.075,0.0123456790123456,0.9876543209876544,0.3085229463941381,0.6,800,3.355187042036252,9.101426918627071,6.594677979174701,9.294253760123407,20.94099498650212,19.82259930582337,3.663709988430389,4,4,5,3,1,0.0,94.7056962,0.7,0.8331834093950152,573.1983936,2593,1729,0.6667952178943309,E01016448,Slough 004E,E02003410,Slough 004,1.2002159293187469,395,20,5,0,420,300,500
18.587,Urban,Urban: Nearer to a major town or city,0.9404761904761904,0.0476190476190476,0.0119047619047619,0.0,159.6806387225549,400,0.7908982748364068,0.8939967550027041,0.0625,0.6,0.025,0.0125,0.25,0.075,0.0123456790123456,0.9876543209876544,0.1596806387225549,0.7777777777777778,400,2.714570858283433,8.223552894211576,8.902195608782435,10.379241516966069,16.367265469061877,21.31736526946108,3.1137724550898205,3,3,4,2,1,0.0,102.4413534,0.0,7.171208286652222,1026.3361741010992,2505,1676,0.669061876,E01016449,Slough 004F,E02003410,Slough 004,0.697232572,395,20,5,0,420,175,225
7.148,Urban,Urban: Nearer to a major town or city,0.9423076923076924,0.0384615384615384,0.0192307692307692,0.0,144.34889434889433,235,0.7424173834314169,0.8878604485582058,0.1489361702127659,0.5106382978723404,0.021276596,0.021276596,0.3617021276595745,0.063829787,0.0,1.0,0.024570025,0.3333333333333333,40,4.115479115479116,9.582309582309582,11.056511056511056,8.845208845208845,20.63882063882064,14.926289926289924,3.0712530712530715,2,2,3,2,2,0.0,114.4133038,0.0,3.231773014379573,705.8703069,1628,1121,0.6885749385749386,E01016450,Slough 001A,E02003407,Slough 001,0.9282830157476054,245,10,5,0,260,10,30
14.218,Urban,Urban: Nearer to a major town or city,0.9423076923076924,0.0384615384615384,0.0192307692307692,0.0,127.44034707158352,235,0.7424173834314169,0.8878604485582058,0.1489361702127659,0.5106382978723404,0.021276596,0.021276596,0.3617021276595745,0.063829787,0.0,1.0,0.094902386,0.75,175,3.036876355748373,9.707158351409978,10.412147505422992,9.869848156182211,18.87201735357917,14.154013015184384,2.928416485900217,2,2,3,2,2,0.0,122.5716738,0.0,2.530081939045102,1302.466244684298,1844,1188,0.6442516268980477,E01016451,Slough 001B,E02003407,Slough 001,0.3952441162349934,245,10,5,0,260,75,100
16.21,Urban,Urban: Nearer to a major town or city,0.9423076923076924,0.0384615384615384,0.0192307692307692,0.0,115.47911547911548,235,0.7424173834314169,0.8878604485582058,0.1489361702127659,0.5106382978723404,0.021276596,0.021276596,0.3617021276595745,0.063829787,0.0,1.0,0.1228501228501228,0.4285714285714285,250,3.194103194103194,9.828009828009828,10.909090909090908,8.157248157248159,21.08108108108108,15.626535626535626,2.6535626535626538,4,3,4,3,2,0.0,113.3851852,0.0,4.720604193,828.2947013,2035,1362,0.6692874692874693,E01016452,Slough 001C,E02003407,Slough 001,0.6355118703579122,245,10,5,0,260,75,175
15.985,Urban,Urban: Nearer to a major town or city,0.9423076923076924,0.0384615384615384,0.0192307692307692,0.0,135.6812933025404,235,0.7424173834314169,0.8878604485582058,0.1489361702127659,0.5106382978723404,0.021276596,0.021276596,0.3617021276595745,0.063829787,0.0,1.0,0.115473441108545,0.6,200,4.157043879907621,8.602771362586605,9.584295612009235,10.33487297921478,22.80600461893765,15.877598152424945,2.5981524249422634,4,4,5,4,3,0.0,110.4934653,0.0,8.754340012653637,1400.172049963219,1732,1087,0.6275981524249422,E01016453,Slough 001D,E02003407,Slough 001,0.913832452067968,245,10,5,0,260,75,125
7.613,Urban,Urban: Nearer to a major town or city,0.9423076923076924,0.0384615384615384,0.0192307692307692,0.0,135.83815028901734,235,0.7424173834314169,0.8878604485582058,0.1489361702127659,0.5106382978723404,0.021276596,0.021276596,0.3617021276595745,0.063829787,0.0,1.0,0.0578034682080924,0.3333333333333333,100,3.1791907514450863,7.861271676300578,10.46242774566474,10.404624277456648,18.95953757225433,15.895953757225437,2.4277456647398843,3,3,3,3,3,0.0,114.8762115,0.0,1.5136755952315708,1689.5408978144776,1730,1131,0.653757225,E01016454,Slough 001E,E02003407,Slough 001,0.6606435375916953,245,10,5,0,260,25,75
12.281,Urban,Urban: Nearer to a major town or city,0.9423076923076924,0.0384615384615384,0.0192307692307692,0.0,108.84668828161186,235,0.7424173834314169,0.8878604485582058,0.1489361702127659,0.5106382978723404,0.021276596,0.021276596,0.3617021276595745,0.063829787,0.0,1.0,0.057897175,0.6666666666666666,125,2.5474756831866605,8.198239925891617,10.189902732746642,8.012968967114405,23.94627142195461,12.181565539601667,1.899027327,4,3,5,4,3,0.0,113.852931,0.0,5.917184662509469,1206.2369067604648,2159,1411,0.6535433070866141,E01016455,Slough 001F,E02003407,Slough 001,0.675997155,245,10,5,0,260,50,75
223.034,Urban,Urban: Nearer to a major town or city,0.8191489361702128,0.1382978723404255,0.0319148936170212,0.0106382978723404,178.25311942959,400,0.805625,0.9143253555324315,0.1375,0.4375,0.0375,0.0375,0.4125,0.05,0.0,1.0,1.5597147950089127,0.5555555555555556,3500,3.5204991087344024,8.823529411764707,8.021390374,9.848484848484848,21.345811051693406,22.68270944741533,3.787878787878788,2,3,4,2,1,0.0,90.14168514,7.9,24.550036840967604,59.23045550417251,2244,1585,0.7063279857397504,E01016456,Slough 016D,E02007069,Slough 016,0.7739295921663938,385,65,15,5,470,1250,2250
7.657,Urban,Urban: Nearer to a major town or city,0.8191489361702128,0.1382978723404255,0.0319148936170212,0.0106382978723404,184.84288354898337,400,0.805625,0.9143253555324315,0.1375,0.4375,0.0375,0.0375,0.4125,0.05,0.0,1.0,0.034658041,0.5,75,2.2181146025878005,7.624768946395563,7.902033271719039,9.426987060998153,23.89094269870609,15.98890942698706,4.066543438077634,4,3,5,4,2,0.0,91.86898048,0.0,5.477919100187902,95.33130198,2164,1380,0.6377079482439926,E01016457,Slough 016C,E02007069,Slough 016,0.7302042850291076,385,65,15,5,470,25,50
13.534,Urban,Urban: Nearer to a major town or city,0.9056603773584906,0.075471698,0.0188679245283018,0.0,129.72972972972974,240,0.7621527777777778,0.9106443574225704,0.125,0.5,0.0416666666666666,0.0416666666666666,0.375,0.0416666666666666,0.020408163,0.979591836734694,0.1621621621621621,0.5,300,2.5945945945945943,10.108108108108109,9.243243243243244,10.648648648648647,21.83783783783784,18.5945945945946,3.297297297297298,3,3,3,3,2,0.0,100.0496599,0.0,5.6884361392779725,1099.3428073729042,1850,1228,0.6637837837837838,E01016458,Slough 015A,E02007068,Slough 015,0.8789762032266825,240,20,5,0,265,100,200
23.386,Urban,Urban: Nearer to a major town or city,0.8191489361702128,0.1382978723404255,0.0319148936170212,0.0106382978723404,183.82352941176472,400,0.805625,0.9143253555324315,0.1375,0.4375,0.0375,0.0375,0.4125,0.05,0.0,1.0,0.1838235294117647,0.6,400,2.5735294117647056,7.123161764705882,8.226102941176471,10.248161764705882,23.115808823529413,16.77389705882353,6.387867647058823,5,6,7,4,2,0.0,105.322103,0.0,1.5362166217729407,871.0479765638777,2176,1440,0.6617647058823529,E01016460,Slough 016A,E02007069,Slough 016,0.6509498633375705,385,65,15,5,470,150,250
70.007,Urban,Urban: Nearer to a major town or city,0.8503937007874016,0.1023622047244094,0.039370079,0.007874016,206.4135643,560,0.810400188,0.9210738421476844,0.1071428571428571,0.4553571428571428,0.035714286,0.035714286,0.3928571428571428,0.0625,0.0,1.0,0.3870254330998894,0.3125,1050,2.9856247696277185,6.597862145226687,7.887946922226317,7.445632142,26.46516771102101,17.213416881680796,3.169922595,3,2,4,3,2,0.0,91.43783784,0.0,3.0640428757541374,309.76965007902373,2713,1924,0.709178032,E01016462,Slough 009A,E02003415,Slough 009,0.6527323804200195,540,65,25,5,635,250,800
19.659,Urban,Urban: Nearer to a major town or city,0.8503937007874016,0.1023622047244094,0.039370079,0.007874016,266.6666666666667,560,0.810400188,0.9210738421476844,0.1071428571428571,0.4553571428571428,0.035714286,0.035714286,0.3928571428571428,0.0625,0.0,1.0,0.2261904761904762,0.3571428571428571,475,1.9523809523809523,8.142857142857144,9.476190476190476,9.0,19.09523809523809,18.761904761904763,4.047619047619048,2,1,3,2,1,0.0,89.65944056,0.0,1.160876207931271,25.152893402208136,2100,1345,0.6404761904761904,E01016463,Slough 009B,E02003415,Slough 009,1.7228365835527644,540,65,25,5,635,125,350
11.786,Urban,Urban: Nearer to a major town or city,0.8503937007874016,0.1023622047244094,0.039370079,0.007874016,238.19651212250108,560,0.810400188,0.9210738421476844,0.1071428571428571,0.4553571428571428,0.035714286,0.035714286,0.3928571428571428,0.0625,0.0,1.0,0.1169715014887282,0.5714285714285714,275,2.807316035729477,8.166737558485751,8.124202467035305,7.911527009783072,19.183326244151424,20.84219481071884,3.275202042,2,2,3,2,1,0.0,103.3888889,0.0,3.8128673419367134,458.27012129669146,2351,1504,0.6397277754147171,E01016464,Slough 009C,E02003415,Slough 009,0.5245396235013299,540,65,25,5,635,100,175
257.577,Urban,Urban: Nearer to a major town or city,0.8503937007874016,0.1023622047244094,0.039370079,0.007874016,170.0576981475858,560,0.810400188,0.9210738421476844,0.1071428571428571,0.4553571428571428,0.035714286,0.035714286,0.3928571428571428,0.0625,0.0,1.0,0.8199210446401458,0.2,2700,4.069237777102946,6.711205587610082,7.348921955663529,8.077740662010324,21.50015183723049,13.969025204980262,3.2189492863650164,3,2,4,3,3,0.0,81.1521164,0.0,3.0496282013822618,86.48485691765713,3293,2234,0.6784087458244762,E01016465,Slough 009D,E02003415,Slough 009,1.3116352997348912,540,65,25,5,635,450,2250
18.796,Urban,Urban: Nearer to a major town or city,0.922077922,0.064935065,0.0129870129870129,0.0,218.9086294416244,345,0.7608131487889274,0.9046679815910584,0.144927536231884,0.4927536231884058,0.0434782608695652,0.0289855072463768,0.3188405797101449,0.0579710144927536,0.0,1.0,0.2062182741116751,0.4444444444444444,325,4.060913705583756,8.629441624365482,8.375634517766498,11.802030456852792,25.19035532994924,13.071065989847716,3.362944162436548,4,3,5,4,3,0.0,94.95789474,0.0,1.6699931648140771,229.26999131294895,1576,1103,0.6998730964467005,E01016467,Slough 006A,E02003412,Slough 006,0.598804846,355,25,5,0,385,100,225
17.807,Urban,Urban: Nearer to a major town or city,0.922077922,0.064935065,0.0129870129870129,0.0,173.62858580775037,345,0.7608131487889274,0.9046679815910584,0.144927536231884,0.4927536231884058,0.0434782608695652,0.0289855072463768,0.3188405797101449,0.0579710144927536,0.0,1.0,0.1635631605435329,0.4444444444444444,325,2.9189733266230498,6.693507801,11.32360342224459,12.883744338198287,26.22043281328636,10.820332159033718,2.566683442,7,6,7,6,6,0.0,93.80437956,0.0,3.9722209636205794,197.9561804377388,1987,1319,0.6638147961751384,E01016468,Slough 006B,E02003412,Slough 006,0.7552449945447082,355,25,5,0,385,100,225
25.932,Urban,Urban: Nearer to a major town or city,0.922077922,0.064935065,0.0129870129870129,0.0,171.47117296222663,345,0.7608131487889274,0.9046679815910584,0.144927536231884,0.4927536231884058,0.0434782608695652,0.0289855072463768,0.3188405797101449,0.0579710144927536,0.0,1.0,0.1863817097415507,0.6666666666666666,375,2.783300198807157,7.107355864811134,8.896620278330019,10.984095427435388,23.06163021868788,12.624254473161034,2.68389662,5,4,6,4,4,0.0,99.84520796,0.0,4.793609922,153.26859433638626,2012,1260,0.6262425447316103,E01016469,Slough 006C,E02003412,Slough 006,0.6258331505229444,355,25,5,0,385,150,225
17.807,Urban,Urban: Nearer to a major town or city,0.922077922,0.064935065,0.0129870129870129,0.0,183.70607028753997,345,0.7608131487889274,0.9046679815910584,0.144927536231884,0.4927536231884058,0.0434782608695652,0.0289855072463768,0.3188405797101449,0.0579710144927536,0.0,1.0,0.1597444089456869,1.0,300,3.2481363152289675,7.774227902,9.531416400425986,11.075612353567625,25.82534611288605,12.193823216187434,2.9818956336528224,6,6,7,5,4,0.0,99.18263359,0.0,8.511675246798523,331.1720953731258,1878,1278,0.6805111821086262,E01016470,Slough 006D,E02003412,Slough 006,0.7049141122080246,355,25,5,0,385,150,150
8.606,Urban,Urban: Nearer to a major town or city,0.922077922,0.064935065,0.0129870129870129,0.0,216.57250470809797,345,0.7608131487889274,0.9046679815910584,0.144927536231884,0.4927536231884058,0.0434782608695652,0.0289855072463768,0.3188405797101449,0.0579710144927536,0.0,1.0,0.059635907,0.9,95,3.892027621,7.721280602636535,9.792843691148777,13.05712492,21.155053358443187,13.119899560577528,3.766478342749529,6,6,8,4,4,0.0,94.24511628,0.0,4.147237306487833,613.3109690156139,1593,1050,0.6591337099811676,E01016471,Slough 006E,E02003412,Slough 006,0.7233731224656174,355,25,5,0,385,45,50
8.113,Urban,Urban: Nearer to a major town or city,0.922077922,0.064935065,0.0129870129870129,0.0,198.6183074265976,345,0.7608131487889274,0.9046679815910584,0.144927536231884,0.4927536231884058,0.0434782608695652,0.0289855072463768,0.3188405797101449,0.0579710144927536,0.0,1.0,0.066206102,0.5333333333333333,115,4.375359815774323,8.635578583765112,11.974668969487624,12.838226827864132,21.99194012665515,14.45020149683362,3.7996545768566494,5,4,6,5,4,0.0,108.6758403,0.0,6.321910099487664,424.3670533906404,1737,1143,0.6580310880829016,E01016472,Slough 006F,E02003412,Slough 006,0.4745401236001638,355,25,5,0,385,40,75
321.326,Urban,Urban: Nearer to a major town or city,0.922077922,0.064935065,0.0129870129870129,0.0,120.04175365344469,345,0.7608131487889274,0.9046679815910584,0.144927536231884,0.4927536231884058,0.0434782608695652,0.0289855072463768,0.3188405797101449,0.0579710144927536,0.0,1.0,0.3827418232428671,0.2222222222222222,1100,1.7397355601948503,6.750173974,9.081419624,12.247738343771749,28.25330549756437,9.53375087,2.331245651,6,5,7,6,6,0.0,125.5046897,0.0,2.114208176,616.6146989756548,2874,2035,0.7080723729993041,E01016473,Slough 008A,E02003412,Slough 006,0.9459806385899006,355,25,5,0,385,200,900
321.326,Urban,Urban: Nearer to a major town or city,0.9213483146067416,0.04494382,0.0337078651685393,0.0,184.17462482946797,405,0.764128495,0.901401338214872,0.1604938271604938,0.4938271604938271,0.0246913580246913,0.0246913580246913,0.419753086419753,0.037037037037037,0.0,1.0,0.3865393360618463,0.4166666666666667,850,3.0923146884947705,8.640291041382445,9.231468849477036,10.595725329695316,20.73669849931787,16.825829922692133,3.456116416552979,3,2,4,4,3,0.0,93.45735513,0.0,8.371759155997252,341.7736467003966,2199,1372,0.6239199636198272,E01016474,Slough 008B,E02003414,Slough 008,0.8361444553723731,410,20,15,0,445,250,600
29.281,Urban,Urban: Nearer to a major town or city,0.9213483146067416,0.04494382,0.0337078651685393,0.0,160.52318668252082,405,0.764128495,0.901401338214872,0.1604938271604938,0.4938271604938271,0.0246913580246913,0.0246913580246913,0.419753086419753,0.037037037037037,0.0,1.0,0.2972651605231867,0.6666666666666666,750,3.170828378913991,9.274673008323424,7.292905272,8.125247720967103,20.134760206103845,15.81450653983353,2.2988505747126435,3,2,4,3,2,0.0,101.3194932,0.0,6.047515434707801,287.1766193856501,2523,1633,0.6472453428458185,E01016475,Slough 008C,E02003414,Slough 008,0.8267858187354236,410,20,15,0,445,300,450
13.152,Urban,Urban: Nearer to a major town or city,0.9213483146067416,0.04494382,0.0337078651685393,0.0,219.98913633894625,405,0.764128495,0.901401338214872,0.1604938271604938,0.4938271604938271,0.0246913580246913,0.0246913580246913,0.419753086419753,0.037037037037037,0.0,1.0,0.1222161868549701,0.5,225,3.2047800108636606,7.278652906029332,10.53775122216187,11.461162411732754,26.127104834329167,10.26615969581749,3.041825095057034,5,4,6,5,5,0.0,123.0636872,0.0,4.575520390911619,216.4263026645936,1841,1233,0.6697447039652363,E01016476,Slough 008D,E02003414,Slough 008,0.6556631254357246,410,20,15,0,445,75,150
42.641,Urban,Urban: Nearer to a major town or city,0.9213483146067416,0.04494382,0.0337078651685393,0.0,134.19483101391648,405,0.764128495,0.901401338214872,0.1604938271604938,0.4938271604938271,0.0246913580246913,0.0246913580246913,0.419753086419753,0.037037037037037,0.0,1.0,0.1822398939695162,0.8333333333333334,550,3.4791252485089466,6.792577866136515,8.979456593770708,9.907223327,26.7064281,8.813783963,2.485089463220676,5,4,6,6,5,0.0,92.94464902,0.0,1.0889886561309694,230.24198849706664,3018,2002,0.6633532140490391,E01016477,Slough 008E,E02003414,Slough 008,5.509699266581156,410,20,15,0,445,250,300
14.024,Urban,Urban: Nearer to a major town or city,0.9213483146067416,0.04494382,0.0337078651685393,0.0,209.19421487603307,405,0.764128495,0.901401338214872,0.1604938271604938,0.4938271604938271,0.0246913580246913,0.0246913580246913,0.419753086419753,0.037037037037037,0.0,1.0,0.1162190082644628,0.5,225,3.6157024793388426,8.212809917355372,8.212809917355372,11.518595041322314,26.291322314049587,12.964876033057852,3.564049587,5,4,6,5,4,0.0,101.6706195,0.0,1.178982627026908,182.44879559950357,1936,1290,0.6663223140495868,E01016478,Slough 008F,E02003414,Slough 008,0.8481889190528139,410,20,15,0,445,75,150
437.384,Urban,Urban: Nearer to a major town or city,0.75,0.1911764705882352,0.0514705882352941,0.007352941,331.23929183323816,580,0.8775267538644471,0.8352076124567474,0.051724138,0.646551724,0.051724138,0.051724138,0.25,0.00862069,0.0,1.0,0.885208452,0.033333333,1550,2.569960022844089,10.10850942318675,7.766990291262135,10.16561964591662,24.50028555111365,10.16561964591662,3.883495145631068,5,4,6,4,3,0.0,91.76470588,0.0,1.210460512818715,33.74080512885748,1751,1154,0.6590519703026841,E01016479,Slough 014A,E02003420,Slough 014,0.8261318642037895,510,130,35,5,680,50,1500
64.719,Urban,Urban: Nearer to a major town or city,0.75,0.1911764705882352,0.0514705882352941,0.007352941,369.4267515923567,580,0.8775267538644471,0.8352076124567474,0.051724138,0.646551724,0.051724138,0.051724138,0.25,0.00862069,0.0,1.0,0.3662420382165605,0.6428571428571429,575,3.1847133757961785,8.152866242038217,10.254777070063694,10.764331210191084,22.10191082802548,12.67515923566879,2.8662420382165608,2,2,3,3,3,0.0,94.73402299,0.0,5.650931921,101.14771085200086,1570,1039,0.6617834394904458,E01016480,Slough 014B,E02003420,Slough 014,0.7078478480883066,510,130,35,5,680,225,350
38.642,Urban,Urban: Nearer to a major town or city,0.75,0.1911764705882352,0.0514705882352941,0.007352941,379.0849673202614,580,0.8775267538644471,0.8352076124567474,0.051724138,0.646551724,0.051724138,0.051724138,0.25,0.00862069,0.0,1.0,0.1797385620915032,0.375,275,3.725490196078432,7.843137255,10.522875816993464,11.699346405228756,26.33986928104576,14.705882352941178,4.117647058823529,4,4,5,4,3,0.0,81.64644128,0.0,1.3963162539707548,163.69770735444231,1530,1115,0.7287581699346405,E01016481,Slough 014C,E02003420,Slough 014,5.013190944453915,510,130,35,5,680,75,200
437.384,Urban,Urban: Nearer to a major town or city,0.75,0.1911764705882352,0.0514705882352941,0.007352941,271.7900656044986,580,0.8775267538644471,0.8352076124567474,0.051724138,0.646551724,0.051724138,0.051724138,0.25,0.00862069,0.0,1.0,4.451733833177133,0.1875,9500,4.264292408622305,8.013120899718839,8.294283036551079,9.746954076850985,20.243673851921272,11.480787253983127,3.51452671,6,5,7,5,3,0.0,67.44717477,5.6,1.6519460137366555,355.6657954261205,2134,1558,0.7300843486410497,E01016482,Slough 014D,E02003420,Slough 014,7.86950656492361,510,130,35,5,680,1500,8000
60.502,Urban,Urban: Nearer to a major town or city,0.7906976744186046,0.1511627906976744,0.0465116279069767,0.0116279069767441,296.4254577157803,680,0.8462890937183654,0.9138538353681476,0.1029411764705882,0.5588235294117647,0.044117647,0.044117647,0.3161764705882353,0.044117647,0.0,1.0,0.6538796861377506,0.6666666666666666,1500,3.5745422842197034,7.672188317349608,7.410636442894507,6.756756756756757,17.436791630340018,18.48299912816042,3.5745422842197034,2,2,4,2,1,0.0,86.05117117,0.0,7.542726512408616,143.1206186370701,2294,1493,0.6508282476024412,E01016483,Slough 002A,E02003408,Slough 002,0.795468322,680,130,40,10,860,600,900
20.101,Urban,Urban: Nearer to a major town or city,0.7906976744186046,0.1511627906976744,0.0465116279069767,0.0116279069767441,358.6497890295359,680,0.8462890937183654,0.9138538353681476,0.1029411764705882,0.5588235294117647,0.044117647,0.044117647,0.3161764705882353,0.044117647,0.0,1.0,0.145042194,0.8333333333333334,275,3.375527426160337,7.383966244725738,8.597046414,9.440928270042194,22.52109705,18.40717299578059,3.850210970464136,3,3,4,3,2,0.0,89.75960265,0.0,3.056227594033772,256.7712915635516,1896,1272,0.6708860759493671,E01016484,Slough 002B,E02003408,Slough 002,0.3272007627809376,680,130,40,10,860,125,150
8.633,Urban,Urban: Nearer to a major town or city,0.7906976744186046,0.1511627906976744,0.0465116279069767,0.0116279069767441,347.4706182933061,680,0.8462890937183654,0.9138538353681476,0.1029411764705882,0.5588235294117647,0.044117647,0.044117647,0.3161764705882353,0.044117647,0.0,1.0,0.053653551,0.4,105,3.065917220235054,7.613694430250383,8.737864077669903,8.686765457332651,20.797138477261115,17.22023505365355,4.1389882473173225,4,3,6,3,2,0.0,100.7457077,0.0,3.2010675803168738,479.3022372275233,1957,1360,0.6949412365866121,E01016485,Slough 002C,E02003408,Slough 002,0.3123957788798104,680,130,40,10,860,30,75
3579.158,Urban,Urban: Nearer to a major town or city,0.7906976744186046,0.1511627906976744,0.0465116279069767,0.0116279069767441,381.37969713965225,680,0.8462890937183654,0.9138538353681476,0.1029411764705882,0.5588235294117647,0.044117647,0.044117647,0.3161764705882353,0.044117647,0.0,1.0,7.010656197420079,0.25,12500,3.8137969713965214,8.300616937745373,9.590577678070668,10.71228266965788,17.83510936623668,16.82557487380819,3.589455973,4,2,4,3,2,0.0,83.46251994,0.0,4.475934878894995,628.7230238888968,1783,1200,0.6730229949523275,E01016486,Slough 002D,E02003408,Slough 002,3.574672204335116,680,130,40,10,860,2500,10000
9.061,Urban,Urban: Nearer to a major town or city,0.7906976744186046,0.1511627906976744,0.0465116279069767,0.0116279069767441,370.1687534022863,680,0.8462890937183654,0.9138538353681476,0.1029411764705882,0.5588235294117647,0.044117647,0.044117647,0.3161764705882353,0.044117647,0.0,1.0,0.095264017,0.75,175,3.756124115405553,9.145345672,9.308655416439846,9.798584649,23.13554708764289,19.32498639085465,4.790419161676647,5,5,6,3,1,0.0,113.158961,0.0,10.08050197220446,423.82839274906365,1837,1272,0.6924333151878062,E01016487,Slough 002E,E02003408,Slough 002,0.3968056363690446,680,130,40,10,860,75,100
12.949,Urban,Urban: Nearer to a major town or city,0.7906976744186046,0.1511627906976744,0.0465116279069767,0.0116279069767441,338.3084577114428,680,0.8462890937183654,0.9138538353681476,0.1029411764705882,0.5588235294117647,0.044117647,0.044117647,0.3161764705882353,0.044117647,0.0,1.0,0.074626866,0.5,150,4.378109452736319,7.611940298507462,8.507462686567164,9.601990049751244,21.542288557213933,14.577114427860696,4.776119402985075,5,4,6,4,3,0.0,102.6965251,0.0,5.884174664,114.57746512716425,2010,1346,0.6696517412935323,E01016488,Slough 002F,E02003408,Slough 002,0.6797894740830045,680,130,40,10,860,50,100
359.943,Urban,Urban: Nearer to a major town or city,0.875,0.083333333,0.0277777777777777,0.0138888888888888,135.80805794477138,300,0.768888889,0.8982344772862527,0.1666666666666666,0.4666666666666667,0.0166666666666666,0.0166666666666666,0.4333333333333333,0.066666667,0.0,1.0,0.5092802172928927,0.125,1125,3.7573562698053418,9.461294703,9.234947940244457,11.36260751471254,18.696242643730194,13.761883205070166,3.3952014486192845,3,2,3,4,3,0.0,76.93031826,0.0,2.889136546349788,190.29158573782635,2209,1361,0.6161158895427795,E01016490,Slough 013B,E02003419,Slough 013,0.6922483475302867,315,30,10,5,360,125,1000
15.764,Urban,Urban: Nearer to a major town or city,0.875,0.083333333,0.0277777777777777,0.0138888888888888,160.25641025641028,300,0.768888889,0.8982344772862527,0.1666666666666666,0.4666666666666667,0.0166666666666666,0.0166666666666666,0.4333333333333333,0.066666667,0.0,1.0,0.2136752136752136,0.7777777777777778,400,4.113247863247863,7.211538461538461,8.333333333333332,11.805555555555555,28.685897435897434,13.087606837606838,1.8162393162393164,7,7,8,7,5,0.0,89.50353818,0.0,9.009923321879189,937.3252213160596,1872,1184,0.6324786324786325,E01016491,Slough 013C,E02003419,Slough 013,0.5549436794715316,315,30,10,5,360,175,225
81.615,Urban,Urban: Nearer to a major town or city,0.875,0.083333333,0.0277777777777777,0.0138888888888888,157.89473684210526,300,0.768888889,0.8982344772862527,0.1666666666666666,0.4666666666666667,0.0166666666666666,0.0166666666666666,0.4333333333333333,0.066666667,0.0,1.0,1.0789473684210529,0.1714285714285714,2050,2.7894736842105265,6.947368421052631,9.526315789473683,10.210526315789474,29.05263157894737,12.0,1.8421052631578945,6,5,7,6,5,0.0,74.67738791,0.0,7.367954035433922,595.1782540079672,1900,1227,0.6457894736842106,E01016492,Slough 013D,E02003419,Slough 013,0.8143373277228434,315,30,10,5,360,300,1750
6.679,Urban,Urban: Nearer to a major town or city,0.8425925925925926,0.1203703703703703,0.0277777777777777,0.009259259,372.7200634417129,470,0.8179501385041551,0.9106472180976504,0.1170212765957446,0.425531915,0.074468085,0.074468085,0.425531915,0.042553191,0.0,1.0,0.083267248,0.4,105,3.727200634417129,8.24742268,10.943695479777954,12.60904044409199,29.103885804916736,12.371134020618555,1.9825535289452807,7,7,8,7,7,0.0,85.4290404,0.0,10.756139148327978,180.96279540603103,1261,796,0.6312450436161776,E01016493,Slough 003A,E02003409,Slough 003,0.3718806483292652,455,65,15,5,540,30,75
342.43,Urban,Urban: Nearer to a major town or city,0.8425925925925926,0.1203703703703703,0.0277777777777777,0.009259259,231.75542406311635,470,0.8179501385041551,0.9106472180976504,0.1170212765957446,0.425531915,0.074468085,0.074468085,0.425531915,0.042553191,0.0,1.0,1.7258382642998027,0.1666666666666666,3500,3.106508875739645,7.001972386587771,8.974358974358974,10.108481262327416,27.71203155818541,11.68639053254438,2.071005917159764,5,4,6,5,4,0.0,84.69553451,0.0,4.193833372230657,293.88444843855814,2028,1416,0.6982248520710059,E01016494,Slough 003B,E02003409,Slough 003,1.907562673560605,455,65,15,5,540,500,3000
56.973,Urban,Urban: Nearer to a major town or city,0.8425925925925926,0.1203703703703703,0.0277777777777777,0.009259259,301.4753046824888,470,0.8179501385041551,0.9106472180976504,0.1170212765957446,0.425531915,0.074468085,0.074468085,0.425531915,0.042553191,0.0,1.0,0.3848620910840282,0.2,600,3.078896728672226,6.735086593970493,8.595253367543297,11.481719050673508,27.966645285439384,13.213598460551632,2.5657472738935216,7,6,7,7,6,0.0,98.54879032,0.0,3.061285227918183,274.2366754368343,1559,1054,0.6760744066709429,E01016495,Slough 003C,E02003409,Slough 003,0.6533203707254988,455,65,15,5,540,100,500
10.472,Urban,Urban: Nearer to a major town or city,0.8425925925925926,0.1203703703703703,0.0277777777777777,0.009259259,340.5797101449276,470,0.8179501385041551,0.9106472180976504,0.1170212765957446,0.425531915,0.074468085,0.074468085,0.425531915,0.042553191,0.0,1.0,0.086956522,0.6,120,3.4782608695652173,8.550724637681158,11.521739130434783,10.942028985507246,22.97101449275362,14.275362318840578,3.4782608695652173,4,3,4,4,4,0.0,90.5845815,0.0,4.985074505251593,669.1602946888638,1380,894,0.6478260869565218,E01016496,Slough 003D,E02003409,Slough 003,0.6017964218668368,455,65,15,5,540,45,75
17.372,Urban,Urban: Nearer to a major town or city,0.8425925925925926,0.1203703703703703,0.0277777777777777,0.009259259,341.32171387073345,470,0.8179501385041551,0.9106472180976504,0.1170212765957446,0.425531915,0.074468085,0.074468085,0.425531915,0.042553191,0.0,1.0,0.2360203340595497,0.625,325,4.212055192447349,8.133623819898329,10.893246187363834,9.368191721132897,37.83587509077705,12.563543936092955,1.888162672476398,10,9,10,8,7,0.0,110.435369,0.0,7.0932470524134175,827.1415632825093,1377,921,0.6688453159041394,E01016497,Slough 003E,E02003409,Slough 003,0.7048957921603467,455,65,15,5,540,125,200
7.491,Urban,Urban: Nearer to a major town or city,0.8425925925925926,0.1203703703703703,0.0277777777777777,0.009259259,278.9317507418398,470,0.8179501385041551,0.9106472180976504,0.1170212765957446,0.425531915,0.074468085,0.074468085,0.425531915,0.042553191,0.0,1.0,0.023738872,0.3333333333333333,40,2.6112759643916914,9.614243323442135,10.089020771513352,12.700296735905043,22.967359050445104,15.608308605341245,2.908011869436202,4,4,5,3,3,0.0,96.25979592,0.0,8.215486225267261,841.1089975706496,1685,1183,0.7020771513353116,E01016498,Slough 003F,E02003409,Slough 003,0.7303280457761113,455,65,15,5,540,10,30
1406.197,Urban,Urban: Nearer to a major town or city,0.8425925925925926,0.1203703703703703,0.0277777777777777,0.009259259,322.3593964334705,470,0.8179501385041551,0.9106472180976504,0.1170212765957446,0.425531915,0.074468085,0.074468085,0.425531915,0.042553191,0.0,1.0,1.3545953360768177,0.1285714285714285,1975,2.606310013717421,9.259259259,10.150891632373114,11.522633744855968,19.54732510288066,13.991769547325102,3.497942386831276,3,2,4,3,2,0.0,105.5929688,0.0,6.201331499864532,807.6976097742225,1458,991,0.6796982167352538,E01016499,Slough 003G,E02003409,Slough 003,0.6450227664957727,455,65,15,5,540,225,1750
9.595,Urban,Urban: Nearer to a major town or city,0.948051948,0.038961039,0.0129870129870129,0.0,194.32773109243695,370,0.7040720585475699,0.8739612188365651,0.2702702702702703,0.3918918918918919,0.0135135135135135,0.0135135135135135,0.4864864864864865,0.067567568,0.0135135135135135,0.9864864864864864,0.068277311,0.3,130,2.415966386554622,6.880252100840337,8.56092437,10.18907563,32.983193277310924,13.23529411764706,2.3634453781512605,7,6,8,7,5,0.0,93.74083665,0.0,5.840344968436368,47.562147674222,1904,1233,0.6475840336134454,E01016500,Slough 012A,E02003418,Slough 012,0.8561138129720182,365,15,5,0,385,30,100
13.37,Urban,Urban: Nearer to a major town or city,0.948051948,0.038961039,0.0129870129870129,0.0,202.29633679606343,370,0.7040720585475699,0.8739612188365651,0.2702702702702703,0.3918918918918919,0.0135135135135135,0.0135135135135135,0.4864864864864865,0.067567568,0.0135135135135135,0.9864864864864864,0.1093493712411153,0.6,200,2.186987424822308,8.638600328048113,10.224166211044286,11.31765992345544,23.83816293056315,13.778020776380536,2.8977583378895573,4,3,3,4,3,0.0,96.81614256,0.0,14.120584977207184,265.4847313619378,1829,1210,0.661563696,E01016501,Slough 012B,E02003418,Slough 012,0.3540929790140264,365,15,5,0,385,75,125
18.964,Urban,Urban: Nearer to a major town or city,0.948051948,0.038961039,0.0129870129870129,0.0,224.78736330498177,370,0.7040720585475699,0.8739612188365651,0.2702702702702703,0.3918918918918919,0.0135135135135135,0.0135135135135135,0.4864864864864865,0.067567568,0.0135135135135135,0.9864864864864864,0.2278250303766707,0.5,375,2.7339003645200486,8.019441069258809,9.416767922235724,8.930741190765493,28.311057108140947,12.27217496962333,2.2478736330498177,6,4,7,5,4,0.0,101.3715328,0.0,12.174604895928212,915.8481925517366,1646,1131,0.6871202916160389,E01016502,Slough 012C,E02003418,Slough 012,0.5749673241832386,365,15,5,0,385,125,250
10.486,Urban,Urban: Nearer to a major town or city,0.948051948,0.038961039,0.0129870129870129,0.0,212.3995407577497,370,0.7040720585475699,0.8739612188365651,0.2702702702702703,0.3918918918918919,0.0135135135135135,0.0135135135135135,0.4864864864864865,0.067567568,0.0135135135135135,0.9864864864864864,0.1291618828932261,0.5,225,2.985074626865672,8.036739380022963,9.127439724,9.357060849598165,25.602755453501725,14.23650975889782,3.386911596,5,4,5,5,3,0.0,105.7757112,0.0,6.425355601262228,440.0888262902287,1742,1189,0.682548794,E01016503,Slough 012D,E02003418,Slough 012,0.6225336383272266,365,15,5,0,385,75,150
12.682,Urban,Urban: Nearer to a major town or city,0.948051948,0.038961039,0.0129870129870129,0.0,226.8546903740037,370,0.7040720585475699,0.8739612188365651,0.2702702702702703,0.3918918918918919,0.0135135135135135,0.0135135135135135,0.4864864864864865,0.067567568,0.0135135135135135,0.9864864864864864,0.137952176578786,0.5,225,2.942979767014102,6.069895769466585,6.805640711220111,7.602697731453096,35.867565910484366,14.101778050275904,1.9619865113427344,6,5,6,8,6,0.0,107.3216359,0.0,4.946551308473408,263.7715693140952,1631,1064,0.6523605150214592,E01016504,Slough 012E,E02003418,Slough 012,0.8086441948247919,365,15,5,0,385,75,150
35.78,Urban,Urban: Nearer to a major town or city,0.948051948,0.038961039,0.0129870129870129,0.0,195.45694664553616,370,0.7040720585475699,0.8739612188365651,0.2702702702702703,0.3918918918918919,0.0135135135135135,0.0135135135135135,0.4864864864864865,0.067567568,0.0135135135135135,0.9864864864864864,0.2905441098784997,0.375,550,3.011093502377179,8.399366085578446,9.72002113,8.874801901743265,25.51505546751189,14.05176967776017,1.7960908610670894,5,4,4,5,3,0.0,87.00919765,0.0,5.604926379729754,575.4250842761475,1893,1240,0.6550449022715267,E01016505,Slough 012F,E02003418,Slough 012,0.8920723772719882,365,15,5,0,385,150,400
47.508,Urban,Urban: Nearer to a major town or city,0.8725490196078431,0.1078431372549019,0.019607843,0.0,249.86709197235515,470,0.7947034857401539,0.8992695117262591,0.2340425531914893,0.425531915,0.042553191,0.042553191,0.425531915,0.063829787,0.0105263157894736,0.9894736842105264,0.1382243487506645,0.1555555555555555,260,3.296119086,7.602339181286549,8.399787347155769,10.63264221158958,31.04731525784157,9.728867623604469,2.658160552897395,6,5,6,6,5,0.01242236,94.53124019,1.2,1.1310190184970432,1600.3607516236184,1881,1265,0.67251462,E01016506,Slough 010A,E02003416,Slough 010,0.8841584302701222,445,55,10,0,510,35,225
18.289,Urban,Urban: Nearer to a major town or city,0.8725490196078431,0.1078431372549019,0.019607843,0.0,242.5180598555212,470,0.7947034857401539,0.8992695117262591,0.2340425531914893,0.425531915,0.042553191,0.042553191,0.425531915,0.063829787,0.0105263157894736,0.9894736842105264,0.1547987616099071,0.3333333333333333,300,3.302373581011352,7.688338493292053,8.875128998968009,9.133126935,27.915376676986583,12.487100103199174,2.941176470588235,6,4,6,6,5,0.0,90.39903475,0.0,5.512315732907216,957.2763684,1938,1214,0.6264189886480909,E01016507,Slough 010B,E02003416,Slough 010,0.7256478390961806,445,55,10,0,510,75,225
173.792,Urban,Urban: Nearer to a major town or city,0.8725490196078431,0.1078431372549019,0.019607843,0.0,199.23696481559983,470,0.7947034857401539,0.8992695117262591,0.2340425531914893,0.425531915,0.042553191,0.042553191,0.425531915,0.063829787,0.0105263157894736,0.9894736842105264,0.6782534972445952,0.6,1600,3.772785078,5.807545570156846,6.1890631623569305,8.478168716,32.174650275540486,9.622721492157694,2.967359050445104,8,7,9,8,7,0.0,105.0190955,0.0,4.604840892981111,1312.352870289661,2359,1525,0.6464603645612548,E01016508,Slough 010C,E02003416,Slough 010,0.8686510767607554,445,55,10,0,510,600,1000
21.807,Urban,Urban: Nearer to a major town or city,0.8725490196078431,0.1078431372549019,0.019607843,0.0,266.28895184135973,470,0.7947034857401539,0.8992695117262591,0.2340425531914893,0.425531915,0.042553191,0.042553191,0.425531915,0.063829787,0.0105263157894736,0.9894736842105264,0.2691218130311614,0.5833333333333334,475,2.719546742209632,6.912181303116147,9.235127479,11.954674220963172,29.915014164305948,9.348441926,2.4362606232294617,6,5,7,7,6,0.0,94.41376147,0.0,0.8670142350812141,1301.4541147225063,1765,1178,0.6674220963172804,E01016509,Slough 010D,E02003416,Slough 010,1.1533836003353843,445,55,10,0,510,175,300
17.772,Urban,Urban: Nearer to a major town or city,0.8725490196078431,0.1078431372549019,0.019607843,0.0,212.3813827383642,470,0.7947034857401539,0.8992695117262591,0.2340425531914893,0.425531915,0.042553191,0.042553191,0.425531915,0.063829787,0.0105263157894736,0.9894736842105264,0.1694532309082693,0.5,375,1.8526886579304112,4.609127880704925,7.410754631721645,10.34794396746498,39.177586985991866,9.489380931,2.4401265250790782,9,7,9,9,8,0.0,92.24387947,0.0,4.059917802468388,543.8107655343587,2213,1467,0.6629010393131496,E01016510,Slough 010E,E02003416,Slough 010,1.2315520272257856,445,55,10,0,510,125,250
48.01,Urban,Urban: Nearer to a major town or city,0.8516483516483516,0.1208791208791208,0.021978022,0.005494505,271.45359019264447,775,0.7988153677633981,0.9044760966287436,0.2129032258064516,0.4064516129032258,0.032258065,0.032258065,0.4580645161290322,0.058064516,0.006369427,0.9936305732484076,0.3152364273204903,0.2857142857142857,900,2.5218914185639227,6.024518388791593,6.409807355516637,8.301225919,24.763572679509632,14.676007005253942,4.238178633975482,2,1,3,3,2,0.0,96.08635097,0.0,3.258229589003985,154.72311382986612,2855,1971,0.6903677758318739,E01016511,Slough 011A,E02003417,Slough 011,0.920745428782714,775,110,20,5,910,200,700
52.404,Urban,Urban: Nearer to a major town or city,0.8516483516483516,0.1208791208791208,0.021978022,0.005494505,349.0990990990991,775,0.7988153677633981,0.9044760966287436,0.2129032258064516,0.4064516129032258,0.032258065,0.032258065,0.4580645161290322,0.058064516,0.006369427,0.9936305732484076,0.4504504504504504,0.4285714285714285,1000,3.333333333333333,7.432432432432432,6.666666666666667,9.009009009,32.2972973,11.17117117117117,2.927927927927928,4,4,6,4,5,0.0,90.6472067,0.0,0.5923303376454035,117.10476682840596,2220,1501,0.6761261261261261,E01016514,Slough 011D,E02003417,Slough 011,1.6882471425913128,775,110,20,5,910,300,700
20.523,Urban,Urban: Nearer to a major town or city,0.8516483516483516,0.1208791208791208,0.021978022,0.005494505,363.5084427767354,775,0.7988153677633981,0.9044760966287436,0.2129032258064516,0.4064516129032258,0.032258065,0.032258065,0.4580645161290322,0.058064516,0.006369427,0.9936305732484076,0.1407129455909943,0.5,300,1.876172607879925,5.018761726078799,7.739212008,8.958724202626641,39.44652908067543,11.350844277673543,2.5328330206378986,9,8,10,9,8,0.0,112.868107,0.0,1.9597171603755568,316.8555211788644,2132,1318,0.6181988742964353,E01016515,Slough 011E,E02003417,Slough 011,1.0205554354673931,775,110,20,5,910,100,200
8.615,Urban,Urban: Nearer to a major town or city,0.953846153846154,0.0153846153846153,0.030769231,0.0,141.59702878365832,305,0.7847352862133835,0.8865932047750229,0.081967213,0.6065573770491803,0.032786885,0.032786885,0.2622950819672131,0.06557377,0.016393443,0.9836065573770492,0.051067781,0.4666666666666667,110,1.5784586815227482,7.938718662952645,9.238625812441969,10.027855153203342,16.852367688022284,18.152274837511605,3.5283194057567315,4,3,5,2,1,0.0,97.5799458,0.0,11.762711325122805,350.0388888769108,2154,1419,0.658774373,E01016516,Slough 005A,E02003411,Slough 005,0.4250720655977502,310,5,10,0,325,35,75
6.737,Urban,Urban: Nearer to a major town or city,0.953846153846154,0.0153846153846153,0.030769231,0.0,169.06873614190687,305,0.7847352862133835,0.8865932047750229,0.081967213,0.6065573770491803,0.032786885,0.032786885,0.2622950819672131,0.06557377,0.016393443,0.9836065573770492,0.033259424,0.3333333333333333,60,3.658536585365853,9.090909090909092,9.811529933481152,8.702882483370288,19.40133037694013,17.904656319290467,3.9911308203991127,3,3,5,2,1,0.0,87.32265193,0.0,4.429844320841449,384.04811707772944,1804,1244,0.6895787139689579,E01016517,Slough 005B,E02003411,Slough 005,0.2257415673266933,310,5,10,0,325,15,45
9.098,Urban,Urban: Nearer to a major town or city,0.953846153846154,0.0153846153846153,0.030769231,0.0,148.99853444064485,305,0.7847352862133835,0.8865932047750229,0.081967213,0.6065573770491803,0.032786885,0.032786885,0.2622950819672131,0.06557377,0.016393443,0.9836065573770492,0.031753786,0.3,65,1.9540791402051785,8.353688324377137,9.086468002,8.549096238397654,21.299462628236444,14.313629702002933,6.399609184171959,4,4,5,3,2,0.0,83.40142276,0.0,4.925760595501947,100.0070504759196,2047,1365,0.666829507,E01016518,Slough 005C,E02003411,Slough 005,0.4060286652636627,310,5,10,0,325,15,50
157.079,Urban,Urban: Nearer to a major town or city,0.953846153846154,0.0153846153846153,0.030769231,0.0,96.06299212598424,305,0.7847352862133835,0.8865932047750229,0.081967213,0.6065573770491803,0.032786885,0.032786885,0.2622950819672131,0.06557377,0.016393443,0.9836065573770492,1.5748031496062993,0.25,5000,2.078740157480315,6.803149606299212,7.968503937007874,8.692913386,27.21259842519685,14.141732283464568,2.5511811023622046,5,4,6,5,4,0.0,99.68433544,0.0,5.344111148234666,1263.8860540510452,3175,2003,0.6308661417322835,E01016519,Slough 005D,E02003411,Slough 005,1.684096709510429,310,5,10,0,325,1000,4000
157.079,Urban,Urban: Nearer to a major town or city,0.953846153846154,0.0153846153846153,0.030769231,0.0,166.39388979814512,305,0.7847352862133835,0.8865932047750229,0.081967213,0.6065573770491803,0.032786885,0.032786885,0.2622950819672131,0.06557377,0.016393443,0.9836065573770492,0.1909438079650845,0.4,350,3.273322422258593,8.619749045,9.601745771958536,10.529187124931806,18.49427168576105,17.62138570649209,3.873431533006001,3,2,3,3,2,0.0,94.93294118,0.0,4.581902384488238,1252.9031081476069,1833,1253,0.6835788325150027,E01016520,Slough 005E,E02003411,Slough 005,1.0912497867539053,310,5,10,0,325,100,250
16.967,Urban,Urban: Nearer to a major town or city,0.953846153846154,0.0153846153846153,0.030769231,0.0,141.0078594544614,305,0.7847352862133835,0.8865932047750229,0.081967213,0.6065573770491803,0.032786885,0.032786885,0.2622950819672131,0.06557377,0.016393443,0.9836065573770492,0.09246417,0.6,200,2.912621359223301,7.998150716597319,8.599167822468793,9.847434119,21.96024040684235,19.509939898289414,3.6985668053629217,4,3,5,3,2,0.0,108.3261569,0.0,9.618815465075974,346.0146050352592,2163,1413,0.6532593619972261,E01016521,Slough 005F,E02003411,Slough 005,0.831703241,310,5,10,0,325,75,125
16.443,Urban,Urban: Nearer to a major town or city,0.8629032258064516,0.1129032258064516,0.0241935483870967,0.0,304.7164811870694,575,0.8232887720067207,0.8971123829344433,0.1391304347826087,0.3043478260869565,0.0347826086956521,0.0347826086956521,0.5130434782608696,0.07826087,0.0,1.0,0.145733969263381,0.375,275,2.2257551669316373,4.3985161632220455,11.446740858505564,10.75781664016958,45.25702172760997,6.147323794382618,2.013778484,10,10,10,10,10,0.0,54.16450704,9.9,0.8487891413343801,461.2397918834081,1887,1133,0.6004239533651299,E01016522,Windsor and Maidenhead 017A,E02003437,Windsor and Maidenhead 017,1.178148908017251,535,70,15,0,620,75,200
137.416,Urban,Urban: Nearer to a major town or city,0.8629032258064516,0.1129032258064516,0.0241935483870967,0.0,354.2821934688848,575,0.8232887720067207,0.8971123829344433,0.1391304347826087,0.3043478260869565,0.0347826086956521,0.0347826086956521,0.5130434782608696,0.07826087,0.0,1.0,1.447935921133703,0.3428571428571428,2350,2.649414664202095,5.606900800985828,11.275415896487983,11.829944547134936,39.74121996303142,7.948243992606285,1.9716574245224887,9,9,10,9,9,0.0,38.31117647,1.0,0.6978225589598432,550.5249679990926,1623,1047,0.6451016635859519,E01016523,Windsor and Maidenhead 017B,E02003437,Windsor and Maidenhead 017,10.031203362691548,535,70,15,0,620,600,1750
129.191,Urban,Urban: Nearer to a major town or city,0.8629032258064516,0.1129032258064516,0.0241935483870967,0.0,266.5739452943904,575,0.8232887720067207,0.8971123829344433,0.1391304347826087,0.3043478260869565,0.0347826086956521,0.0347826086956521,0.5130434782608696,0.07826087,0.0,1.0,0.7649513212795549,0.32,1650,1.947148817802504,4.6360686138154845,10.848400556328231,12.331942512749189,39.68474733426054,6.583217431617988,2.039870190078813,10,10,10,9,10,0.140625,60.44027397,14.1,0.7657418809862576,180.91322894965623,2157,1338,0.6203059805285118,E01016524,Windsor and Maidenhead 017C,E02003437,Windsor and Maidenhead 017,10.447384684896935,535,70,15,0,620,400,1250
98.029,Urban,Urban: Nearer to a major town or city,0.8142292490118577,0.1422924901185771,0.0395256916996047,0.003952569,544.1640378548896,1035,0.825783566,0.8988111046884032,0.144927536231884,0.2995169082125604,0.048309179,0.038647343,0.5314009661835749,0.048309179,0.004830918,0.9951690821256038,0.4468980021030494,0.4166666666666667,850,1.892744479495268,3.627760252365931,7.465825446898002,9.305993690851736,46.95057833859096,5.310199789695059,1.3144058885383807,10,10,10,10,10,0.0,82.45193199,0.0,6.589390871612415,258.81273309054586,1902,1216,0.6393270241850684,E01016525,Windsor and Maidenhead 005A,E02003425,Windsor and Maidenhead 005,1.062313670017136,1030,180,50,5,1265,250,600
49.623,Urban,Urban: Nearer to a major town or city,0.9404761904761904,0.0476190476190476,0.0119047619047619,0.0,214.2110762800418,410,0.7623438429506246,0.8520408163265305,0.1585365853658536,0.2682926829268293,0.0365853658536585,0.0365853658536585,0.5609756097560976,0.085365854,0.0,1.0,0.2220480668756531,0.2142857142857142,425,2.403343782654128,4.075235109717868,9.613375131,10.606060606060606,40.54336468129572,7.001044932079415,1.671891327063741,10,10,10,10,10,0.0,97.25205931,0.0,5.6713225972095085,562.1140119183107,1914,1325,0.6922675026123302,E01016526,Windsor and Maidenhead 006A,E02003426,Windsor and Maidenhead 006,0.8816285644657521,395,20,5,0,420,75,350
59.399,Urban,Urban: Nearer to a major town or city,0.9404761904761904,0.0476190476190476,0.0119047619047619,0.0,248.93746205221612,410,0.7623438429506246,0.8520408163265305,0.1585365853658536,0.2682926829268293,0.0365853658536585,0.0365853658536585,0.5609756097560976,0.085365854,0.0,1.0,0.3339404978749241,0.5714285714285714,550,2.550091074681238,6.800242865816636,9.471766849,11.293260473588344,39.89071038251366,8.318154219793565,1.275045537340619,10,9,8,9,9,0.0,100.8448718,0.0,9.91132493704604,303.9765529320632,1647,1131,0.6867030965391621,E01016527,Windsor and Maidenhead 006B,E02003426,Windsor and Maidenhead 006,0.7062627897341717,395,20,5,0,420,200,350
70.739,Urban,Urban: Nearer to a major town or city,0.8142292490118577,0.1422924901185771,0.0395256916996047,0.003952569,580.1569506726457,1035,0.825783566,0.8988111046884032,0.144927536231884,0.2995169082125604,0.048309179,0.038647343,0.5314009661835749,0.048309179,0.004830918,0.9951690821256038,0.546524664,0.21875,975,3.0269058295964126,5.493273542600897,7.623318385650224,10.70627802690583,36.827354260089685,9.921524663677127,1.905829596412556,9,7,8,8,7,0.0,89.00622837,0.6,5.626103673,111.885872646775,1784,1181,0.6619955156950673,E01016528,Windsor and Maidenhead 005B,E02003425,Windsor and Maidenhead 005,1.0664574186771083,1030,180,50,5,1265,175,800
62.817,Urban,Urban: Nearer to a major town or city,0.8142292490118577,0.1422924901185771,0.0395256916996047,0.003952569,431.7897371714644,1035,0.825783566,0.8988111046884032,0.144927536231884,0.2995169082125604,0.048309179,0.038647343,0.5314009661835749,0.048309179,0.004830918,0.9951690821256038,0.2920317062995411,0.1666666666666666,700,2.7951606174384644,6.883604506,8.135168961,9.678765123070503,28.493950771798083,12.974551522736755,3.5878181059657908,5,3,5,3,5,0.0,94.09015919,0.0,1.7311977405616992,370.14388117688486,2397,1667,0.6954526491447642,E01016529,Windsor and Maidenhead 005C,E02003425,Windsor and Maidenhead 005,0.5776347649781145,1030,180,50,5,1265,100,600
22.891,Urban,Urban: Nearer to a major town or city,0.863013699,0.1187214611872146,0.01826484,0.0,625.3813300793166,1025,0.802349001,0.90494360000834,0.1365853658536585,0.2829268292682926,0.029268293,0.029268293,0.4975609756097561,0.068292683,0.004878049,0.9951219512195122,0.2135448444173276,0.4,350,4.209884075655888,8.663819402074434,9.945088469,10.799267846247712,28.30994508846858,12.751677852348994,1.8303843807199511,7,6,6,5,6,0.0,45.10928571,0.7,1.285674926448291,1371.7880123983862,1639,995,0.6070774862721171,E01016530,Windsor and Maidenhead 002A,E02003422,Windsor and Maidenhead 002,9.333619061196362,945,130,20,0,1095,100,250
52.446,Rural,Smaller rural: Nearer to a major town or city,0.863013699,0.1187214611872146,0.01826484,0.0,686.9973190348525,1025,0.802349001,0.90494360000834,0.1365853658536585,0.2829268292682926,0.029268293,0.029268293,0.4975609756097561,0.068292683,0.004878049,0.9951219512195122,0.8378016085790885,0.5625,1250,1.9436997319034848,4.3565683646112605,9.718498659517426,12.064343163538874,43.96782841823057,7.573726542,1.8096514745308312,9,10,10,10,10,0.098765432,42.28295019,53.7,0.4139334133926793,94.59478065787977,1492,811,0.5435656836461126,E01016531,Windsor and Maidenhead 002B,E02003422,Windsor and Maidenhead 002,26.57432244921193,945,130,20,0,1095,450,800
92.52,Urban,Urban: Nearer to a major town or city,0.863013699,0.1187214611872146,0.01826484,0.0,528.3505154639175,1025,0.802349001,0.90494360000834,0.1365853658536585,0.2829268292682926,0.029268293,0.029268293,0.4975609756097561,0.068292683,0.004878049,0.9951219512195122,0.5154639175257731,0.6666666666666666,1000,3.09278350515464,5.463917525773196,9.123711340206183,11.18556701030928,43.81443298969072,7.783505154639175,2.216494845360825,10,10,10,10,10,0.0,56.57579853,0.0,0.5920970966295134,291.1591315,1940,1176,0.6061855670103092,E01016532,Windsor and Maidenhead 002C,E02003422,Windsor and Maidenhead 002,11.822385280804772,945,130,20,0,1095,400,600
35.099,Urban,Urban: Nearer to a major town or city,0.863013699,0.1187214611872146,0.01826484,0.0,526.7214799588901,1025,0.802349001,0.90494360000834,0.1365853658536585,0.2829268292682926,0.029268293,0.029268293,0.4975609756097561,0.068292683,0.004878049,0.9951219512195122,0.2697841726618705,0.5,525,2.4152106885919835,3.648509763617677,9.558067831449128,11.664953751284688,45.58067831449127,5.755395683453238,0.9763617677286742,10,10,10,10,10,0.0,55.36147651,0.0,0.4735592795485495,2177.448637711293,1946,1185,0.6089414182939363,E01016533,Windsor and Maidenhead 002D,E02003422,Windsor and Maidenhead 002,10.55834025,945,130,20,0,1095,175,350
37.005,Urban,Urban: Nearer to a major town or city,0.9404761904761904,0.0476190476190476,0.0119047619047619,0.0,252.1525215252153,410,0.7623438429506246,0.8520408163265305,0.1585365853658536,0.2682926829268293,0.0365853658536585,0.0365853658536585,0.5609756097560976,0.085365854,0.0,1.0,0.3690036900369003,0.7142857142857143,600,2.890528905289053,4.305043050430505,10.516605166051662,13.099630996309964,42.37392373923739,6.580565805658056,1.7835178351783518,10,10,10,10,10,0.0,102.3394118,0.7,5.420497611918984,385.9661778041357,1626,1013,0.6230012300123001,E01016534,Windsor and Maidenhead 006C,E02003426,Windsor and Maidenhead 006,1.844849074005913,395,20,5,0,420,250,350
9.85,Urban,Urban: Nearer to a major town or city,0.8484848484848485,0.090909091,0.0454545454545454,0.0151515151515151,210.7142857142857,295,0.7947060634041244,0.9077134986225894,0.2033898305084746,0.3050847457627119,0.033898305,0.033898305,0.5254237288135594,0.06779661,0.0,1.0,0.064285714,0.8,90,3.928571428571429,7.071428571428571,9.928571428571429,12.071428571428571,31.142857142857142,9.857142857142858,2.4285714285714284,10,9,10,9,8,0.0,92.34024096,0.0,4.059890195447231,316.6907127,1400,918,0.6557142857142857,E01016535,Windsor and Maidenhead 007A,E02003427,Windsor and Maidenhead 007,0.4926241606836569,280,30,15,5,330,40,50
104.547,Urban,Urban: Nearer to a major town or city,0.8142292490118577,0.1422924901185771,0.0395256916996047,0.003952569,507.6017655713585,1035,0.825783566,0.8988111046884032,0.144927536231884,0.2995169082125604,0.048309179,0.038647343,0.5314009661835749,0.048309179,0.004830918,0.9951690821256038,1.1280039234919077,0.15,2300,2.108876900441393,7.405590975968613,7.111329082883766,8.876900441,41.19666503187837,8.239333006375674,2.0598332515939184,7,6,5,8,7,0.0,77.92479339,0.0,8.405346103365849,203.16290069334173,2039,1436,0.7042667974497303,E01016536,Windsor and Maidenhead 005D,E02003425,Windsor and Maidenhead 005,0.9517752037356878,1030,180,50,5,1265,300,2000
16.938,Urban,Urban: Nearer to a major town or city,0.8484848484848485,0.090909091,0.0454545454545454,0.0151515151515151,148.39034205231388,295,0.7947060634041244,0.9077134986225894,0.2033898305084746,0.3050847457627119,0.033898305,0.033898305,0.5254237288135594,0.06779661,0.0,1.0,0.050301811,0.3333333333333333,100,2.263581488933601,6.740442655935613,8.249496981891348,10.211267605633804,28.42052314,11.01609657947686,3.5211267605633805,8,6,9,6,5,0.0,82.75460123,0.0,8.685485793737664,469.9602639008643,1988,1418,0.7132796780684104,E01016537,Windsor and Maidenhead 007B,E02003427,Windsor and Maidenhead 007,0.6908076465136895,280,30,15,5,330,25,75
19.581,Urban,Urban: Nearer to a major town or city,0.8484848484848485,0.090909091,0.0454545454545454,0.0151515151515151,182.6625386996904,295,0.7947060634041244,0.9077134986225894,0.2033898305084746,0.3050847457627119,0.033898305,0.033898305,0.5254237288135594,0.06779661,0.0,1.0,0.1547987616099071,1.0,250,3.219814241486068,6.439628482972136,8.606811145510836,11.393188854489164,35.356037151702786,10.154798761609907,1.7956656346749225,9,8,9,8,7,0.0,84.9890625,0.0,6.841896882073627,244.94854568523084,1615,1072,0.6637770897832818,E01016538,Windsor and Maidenhead 007C,E02003427,Windsor and Maidenhead 007,0.5846331900266362,280,30,15,5,330,125,125
37.6,Urban,Urban: Nearer to a major town or city,0.9185185185185184,0.066666667,0.0148148148148148,0.0,396.1916461916462,645,0.8167778378703203,0.8979238754325259,0.1627906976744186,0.2713178294573643,0.03875969,0.0310077519379844,0.5348837209302325,0.054263566,0.0,1.0,0.2764127764127764,0.8,450,2.764127764127764,4.8525798525798525,9.275184275184277,12.469287469287467,40.909090909090914,10.565110565110563,2.027027027027027,9,10,10,10,10,0.0,66.65204082,0.0,1.8166187577116504,189.97662280575412,1628,1032,0.6339066339066339,E01016539,Windsor and Maidenhead 009A,E02003429,Windsor and Maidenhead 009,5.504732326223887,620,45,10,0,675,200,250
96.671,Urban,Urban: Nearer to a major town or city,0.9185185185185184,0.066666667,0.0148148148148148,0.0,390.1996370235934,645,0.8167778378703203,0.8979238754325259,0.1627906976744186,0.2713178294573643,0.03875969,0.0310077519379844,0.5348837209302325,0.054263566,0.0,1.0,0.8469449485783425,0.5555555555555556,1400,2.9038112522686026,7.078039927404718,10.163339382940109,13.127646702964308,35.14821536600121,9.860859044,2.056866304,9,10,10,7,8,0.0,71.40669014,1.5,0.9479442665741872,523.0769615013708,1653,1011,0.6116152450090744,E01016540,Windsor and Maidenhead 009B,E02003429,Windsor and Maidenhead 009,17.93354377408385,620,45,10,0,675,500,900
38.151,Urban,Urban: Nearer to a major town or city,0.9185185185185184,0.066666667,0.0148148148148148,0.0,465.3679653679654,645,0.8167778378703203,0.8979238754325259,0.1627906976744186,0.2713178294573643,0.03875969,0.0310077519379844,0.5348837209302325,0.054263566,0.0,1.0,0.3427128427128427,0.3571428571428571,475,4.401154401154401,5.483405483405483,10.75036075036075,13.924963924963926,34.12698412698413,8.874458874458876,1.803751803751804,10,10,10,10,9,0.0,101.2333333,0.0,2.8610627591263573,143.80127191753274,1386,801,0.577922078,E01016541,Windsor and Maidenhead 009C,E02003429,Windsor and Maidenhead 009,1.0485614097175793,620,45,10,0,675,125,350
19.129,Urban,Urban: Nearer to a major town or city,0.9185185185185184,0.066666667,0.0148148148148148,0.0,511.0935023771791,645,0.8167778378703203,0.8979238754325259,0.1627906976744186,0.2713178294573643,0.03875969,0.0310077519379844,0.5348837209302325,0.054263566,0.0,1.0,0.1782884310618066,1.25,225,3.9619651347068143,7.052297939778129,12.282091917591126,14.817749603803488,28.28843106180666,9.191759113,1.2678288431061806,7,7,7,7,7,0.0,92.72305825,0.0,1.3055621471128107,821.6056205557727,1262,812,0.6434231378763867,E01016542,Windsor and Maidenhead 009D,E02003429,Windsor and Maidenhead 009,2.2978607388659045,620,45,10,0,675,125,100
54.705,Urban,Urban: Nearer to a major town or city,0.9185185185185184,0.066666667,0.0148148148148148,0.0,328.9138194798572,645,0.8167778378703203,0.8979238754325259,0.1627906976744186,0.2713178294573643,0.03875969,0.0310077519379844,0.5348837209302325,0.054263566,0.0,1.0,0.4844467108618052,0.5833333333333334,950,3.059663437021928,5.303416624171342,12.901580826109129,13.309535951045383,33.503314635390105,8.618052014,1.7338092809790924,8,10,10,10,10,0.013245033,52.77200622,34.4,0.4026649793647696,1614.203399162494,1961,1166,0.5945945945945946,E01016543,Windsor and Maidenhead 009E,E02003429,Windsor and Maidenhead 009,39.73526584119893,620,45,10,0,675,350,600
587.491,Urban,Urban: Nearer to a major town or city,0.7643312101910829,0.197452229299363,0.031847134,0.006369427,271.1788435679068,605,0.8338228263096783,0.9011997993904556,0.1157024793388429,0.3388429752066115,0.024793388429752,0.024793388429752,0.4545454545454545,0.090909091,0.0,1.0,2.801434334379202,0.5625,6250,4.168534289556253,5.064993276557598,8.471537427162708,12.550425818018828,39.75795607350964,7.350963693411026,1.882563872702824,8,9,10,9,9,0.0,64.77811284,0.0,7.528731089196015,731.2908034087048,2231,1709,0.7660242043926491,E01016544,Windsor and Maidenhead 010A,E02003430,Windsor and Maidenhead 010,1.3282450762984934,600,155,25,5,785,2250,4000
170.278,Urban,Urban: Nearer to a major town or city,0.8602941176470589,0.1102941176470588,0.0220588235294117,0.007352941,260.9649122807017,595,0.8,0.908641975,0.134453781512605,0.2941176470588235,0.042016807,0.042016807,0.4873949579831932,0.1008403361344537,0.0,1.0,1.5350877192982455,0.5555555555555556,3500,2.4122807017543857,6.008771929824562,8.421052631578947,9.956140350877194,41.578947368421055,9.736842105263158,2.017543859649123,7,6,7,8,9,0.0,74.91536232,7.0,4.317425313713999,248.56596904621148,2280,1602,0.7026315789473684,E01016545,Windsor and Maidenhead 012A,E02003432,Windsor and Maidenhead 012,0.926478099642924,585,75,15,5,680,1250,2250
91.284,Urban,Urban: Nearer to a major town or city,0.9066666666666666,0.066666667,0.026666667,0.0,209.47176684881603,345,0.7649275937314024,0.8673822714681441,0.1304347826086956,0.2463768115942029,0.0144927536231884,0.0144927536231884,0.5652173913043478,0.1014492753623188,0.0,1.0,0.4250151791135397,0.5555555555555556,700,0.546448087,3.885853066180936,7.650273224043716,9.04675167,54.28051001821493,5.403764420157862,1.275045537340619,10,10,10,10,10,0.0,81.40917942,1.3,10.999825091610672,72.85786040510048,1647,1151,0.6988463873709775,E01016546,Windsor and Maidenhead 015A,E02003435,Windsor and Maidenhead 015,0.6363737551916846,340,25,10,0,375,250,450
90.358,Urban,Urban: Nearer to a major town or city,0.8602941176470589,0.1102941176470588,0.0220588235294117,0.007352941,339.80582524271847,595,0.8,0.908641975,0.134453781512605,0.2941176470588235,0.042016807,0.042016807,0.4873949579831932,0.1008403361344537,0.0,1.0,0.8566533409480297,0.6666666666666666,1500,1.8846373500856648,3.883495145631068,7.824100513992005,10.908052541404912,48.08680754,5.425471159337522,1.8846373500856648,8,9,10,10,10,0.0,96.4527933,0.0,8.179026629105302,503.4546712747666,1751,1270,0.7252998286693318,E01016547,Windsor and Maidenhead 012B,E02003432,Windsor and Maidenhead 012,1.2226393742764834,585,75,15,5,680,600,900
42.535,Urban,Urban: Nearer to a major town or city,0.9210526315789472,0.065789474,0.0131578947368421,0.0,178.3893985728848,350,0.753623188,0.9024194840570422,0.1285714285714285,0.3714285714285714,0.028571429,0.028571429,0.4571428571428571,0.085714286,0.0,1.0,0.2420998980632008,0.9,475,3.516819571865444,5.198776758409786,9.480122324,13.09887869520897,40.16309887869521,6.931702344546381,1.2232415902140672,10,9,10,10,10,0.0,79.19182058,0.0,1.0378511695212105,865.1088463108114,1962,1329,0.6773700305810397,E01016548,Windsor and Maidenhead 014A,E02003434,Windsor and Maidenhead 014,0.9635292895235912,350,25,5,0,380,225,250
21.489,Urban,Urban: Nearer to a major town or city,0.9210526315789472,0.065789474,0.0131578947368421,0.0,170.9819247679531,350,0.753623188,0.9024194840570422,0.1285714285714285,0.3714285714285714,0.028571429,0.028571429,0.4571428571428571,0.085714286,0.0,1.0,0.1465559355153883,0.5,300,3.1753786028334146,6.106497313141182,8.891060088,10.942843185148998,37.76257938446507,11.382510991695163,1.905227161700049,8,6,7,8,9,0.0,77.47338936,0.0,1.0096433082268428,343.1032699003553,2047,1276,0.6233512457254519,E01016549,Windsor and Maidenhead 014B,E02003434,Windsor and Maidenhead 014,0.9904487969679324,350,25,5,0,380,100,200
51.801,Urban,Urban: Nearer to a major town or city,0.8602941176470589,0.1102941176470588,0.0220588235294117,0.007352941,401.75557056043215,595,0.8,0.908641975,0.134453781512605,0.2941176470588235,0.042016807,0.042016807,0.4873949579831932,0.1008403361344537,0.0,1.0,0.1181634031060094,0.4,175,3.376097232,8.237677245,11.88386225523295,12.829169480081026,32.61309925725861,9.993247806,1.688048615800135,9,8,9,7,8,0.0,109.8458937,0.0,1.4471892687316872,431.63524899588447,1481,1074,0.725185685,E01016550,Windsor and Maidenhead 012C,E02003432,Windsor and Maidenhead 012,0.6909946208186005,585,75,15,5,680,50,125
13.415,Urban,Urban: Nearer to a major town or city,0.9090909090909092,0.090909091,0.0,0.0,116.63597298956414,190,0.7731755424063116,0.9028925619834712,0.131578947368421,0.3947368421052631,0.026315789,0.026315789,0.4210526315789473,0.078947368,0.0,1.0,0.092081031,0.5,150,4.358502148557397,8.041743400859422,12.461632903621854,13.56660527931246,31.246163290362183,10.25168815224064,1.4119091467157765,10,9,10,9,8,0.0,94.3363964,0.0,5.070346793455933,131.4231226009486,1629,1011,0.6206261510128913,E01016551,Windsor and Maidenhead 013A,E02003433,Windsor and Maidenhead 013,1.5778013469069292,200,20,0,0,220,50,100
619.985,Urban,Urban: Nearer to a major town or city,0.8602941176470589,0.1102941176470588,0.0220588235294117,0.007352941,338.0681818181818,595,0.8,0.908641975,0.134453781512605,0.2941176470588235,0.042016807,0.042016807,0.4873949579831932,0.1008403361344537,0.0,1.0,7.159090909090909,0.05,12600,3.1818181818181817,7.443181818181818,7.954545454545454,11.136363636363637,38.57954545454545,7.954545454545454,2.727272727272727,9,8,9,10,9,0.0,86.78876221,0.0,3.660167953207586,179.5304514844184,1760,1049,0.5960227272727273,E01016552,Windsor and Maidenhead 012D,E02003432,Windsor and Maidenhead 012,3.278538076233307,585,75,15,5,680,600,12000
26.404,Urban,Urban: Nearer to a major town or city,0.9090909090909092,0.090909091,0.0,0.0,121.71684817424727,190,0.7731755424063116,0.9028925619834712,0.131578947368421,0.3947368421052631,0.026315789,0.026315789,0.4210526315789473,0.078947368,0.0,1.0,0.1441383728379244,0.8,225,5.445227418321589,7.367072389493915,9.865470852017935,12.87636130685458,26.00896860986547,16.784112748238307,2.434336963484945,8,9,9,7,7,0.0,80.35027027,0.0,5.859618195252336,83.01321842469787,1561,901,0.5771941063420885,E01016553,Windsor and Maidenhead 013B,E02003433,Windsor and Maidenhead 013,1.7065958338552405,200,20,0,0,220,100,125
19.097,Urban,Urban: Nearer to a major town or city,0.9210526315789472,0.065789474,0.0131578947368421,0.0,189.9077590884428,350,0.753623188,0.9024194840570422,0.1285714285714285,0.3714285714285714,0.028571429,0.028571429,0.4571428571428571,0.085714286,0.0,1.0,0.09495388,0.75,175,4.449267498643516,7.976125881714596,10.743353228431904,13.293543136190994,23.494302767227342,11.774281063483452,2.984264785675529,5,4,4,6,7,0.0,89.08951456,0.0,11.066013196002096,323.71559494855006,1843,1179,0.6397178513293543,E01016554,Windsor and Maidenhead 014C,E02003434,Windsor and Maidenhead 014,0.903667818109306,350,25,5,0,380,75,100
24.857,Urban,Urban: Nearer to a major town or city,0.9210526315789472,0.065789474,0.0131578947368421,0.0,209.08004778972523,350,0.753623188,0.9024194840570422,0.1285714285714285,0.3714285714285714,0.028571429,0.028571429,0.4571428571428571,0.085714286,0.0,1.0,0.2090800477897252,0.5555555555555556,350,3.345280764635603,10.33452807646356,11.947431302270012,11.827956989247312,21.44563918757467,15.352449223416963,1.7921146953405016,4,3,3,3,3,0.0,97.56899083,1.1,12.433400545644728,608.9569034664848,1674,1155,0.6899641577060932,E01016555,Windsor and Maidenhead 014D,E02003434,Windsor and Maidenhead 014,0.5629996374927386,350,25,5,0,380,125,225
26.014,Urban,Urban: Nearer to a major town or city,0.9210526315789472,0.065789474,0.0131578947368421,0.0,183.15018315018312,350,0.753623188,0.9024194840570422,0.1285714285714285,0.3714285714285714,0.028571429,0.028571429,0.4571428571428571,0.085714286,0.0,1.0,0.2223966509680795,0.7,425,4.866562009419153,7.6923076923076925,10.727367870225011,11.09366823652538,25.379382522239663,14.861329147043437,2.7210884353741496,6,5,5,4,5,0.0,85.21435185,0.0,13.738020841264108,1030.0761053133017,1911,1208,0.6321297749869178,E01016556,Windsor and Maidenhead 014E,E02003434,Windsor and Maidenhead 014,0.8006975769726545,350,25,5,0,380,175,250
22.337,Urban,Urban: Nearer to a major town or city,0.9090909090909092,0.090909091,0.0,0.0,95.71788413098236,190,0.7731755424063116,0.9028925619834712,0.131578947368421,0.3947368421052631,0.026315789,0.026315789,0.4210526315789473,0.078947368,0.0,1.0,0.1133501259445843,1.25,225,5.088161209,9.168765743073047,10.428211586901764,11.486146095717883,26.09571788413098,14.811083123425693,2.871536523929471,8,6,8,6,6,0.0,82.74155456,0.0,12.16332543891546,1041.025161296266,1985,1225,0.6171284634760705,E01016557,Windsor and Maidenhead 013C,E02003433,Windsor and Maidenhead 013,0.8221435864904103,200,20,0,0,220,125,100
55.284,Urban,Urban: Nearer to a major town or city,0.9090909090909092,0.090909091,0.0,0.0,126.83578104138851,190,0.7731755424063116,0.9028925619834712,0.131578947368421,0.3947368421052631,0.026315789,0.026315789,0.4210526315789473,0.078947368,0.0,1.0,0.3504672897196261,0.1666666666666666,525,5.473965287049399,7.543391188251001,10.74766355140187,14.018691588785046,20.427236315086784,9.345794392523365,1.4018691588785046,7,6,8,4,6,0.0,90.28599138,0.0,4.1131049816341045,828.8480602123756,1498,933,0.622830441,E01016558,Windsor and Maidenhead 013D,E02003433,Windsor and Maidenhead 013,0.7293759856350964,200,20,0,0,220,75,450
16.779,Urban,Urban: Nearer to a major town or city,0.8507462686567164,0.1044776119402985,0.044776119,0.0,207.77479892761397,310,0.817871094,0.8966262975778546,0.1774193548387097,0.3387096774193548,0.048387097,0.048387097,0.532258065,0.032258065,0.0,1.0,0.1172922252010723,0.4,175,4.222520107238606,6.702412868632708,9.919571045576408,13.002680965147452,35.187667560321714,8.780160857908847,1.742627345844504,10,10,10,10,9,0.0,99.90786749,0.0,2.0018245114708546,492.0554241286439,1492,865,0.5797587131367292,E01016559,Windsor and Maidenhead 008A,E02003428,Windsor and Maidenhead 008,0.4995442878583013,285,35,15,0,335,50,125
22.894,Urban,Urban: Nearer to a major town or city,0.8507462686567164,0.1044776119402985,0.044776119,0.0,189.95098039215685,310,0.817871094,0.8966262975778546,0.1774193548387097,0.3387096774193548,0.048387097,0.048387097,0.532258065,0.032258065,0.0,1.0,0.2604166666666667,0.7,425,4.227941176470589,8.149509804,11.76470588235294,11.76470588235294,21.5686274509804,13.970588235294118,1.6544117647058825,5,4,3,4,4,0.0,100.1018256,0.0,10.331241552880932,220.59729218579744,1632,1059,0.6488970588235294,E01016560,Windsor and Maidenhead 008B,E02003428,Windsor and Maidenhead 008,0.8711440879523616,285,35,15,0,335,175,250
220.432,Urban,Urban: Nearer to a major town or city,0.8507462686567164,0.1044776119402985,0.044776119,0.0,169.39890710382514,310,0.817871094,0.8966262975778546,0.1774193548387097,0.3387096774193548,0.048387097,0.048387097,0.532258065,0.032258065,0.0,1.0,1.639344262295082,0.2,3000,3.224043715846994,8.907103825,10.10928961748634,14.043715846994536,30.43715846994536,10.273224043715846,1.4207650273224044,10,9,9,9,7,0.037037037,95.64323873,5.8,1.8213000094303216,344.88115064058627,1830,1143,0.6245901639344262,E01016561,Windsor and Maidenhead 008C,E02003428,Windsor and Maidenhead 008,2.1962334482451062,285,35,15,0,335,500,2500
22.894,Urban,Urban: Nearer to a major town or city,0.8507462686567164,0.1044776119402985,0.044776119,0.0,220.17045454545456,310,0.817871094,0.8966262975778546,0.1774193548387097,0.3387096774193548,0.048387097,0.048387097,0.532258065,0.032258065,0.0,1.0,0.2130681818181818,0.2,300,3.6931818181818175,7.173295454545454,9.303977272727272,12.642045454545457,33.877840909090914,9.659090909090908,1.6335227272727273,10,10,10,9,8,0.0,87.40262009,0.0,1.3655334643576036,729.9223262859917,1408,841,0.5973011363636364,E01016562,Windsor and Maidenhead 008D,E02003428,Windsor and Maidenhead 008,4.393887192521215,285,35,15,0,335,50,250
48.365,Urban,Urban: Nearer to a major town or city,0.8507462686567164,0.1044776119402985,0.044776119,0.0,229.12047302291205,310,0.817871094,0.8966262975778546,0.1774193548387097,0.3387096774193548,0.048387097,0.048387097,0.532258065,0.032258065,0.0,1.0,0.3141167775314116,0.4166666666666667,425,5.247597930524759,7.243163340724316,10.273466371027348,14.116777531411678,35.18107908351811,6.134515890613452,1.3303769401330376,10,10,9,10,9,0.0,88.08343558,0.0,1.0908702730636706,1082.1323330706196,1353,804,0.5942350332594235,E01016563,Windsor and Maidenhead 008E,E02003428,Windsor and Maidenhead 008,4.583496428001174,285,35,15,0,335,125,300
94.901,Rural,Larger rural: Nearer to a major town or city,0.9098360655737704,0.06557377,0.016393443,0.008196721,327.18120805369125,585,0.8054399524375744,0.9047299113141628,0.1452991452991453,0.3247863247863248,0.0427350427350427,0.034188034,0.4871794871794871,0.068376068,0.008695652,0.991304348,6.711409395973154,1.0,12000,3.5794183445190155,7.438478747203579,8.389261744966444,11.68903803131991,32.77404921700224,11.85682326621924,2.2930648769574944,6,6,7,6,7,0.0,69.7302926,0.0,1.4719419987736202,292.6838152426014,1788,1140,0.6375838926174496,E01016564,Windsor and Maidenhead 011A,E02003431,Windsor and Maidenhead 011,6.793745954889332,555,40,10,5,610,6000,6000
35.309,Rural,Larger rural: Nearer to a major town or city,0.9098360655737704,0.06557377,0.016393443,0.008196721,333.3333333333333,585,0.8054399524375744,0.9047299113141628,0.1452991452991453,0.3247863247863248,0.0427350427350427,0.034188034,0.4871794871794871,0.068376068,0.008695652,0.991304348,0.3276353276353276,0.6428571428571429,575,3.01994302,5.356125356125356,8.49002849,10.826210826210826,41.82336182336182,6.6096866096866105,2.735042735042735,9,9,10,10,10,0.0,75.62944984,0.0,1.9084557228704548,469.5099343,1755,1166,0.6643874643874644,E01016565,Windsor and Maidenhead 011B,E02003431,Windsor and Maidenhead 011,4.191870895473238,555,40,10,5,610,225,350
38.888,Rural,Larger rural: Nearer to a major town or city,0.9098360655737704,0.06557377,0.016393443,0.008196721,321.6052776250688,585,0.8054399524375744,0.9047299113141628,0.1452991452991453,0.3247863247863248,0.0427350427350427,0.034188034,0.4871794871794871,0.068376068,0.008695652,0.991304348,0.2473886750962067,0.5,450,3.408466190214404,8.026388125343594,9.840571743,11.59978009895547,28.36723474436503,13.963716327652556,1.9241341396371632,5,5,6,4,5,0.0,75.4714497,0.0,1.311661163239449,1083.0489401098034,1819,1232,0.6772952171522815,E01016566,Windsor and Maidenhead 011C,E02003431,Windsor and Maidenhead 011,6.0991361368374735,555,40,10,5,610,150,300
251.497,Urban,Urban: Nearer to a major town or city,0.7643312101910829,0.197452229299363,0.031847134,0.006369427,186.3832409118916,605,0.8338228263096783,0.9011997993904556,0.1157024793388429,0.3388429752066115,0.024793388429752,0.024793388429752,0.4545454545454545,0.090909091,0.0,1.0,1.0012322858903266,0.625,3250,2.094886013555145,3.666050523721504,20.36352433764633,7.763401109057301,25.60073937,8.564386937769562,1.5403573629081946,9,10,10,6,9,0.0,49.59418182,1.0,1.1804294356090077,1455.9197477011064,3246,2099,0.6466420209488601,E01016567,Windsor and Maidenhead 010B,E02003430,Windsor and Maidenhead 010,15.248687856308354,600,155,25,5,785,1250,2000
12.066,Rural,Larger rural: Nearer to a major town or city,0.7643312101910829,0.197452229299363,0.031847134,0.006369427,465.7428791377984,605,0.8338228263096783,0.9011997993904556,0.1157024793388429,0.3388429752066115,0.024793388429752,0.024793388429752,0.4545454545454545,0.090909091,0.0,1.0,0.084680523,0.4666666666666667,110,4.618937644341801,8.468052347959969,12.086220169361049,13.163972286374134,28.021555042340264,12.16320246343341,2.155504234026174,7,6,6,4,7,0.0,102.1496368,0.0,7.108261077,1112.174074263316,1299,858,0.6605080831408776,E01016568,Windsor and Maidenhead 010C,E02003430,Windsor and Maidenhead 010,0.7034069156388747,600,155,25,5,785,35,75
14.942,Rural,Larger rural: Nearer to a major town or city,0.7643312101910829,0.197452229299363,0.031847134,0.006369427,537.3001776198935,605,0.8338228263096783,0.9011997993904556,0.1157024793388429,0.3388429752066115,0.024793388429752,0.024793388429752,0.4545454545454545,0.090909091,0.0,1.0,0.2220248667850799,0.4285714285714285,250,3.7300177619893424,9.502664298401422,9.591474245115451,13.410301953818829,27.797513321492005,12.788632326820604,2.0426287744227354,6,6,7,4,6,0.0,91.51483254,0.0,1.1759660953072806,674.0434343904883,1126,722,0.6412078152753108,E01016569,Windsor and Maidenhead 010D,E02003430,Windsor and Maidenhead 010,4.251823262552053,600,155,25,5,785,75,175
10.688,Urban,Urban: Nearer to a major town or city,0.8679245283018868,0.1132075471698113,0.0188679245283018,0.0,152.25334957369063,250,0.78,0.8727810650887574,0.2,0.26,0.06,0.06,0.58,0.04,0.0,1.0,0.039585871,0.3,65,2.923264312,4.6285018270401945,9.378806333739345,11.144945188794154,38.67235079171742,7.490864799025579,2.192448233861145,10,10,10,10,10,0.0,79.42495512,0.0,7.363844050119347,178.87158526926393,1642,975,0.5937880633373934,E01016570,Windsor and Maidenhead 001A,E02003421,Windsor and Maidenhead 001,0.6789931951259837,230,30,5,0,265,15,50
91.425,Urban,Urban: Nearer to a major town or city,0.918918919,0.054054054,0.027027027,0.0,82.90155440414507,160,0.7554630593132154,0.8947368421052632,0.21875,0.34375,0.0625,0.0625,0.5,0.03125,0.0,1.0,0.233160621761658,0.5,450,2.435233160621761,4.715025906735751,8.652849740932643,9.119170984,38.60103626943005,7.202072538860104,1.450777202072539,10,8,10,9,9,0.0,105.7726524,0.0,4.792015004825665,195.4508731390624,1930,1206,0.6248704663212435,E01016571,Windsor and Maidenhead 003A,E02003423,Windsor and Maidenhead 003,1.2520828908001889,170,10,5,0,185,150,300
41.9,Urban,Urban: Nearer to a major town or city,0.8679245283018868,0.1132075471698113,0.0188679245283018,0.0,194.25019425019423,250,0.78,0.8727810650887574,0.2,0.26,0.06,0.06,0.58,0.04,0.0,1.0,0.6993006993006993,0.5,900,3.962703962703962,6.993006993006993,12.354312354312354,13.51981351981352,35.35353535353536,12.975912975912976,2.7195027195027195,9,8,7,9,9,0.193103448,75.58933902,27.6,4.801158498336008,609.1379449926931,1287,763,0.5928515928515928,E01016572,Windsor and Maidenhead 001B,E02003421,Windsor and Maidenhead 001,1.041415317101676,230,30,5,0,265,300,600
19.954,Urban,Urban: Nearer to a major town or city,0.918918919,0.054054054,0.027027027,0.0,102.82776349614396,160,0.7554630593132154,0.8947368421052632,0.21875,0.34375,0.0625,0.0625,0.5,0.03125,0.0,1.0,0.1638817480719794,0.1333333333333333,255,4.177377892030849,9.640102827763496,11.375321336760926,11.696658097686376,19.151670951156813,17.544987146529564,1.5424164524421593,5,4,4,3,2,0.0,80.63454545,0.0,10.77695371244811,791.1038723449607,1556,1023,0.6574550128534704,E01016573,Windsor and Maidenhead 003B,E02003423,Windsor and Maidenhead 003,0.4639529994663206,170,10,5,0,185,30,225
13.115,Urban,Urban: Nearer to a major town or city,0.918918919,0.054054054,0.027027027,0.0,88.59357697,160,0.7554630593132154,0.8947368421052632,0.21875,0.34375,0.0625,0.0625,0.5,0.03125,0.0,1.0,0.047065338,0.7,85,4.208194905869324,6.644518272,10.188261351052049,12.070874861572536,22.03765227021041,11.018826135105204,2.436323366555925,7,5,7,4,5,0.0,84.15117271,0.0,4.849666414,973.1684410123474,1806,1198,0.6633444075304541,E01016574,Windsor and Maidenhead 003C,E02003423,Windsor and Maidenhead 003,0.6185992487172269,170,10,5,0,185,35,50
18.967,Urban,Urban: Nearer to a major town or city,0.9292929292929292,0.060606061,0.0101010101010101,0.0,250.9147935180345,480,0.7604166666666666,0.905997693,0.125,0.34375,0.03125,0.0208333333333333,0.4791666666666667,0.0625,0.0,1.0,0.1698902247778358,0.4444444444444444,325,3.606900156821746,8.729743858,10.245687401986409,12.28437009932044,36.80083638264506,11.34343962362781,2.038682697,9,10,10,8,7,0.0,33.22428811,0.0,1.9470927523767845,1395.810451284774,1913,1180,0.6168322007318349,E01016575,Windsor and Maidenhead 016A,E02003436,Windsor and Maidenhead 016,3.595103515975402,460,30,5,0,495,100,225
34.248,Urban,Urban: Nearer to a major town or city,0.9292929292929292,0.060606061,0.0101010101010101,0.0,252.8977871443625,480,0.7604166666666666,0.905997693,0.125,0.34375,0.03125,0.0208333333333333,0.4791666666666667,0.0625,0.0,1.0,0.2634351949420442,0.4285714285714285,500,4.109589041,8.587987355110643,10.695468914646996,13.435194942044255,29.61011591148577,11.907270811380402,2.054794520547945,8,9,10,6,7,0.0,42.45,0.0,1.6654631413739711,870.6159300153666,1898,1245,0.6559536354056902,E01016576,Windsor and Maidenhead 016B,E02003436,Windsor and Maidenhead 016,10.207370897428188,460,30,5,0,495,150,350
57.623,Urban,Urban: Nearer to a major town or city,0.9098360655737704,0.06557377,0.016393443,0.008196721,317.0731707317073,585,0.8054399524375744,0.9047299113141628,0.1452991452991453,0.3247863247863248,0.0427350427350427,0.034188034,0.4871794871794871,0.068376068,0.008695652,0.991304348,0.2845528455284553,0.3125,525,3.631436314363144,9.756097561,11.002710027100273,12.737127371273711,28.292682926829265,15.121951219512194,2.113821138211382,5,6,6,3,4,0.343195266,31.61009957,99.4,0.9329599666742112,2117.8781598972328,1845,1208,0.6547425474254742,E01016577,Windsor and Maidenhead 011D,E02003431,Windsor and Maidenhead 011,16.077860289623754,555,40,10,5,610,125,400
208.251,Rural,Smaller rural: Nearer to a major town or city,0.863013699,0.1187214611872146,0.01826484,0.0,568.1818181818182,1025,0.802349001,0.90494360000834,0.1365853658536585,0.2829268292682926,0.029268293,0.029268293,0.4975609756097561,0.068292683,0.004878049,0.9951219512195122,1.441241685144124,0.3,2600,4.157427937915743,5.986696230598669,10.365853658536585,12.13968957871397,34.25720620842572,10.80931263858093,1.5521064301552108,8,10,10,9,9,0.086956522,76.68076923,32.6,0.1724075701578467,1582.6155562392944,1804,1071,0.59368071,E01016578,Windsor and Maidenhead 002E,E02003422,Windsor and Maidenhead 002,40.60146543212222,945,130,20,0,1095,600,2000
152.078,Rural,Smaller rural: Nearer to a major town or city,0.863013699,0.1187214611872146,0.01826484,0.0,554.0540540540541,1025,0.802349001,0.90494360000834,0.1365853658536585,0.2829268292682926,0.029268293,0.029268293,0.4975609756097561,0.068292683,0.004878049,0.9951219512195122,0.6486486486486487,0.5,1200,3.675675675675675,6.378378378378378,10.324324324324325,12.91891891891892,34.97297297297297,10.054054054054054,1.8378378378378373,6,7,9,6,8,0.0,47.51023843,0.9,0.3885174769134544,1254.2541034826847,1850,1121,0.605945946,E01016579,Windsor and Maidenhead 002F,E02003422,Windsor and Maidenhead 002,41.18218857774611,945,130,20,0,1095,400,800
14.497,Urban,Urban: Nearer to a major town or city,0.8507462686567164,0.1044776119402985,0.044776119,0.0,194.23558897243103,310,0.817871094,0.8966262975778546,0.1774193548387097,0.3387096774193548,0.048387097,0.048387097,0.532258065,0.032258065,0.0,1.0,0.084586466,0.35,135,3.3834586466165413,9.523809523809524,11.215538847117791,12.656641604010025,19.61152882205514,19.674185463659143,2.0050125313283207,5,4,4,3,3,0.0,92.65988024,0.6,3.189611394603544,1520.450734653854,1596,1020,0.6390977443609023,E01016580,Windsor and Maidenhead 008F,E02003428,Windsor and Maidenhead 008,0.9405534495755988,285,35,15,0,335,35,100
27.162,Rural,Smaller rural: Nearer to a major town or city,0.863013699,0.1187214611872146,0.01826484,0.0,697.2789115646259,1025,0.802349001,0.90494360000834,0.1365853658536585,0.2829268292682926,0.029268293,0.029268293,0.4975609756097561,0.068292683,0.004878049,0.9951219512195122,0.4251700680272108,0.3888888888888889,625,3.741496598639456,5.850340136054422,8.775510204081632,13.945578231292515,40.20408163265306,7.687074829931973,2.0408163265306123,7,9,10,10,9,0.0,90.58677355,12.1,0.075249087,2079.7823830819707,1470,969,0.6591836734693878,E01016581,Windsor and Maidenhead 002G,E02003422,Windsor and Maidenhead 002,39.867593443140365,945,130,20,0,1095,175,450
19.984,Urban,Urban: Nearer to a major town or city,0.8679245283018868,0.1132075471698113,0.0188679245283018,0.0,150.06002400960384,250,0.78,0.8727810650887574,0.2,0.26,0.06,0.06,0.58,0.04,0.0,1.0,0.120048019207683,0.6,200,3.121248499,6.962785114045618,9.783913565,11.224489795918368,26.23049219687876,16.026410564225692,1.6206482593037217,8,6,8,5,4,0.0,87.11195122,0.0,1.476665574556116,1351.8114610972975,1666,1096,0.6578631452581032,E01016582,Windsor and Maidenhead 001C,E02003421,Windsor and Maidenhead 001,2.708805615111868,230,30,5,0,265,75,125
31.634,Urban,Urban: Nearer to a major town or city,0.9148936170212766,0.063829787,0.021276596,0.0,225.65922920892496,445,0.782608696,0.8730194658216388,0.2134831460674157,0.247191011235955,0.0337078651685393,0.0337078651685393,0.5842696629213483,0.0561797752808988,0.0,1.0,0.2028397565922921,0.6,400,2.383367139959432,5.324543610547668,8.823529411764707,11.308316430020284,45.63894523326572,4.9695740365111565,1.6227180527383367,10,10,10,10,10,0.0,82.83933718,0.0,2.960009660864724,589.8941451558029,1972,1262,0.6399594320486816,E01016583,Windsor and Maidenhead 004A,E02003424,Windsor and Maidenhead 004,1.351346940817571,430,30,10,0,470,150,250
27.892,Urban,Urban: Nearer to a major town or city,0.8142292490118577,0.1422924901185771,0.0395256916996047,0.003952569,430.5324459234609,1035,0.825783566,0.8988111046884032,0.144927536231884,0.2995169082125604,0.048309179,0.038647343,0.5314009661835749,0.048309179,0.004830918,0.9951690821256038,0.1351913477537437,0.8571428571428571,325,2.3710482529118138,6.447587354409317,8.444259567387686,10.108153078202994,35.19134775374376,10.98169717138103,2.454242928452579,8,6,8,6,6,0.0,104.0941586,0.0,6.994504595678386,435.0242868037729,2404,1651,0.6867720465890182,E01016584,Windsor and Maidenhead 005E,E02003425,Windsor and Maidenhead 005,0.8578162924801209,1030,180,50,5,1265,150,175
28.273,Urban,Urban: Nearer to a major town or city,0.9148936170212766,0.063829787,0.021276596,0.0,260.6912712360867,445,0.782608696,0.8730194658216388,0.2134831460674157,0.247191011235955,0.0337078651685393,0.0337078651685393,0.5842696629213483,0.0561797752808988,0.0,1.0,0.2489748096074985,0.7,425,3.983596953719976,6.151142355008787,10.134739308728763,11.833626244874049,43.76098418,7.674282366725249,1.5817223198594026,10,9,10,10,9,0.0,77.97002801,0.0,2.9109249408337656,318.0459039072918,1707,1119,0.655536028,E01016585,Windsor and Maidenhead 004B,E02003424,Windsor and Maidenhead 004,1.0306002597032684,430,30,10,0,470,175,250
23.196,Urban,Urban: Nearer to a major town or city,0.9148936170212766,0.063829787,0.021276596,0.0,332.8347045624532,445,0.782608696,0.8730194658216388,0.2134831460674157,0.247191011235955,0.0337078651685393,0.0337078651685393,0.5842696629213483,0.0561797752808988,0.0,1.0,0.4113687359760658,0.2222222222222222,550,2.243829468960359,5.310396409872849,10.471204188481677,13.089005235602096,46.82124158563949,8.077786088257293,1.6454749439042633,10,10,10,10,10,0.0,68.84389313,0.0,1.7611835050118745,292.03662334238425,1337,787,0.5886312640239342,E01016586,Windsor and Maidenhead 004C,E02003424,Windsor and Maidenhead 004,4.5424000265923805,430,30,10,0,470,100,450
20.392,Urban,Urban: Nearer to a major town or city,0.9292929292929292,0.060606061,0.0101010101010101,0.0,269.6629213483146,480,0.7604166666666666,0.905997693,0.125,0.34375,0.03125,0.0208333333333333,0.4791666666666667,0.0625,0.0,1.0,0.1404494382022472,0.6666666666666666,250,3.988764044943821,7.303370786516854,10.280898876404494,13.539325842696629,30.337078651685395,11.96629213483146,1.741573033707865,9,9,10,8,8,0.0,80.87634783,0.0,3.1212819420580304,163.58660285278626,1780,1107,0.6219101123595505,E01016587,Windsor and Maidenhead 016C,E02003436,Windsor and Maidenhead 016,0.9611435479686072,460,30,5,0,495,100,150
28.443,Urban,Urban: Nearer to a major town or city,0.9292929292929292,0.060606061,0.0101010101010101,0.0,262.72577996715927,480,0.7604166666666666,0.905997693,0.125,0.34375,0.03125,0.0208333333333333,0.4791666666666667,0.0625,0.0,1.0,0.3557744937055281,0.625,650,6.130268199233716,8.538587848932677,11.877394636015326,12.862616310892172,27.805145046524355,13.628899835796387,2.2441160372194857,6,7,6,5,7,0.0,66.15797101,0.0,0.2667885350986709,1916.7993129962276,1827,1122,0.6141215106732348,E01016588,Windsor and Maidenhead 016D,E02003436,Windsor and Maidenhead 016,37.48287008023614,460,30,5,0,495,250,400
59.065,Urban,Urban: Nearer to a major town or city,0.9292929292929292,0.060606061,0.0101010101010101,0.0,284.02366863905326,480,0.7604166666666666,0.905997693,0.125,0.34375,0.03125,0.0208333333333333,0.4791666666666667,0.0625,0.0,1.0,0.5029585798816568,0.4166666666666667,850,3.7869822485207103,7.988165680473373,10.118343195266272,12.544378698224854,40.11834319526627,7.928994082840236,2.6627218934911245,10,10,10,9,9,0.0,76.48,5.2,1.7300796834213423,475.95744608806353,1690,1044,0.6177514792899408,E01016589,Windsor and Maidenhead 016E,E02003436,Windsor and Maidenhead 016,5.780080592,460,30,5,0,495,250,600
40.735,Urban,Urban: Nearer to a major town or city,0.9148936170212766,0.063829787,0.021276596,0.0,171.02229054573405,445,0.782608696,0.8730194658216388,0.2134831460674157,0.247191011235955,0.0337078651685393,0.0337078651685393,0.5842696629213483,0.0561797752808988,0.0,1.0,0.1921598770176787,0.6666666666666666,500,1.498847040737894,3.074558032282859,6.610299769408147,8.186010760953113,44.50422751729439,4.304381245196003,1.191391237509608,10,10,10,10,10,0.0,106.7384324,0.0,1.5863255317866012,696.1689160394317,2602,1695,0.6514219830899308,E01016591,Windsor and Maidenhead 004D,E02003424,Windsor and Maidenhead 004,2.5215505391853554,430,30,10,0,470,200,300
119.691,Urban,Urban: Nearer to a major town or city,0.9148936170212766,0.063829787,0.021276596,0.0,204.50367647058823,445,0.782608696,0.8730194658216388,0.2134831460674157,0.247191011235955,0.0337078651685393,0.0337078651685393,0.5842696629213483,0.0561797752808988,0.0,1.0,0.4595588235294117,1.0,1000,2.527573529411765,5.882352941,7.490808823529411,8.777573529411764,42.14154411764706,9.972426470588236,2.5735294117647056,10,9,10,9,9,0.0,75.75471956,1.3,2.316488934,131.08445316899343,2176,1361,0.6254595588235294,E01016592,Windsor and Maidenhead 004E,E02003424,Windsor and Maidenhead 004,4.316877950446851,430,30,10,0,470,500,500
14.518,Urban,Urban: Nearer to a major town or city,0.8484848484848485,0.090909091,0.0454545454545454,0.0151515151515151,158.34675254965111,295,0.7947060634041244,0.9077134986225894,0.2033898305084746,0.3050847457627119,0.033898305,0.033898305,0.5254237288135594,0.06779661,0.0,1.0,0.0590445517981749,0.4666666666666667,110,4.616210413311863,9.286097691894794,10.950080515297907,11.969940955448202,19.484702093397747,17.01556629092861,2.361782072,4,3,3,2,3,0.0,85.98941799,0.0,6.902416936,679.5239393518485,1863,1260,0.6763285024154589,E01016593,Windsor and Maidenhead 007D,E02003427,Windsor and Maidenhead 007,0.8692607322070712,280,30,15,5,330,35,75
1363.765,Urban,Urban: Nearer to a major town or city,0.8484848484848485,0.090909091,0.0454545454545454,0.0151515151515151,141.62265962554008,295,0.7947060634041244,0.9077134986225894,0.2033898305084746,0.3050847457627119,0.033898305,0.033898305,0.5254237288135594,0.06779661,0.0,1.0,2.0163226116178588,0.2,4200,2.5924147863658185,7.537205952952472,7.345175228036485,8.785405664906385,19.39510321651464,11.71387421987518,1.7762842054728758,6,4,5,3,4,0.028806584,88.60551331,2.9,1.094428260429463,182.58611988271,2083,1459,0.7004320691310609,E01016594,Windsor and Maidenhead 007E,E02003427,Windsor and Maidenhead 007,1.8274381906176131,280,30,15,5,330,700,3500
127.909,Urban,Urban: Nearer to a major town or city,0.9066666666666666,0.066666667,0.026666667,0.0,178.29457364341087,345,0.7649275937314024,0.8673822714681441,0.1304347826086956,0.2463768115942029,0.0144927536231884,0.0144927536231884,0.5652173913043478,0.1014492753623188,0.0,1.0,1.2144702842377262,2.9166666666666665,2350,2.2739018087855296,6.304909560723513,9.664082687,12.196382428940568,34.366925064599485,6.770025839793281,1.7054263565891472,9,7,8,8,9,0.0,83.09233227,0.0,1.406169884,1285.184225017872,1935,1317,0.6806201550387597,E01016595,Windsor and Maidenhead 015B,E02003435,Windsor and Maidenhead 015,15.645335776985858,340,25,10,0,375,1750,600
64.845,Urban,Urban: Nearer to a major town or city,0.9066666666666666,0.066666667,0.026666667,0.0,179.5939614783967,345,0.7649275937314024,0.8673822714681441,0.1304347826086956,0.2463768115942029,0.0144927536231884,0.0144927536231884,0.5652173913043478,0.1014492753623188,0.0,1.0,0.4685059864653826,0.5,900,2.342529932326913,5.153565851119208,8.433107756376886,11.868818323789691,46.694429984383135,7.704320666319625,1.978136387298282,10,10,10,10,10,0.0,87.32055556,0.0,1.7418204575519671,187.6183251317536,1921,1207,0.6283185840707964,E01016596,Windsor and Maidenhead 015C,E02003435,Windsor and Maidenhead 015,5.167007862939562,340,25,10,0,375,300,600
18.915,Urban,Urban: Nearer to a major town or city,0.9066666666666666,0.066666667,0.026666667,0.0,199.07674552798616,345,0.7649275937314024,0.8673822714681441,0.1304347826086956,0.2463768115942029,0.0144927536231884,0.0144927536231884,0.5652173913043478,0.1014492753623188,0.0,1.0,0.1298326601269475,0.5,225,2.6543566070398152,4.789382573571841,9.809578765147144,10.328909405654931,45.52798615118292,5.366416618580496,1.442585112521639,10,10,10,10,10,0.0,77.40733453,0.0,1.5125072929413077,1685.289738407849,1733,1060,0.6116560877091748,E01016597,Windsor and Maidenhead 015D,E02003435,Windsor and Maidenhead 015,1.9834615105663589,340,25,10,0,375,75,150
19.247,Urban,Urban: Nearer to a major town or city,0.9404761904761904,0.0476190476190476,0.0119047619047619,0.0,281.9807428,410,0.7623438429506246,0.8520408163265305,0.1585365853658536,0.2682926829268293,0.0365853658536585,0.0365853658536585,0.5609756097560976,0.085365854,0.0,1.0,0.1891334250343879,0.375,275,2.8198074277854195,5.226960110041266,9.972489683631364,12.17331499312242,39.88995873452545,8.665749656121045,2.613480055020633,10,10,10,10,10,0.0,87.94612159,1.6,2.736748883867994,255.75775419642704,1454,845,0.5811554332874828,E01016598,Windsor and Maidenhead 006D,E02003426,Windsor and Maidenhead 006,1.096191184249225,395,20,5,0,420,75,200
15.571,Urban,Urban: Nearer to a major town or city,0.918918919,0.054054054,0.027027027,0.0,94.06231628453853,160,0.7554630593132154,0.8947368421052632,0.21875,0.34375,0.0625,0.0625,0.5,0.03125,0.0,1.0,0.0587889476778365,1.0,100,4.115226337,9.994121105232216,12.34567901234568,12.698412698412698,21.81069958847737,13.932980599647266,1.646090534979424,5,3,4,3,4,0.0,97.77473684,1.6,7.399657543128214,504.1860748665639,1701,1157,0.6801881246325691,E01016599,Windsor and Maidenhead 003D,E02003423,Windsor and Maidenhead 003,0.5405655568094028,170,10,5,0,185,50,50
17.009,Urban,Urban: Nearer to a major town or city,0.8679245283018868,0.1132075471698113,0.0188679245283018,0.0,218.7226596675416,250,0.78,0.8727810650887574,0.2,0.26,0.06,0.06,0.58,0.04,0.0,1.0,0.153105861767279,0.75,175,3.674540682414698,5.161854768,12.94838145231846,10.586176727909011,40.59492563429571,6.474190726159231,2.6246719160104988,10,10,10,10,10,0.0,58.68600917,40.7,0.3186226371208576,114.99491131137783,1143,684,0.5984251968503937,E01016600,Windsor and Maidenhead 001D,E02003421,Windsor and Maidenhead 001,6.277017910818982,230,30,5,0,265,75,100
15.74,Urban,Urban: Nearer to a major town or city,0.9404761904761904,0.0476190476190476,0.0119047619047619,0.0,242.603550295858,410,0.7623438429506246,0.8520408163265305,0.1585365853658536,0.2682926829268293,0.0365853658536585,0.0365853658536585,0.5609756097560976,0.085365854,0.0,1.0,0.088757396,0.5,150,2.6627218934911245,5.147928994,11.065088757396447,13.136094674556212,34.49704142011834,8.224852071005916,1.7159763313609466,10,8,9,10,10,0.0,88.93943925,0.0,4.4886561003776455,845.4020014422242,1690,1100,0.650887574,E01016601,Windsor and Maidenhead 006E,E02003426,Windsor and Maidenhead 006,1.1139191526789796,395,20,5,0,420,50,100
26.663,Urban,Urban: Nearer to a major town or city,0.9404761904761904,0.0476190476190476,0.0119047619047619,0.0,254.97512437810943,410,0.7623438429506246,0.8520408163265305,0.1585365853658536,0.2682926829268293,0.0365853658536585,0.0365853658536585,0.5609756097560976,0.085365854,0.0,1.0,0.2332089552238806,0.6666666666666666,375,4.291044776119403,6.592039800995026,9.390547263681592,11.567164179104475,38.059701492537314,10.44776119402985,1.803482587064677,10,10,10,10,9,0.0,93.55649718,0.0,4.296988743733714,89.7703296,1608,956,0.5945273631840796,E01016602,Windsor and Maidenhead 006F,E02003426,Windsor and Maidenhead 006,3.490816684561824,395,20,5,0,420,150,225
50.392,Urban,Urban: Nearer to a major town or city,0.9,0.075,0.01875,0.00625,400.3313086692434,725,0.7767895362663496,0.8812942526007674,0.1310344827586207,0.2689655172413793,0.0275862068965517,0.0275862068965517,0.5586206896551724,0.062068966,0.0,1.0,0.3865267807840972,0.5555555555555556,700,2.5400331308669246,5.356156819436776,9.221424627277749,11.209276642738818,42.35229155162894,8.724461623412479,1.987852015461072,10,10,10,10,10,0.0,61.47131034,0.0,1.7282645114290542,277.9590609525588,1811,1098,0.6062948647156268,E01016603,Windsor and Maidenhead 018A,E02003438,Windsor and Maidenhead 018,4.050305930434163,720,60,15,5,800,250,450
83.818,Urban,Urban: Nearer to a major town or city,0.9,0.075,0.01875,0.00625,329.3957292139936,725,0.7767895362663496,0.8812942526007674,0.1310344827586207,0.2689655172413793,0.0275862068965517,0.0275862068965517,0.5586206896551724,0.062068966,0.0,1.0,0.4543389368468877,0.6666666666666666,1000,2.180826896865061,4.815992731,9.722853248523398,11.767378464334394,44.388914129940936,7.451158564288959,2.635165833711949,10,10,10,10,10,0.0,45.49906832,2.3,0.7247498546001684,138.88017431099766,2201,1226,0.5570195365742844,E01016604,Windsor and Maidenhead 018B,E02003438,Windsor and Maidenhead 018,6.898932049815189,720,60,15,5,800,400,600
45.551,Urban,Urban: Nearer to a major town or city,0.9,0.075,0.01875,0.00625,427.2245138,725,0.7767895362663496,0.8812942526007674,0.1310344827586207,0.2689655172413793,0.0275862068965517,0.0275862068965517,0.5586206896551724,0.062068966,0.0,1.0,0.3682969946965232,0.5625,625,2.592810842663524,6.128461991750148,9.958750737,10.783736004714202,33.29404832056571,9.192692987625222,1.296405421331762,9,8,8,9,9,0.0,42.55464098,0.0,1.8068226891344463,452.7751630949071,1697,1038,0.6116676487919859,E01016605,Windsor and Maidenhead 018C,E02003438,Windsor and Maidenhead 018,5.534577388327171,720,60,15,5,800,225,400
40.544,Urban,Urban: Nearer to a major town or city,0.9,0.075,0.01875,0.00625,399.8896856039713,725,0.7767895362663496,0.8812942526007674,0.1310344827586207,0.2689655172413793,0.0275862068965517,0.0275862068965517,0.5586206896551724,0.062068966,0.0,1.0,0.2344180915609487,0.4166666666666667,425,2.3717595146166577,4.357418643132928,10.424710424710424,10.81081081081081,39.49255377826806,6.067291781577496,1.8753447324875896,10,10,10,10,10,0.0,49.77563291,17.2,2.1990758203290484,231.1967827833668,1813,1154,0.6365140650854937,E01016606,Windsor and Maidenhead 018D,E02003438,Windsor and Maidenhead 018,1.818945924,720,60,15,5,800,125,300
45.159,Urban,Urban: Nearer to a major town or city,0.9,0.075,0.01875,0.00625,359.62301587301585,725,0.7767895362663496,0.8812942526007674,0.1310344827586207,0.2689655172413793,0.0275862068965517,0.0275862068965517,0.5586206896551724,0.062068966,0.0,1.0,0.6448412698412699,0.8571428571428571,1300,1.5376984126984126,2.9265873015873014,14.732142857142858,9.920634921,36.90476190476191,5.059523809523809,1.5873015873015872,10,10,10,10,10,0.0,64.80887246,0.0,0.7971402258924606,464.4931638942656,2016,1239,0.6145833333333334,E01016607,Windsor and Maidenhead 018E,E02003438,Windsor and Maidenhead 018,3.763453282816416,720,60,15,5,800,600,700
53.445,Urban,Urban: Nearer to a major town or city,0.9,0.075,0.01875,0.00625,359.26660059464814,725,0.7767895362663496,0.8812942526007674,0.1310344827586207,0.2689655172413793,0.0275862068965517,0.0275862068965517,0.5586206896551724,0.062068966,0.0,1.0,0.4459861248761149,0.5,900,3.4192269573835485,5.450941526263628,10.45589692765114,11.446977205153615,36.22398414271556,10.852329038652131,1.734390485629336,9,7,8,9,9,0.0,55.54918444,0.0,0.9176747034792626,171.2111759524098,2018,1294,0.6412289395441031,E01016608,Windsor and Maidenhead 018F,E02003438,Windsor and Maidenhead 018,3.269132284703752,720,60,15,5,800,300,600
70.077,Urban,Urban: Nearer to a major town or city,0.8629032258064516,0.1129032258064516,0.0241935483870967,0.0,300.2610966057441,575,0.8232887720067207,0.8971123829344433,0.1391304347826087,0.3043478260869565,0.0347826086956521,0.0347826086956521,0.5130434782608696,0.07826087,0.0,1.0,0.5221932114882507,1.0,1000,3.0809399477806787,6.788511749,11.070496083550914,12.37597911227154,30.548302872062667,10.548302872062663,2.297650130548303,8,5,7,6,7,0.0,51.19254844,3.3,3.3414428915259204,514.2365200974061,1915,1273,0.664751958,E01016609,Windsor and Maidenhead 017D,E02003437,Windsor and Maidenhead 017,1.795631466638656,535,70,15,0,620,500,500
43.655,Rural,Larger rural: Nearer to a major town or city,0.8526315789473684,0.1157894736842105,0.031578947368421,0.0,149.73082099596232,445,0.7962293388429752,0.9079861111111112,0.1235955056179775,0.4157303370786517,0.0561797752808988,0.0561797752808988,0.4044943820224719,0.04494382,0.0,1.0,0.1009421265141319,0.3333333333333333,300,2.119784657,3.5329744279946165,6.695827725437416,10.56527590847914,21.534320323014803,3.9030955585464335,1.0430686406460297,8,7,10,7,10,0.0,94.42668666,1.0,2.7055349421894386,1267.9486238557736,2972,2106,0.7086137281292059,E01016611,Wokingham 018B,E02003456,Wokingham 018,4.804964739978492,405,55,15,0,475,75,225
38.182,Urban,Urban: Nearer to a major town or city,0.94,0.06,0.0,0.0,91.24087591240875,250,0.7535563244905805,0.8888888888888888,0.18,0.26,0.06,0.04,0.52,0.08,0.0,1.0,0.218978102189781,0.5,600,3.065693430656934,5.291970802919708,9.817518248,12.810218978102188,40.14598540145985,5.656934306569343,1.2773722627737227,10,10,10,10,10,0.0,69.68062433,0.0,0.2476475336703928,3159.0153082540755,2740,1712,0.6248175182481752,E01016612,Wokingham 015A,E02003453,Wokingham 015,12.113991024004536,235,15,0,0,250,200,400
1350.091,Urban,Urban: Nearer to a major town or city,0.8333333333333334,0.1083333333333333,0.0416666666666666,0.0166666666666666,330.73929961089493,510,0.8042228296729192,0.8807813846595806,0.3137254901960784,0.284313725490196,0.0294117647058823,0.0294117647058823,0.5882352941176471,0.0490196078431372,0.0,1.0,7.944228274967575,0.225,12250,2.658884565499352,8.041504539559014,9.597924773,12.840466926070038,29.571984435797667,14.850843060959791,2.529182879377432,7,5,7,5,5,0.0,98.01223176,0.0,3.803463489865061,353.2884841516366,1542,1073,0.6958495460440985,E01016613,Wokingham 006A,E02003444,Wokingham 006,3.680855629955498,500,65,25,10,600,2250,10000
11.511,Urban,Urban: Nearer to a major town or city,0.8333333333333334,0.1083333333333333,0.0416666666666666,0.0166666666666666,310.0303951367781,510,0.8042228296729192,0.8807813846595806,0.3137254901960784,0.284313725490196,0.0294117647058823,0.0294117647058823,0.5882352941176471,0.0490196078431372,0.0,1.0,0.1033434650455927,0.36,170,2.735562310030395,7.294832827,8.145896656534953,11.914893617021278,33.86018237082067,10.212765957446807,2.066869300911854,9,8,8,7,7,0.0,108.4875587,0.0,4.509025050771435,169.2143087,1645,1063,0.6462006079027356,E01016614,Wokingham 006B,E02003444,Wokingham 006,1.1088871637882265,500,65,25,10,600,45,125
43.663,Urban,Urban: Nearer to a major town or city,0.8421052631578947,0.1228070175438596,0.035087719,0.0,140.21669853409816,220,0.7665289256198347,0.8978512396694215,0.2045454545454545,0.4318181818181818,0.0454545454545454,0.0454545454545454,0.4090909090909091,0.0454545454545454,0.0,1.0,0.5736137667304015,1.0,900,3.0592734225621414,9.305289993626516,9.369024857,10.452517527087316,20.39515615041428,20.84130019120459,2.485659656,5,3,4,3,2,0.0,106.5708145,0.0,3.3939371576477035,518.8569080595819,1569,944,0.6016571064372211,E01016615,Wokingham 005A,E02003443,Wokingham 005,1.4732152564266805,240,35,10,0,285,450,450
53.123,Urban,Urban: Nearer to a major town or city,0.8421052631578947,0.1228070175438596,0.035087719,0.0,128.95662368112542,220,0.7665289256198347,0.8978512396694215,0.2045454545454545,0.4318181818181818,0.0454545454545454,0.0454545454545454,0.4090909090909091,0.0454545454545454,0.0,1.0,0.5275498241500586,1.25,900,4.806565064478312,7.444314185228605,9.671746776084408,13.012895662368113,27.080890973036343,14.361078546307152,2.872215709,8,7,6,7,6,0.0,100.8085763,0.0,8.423500724004878,1432.009995015252,1706,997,0.5844079718640094,E01016616,Wokingham 005B,E02003443,Wokingham 005,0.949723904837094,240,35,10,0,285,500,400
46.409,Urban,Urban: Nearer to a major town or city,0.8421052631578947,0.1228070175438596,0.035087719,0.0,101.71058714748035,220,0.7665289256198347,0.8978512396694215,0.2045454545454545,0.4318181818181818,0.0454545454545454,0.0454545454545454,0.4090909090909091,0.0454545454545454,0.0,1.0,0.2080443828016643,0.5,450,4.0221914008321775,7.720758206,8.830328247803976,11.97411003236246,27.508090614886733,9.662505779010631,1.8492834026814609,10,8,9,7,8,0.0,104.1119935,0.0,7.594837778,1134.3008864546334,2163,1294,0.5982431807674526,E01016617,Wokingham 005C,E02003443,Wokingham 005,1.316683817700168,240,35,10,0,285,150,300
8.225,Urban,Urban: Nearer to a major town or city,0.8333333333333334,0.1083333333333333,0.0416666666666666,0.0166666666666666,351.9668737060041,510,0.8042228296729192,0.8807813846595806,0.3137254901960784,0.284313725490196,0.0294117647058823,0.0294117647058823,0.5882352941176471,0.0490196078431372,0.0,1.0,0.044858523,0.3,65,1.7943409247757072,6.349206349206349,9.178743961352655,11.387163561076605,33.74741200828157,8.695652173913043,2.415458937198068,10,8,9,8,8,0.0,97.77266187,0.0,7.989527726936509,257.84164864348315,1449,935,0.6452726017943409,E01016618,Wokingham 006C,E02003444,Wokingham 006,1.00131074994936,500,65,25,10,600,15,50
27.158,Urban,Urban: Nearer to a major town or city,0.8823529411764706,0.1058823529411764,0.0117647058823529,0.0,232.69689737470168,390,0.769375,0.8877508650519031,0.1666666666666666,0.2564102564102564,0.025641026,0.025641026,0.5769230769230769,0.064102564,0.0,1.0,0.2535799522673031,0.4166666666666667,425,2.386634844868735,5.310262529832936,10.97852028639618,11.694510739856804,39.498806682577566,7.159904534606206,1.133651551312649,10,10,10,10,10,0.0,97.0375,0.7,0.1419258830163293,60.34893273094995,1676,1052,0.6276849642004774,E01016619,Wokingham 002A,E02003440,Wokingham 002,7.045931149041675,375,45,5,0,425,125,300
12.287,Urban,Urban: Nearer to a major town or city,0.8823529411764706,0.1058823529411764,0.0117647058823529,0.0,263.5135135135135,390,0.769375,0.8877508650519031,0.1666666666666666,0.2564102564102564,0.025641026,0.025641026,0.5769230769230769,0.064102564,0.0,1.0,0.070945946,0.4,105,2.4324324324324325,6.959459459459459,9.932432432432432,12.297297297297298,37.972972972972975,9.189189189,0.8108108108108109,10,8,8,9,8,0.0,134.1986928,4.0,0.5341364239873336,216.04500278897748,1480,925,0.625,E01016620,Wokingham 002B,E02003440,Wokingham 002,1.872180879437111,375,45,5,0,425,30,75
59.131,Urban,Urban: Nearer to a major town or city,0.8378378378378378,0.1216216216216216,0.040540541,0.0,220.02551020408163,345,0.8070934256055363,0.8924751360480391,0.1884057971014492,0.3333333333333333,0.0289855072463768,0.0289855072463768,0.4492753623188406,0.072463768,0.0,1.0,0.3826530612244898,0.2,600,4.400510204081633,8.290816326530612,11.35204081632653,13.966836734693878,27.614795918367346,9.119897959183673,1.6581632653061225,9,8,9,7,8,0.0,99.21515152,0.0,6.085678175289805,1589.3215860785883,1568,970,0.6186224489795918,E01016621,Wokingham 003A,E02003441,Wokingham 003,0.8216011192149338,310,45,15,0,370,100,500
24.197,Urban,Urban: Nearer to a major town or city,0.9056603773584906,0.075471698,0.0188679245283018,0.0,217.7700348432056,250,0.728,0.8550295857988166,0.24,0.26,0.04,0.04,0.6,0.06,0.0,1.0,0.2831010452961672,0.8571428571428571,325,3.397212543554007,6.707317073170732,10.975609756097562,14.80836236933798,38.41463414634146,7.229965156794425,1.829268292682927,10,10,10,10,10,0.0,111.3051643,0.0,3.038660831374268,1271.5231730022208,1148,676,0.5888501742160279,E01016622,Wokingham 004A,E02003442,Wokingham 004,2.303646372021774,240,20,5,0,265,150,175
27.88,Urban,Urban: Nearer to a major town or city,0.8378378378378378,0.1216216216216216,0.040540541,0.0,227.5725593667546,345,0.8070934256055363,0.8924751360480391,0.1884057971014492,0.3333333333333333,0.0289855072463768,0.0289855072463768,0.4492753623188406,0.072463768,0.0,1.0,0.3627968337730871,0.5714285714285714,550,4.353562005277045,7.981530343007916,9.960422164,14.379947229551451,29.22163588390501,12.33509234828496,1.912928759894459,10,9,9,8,7,0.0,101.925,0.0,3.6654653301772537,1195.9073913734528,1516,882,0.5817941952506597,E01016623,Wokingham 003B,E02003441,Wokingham 003,1.091266630478965,310,45,15,0,370,200,350
11.256,Urban,Urban: Nearer to a major town or city,0.8378378378378378,0.1216216216216216,0.040540541,0.0,251.09170305676847,345,0.8070934256055363,0.8924751360480391,0.1884057971014492,0.3333333333333333,0.0289855072463768,0.0289855072463768,0.4492753623188406,0.072463768,0.0,1.0,0.072780204,0.3333333333333333,100,3.4934497816593884,7.860262008733625,12.154294032023287,14.192139737991264,37.190684133915575,8.078602620087336,1.237263464,10,10,9,10,9,0.0,99.53206278,0.0,2.4282598907159536,839.0721653684208,1374,845,0.6149927219796215,E01016624,Wokingham 003C,E02003441,Wokingham 003,0.8236350679128978,310,45,15,0,370,25,75
37.643,Urban,Urban: Nearer to a major town or city,0.7913043478260869,0.1478260869565217,0.052173913,0.008695652,300.40439052570764,520,0.8117913832199546,0.8855954631379962,0.2019230769230769,0.2692307692307692,0.067307692,0.0576923076923076,0.5576923076923077,0.0576923076923076,0.0,1.0,0.3466204506065858,1.4,600,2.599653379549393,5.892547660311958,9.243212016,10.514153668399768,44.25187752744078,6.5857885615251295,2.8307336799537843,10,10,10,10,10,0.0,112.4260135,0.0,1.3620583898225282,390.5057071436077,1731,982,0.5673021374927787,E01016625,Wokingham 016A,E02003454,Wokingham 016,1.4683658314094694,455,85,30,5,575,350,250
201.471,Urban,Urban: Nearer to a major town or city,0.8041958041958042,0.1678321678321678,0.020979021,0.006993007,246.8601126028584,570,0.7912946428571428,0.9038881174370164,0.1228070175438596,0.2894736842105263,0.026315789,0.026315789,0.5350877192982456,0.078947368,0.00862069,0.9913793103448276,1.061065396275444,0.4,2450,2.858380251190992,6.453009961022088,9.354699004,10.524036379385016,34.08401905586834,9.051537462104807,2.511909917713296,8,6,7,8,9,0.0,92.49237984,10.3,3.679750213099572,56.047436016215,2309,1490,0.6453009961022087,E01016626,Wokingham 013A,E02003451,Wokingham 013,1.3587878824493198,575,120,15,5,715,700,1750
65.184,Urban,Urban: Nearer to a major town or city,0.8521739130434782,0.1130434782608695,0.026086957,0.008695652,244.7058823529412,520,0.7987312572087658,0.9054741953167827,0.173076923076923,0.3365384615384615,0.0384615384615384,0.0384615384615384,0.5,0.0576923076923076,0.0,1.0,0.8705882352941177,2.083333333333333,1850,3.152941176470588,5.929411764705883,10.4,13.694117647058825,36.8,5.929411764705883,1.6941176470588233,10,9,10,10,10,0.0,116.7701299,0.4,2.187003059890866,624.2147935371435,2125,1296,0.6098823529411764,E01016627,Wokingham 010A,E02003448,Wokingham 010,1.828986924325385,490,65,15,5,575,1250,600
56.407,Urban,Urban: Nearer to a major town or city,0.8521739130434782,0.1130434782608695,0.026086957,0.008695652,145.94442885209094,520,0.7987312572087658,0.9054741953167827,0.173076923076923,0.3365384615384615,0.0384615384615384,0.0384615384615384,0.5,0.0576923076923076,0.0,1.0,0.1964636542239685,0.75,700,2.329497614369913,4.238001683974179,7.128824024698288,9.991580129104689,25.70867246702217,3.985405557114791,1.2910468706146505,10,8,10,10,10,0.0,128.3170762,0.0,2.073287626979813,497.1316336739191,3563,2176,0.6107213022733652,E01016628,Wokingham 010B,E02003448,Wokingham 010,2.411628726730776,490,65,15,5,575,300,400
9.796,Urban,Urban: Nearer to a major town or city,0.94,0.06,0.0,0.0,177.8093883357041,250,0.7535563244905805,0.8888888888888888,0.18,0.26,0.06,0.04,0.52,0.08,0.0,1.0,0.0497866287339971,0.4,70,2.844950213371266,5.761024182076813,10.81081081081081,11.806543385490755,43.02987198,6.116642958748222,2.062588904694168,10,10,10,10,10,0.0,117.9760259,0.0,0.9737329976218578,403.1932243117852,1406,789,0.5611664295874822,E01016629,Wokingham 015B,E02003453,Wokingham 015,1.0269755697324563,235,15,0,0,250,20,50
10.137,Urban,Urban: Nearer to a major town or city,0.94,0.06,0.0,0.0,164.14970453053184,250,0.7535563244905805,0.8888888888888888,0.18,0.26,0.06,0.04,0.52,0.08,0.0,1.0,0.032829941,0.25,50,3.6112934996717008,7.156927117531188,7.944845699277741,13.131976362442549,40.249507550886406,5.121470781352593,0.6565988181221274,10,10,10,10,10,0.0,125.4939806,0.0,1.309472121,1385.0999273973828,1523,992,0.6513460275771503,E01016630,Wokingham 015C,E02003453,Wokingham 015,1.5273330132814804,235,15,0,0,250,10,40
9.067,Urban,Urban: Nearer to a major town or city,0.7913043478260869,0.1478260869565217,0.052173913,0.008695652,384.3311160384331,520,0.8117913832199546,0.8855954631379962,0.2019230769230769,0.2692307692307692,0.067307692,0.0576923076923076,0.5576923076923077,0.0576923076923076,0.0,1.0,0.04804139,0.4444444444444444,65,2.7346637102734666,6.873614190687362,11.086474501108649,11.751662971175168,33.48115299334812,8.277900961,2.2912047302291203,9,7,7,7,9,0.0,109.7639004,0.0,3.5076879965062604,864.5255147472611,1353,857,0.6334072431633407,E01016631,Wokingham 016B,E02003454,Wokingham 016,0.5701761393807109,455,85,30,5,575,20,45
11.937,Urban,Urban: Nearer to a major town or city,0.7913043478260869,0.1478260869565217,0.052173913,0.008695652,272.53668763102723,520,0.8117913832199546,0.8855954631379962,0.2019230769230769,0.2692307692307692,0.067307692,0.0576923076923076,0.5576923076923077,0.0576923076923076,0.0,1.0,0.0340670859538784,0.3,65,1.8343815513626835,5.241090146750524,9.067085953878406,12.316561844863733,39.57023060796646,5.450733752620545,1.0482180293501049,10,10,10,9,10,0.0,99.53490566,0.0,0.4473296636511058,1692.1836814531666,1908,1117,0.5854297693920335,E01016632,Wokingham 016C,E02003454,Wokingham 016,2.235487787324448,455,85,30,5,575,15,50
17.318,Urban,Urban: Nearer to a major town or city,0.9555555555555556,0.033333333,0.0111111111111111,0.0,312.5,420,0.7593079584775086,0.8511551571771241,0.1904761904761904,0.3214285714285714,0.0119047619047619,0.0119047619047619,0.5833333333333334,0.035714286,0.0,1.0,0.2232142857142857,0.7142857142857143,300,1.5625,5.580357142857143,9.895833333333332,10.56547619047619,47.39583333333333,5.208333333333334,1.488095238095238,10,10,10,10,10,0.0,40.38423237,1.5,0.90913728072151,457.8702138285284,1344,825,0.6138392857142857,E01016633,Wokingham 019A,E02003457,Wokingham 019,2.199887786377828,430,15,5,0,450,125,175
333.263,Urban,Urban: Nearer to a major town or city,0.7913043478260869,0.1478260869565217,0.052173913,0.008695652,235.2941176470588,520,0.8117913832199546,0.8855954631379962,0.2019230769230769,0.2692307692307692,0.067307692,0.0576923076923076,0.5576923076923077,0.0576923076923076,0.0,1.0,2.9411764705882355,0.8571428571428571,6500,3.484162895927602,5.384615384615385,8.099547511312217,11.402714932126695,36.832579185520366,9.321266968325792,1.674208145,9,8,8,10,9,0.0,65.64965986,38.7,0.5823796961837022,952.0228003244758,2210,1428,0.6461538461538462,E01016634,Wokingham 016D,E02003454,Wokingham 016,3.434185657751936,455,85,30,5,575,3000,3500
13.836,Urban,Urban: Nearer to a major town or city,0.94,0.06,0.0,0.0,177.1793054571226,250,0.7535563244905805,0.8888888888888888,0.18,0.26,0.06,0.04,0.52,0.08,0.0,1.0,0.046066619,0.4444444444444444,65,2.551381998582565,5.882352941,9.355067328136077,13.607370659107016,40.53862508858965,4.181431608788094,0.7087172218284904,10,10,10,10,10,0.0,115.284696,0.0,1.3035942993553065,800.4459214,1411,923,0.6541459957476967,E01016635,Wokingham 015D,E02003453,Wokingham 015,0.7671098289510401,235,15,0,0,250,20,45
11.459,Urban,Urban: Nearer to a major town or city,0.9555555555555556,0.033333333,0.0111111111111111,0.0,284.7457627118644,420,0.7593079584775086,0.8511551571771241,0.1904761904761904,0.3214285714285714,0.0119047619047619,0.0119047619047619,0.5833333333333334,0.035714286,0.0,1.0,0.091525424,0.35,135,3.1186440677966103,7.864406779661016,10.16949152542373,12.745762711864405,39.389830508474574,6.372881355932202,1.7627118644067796,10,10,10,10,10,0.0,41.809375,0.0,0.3634728530012265,167.22936912509272,1475,852,0.5776271186440678,E01016636,Wokingham 019B,E02003457,Wokingham 019,2.7512371054479425,430,15,5,0,450,35,100
11.116,Urban,Urban: Nearer to a major town or city,0.9555555555555556,0.033333333,0.0111111111111111,0.0,389.9721448467967,420,0.7593079584775086,0.8511551571771241,0.1904761904761904,0.3214285714285714,0.0119047619047619,0.0119047619047619,0.5833333333333334,0.035714286,0.0,1.0,0.1624883936861652,0.4,175,3.2497678737233056,4.549675023212628,9.656453110492109,13.09192200557103,47.26090993500464,6.035283194057568,2.785515320334262,10,10,10,10,10,0.0,39.46405063,0.6,0.2594613131651752,410.0852695081697,1077,650,0.6035283194057567,E01016637,Wokingham 019C,E02003457,Wokingham 019,3.854139130805184,430,15,5,0,450,50,125
9.662,Urban,Urban: Nearer to a major town or city,0.9555555555555556,0.033333333,0.0111111111111111,0.0,318.90660592255125,420,0.7593079584775086,0.8511551571771241,0.1904761904761904,0.3214285714285714,0.0119047619047619,0.0119047619047619,0.5833333333333334,0.035714286,0.0,1.0,0.049354594,0.3,65,3.568716780561883,6.909643128321943,12.37661351556568,14.95823842,32.42217160212604,5.087319665907366,1.442672741078208,10,10,10,10,9,0.0,59.19285714,0.0,0.918658827688558,695.1790111939041,1317,865,0.6567957479119211,E01016638,Wokingham 019D,E02003457,Wokingham 019,1.0885433959374284,430,15,5,0,450,15,50
21.736,Urban,Urban: Nearer to a major town or city,0.9555555555555556,0.033333333,0.0111111111111111,0.0,271.3178294573643,420,0.7593079584775086,0.8511551571771241,0.1904761904761904,0.3214285714285714,0.0119047619047619,0.0119047619047619,0.5833333333333334,0.035714286,0.0,1.0,0.1453488372093023,0.5,225,3.940568475452196,5.878552971576228,11.69250645994832,12.015503875968992,40.43927648578811,8.785529715762273,1.550387596899225,9,9,9,9,10,0.0,53.87758319,0.0,0.6495345624376193,1455.3537054685164,1548,998,0.6447028423772609,E01016639,Wokingham 019E,E02003457,Wokingham 019,1.539563955222227,430,15,5,0,450,75,150
40.263,Urban,Urban: Nearer to a major town or city,0.9555555555555556,0.033333333,0.0111111111111111,0.0,269.2307692307692,420,0.7593079584775086,0.8511551571771241,0.1904761904761904,0.3214285714285714,0.0119047619047619,0.0119047619047619,0.5833333333333334,0.035714286,0.0,1.0,0.3685897435897436,0.6428571428571429,575,4.038461538461538,5.384615384615385,12.243589743589745,12.435897435897436,43.07692307692308,9.358974359,1.4743589743589742,10,10,10,10,10,0.006756757,58.01559934,0.7,0.056300602,2507.005033699902,1560,943,0.6044871794871794,E01016640,Wokingham 019F,E02003457,Wokingham 019,17.76179950754301,430,15,5,0,450,225,350
9.485,Urban,Urban: Nearer to a major town or city,0.9555555555555556,0.033333333,0.0111111111111111,0.0,317.22054380664656,420,0.7593079584775086,0.8511551571771241,0.1904761904761904,0.3214285714285714,0.0119047619047619,0.0119047619047619,0.5833333333333334,0.035714286,0.0,1.0,0.060422961,0.6,80,3.0211480362537766,5.060422960725076,11.10271903323263,13.746223564954684,44.10876132930513,5.060422960725076,1.2084592145015105,10,10,10,10,10,0.0,87.16901099,0.7,0.7366926769062612,2115.219334297015,1324,842,0.6359516616314199,E01016643,Wokingham 019G,E02003457,Wokingham 019,1.357418135605063,430,15,5,0,450,30,50
23.267,Urban,Urban: Nearer to a major town or city,0.9452054794520548,0.04109589,0.01369863,0.0,240.3520649966148,355,0.757716049,0.8638117283950617,0.2253521126760563,0.2676056338028169,0.042253521,0.042253521,0.6056338028169014,0.028169014084507,0.0,1.0,0.1354096140825998,1.0,200,3.2498307379823967,5.551794177386594,9.817197021,11.103588354773189,36.62830060934326,6.4996614759647935,1.5572105619498984,10,9,10,10,9,0.0,116.0587473,0.0,2.2512478454055884,925.9318106,1477,996,0.6743398781313473,E01016644,Wokingham 011A,E02003449,Wokingham 011,0.4441980930890523,345,15,5,0,365,100,100
18.248,Urban,Urban: Nearer to a major town or city,0.9452054794520548,0.04109589,0.01369863,0.0,233.55263157894737,355,0.757716049,0.8638117283950617,0.2253521126760563,0.2676056338028169,0.042253521,0.042253521,0.6056338028169014,0.028169014084507,0.0,1.0,0.2302631578947368,0.4,350,3.0921052631578947,7.5,10.855263157894738,14.276315789473683,39.34210526,7.236842105263158,2.5657894736842106,10,10,10,9,9,0.0,106.9325653,0.0,6.284533616002422,969.9567931686148,1520,1127,0.7414473684210526,E01016645,Wokingham 011B,E02003449,Wokingham 011,0.6364831894310705,345,15,5,0,365,100,250
12.216,Urban,Urban: Nearer to a major town or city,0.9452054794520548,0.04109589,0.01369863,0.0,223.4109503,355,0.757716049,0.8638117283950617,0.2253521126760563,0.2676056338028169,0.042253521,0.042253521,0.6056338028169014,0.028169014084507,0.0,1.0,0.062932662,0.3333333333333333,100,3.146633102580239,6.670862177470108,12.020138451856512,14.096916299559473,37.69666456891127,6.041535556954059,0.9439899307740718,10,10,10,10,9,0.0,126.4638182,0.0,4.328525664549461,289.40868490066947,1589,1102,0.6935179358086847,E01016646,Wokingham 011C,E02003449,Wokingham 011,1.3861532690310423,345,15,5,0,365,25,75
17.402,Urban,Urban: Nearer to a major town or city,0.8287671232876712,0.1232876712328767,0.034246575,0.01369863,339.67391304347825,625,0.791509196,0.8755611087972603,0.272,0.256,0.024,0.016,0.632,0.04,0.007936508,0.992063492063492,0.1222826086956521,0.5,225,2.5543478260869565,6.7934782608695645,10.760869565217392,11.467391304347826,37.391304347826086,7.717391304347826,1.576086956521739,10,9,9,9,9,0.0,116.9079336,0.0,3.0173873821724766,588.728355,1840,1214,0.6597826086956522,E01016647,Wokingham 009A,E02003447,Wokingham 009,2.982712810815868,605,90,25,10,730,75,150
12.394,Urban,Urban: Nearer to a major town or city,0.9452054794520548,0.04109589,0.01369863,0.0,246.8706536856745,355,0.757716049,0.8638117283950617,0.2253521126760563,0.2676056338028169,0.042253521,0.042253521,0.6056338028169014,0.028169014084507,0.0,1.0,0.0486787204450625,0.5555555555555556,70,2.086230876216968,6.954102920723226,10.43115438108484,12.58692628650904,39.22114047287899,6.536856745479833,1.808066759388039,10,9,10,9,9,0.0,116.4494565,0.0,3.2909366790173737,634.7878547255754,1438,993,0.6905424200278164,E01016648,Wokingham 011D,E02003449,Wokingham 011,0.6077297119545828,345,15,5,0,365,25,45
32.106,Urban,Urban: Nearer to a major town or city,0.9452054794520548,0.04109589,0.01369863,0.0,247.21448467966573,355,0.757716049,0.8638117283950617,0.2253521126760563,0.2676056338028169,0.042253521,0.042253521,0.6056338028169014,0.028169014084507,0.0,1.0,0.2959610027855153,0.4166666666666667,425,3.7604456824512535,6.476323119777158,11.350974930362115,11.142061281337048,39.62395543175488,6.058495822,2.298050139275766,10,10,10,10,9,0.0,105.1405018,0.0,7.172156117562834,257.04744262206106,1436,1000,0.6963788300835655,E01016649,Wokingham 011E,E02003449,Wokingham 011,0.9759966020341824,345,15,5,0,365,125,300
10.746,Urban,Urban: Nearer to a major town or city,0.9285714285714286,0.0625,0.008928571,0.0,352.65363128491623,505,0.7356141554749535,0.8651892890120036,0.297029703,0.2673267326732673,0.0198019801980198,0.0198019801980198,0.6039603960396039,0.04950495,0.0,1.0,0.066340782,0.2666666666666666,95,2.304469273743017,5.796089385,8.449720670391061,14.455307262569834,44.76256983240224,7.332402234636872,1.7458100558659218,10,9,10,10,9,0.0,110.3140385,0.0,10.80459753868515,743.3638284031642,1432,974,0.6801675977653632,E01016651,Wokingham 012A,E02003450,Wokingham 012,0.8329787359294127,520,35,5,0,560,20,75
8.659,Urban,Urban: Nearer to a major town or city,0.8783783783783784,0.094594595,0.027027027,0.0,260.1626016260163,320,0.7773186409550046,0.8515668981047101,0.34375,0.234375,0.015625,0.015625,0.640625,0.078125,0.0,1.0,0.048780488,0.3333333333333333,60,3.414634146341464,7.235772357723577,9.349593496,11.544715447154472,41.86991869918699,6.260162601626017,2.5203252032520327,10,10,10,10,9,0.0,109.128536,0.0,5.3128939146355885,1053.1717777440192,1230,792,0.6439024390243903,E01016652,Wokingham 008B,E02003446,Wokingham 008,0.3764426755238872,325,35,10,0,370,15,45
46.238,Urban,Urban: Nearer to a major town or city,0.8783783783783784,0.094594595,0.027027027,0.0,234.60410557184755,320,0.7773186409550046,0.8515668981047101,0.34375,0.234375,0.015625,0.015625,0.640625,0.078125,0.0,1.0,0.6231671554252199,1.4285714285714286,850,2.272727272727273,4.252199413489736,9.384164223,10.777126099706743,46.99413489736071,6.8181818181818175,1.5395894428152492,10,9,10,10,10,0.0,98.34675052,2.2,3.4394424079607844,829.3380642015763,1364,839,0.6151026392961877,E01016653,Wokingham 008C,E02003446,Wokingham 008,0.8722344043488939,325,35,10,0,370,500,350
26.9,Urban,Urban: Nearer to a major town or city,0.9285714285714286,0.0625,0.008928571,0.0,397.0125786163522,505,0.7356141554749535,0.8651892890120036,0.297029703,0.2673267326732673,0.0198019801980198,0.0198019801980198,0.6039603960396039,0.04950495,0.0,1.0,0.3537735849056603,0.8,450,3.852201257861635,7.232704402515723,12.028301886792454,12.342767295597485,43.31761006289308,9.040880503144653,2.672955974842768,10,10,10,10,9,0.0,111.6142035,0.0,4.795235964296186,611.8762384632302,1272,781,0.6139937106918238,E01016654,Wokingham 012B,E02003450,Wokingham 012,1.0427015557166368,520,35,5,0,560,200,250
12.602,Urban,Urban: Nearer to a major town or city,0.9285714285714286,0.0625,0.008928571,0.0,403.3546325878594,505,0.7356141554749535,0.8651892890120036,0.297029703,0.2673267326732673,0.0198019801980198,0.0198019801980198,0.6039603960396039,0.04950495,0.0,1.0,0.1198083067092651,1.0,150,3.035143769968051,6.469648562300319,10.782747603833863,12.460063897763575,43.29073482428115,5.5910543130990416,0.7188498402555911,10,10,10,10,10,0.0,117.887239,0.0,4.868831856804139,333.8814318517401,1252,834,0.6661341853035144,E01016655,Wokingham 012C,E02003450,Wokingham 012,0.6161642234178888,520,35,5,0,560,75,75
131.184,Rural,Smaller rural: Nearer to a major town or city,0.8521739130434782,0.1130434782608695,0.026086957,0.008695652,358.8681849551415,520,0.7987312572087658,0.9054741953167827,0.173076923076923,0.3365384615384615,0.0384615384615384,0.0384615384615384,0.5,0.0576923076923076,0.0,1.0,1.207729468599034,0.4,1750,3.7267080745341614,6.487232574189096,10.904071773636993,13.871635610766043,36.71497584541063,8.971704623878537,2.2084195997239475,8,9,8,8,9,0.0,74.1530541,2.9,0.114596325266769,273.33899968632016,1449,881,0.6080055210489993,E01016656,Wokingham 010C,E02003448,Wokingham 010,43.63141652544692,490,65,15,5,575,500,1250
12.932,Rural,Larger rural: Nearer to a major town or city,0.9056603773584906,0.075471698,0.0188679245283018,0.0,180.50541516245488,250,0.728,0.8550295857988166,0.24,0.26,0.04,0.04,0.6,0.06,0.0,1.0,0.1624548736462094,0.5,225,3.032490974729242,4.837545126353791,10.613718411552346,11.84115523465704,47.58122743682311,4.693140794223827,0.9386281588447654,10,10,10,10,10,0.0,90.9682,1.5,0.1127891475569962,175.16237857247208,1385,939,0.6779783393501805,E01016657,Wokingham 004B,E02003442,Wokingham 004,8.866101231013076,240,20,5,0,265,75,150
20.888,Urban,Urban: Nearer to a major town or city,0.9056603773584906,0.075471698,0.0188679245283018,0.0,84.37394532568344,250,0.728,0.8550295857988166,0.24,0.26,0.04,0.04,0.6,0.06,0.0,1.0,0.0421869726628417,0.25,125,2.3962200472494097,4.657441781977726,9.483631454606815,11.981100236247046,35.36955788052649,3.6787040161997977,1.4174822814714816,9,8,10,8,10,0.0,153.6011976,0.0,2.5568684652127125,1878.034263023212,2963,1968,0.6641916976037799,E01016658,Wokingham 004C,E02003442,Wokingham 004,1.955517097585244,240,20,5,0,265,25,100
24.687,Urban,Urban: Nearer to a major town or city,0.9056603773584906,0.075471698,0.0188679245283018,0.0,174.82517482517483,250,0.728,0.8550295857988166,0.24,0.26,0.04,0.04,0.6,0.06,0.0,1.0,0.3496503496503496,0.6666666666666666,500,3.4265734265734267,8.881118881118882,12.447552447552448,14.755244755244757,29.23076923076924,8.951048951048952,1.6783216783216783,9,8,10,7,8,0.0,96.82550459,0.0,10.04635043,1628.5528699173965,1430,975,0.6818181818181818,E01016659,Wokingham 004D,E02003442,Wokingham 004,0.4976931706175757,240,20,5,0,265,200,300
10.654,Urban,Urban: Nearer to a major town or city,0.9056603773584906,0.075471698,0.0188679245283018,0.0,145.6027956,250,0.728,0.8550295857988166,0.24,0.26,0.04,0.04,0.6,0.06,0.0,1.0,0.037856727,0.3,65,4.484566104,7.862550960978451,9.900990099,14.676761793826444,31.275480489225394,7.746068724519511,1.572510192,10,9,10,8,8,0.0,101.8058511,0.0,5.998807377859887,1044.8099083437594,1717,1074,0.6255096097845079,E01016660,Wokingham 004E,E02003442,Wokingham 004,1.666998016456992,240,20,5,0,265,15,50
12.782,Urban,Urban: Nearer to a major town or city,0.9444444444444444,0.037037037037037,0.0185185185185185,0.0,182.29166666666663,245,0.6958861976163014,0.8559670781893004,0.2448979591836734,0.3673469387755102,0.020408163,0.020408163,0.5102040816326531,0.0612244897959183,0.0,1.0,0.085565476,0.5333333333333333,115,5.133928571428571,8.854166666666668,10.342261904761903,15.625,26.636904761904763,9.970238095238097,2.157738095238096,10,10,10,6,7,0.0,108.1773034,0.0,3.025653105355649,486.2308341540755,1344,881,0.6555059523809523,E01016661,Wokingham 007A,E02003445,Wokingham 007,1.3220286201744935,255,10,5,0,270,40,75
20.904,Urban,Urban: Nearer to a major town or city,0.8421052631578947,0.1228070175438596,0.035087719,0.0,122.15435868961688,220,0.7665289256198347,0.8978512396694215,0.2045454545454545,0.4318181818181818,0.0454545454545454,0.0454545454545454,0.4090909090909091,0.0454545454545454,0.0,1.0,0.083287063,0.5,150,4.4419766796224325,9.661299278,10.327595780122154,11.32704053,21.37701277068296,14.991671293725709,1.776790671848973,3,2,3,2,4,0.0,104.2551304,0.0,11.274133637877878,578.9104146181909,1801,1160,0.6440866185452526,E01016662,Wokingham 005D,E02003443,Wokingham 005,0.5321916692420346,240,35,10,0,285,50,100
10.501,Urban,Urban: Nearer to a major town or city,0.9444444444444444,0.037037037037037,0.0185185185185185,0.0,146.88249400479617,245,0.6958861976163014,0.8559670781893004,0.2448979591836734,0.3673469387755102,0.020408163,0.020408163,0.5102040816326531,0.0612244897959183,0.0,1.0,0.059952038,0.3333333333333333,100,4.376498800959232,8.093525179856115,12.829736211031175,12.050359712230216,28.117505995203835,10.191846522781775,1.7985611510791366,9,9,9,7,8,0.0,121.1896761,0.0,8.584865988445305,304.5904046891236,1668,1044,0.6258992805755396,E01016663,Wokingham 007B,E02003445,Wokingham 007,1.164840547710282,255,10,5,0,270,25,75
28.733,Urban,Urban: Nearer to a major town or city,0.8333333333333334,0.1083333333333333,0.0416666666666666,0.0166666666666666,372.2627737226277,510,0.8042228296729192,0.8807813846595806,0.3137254901960784,0.284313725490196,0.0294117647058823,0.0294117647058823,0.5882352941176471,0.0490196078431372,0.0,1.0,0.291970803,1.0,400,2.627737226277372,4.598540145985401,8.394160583941606,9.343065693430656,40.72992700729928,4.963503649635037,1.897810218978102,10,10,10,10,10,0.0,119.2139651,0.0,7.1289614942987365,569.5506141269734,1370,818,0.5970802919708029,E01016664,Wokingham 006D,E02003444,Wokingham 006,0.9819101990658988,500,65,25,10,600,200,200
23.311,Urban,Urban: Nearer to a major town or city,0.8783783783783784,0.094594595,0.027027027,0.0,208.46905537459284,320,0.7773186409550046,0.8515668981047101,0.34375,0.234375,0.015625,0.015625,0.640625,0.078125,0.0,1.0,0.2280130293159609,1.0,350,4.039087947882736,7.752442996742672,11.856677524429967,12.899022801302932,36.41693811074919,8.078175895765472,1.6938110749185669,10,9,10,9,8,0.0,116.5065934,0.7,9.601141607359368,632.9806492444512,1535,1006,0.6553745928338762,E01016665,Wokingham 008D,E02003446,Wokingham 008,0.9373885281622566,325,35,10,0,370,175,175
9.618,Urban,Urban: Nearer to a major town or city,0.8783783783783784,0.094594595,0.027027027,0.0,228.89842632331903,320,0.7773186409550046,0.8515668981047101,0.34375,0.234375,0.015625,0.015625,0.640625,0.078125,0.0,1.0,0.06795422,0.2666666666666666,95,3.433476394849785,7.0100143061516444,11.23032904148784,11.94563662374821,36.33762517882689,6.580829756795422,1.3590844062947067,10,10,10,10,9,0.040650407,130.9163636,4.9,10.458864660792832,315.13505844228126,1398,914,0.65379113,E01016666,Wokingham 008E,E02003446,Wokingham 008,0.5736760341198612,325,35,10,0,370,20,75
19.675,Urban,Urban: Nearer to a major town or city,0.8333333333333334,0.1083333333333333,0.0416666666666666,0.0166666666666666,297.029703,510,0.8042228296729192,0.8807813846595806,0.3137254901960784,0.284313725490196,0.0294117647058823,0.0294117647058823,0.5882352941176471,0.0490196078431372,0.0,1.0,0.145602796,1.0,250,2.5043680838672104,5.358182877111241,8.037274316,10.42516016307513,40.76878276,8.736167734420501,2.038439138,9,9,8,9,9,0.0,74.33103448,0.0,5.521845735225583,60.61505628338495,1717,1095,0.6377402446126965,E01016668,Wokingham 006E,E02003444,Wokingham 006,1.2676920608891349,500,65,25,10,600,125,125
16.283,Urban,Urban: Nearer to a major town or city,0.8333333333333334,0.1083333333333333,0.0416666666666666,0.0166666666666666,255.2552552552553,510,0.8042228296729192,0.8807813846595806,0.3137254901960784,0.284313725490196,0.0294117647058823,0.0294117647058823,0.5882352941176471,0.0490196078431372,0.0,1.0,0.1001001001001001,0.6,200,3.303303303303303,6.356356356356356,9.80980981,11.21121121121121,35.785785785785784,7.707707707707708,2.052052052052052,10,9,9,9,10,0.0,107.14624,0.0,5.701729927619556,51.84391855514041,1998,1237,0.6191191191191191,E01016669,Wokingham 006F,E02003444,Wokingham 006,1.052312206324541,500,65,25,10,600,75,125
37.946,Urban,Urban: Nearer to a major town or city,0.9285714285714286,0.057142857,0.0142857142857142,0.0,109.1703056768559,325,0.7294674556213018,0.8657142857142857,0.2153846153846154,0.3230769230769231,0.0153846153846153,0.0153846153846153,0.5384615384615384,0.076923077,0.0,1.0,0.1343634531407457,0.6,400,2.754450789385287,6.348673160900235,9.942895532415182,13.570708767215317,35.00167954316426,4.4675848169297945,0.9069533087000335,10,9,10,10,10,0.0,127.0565733,0.0,1.0967193482314643,492.2562294633559,2977,2045,0.6869331541820625,E01016670,Wokingham 014A,E02003452,Wokingham 014,1.8236206037808471,325,20,5,0,350,150,250
46.274,Urban,Urban: Nearer to a major town or city,0.8041958041958042,0.1678321678321678,0.020979021,0.006993007,268.8679245283019,570,0.7912946428571428,0.9038881174370164,0.1228070175438596,0.2894736842105263,0.026315789,0.026315789,0.5350877192982456,0.078947368,0.00862069,0.9913793103448276,0.4009433962264151,0.8888888888888888,850,3.443396226415094,6.603773585,8.962264150943396,11.41509433962264,40.61320754716981,12.216981132075473,4.009433962264151,10,9,10,10,10,0.0,92.84080717,1.4,1.7815091402585626,438.661342562844,2120,1065,0.5023584905660378,E01016671,Wokingham 013B,E02003451,Wokingham 013,2.2452873856260163,575,120,15,5,715,400,450
29.752,Urban,Urban: Nearer to a major town or city,0.9285714285714286,0.057142857,0.0142857142857142,0.0,109.1703056768559,325,0.7294674556213018,0.8657142857142857,0.2153846153846154,0.3230769230769231,0.0153846153846153,0.0153846153846153,0.5384615384615384,0.076923077,0.0,1.0,0.1175680214981525,0.75,350,2.5529056096741685,6.583809204,8.733624454,11.521666106818945,33.758817601612364,6.382264024185422,1.5115888478333892,10,10,10,10,10,0.0,104.490429,0.0,4.6015351535165285,276.18274540078886,2977,1847,0.6204232448773933,E01016672,Wokingham 014B,E02003452,Wokingham 014,1.7385502301088231,325,20,5,0,350,150,200
22.735,Urban,Urban: Nearer to a major town or city,0.8041958041958042,0.1678321678321678,0.020979021,0.006993007,317.19532554257097,570,0.7912946428571428,0.9038881174370164,0.1228070175438596,0.2894736842105263,0.026315789,0.026315789,0.5350877192982456,0.078947368,0.00862069,0.9913793103448276,0.1530328324986088,0.5714285714285714,275,4.396215915,9.682804674,10.962715637173066,11.519198664440736,24.930439621591542,17.417918753478016,2.949360044518642,3,3,2,3,3,0.0,103.0294931,0.0,4.259472746315909,131.74465243119863,1797,1191,0.662771285,E01016673,Wokingham 013C,E02003451,Wokingham 013,1.1738542063274346,575,120,15,5,715,100,175
15.855,Urban,Urban: Nearer to a major town or city,0.8041958041958042,0.1678321678321678,0.020979021,0.006993007,223.96856581532415,570,0.7912946428571428,0.9038881174370164,0.1228070175438596,0.2894736842105263,0.026315789,0.026315789,0.5350877192982456,0.078947368,0.00862069,0.9913793103448276,0.043222003929273,0.4666666666666667,110,2.475442043222004,4.715127701375246,8.094302554027506,9.194499017681729,23.22200392927309,5.383104125736739,1.2573673870333988,8,5,7,7,9,0.0,115.4468852,0.0,1.3632799590941889,436.3878920187236,2545,1549,0.6086444007858546,E01016674,Wokingham 013D,E02003451,Wokingham 013,1.4670500997673803,575,120,15,5,715,35,75
18.162,Rural,Larger rural: Nearer to a major town or city,0.8367346938775511,0.1326530612244898,0.0306122448979591,0.0,297.8859705317104,465,0.8213666319805758,0.905213753698602,0.1075268817204301,0.2580645161290322,0.075268817,0.064516129,0.4731182795698925,0.086021505,0.010752688172043,0.989247312,0.1601537475976938,0.6666666666666666,250,1.601537475976938,4.804612427930813,8.712363869314542,11.33888532991672,48.110185778347216,6.213965407,1.9859064702114029,10,10,10,10,10,0.0,77.29146758,9.4,0.2936476360297237,463.9299596803542,1561,884,0.5663036515054453,E01016676,Wokingham 001B,E02003439,Wokingham 001,3.4054420240549037,410,65,15,0,490,100,150
247.263,Rural,Larger rural: Nearer to a major town or city,0.8367346938775511,0.1326530612244898,0.0306122448979591,0.0,308.7649402390438,465,0.8213666319805758,0.905213753698602,0.1075268817204301,0.2580645161290322,0.075268817,0.064516129,0.4731182795698925,0.086021505,0.010752688172043,0.989247312,1.1620185922974768,0.4,1750,3.851261620185923,4.847277556440903,9.495351926,11.155378486055776,33.53253652058433,13.811420982735722,1.3280212483399734,8,7,6,7,6,0.0,96.77102804,0.0,0.042505814,753.7149821081377,1506,901,0.5982735723771581,E01016678,Wokingham 001D,E02003439,Wokingham 001,23.52619319660949,410,65,15,0,490,500,1250
69.744,Urban,Urban: Nearer to a major town or city,0.9285714285714286,0.0625,0.008928571,0.0,215.99657827202736,505,0.7356141554749535,0.8651892890120036,0.297029703,0.2673267326732673,0.0198019801980198,0.0198019801980198,0.6039603960396039,0.04950495,0.0,1.0,0.4384088964927288,0.1388888888888889,1025,3.122326775021386,8.297690333618478,10.051325919589392,10.008554319931566,32.292557741659536,10.650128314798971,2.2241231822070144,8,6,8,6,5,0.0,91.91560847,0.0,2.5359341093063543,304.8617987882496,2338,1650,0.7057313943541489,E01016679,Wokingham 012D,E02003450,Wokingham 012,2.365992072893865,520,35,5,0,560,125,900
24.853,Urban,Urban: Nearer to a major town or city,0.9285714285714286,0.0625,0.008928571,0.0,353.64145658263305,505,0.7356141554749535,0.8651892890120036,0.297029703,0.2673267326732673,0.0198019801980198,0.0198019801980198,0.6039603960396039,0.04950495,0.0,1.0,0.2626050420168067,0.6666666666666666,375,2.871148459383753,8.893557422969188,10.57422969187675,11.204481792717088,25.140056022408963,13.30532212885154,2.5910364145658265,6,5,5,4,4,0.0,107.2798077,0.0,3.0214549051034187,13.146443095236824,1428,984,0.6890756302521008,E01016680,Wokingham 012E,E02003450,Wokingham 012,0.992899147669826,520,35,5,0,560,150,225
1391.787,Urban,Urban: Nearer to a major town or city,0.8378378378378378,0.1216216216216216,0.040540541,0.0,209.59902794653703,345,0.8070934256055363,0.8924751360480391,0.1884057971014492,0.3333333333333333,0.0289855072463768,0.0289855072463768,0.4492753623188406,0.072463768,0.0,1.0,0.1366950182260024,1.25,225,4.6172539489671935,6.014580801944107,10.571081409477522,14.155528554070472,34.02187120291616,10.328068043742404,1.4580801944106925,10,9,8,9,9,0.0,109.4388489,0.0,10.79509534719215,466.9300382591677,1646,1001,0.6081409477521263,E01016684,Wokingham 003D,E02003441,Wokingham 003,1.1116159342790104,310,45,15,0,370,125,100
1391.787,Urban,Urban: Nearer to a major town or city,0.8378378378378378,0.1216216216216216,0.040540541,0.0,215.75984990619136,345,0.8070934256055363,0.8924751360480391,0.1884057971014492,0.3333333333333333,0.0289855072463768,0.0289855072463768,0.4492753623188406,0.072463768,0.0,1.0,2.8767979987492183,0.15,4600,3.627267041901188,6.003752345,9.881175734834272,9.568480300187618,43.71482176360225,9.568480300187618,1.938711694809256,10,9,9,10,10,0.0,51.60115702,0.7,1.081446612850676,398.5850321920792,1599,940,0.5878674171357098,E01016685,Wokingham 003E,E02003441,Wokingham 003,12.020935518705087,310,45,15,0,370,600,4000
8.077,Urban,Urban: Nearer to a major town or city,0.9444444444444444,0.037037037037037,0.0185185185185185,0.0,220.72072072072072,245,0.6958861976163014,0.8559670781893004,0.2448979591836734,0.3673469387755102,0.020408163,0.020408163,0.5102040816326531,0.0612244897959183,0.0,1.0,0.040540541,0.5,45,3.693693693693693,8.288288288288289,11.081081081081082,13.603603603603604,31.71171171171171,9.72972973,1.891891891891892,10,9,9,7,7,0.0,122.6665049,0.0,1.5042214776524647,194.13338538171703,1110,712,0.6414414414414414,E01016686,Wokingham 007C,E02003445,Wokingham 007,0.6647957198168926,255,10,5,0,270,15,30
9.364,Urban,Urban: Nearer to a major town or city,0.9444444444444444,0.037037037037037,0.0185185185185185,0.0,190.0698215671063,245,0.6958861976163014,0.8559670781893004,0.2448979591836734,0.3673469387755102,0.020408163,0.020408163,0.5102040816326531,0.0612244897959183,0.0,1.0,0.073700543,0.2666666666666666,95,5.197827773467805,8.223429014740109,10.78355314197052,11.55934833204034,27.61830876648565,11.249030256012412,2.7152831652443754,10,9,10,8,7,0.0,105.084058,0.0,3.659192781284861,1006.6655664887622,1289,772,0.5989138867339022,E01016687,Wokingham 007D,E02003445,Wokingham 007,0.5465686339973963,255,10,5,0,270,20,75
24.606,Urban,Urban: Nearer to a major town or city,0.9444444444444444,0.037037037037037,0.0185185185185185,0.0,110.16187050359711,245,0.6958861976163014,0.8559670781893004,0.2448979591836734,0.3673469387755102,0.020408163,0.020408163,0.5102040816326531,0.0612244897959183,0.0,1.0,0.112410071942446,0.6666666666666666,250,2.877697841726619,6.789568345,7.553956834532374,9.532374100719425,34.577338129496404,7.464028776978417,2.158273381294964,10,9,10,8,9,0.0,89.75007452,0.2,2.5657236775878363,475.6279409940785,2224,1351,0.6074640287769785,E01016688,Wokingham 007E,E02003445,Wokingham 007,1.9487679221562733,255,10,5,0,270,100,150
18.1,Urban,Urban: Nearer to a major town or city,0.9444444444444444,0.037037037037037,0.0185185185185185,0.0,182.02080237741453,245,0.6958861976163014,0.8559670781893004,0.2448979591836734,0.3673469387755102,0.020408163,0.020408163,0.5102040816326531,0.0612244897959183,0.0,1.0,0.1857355126300148,1.0,250,6.686478454680535,9.435364041604757,11.961367013372955,11.88707280832095,28.454680534918275,14.784546805349184,1.9316493313521543,10,10,10,7,6,0.0,109.6010267,0.0,11.806613871150187,755.2159420614448,1346,746,0.5542347696879644,E01016689,Wokingham 007F,E02003445,Wokingham 007,0.9316811848042924,255,10,5,0,270,125,125
783.651,Urban,Urban: Nearer to a major town or city,0.8867924528301887,0.094339623,0.0125786163522012,0.006289308,329.9825174825175,755,0.8179555555555555,0.896953125,0.1788079470198675,0.2847682119205298,0.099337748,0.0397350993377483,0.5231788079470199,0.0397350993377483,0.0,1.0,0.3715034965034965,0.4166666666666667,850,4.064685314685314,6.949300699300699,9.833916083916083,13.024475524475523,29.72027972027972,10.008741258741258,1.6608391608391608,7,7,8,7,9,0.0,81.05528846,0.0,0.5536365120436002,223.0526076,2288,1417,0.6193181818181818,E01016690,Wokingham 017C,E02003455,Wokingham 017,14.449914024763563,705,75,10,5,795,250,600
29.515,Rural,Smaller rural: Nearer to a major town or city,0.8867924528301887,0.094339623,0.0125786163522012,0.006289308,529.8245614035087,755,0.8179555555555555,0.896953125,0.1788079470198675,0.2847682119205298,0.099337748,0.0397350993377483,0.5231788079470199,0.0397350993377483,0.0,1.0,0.2982456140350877,0.4166666666666667,425,2.8771929824561404,4.982456140350877,9.614035087719298,11.087719298245617,34.24561403508772,8.140350877192983,2.8771929824561404,8,8,10,9,10,0.006578947,93.13856209,0.7,0.085552971,2781.3425110254657,1425,849,0.5957894736842105,E01016691,Wokingham 017D,E02003455,Wokingham 017,23.37732960141649,705,75,10,5,795,125,300
13.312,Rural,Larger rural: Nearer to a major town or city,0.8823529411764706,0.1058823529411764,0.0117647058823529,0.0,249.0421455938697,390,0.769375,0.8877508650519031,0.1666666666666666,0.2564102564102564,0.025641026,0.025641026,0.5769230769230769,0.064102564,0.0,1.0,0.070242656,0.4666666666666667,110,3.4482758620689653,6.130268199233716,10.217113665389528,11.430395913154534,36.90932311621967,10.53639846743295,1.1494252873563218,10,8,10,10,9,0.0,106.6283662,0.0,0.9272779725377176,7.286720696409698,1566,971,0.620051086,E01016692,Wokingham 002C,E02003440,Wokingham 002,1.0784252722657277,375,45,5,0,425,35,75
19.118,Rural,Larger rural: Nearer to a major town or city,0.8823529411764706,0.1058823529411764,0.0117647058823529,0.0,292.57314328582146,390,0.769375,0.8877508650519031,0.1666666666666666,0.2564102564102564,0.025641026,0.025641026,0.5769230769230769,0.064102564,0.0,1.0,0.1312828207051763,1.3333333333333333,175,3.225806451612903,6.151537884471118,9.902475618904726,12.603150787696924,46.28657164291073,4.726181545386346,0.6001500375093773,10,10,10,10,10,0.0,106.0202729,0.0,0.972103025732448,613.1388299505206,1333,919,0.6894223555888972,E01016693,Wokingham 002D,E02003440,Wokingham 002,1.0286975490550834,375,45,5,0,425,100,75
50.027,Rural,Larger rural: Nearer to a major town or city,0.8823529411764706,0.1058823529411764,0.0117647058823529,0.0,247.30500951173116,390,0.769375,0.8877508650519031,0.1666666666666666,0.2564102564102564,0.025641026,0.025641026,0.5769230769230769,0.064102564,0.0,1.0,1.173113506658212,0.48,1850,4.058338617628408,4.438807863031072,9.701965757767914,9.955611921,42.61255548509829,9.321496512,1.141407736,10,9,10,10,10,0.0,89.5251506,0.0,0.5980730954726756,299.7150156640223,1577,943,0.5979708306911858,E01016694,Wokingham 002E,E02003440,Wokingham 002,3.344072849,375,45,5,0,425,600,1250
28.441,Rural,Larger rural: Nearer to a major town or city,0.8823529411764706,0.1058823529411764,0.0117647058823529,0.0,249.6798975672215,390,0.769375,0.8877508650519031,0.1666666666666666,0.2564102564102564,0.025641026,0.025641026,0.5769230769230769,0.064102564,0.0,1.0,0.1280409731113956,1.0,200,3.3930857874519846,5.569782330345711,8.450704225352112,10.947503201024327,42.38156209987197,6.850192061459667,1.2163892445582587,10,10,10,10,10,0.0,117.229249,0.0,0.8808764914826741,251.99702801692823,1562,898,0.5749039692701664,E01016695,Wokingham 002F,E02003440,Wokingham 002,1.1352329295527226,375,45,5,0,425,100,100
146.873,Urban,Urban: Nearer to a major town or city,0.8041958041958042,0.1678321678321678,0.020979021,0.006993007,282.45787908820614,570,0.7912946428571428,0.9038881174370164,0.1228070175438596,0.2894736842105263,0.026315789,0.026315789,0.5350877192982456,0.078947368,0.00862069,0.9913793103448276,1.4866204162537169,0.7142857142857143,3000,2.576808721506442,5.797819623389495,8.126858275520316,11.645193260654112,38.156590683845394,7.581764122893954,2.4281466798810705,8,7,10,9,9,0.0,83.62337514,0.0,1.544297721293485,106.0892701105646,2018,1457,0.722001982,E01016696,Wokingham 013E,E02003451,Wokingham 013,0.6475435314133677,575,120,15,5,715,1250,1750
58.482,Urban,Urban: Nearer to a major town or city,0.7913043478260869,0.1478260869565217,0.052173913,0.008695652,299.19447640966627,520,0.8117913832199546,0.8855954631379962,0.2019230769230769,0.2692307692307692,0.067307692,0.0576923076923076,0.5576923076923077,0.0576923076923076,0.0,1.0,0.5466052934407365,1.1111111111111112,950,2.243958573072497,5.350978135788263,10.586881472957424,12.600690448791717,43.49827387802072,7.364787111622554,2.359033372,10,9,9,10,10,0.0,78.17233385,0.0,0.2287644153908959,485.82855716569617,1738,1141,0.6565017261219793,E01016699,Wokingham 016E,E02003454,Wokingham 016,4.371309227841547,455,85,30,5,575,500,450
171.759,Urban,Urban: Nearer to a major town or city,0.8521739130434782,0.1130434782608695,0.026086957,0.008695652,263.1578947368421,520,0.7987312572087658,0.9054741953167827,0.173076923076923,0.3365384615384615,0.0384615384615384,0.0384615384615384,0.5,0.0576923076923076,0.0,1.0,0.9362348178137652,0.2333333333333333,1850,3.5931174089068825,5.921052631578947,10.475708502024291,12.34817813765182,39.06882591093117,7.085020243,1.771255060728745,10,10,10,10,10,0.0,118.5118343,0.0,1.4501620546873906,42.37325396735215,1976,1252,0.6336032388663968,E01016700,Wokingham 010D,E02003448,Wokingham 010,4.8270467272080015,490,65,15,5,575,350,1500
25.761,Urban,Urban: Nearer to a major town or city,0.8287671232876712,0.1232876712328767,0.034246575,0.01369863,313.12625250501003,625,0.791509196,0.8755611087972603,0.272,0.256,0.024,0.016,0.632,0.04,0.007936508,0.992063492063492,0.2630260521042084,0.5,525,2.9559118236472943,5.861723446893788,10.92184368737475,12.224448897795591,39.77955911823648,7.214428857715431,0.9519038076152304,10,10,10,10,9,0.0,113.072265,0.0,0.7785537111147482,409.1138361569767,1996,1264,0.6332665330661322,E01016701,Wokingham 009B,E02003447,Wokingham 009,2.568865797500806,605,90,25,10,730,175,350
747.377,Urban,Urban: Nearer to a major town or city,0.8287671232876712,0.1232876712328767,0.034246575,0.01369863,315.33804238143284,625,0.791509196,0.8755611087972603,0.272,0.256,0.024,0.016,0.632,0.04,0.007936508,0.992063492063492,5.549949545913219,0.375,11000,4.692230070635722,6.861755802219979,9.031281533804238,11.200807265388496,32.08879919273461,8.123107971745712,1.6649848637739657,10,8,9,8,8,0.0,110.815,1.3,3.7541527749425554,10.135439851134509,1982,1237,0.624117053,E01016702,Wokingham 009C,E02003447,Wokingham 009,3.196460218693049,605,90,25,10,730,3000,8000
35.179,Urban,Urban: Nearer to a major town or city,0.8287671232876712,0.1232876712328767,0.034246575,0.01369863,204.9852410626435,625,0.791509196,0.8755611087972603,0.272,0.256,0.024,0.016,0.632,0.04,0.007936508,0.992063492063492,0.2951787471302066,1.0,900,2.197441784191538,4.788455231223352,9.019350606756314,12.266316825188586,30.928173171531647,6.8875041,1.541489012791079,10,9,10,9,9,0.0,113.0339597,0.0,0.239797250194703,169.29136625437266,3049,2026,0.6644801574286652,E01016703,Wokingham 009D,E02003447,Wokingham 009,4.170189604710026,605,90,25,10,730,450,450
32.96,Urban,Urban: Nearer to a major town or city,0.8287671232876712,0.1232876712328767,0.034246575,0.01369863,250.90325170614213,625,0.791509196,0.8755611087972603,0.272,0.256,0.024,0.016,0.632,0.04,0.007936508,0.992063492063492,0.1605780810919309,0.7777777777777778,400,2.6896828582898435,7.226013649136894,9.433962264150944,11.963067041348856,28.98434363709353,9.514251305,1.4452027298273784,6,5,5,5,7,0.0,113.7778761,0.0,2.8583801171356185,77.63628174569251,2491,1632,0.6551585708550783,E01016704,Wokingham 009E,E02003447,Wokingham 009,1.0495455037681618,605,90,25,10,730,175,225
155.784,Urban,Urban: Nearer to a major town or city,0.9066666666666666,0.066666667,0.0133333333333333,0.0133333333333333,201.26509488211616,350,0.7756397540170601,0.8807556080283353,0.2142857142857142,0.3142857142857143,0.028571429,0.028571429,0.5142857142857142,0.057142857,0.0,1.0,1.2938470385278895,0.2857142857142857,2250,3.1627372052903966,5.6354226566992525,8.395629672225418,10.235767682576192,25.35940195514664,15.64117309,1.437607820586544,4,5,4,3,3,0.008849558,54.09461078,37.2,0.0524015497439707,2097.1359155101345,1739,1129,0.6492236917768832,E01016705,Wokingham 020A,E02003458,Wokingham 020,19.08340506885597,340,25,5,5,375,500,1750
15.727,Urban,Urban: Nearer to a major town or city,0.9066666666666666,0.066666667,0.0133333333333333,0.0133333333333333,205.761316872428,350,0.7756397540170601,0.8807556080283353,0.2142857142857142,0.3142857142857143,0.028571429,0.028571429,0.5142857142857142,0.057142857,0.0,1.0,0.102880658,0.1666666666666666,175,3.527336860670194,5.761316872427984,10.28806584,12.992357436801882,39.62375073486184,6.819517930629042,1.7048794826572604,10,10,10,10,10,0.0,95.60532446,0.0,0.6946029514878764,2795.220529112465,1701,1045,0.6143445032333921,E01016706,Wokingham 020B,E02003458,Wokingham 020,1.4396713947989237,340,25,5,5,375,25,150
13.339,Urban,Urban: Nearer to a major town or city,0.9066666666666666,0.066666667,0.0133333333333333,0.0133333333333333,192.09659714599343,350,0.7756397540170601,0.8807556080283353,0.2142857142857142,0.3142857142857143,0.028571429,0.028571429,0.5142857142857142,0.057142857,0.0,1.0,0.082327113,0.5,150,4.665203073545554,6.092206366630077,11.031833150384193,14.544456641053788,33.36992316136114,8.342480790340286,1.3721185510428102,10,10,10,10,10,0.0,103.5154246,0.0,1.090810458192997,2318.0135891571117,1822,1101,0.6042810098792536,E01016707,Wokingham 020C,E02003458,Wokingham 020,0.9167495530401948,340,25,5,5,375,50,100
16.258,Urban,Urban: Nearer to a major town or city,0.9066666666666666,0.066666667,0.0133333333333333,0.0133333333333333,206.61157024793388,350,0.7756397540170601,0.8807556080283353,0.2142857142857142,0.3142857142857143,0.028571429,0.028571429,0.5142857142857142,0.057142857,0.0,1.0,0.1033057851239669,0.4,175,1.948051948051948,6.198347107438017,10.271546635182998,12.278630460448642,40.55489964580873,6.6115702479338845,2.5383707201889023,10,10,10,10,10,0.0,87.05198675,0.0,0.416165358705824,800.5875952745058,1694,956,0.564344746,E01016708,Wokingham 020D,E02003458,Wokingham 020,2.402891012,340,25,5,5,375,50,125
24.298,Urban,Urban: Nearer to a major town or city,0.9066666666666666,0.066666667,0.0133333333333333,0.0133333333333333,203.6067481093659,350,0.7756397540170601,0.8807556080283353,0.2142857142857142,0.3142857142857143,0.028571429,0.028571429,0.5142857142857142,0.057142857,0.0,1.0,0.2036067481093659,0.75,350,3.3740546829552063,5.468295520651542,10.762070971495056,12.15823152995928,38.103548574752764,5.526468877254217,1.5706806282722512,10,10,10,10,10,0.0,78.64975042,0.0,0.6866280703140439,2337.652912905491,1719,969,0.5636998254799301,E01016709,Wokingham 020E,E02003458,Wokingham 020,1.4563925409321363,340,25,5,5,375,150,200
198.691,Rural,Larger rural: Further from a major town or city,0.8645833333333334,0.09375,0.03125,0.0104166666666666,241.12347641759408,455,0.7895181741335587,0.9030470914127424,0.1208791208791208,0.3296703296703296,0.032967033,0.032967033,0.4505494505494505,0.065934066,0.0,1.0,1.086380498145204,0.1714285714285714,2050,4.92845787,6.147323794382618,10.916799152093269,13.248542660307368,29.78272390037096,10.81081081081081,2.649708532061473,8,8,8,7,8,0.029411765,59.64869832,22.9,0.2979930157272321,924.5274456,1887,1133,0.6004239533651299,E01028422,Cherwell 008A,E02005928,Cherwell 008,23.490483436052912,415,45,15,5,480,300,1750
23.502,Rural,Smaller rural: Further from a major town or city,0.8645833333333334,0.09375,0.03125,0.0104166666666666,279.1411042944785,455,0.7895181741335587,0.9030470914127424,0.1208791208791208,0.3296703296703296,0.032967033,0.032967033,0.4505494505494505,0.065934066,0.0,1.0,0.2760736196319018,0.5,450,4.110429447852761,5.950920245398773,11.16564417177914,13.987730061349692,36.93251533742331,10.061349693251534,1.5950920245398774,9,10,10,9,9,0.0,65.13598201,5.1,0.5278583449198312,1657.6057163929925,1630,938,0.5754601226993865,E01028423,Cherwell 008B,E02005928,Cherwell 008,18.944476479800198,415,45,15,5,480,150,300
14.355,Urban,Urban: Further from a major town or city,0.8709677419354839,0.096774194,0.032258065,0.0,68.14740030287733,135,0.7654320987654322,0.892578125,0.1111111111111111,0.4814814814814814,0.0,0.0,0.4074074074074074,0.037037037037037,0.0,1.0,0.055527511,0.4666666666666667,110,4.088844018,7.773851590106007,10.701665825340736,13.427561837455832,23.27107521453811,10.752145381120648,1.5143866733972742,9,7,9,6,6,0.0,63.50278232,0.9,2.36178412509506,1288.3350876542754,1981,1287,0.6496718828874306,E01028426,Cherwell 007A,E02005927,Cherwell 007,2.1170436141358837,135,15,5,0,155,35,75
55.881,Urban,Urban: Further from a major town or city,0.8709677419354839,0.096774194,0.032258065,0.0,90.54325955734406,135,0.7654320987654322,0.892578125,0.1111111111111111,0.4814814814814814,0.0,0.0,0.4074074074074074,0.037037037037037,0.0,1.0,1.1737089201877935,0.4,1750,3.420523138832998,6.505700871898055,11.87122736418511,12.541918175720992,32.12608987256875,12.27364185110664,3.420523138832998,8,7,8,6,6,0.0,55.96144578,0.0,5.454259295112647,42.422011918328586,1491,1100,0.7377598926894702,E01028427,Cherwell 007B,E02005927,Cherwell 007,0.5500288559233305,135,15,5,0,155,500,1250
55.881,Urban,Urban: Further from a major town or city,0.8709677419354839,0.096774194,0.032258065,0.0,100.82150858849889,135,0.7654320987654322,0.892578125,0.1111111111111111,0.4814814814814814,0.0,0.0,0.4074074074074074,0.037037037037037,0.0,1.0,0.1120238984316654,0.5,150,6.870799103808813,9.036594473487677,11.277072442120986,15.160567587752055,23.37565347274085,14.0403286,2.6138909634055265,10,9,9,7,6,0.0,40.77678208,0.0,8.965466099413883,368.54843152919466,1339,766,0.572068708,E01028428,Cherwell 007C,E02005927,Cherwell 007,0.8923127823240556,135,15,5,0,155,50,100
38.968,Urban,Urban: Further from a major town or city,0.8709677419354839,0.096774194,0.032258065,0.0,112.68781302170284,135,0.7654320987654322,0.892578125,0.1111111111111111,0.4814814814814814,0.0,0.0,0.4074074074074074,0.037037037037037,0.0,1.0,0.5008347245409015,1.0,600,5.509181969949917,8.597662771285476,8.681135225375627,11.101836393989984,26.293823038397328,16.110183639398997,1.7529215358931551,9,7,7,7,5,0.0,60.72216625,0.0,4.4119257098922215,493.0403321121423,1198,697,0.5818030050083473,E01028429,Cherwell 007D,E02005927,Cherwell 007,1.1332919747014834,135,15,5,0,155,300,300
131.306,Urban,Urban: Further from a major town or city,0.8452380952380952,0.1071428571428571,0.0476190476190476,0.0,181.24697921701303,375,0.80755608,0.9068512110726644,0.1066666666666666,0.3866666666666666,0.04,0.04,0.4266666666666667,0.053333333,0.0,1.0,1.0633156114064766,0.4666666666666667,2200,3.383276945384244,7.539874335427743,10.778153697438375,10.58482358627356,28.08119864668922,15.079748670855489,2.658289028516191,6,6,5,5,4,0.0,65.33287293,1.3,5.995137889735207,444.4892214864983,2069,1396,0.6747220879652006,E01028430,Cherwell 006A,E02005926,Cherwell 006,1.0008110089132591,355,45,20,0,420,700,1500
35.165,Urban,Urban: Further from a major town or city,0.8452380952380952,0.1071428571428571,0.0476190476190476,0.0,219.8124267291911,375,0.80755608,0.9068512110726644,0.1066666666666666,0.3866666666666666,0.04,0.04,0.4266666666666667,0.053333333,0.0,1.0,0.3516998827667057,0.5,600,6.0375146541617815,8.675263774912075,10.961313012895662,11.840562719812429,24.384525205158265,16.178194607268466,2.7549824150058617,9,8,8,5,4,0.0,53.99881956,0.0,6.967161415778534,3.9418739816501502,1706,1040,0.6096131301289566,E01028431,Cherwell 006B,E02005926,Cherwell 006,1.5788352448801164,355,45,20,0,420,200,400
21.97,Urban,Urban: Further from a major town or city,0.8452380952380952,0.1071428571428571,0.0476190476190476,0.0,184.5472440944882,375,0.80755608,0.9068512110726644,0.1066666666666666,0.3866666666666666,0.04,0.04,0.4266666666666667,0.053333333,0.0,1.0,0.1722440944881889,0.5555555555555556,350,4.7736220472440944,8.956692913385826,11.811023622047244,12.79527559055118,22.785433070866144,16.978346456692915,2.017716535433071,7,6,6,6,5,0.0,51.19660057,0.0,4.659286394285159,182.29665534092493,2032,1203,0.5920275590551181,E01028432,Cherwell 006C,E02005926,Cherwell 006,2.1462514114319062,355,45,20,0,420,125,225
16.095,Urban,Urban: Further from a major town or city,0.8452380952380952,0.1071428571428571,0.0476190476190476,0.0,236.29489603024572,375,0.80755608,0.9068512110726644,0.1066666666666666,0.3866666666666666,0.04,0.04,0.4266666666666667,0.053333333,0.0,1.0,0.1417769376181474,0.8,225,7.6244486452425955,10.396975425330812,12.350346565847511,14.303717706364209,22.18021424070573,20.163831127914303,3.276622558286074,10,9,9,6,5,0.0,44.9496124,0.0,2.9361240056160125,405.49166373458127,1587,847,0.5337114051669817,E01028433,Cherwell 006D,E02005926,Cherwell 006,1.0217552100189944,355,45,20,0,420,100,125
44.97,Urban,Urban: Further from a major town or city,0.8452380952380952,0.1071428571428571,0.0476190476190476,0.0,165.12549537648613,375,0.80755608,0.9068512110726644,0.1066666666666666,0.3866666666666666,0.04,0.04,0.4266666666666667,0.053333333,0.0,1.0,0.2311756935270806,0.5,525,3.9189784236019376,6.516952884191986,11.97710259797446,11.272567151034789,23.07353588727433,10.083663584324086,1.717305151915456,9,8,8,6,7,0.0,77.57860616,0.7,0.6313382452630735,160.43616387166625,2271,1387,0.610744166,E01028434,Cherwell 006E,E02005926,Cherwell 006,11.087558931398425,355,45,20,0,420,175,350
204.537,Urban,Urban: Further from a major town or city,0.7341772151898734,0.2109704641350211,0.0464135021097046,0.008438819,323.59905288082086,820,0.8517171717171718,0.9215972222222222,0.079268293,0.4939024390243902,0.067073171,0.067073171,0.2926829268292683,0.048780488,0.0121951219512195,0.9878048780487804,2.7624309392265194,0.75,7000,4.8539857932123125,7.182320442,8.011049723756907,9.668508287292818,22.33622731,17.12707182320442,4.064719810576165,2,3,3,2,2,0.0,58.68854895,0.0,15.55759758,377.0780304750445,2534,1886,0.744277822,E01028435,Cherwell 004A,E02005924,Cherwell 004,1.2212682515379998,870,250,55,10,1185,3000,4000
359.156,Urban,Urban: Further from a major town or city,0.7341772151898734,0.2109704641350211,0.0464135021097046,0.008438819,462.7539503386005,820,0.8517171717171718,0.9215972222222222,0.079268293,0.4939024390243902,0.067073171,0.067073171,0.2926829268292683,0.048780488,0.0121951219512195,0.9878048780487804,2.4830699774266365,0.2571428571428571,4400,3.781038374717833,9.142212189616252,10.10158013544018,10.835214446952596,21.21896162528217,16.70428893905192,1.6930022573363432,7,7,8,2,2,0.0,49.11125,0.0,1.7107610556330917,58.28060770069702,1772,1231,0.6946952595936795,E01028437,Cherwell 004C,E02005924,Cherwell 004,6.429886841169232,870,250,55,10,1185,900,3500
16.206,Urban,Urban: Further from a major town or city,0.7341772151898734,0.2109704641350211,0.0464135021097046,0.008438819,583.6298932384342,820,0.8517171717171718,0.9215972222222222,0.079268293,0.4939024390243902,0.067073171,0.067073171,0.2926829268292683,0.048780488,0.0121951219512195,0.9878048780487804,0.1174377224199288,0.32,165,4.911032028469751,10.249110320284698,12.526690391459075,15.088967971530248,24.91103202846975,11.174377224199288,1.992882562,9,8,9,6,4,0.0,62.34578544,0.0,2.126320722824208,628.8613989447359,1405,1051,0.7480427046263345,E01028439,Cherwell 004E,E02005924,Cherwell 004,0.4702959385505055,870,250,55,10,1185,40,125
9.86,Urban,Urban: Further from a major town or city,0.7341772151898734,0.2109704641350211,0.0464135021097046,0.008438819,438.5026737967914,820,0.8517171717171718,0.9215972222222222,0.079268293,0.4939024390243902,0.067073171,0.067073171,0.2926829268292683,0.048780488,0.0121951219512195,0.9878048780487804,0.037433155,0.5555555555555556,70,4.331550802139037,9.572192513368984,9.893048128342247,10.053475935828878,22.085561497326204,15.133689839572192,3.3689839572192515,6,6,7,3,2,0.0,57.57190227,0.0,8.574619715835317,456.9839310028004,1870,1440,0.7700534759358288,E01028440,Cherwell 004F,E02005924,Cherwell 004,0.5831162390521144,870,250,55,10,1185,25,45
20.227,Urban,Urban: Further from a major town or city,0.9285714285714286,0.0476190476190476,0.0238095238095238,0.0,72.09664848,185,0.7562326869806094,0.8851873884592505,0.1081081081081081,0.5135135135135135,0.027027027,0.027027027,0.3783783783783784,0.054054054,0.0,1.0,0.1169134840218238,0.7142857142857143,300,3.936087295401404,10.63912704598597,12.159002338269682,11.496492595479344,18.939984411535463,14.49727201870616,2.416212003117693,5,4,5,3,3,0.0,59.22189349,0.0,6.328325853383109,814.0348554696411,2566,1763,0.6870615744349181,E01028441,Cherwell 002A,E02005922,Cherwell 002,1.5801967584608532,195,10,5,0,210,125,175
16.99,Urban,Urban: Further from a major town or city,0.9285714285714286,0.0476190476190476,0.0238095238095238,0.0,132.4266284896206,185,0.7562326869806094,0.8851873884592505,0.1081081081081081,0.5135135135135135,0.027027027,0.027027027,0.3783783783783784,0.054054054,0.0,1.0,0.1610594130279169,0.5,225,4.151753758052971,10.808876163206872,16.821760916249104,14.531138153185395,19.828203292770223,15.032211882605583,2.505368647100931,8,8,8,4,4,0.0,52.58689788,6.5,7.990715081519726,269.49047051607107,1397,964,0.690050107,E01028443,Cherwell 002C,E02005922,Cherwell 002,0.8760167179767214,195,10,5,0,210,75,150
10.592,Urban,Urban: Further from a major town or city,0.9285714285714286,0.0476190476190476,0.0238095238095238,0.0,122.84196547144757,185,0.7562326869806094,0.8851873884592505,0.1081081081081081,0.5135135135135135,0.027027027,0.027027027,0.3783783783783784,0.054054054,0.0,1.0,0.083001328,0.6666666666666666,125,6.507304116865869,10.690571049136786,11.885790172642762,14.674634794156708,17.928286852589643,15.00664011,1.593625498007968,9,8,9,6,4,0.0,52.18511905,0.0,5.880893839473227,332.62620774518746,1506,985,0.6540504648074369,E01028444,Cherwell 002D,E02005922,Cherwell 002,1.0202530710089202,195,10,5,0,210,50,75
158.399,Urban,Urban: Further from a major town or city,0.74,0.22,0.04,0.0,117.11125569290826,180,0.8414901387874361,0.9152,0.0277777777777777,0.5277777777777778,0.083333333,0.083333333,0.2777777777777778,0.083333333,0.054054054,0.945945945945946,1.8867924528301887,0.45,2900,4.098893949251789,12.361743656473651,11.515940143135978,10.019518542615485,12.426805465191933,19.64866623292128,2.2121014964216004,4,3,4,1,1,0.0,50.12288462,11.1,2.784420411781998,352.1268889590014,1537,1018,0.6623292127521145,E01028445,Cherwell 003A,E02005923,Cherwell 003,1.4365646735939723,185,55,10,0,250,900,2000
159.992,Urban,Urban: Further from a major town or city,0.74,0.22,0.04,0.0,112.2894572676232,180,0.8414901387874361,0.9152,0.0277777777777777,0.5277777777777778,0.083333333,0.083333333,0.2777777777777778,0.083333333,0.054054054,0.945945945945946,0.4990642545227698,0.3333333333333333,800,5.427323767935121,10.293200249532129,10.230817217716782,11.977542108546476,17.21771678103556,20.96069868995633,2.807236432,5,5,5,3,2,0.0,43.28715084,0.0,4.11205383496258,181.22705687416268,1603,1032,0.6437928883343731,E01028446,Cherwell 003B,E02005923,Cherwell 003,1.7023123434043517,185,55,10,0,250,200,600
6.676,Urban,Urban: Further from a major town or city,0.74,0.22,0.04,0.0,137.50954927425516,180,0.8414901387874361,0.9152,0.0277777777777777,0.5277777777777778,0.083333333,0.083333333,0.2777777777777778,0.083333333,0.054054054,0.945945945945946,0.049656226,0.625,65,4.201680672268908,9.931245225362872,12.681436210847975,13.521772345301756,22.001527883880826,16.730328495034378,2.0626432391138274,5,5,5,4,3,0.0,47.73455378,0.0,12.394818439269642,383.9644068854705,1309,941,0.7188693659281895,E01028447,Cherwell 003C,E02005923,Cherwell 003,0.5647521207589767,185,55,10,0,250,25,40
10.119,Urban,Urban: Further from a major town or city,0.74,0.22,0.04,0.0,103.68663594470046,180,0.8414901387874361,0.9152,0.0277777777777777,0.5277777777777778,0.083333333,0.083333333,0.2777777777777778,0.083333333,0.054054054,0.945945945945946,0.0547235023041474,0.2666666666666666,95,3.859447004608295,9.907834101,10.829493087557603,8.640552995391705,19.87327188940092,18.548387096774192,2.3617511520737327,3,3,4,2,2,0.0,52.50566728,0.0,10.509178499034611,637.2994876855458,1736,1155,0.6653225806451613,E01028448,Cherwell 003D,E02005923,Cherwell 003,0.4757745812823816,185,55,10,0,250,20,75
6.22,Urban,Urban: Further from a major town or city,0.9545454545454546,0.0454545454545454,0.0,0.0,62.17277486910995,95,0.74,0.870748299,0.052631579,0.631578947,0.052631579,0.052631579,0.2105263157894736,0.052631579,0.0,1.0,0.009816754,0.5,15,4.384816753926701,11.518324607329845,10.99476439790576,9.293193717277488,13.154450261780104,23.23298429319372,2.225130890052356,3,3,3,1,1,0.0,49.67892272,0.7,9.759153391,961.9951087146976,1528,1019,0.6668848167539267,E01028449,Cherwell 005A,E02005925,Cherwell 005,0.5123395236901166,105,5,0,0,110,5,10
10.547,Urban,Urban: Further from a major town or city,0.9545454545454546,0.0454545454545454,0.0,0.0,61.96999347684279,95,0.74,0.870748299,0.052631579,0.631578947,0.052631579,0.052631579,0.2105263157894736,0.052631579,0.0,1.0,0.075016308,1.875,115,3.1963470319634704,10.76320939334638,10.241356816699282,10.176125244618394,12.524461839530332,19.047619047619047,3.1963470319634704,2,2,2,1,1,0.0,47.84026846,0.0,5.821240595039624,1131.7128895059625,1533,1012,0.6601435094585779,E01028450,Cherwell 005B,E02005925,Cherwell 005,1.030708129,105,5,0,0,110,75,40
9.651,Urban,Urban: Further from a major town or city,0.9545454545454546,0.0454545454545454,0.0,0.0,72.46376811594203,95,0.74,0.870748299,0.052631579,0.631578947,0.052631579,0.052631579,0.2105263157894736,0.052631579,0.0,1.0,0.049580473,0.3,65,5.339435545385203,8.695652173913043,12.890922959572846,12.890922959572846,15.789473684210526,20.823798627002287,2.898550724637681,6,6,5,3,2,0.0,51.13776722,0.0,2.879526709366713,284.0905075,1311,841,0.6414950419527079,E01028451,Cherwell 005C,E02005925,Cherwell 005,0.6945585861364887,105,5,0,0,110,15,50
6.108,Urban,Urban: Further from a major town or city,0.9545454545454546,0.0454545454545454,0.0,0.0,64.49422946367957,95,0.74,0.870748299,0.052631579,0.631578947,0.052631579,0.052631579,0.2105263157894736,0.052631579,0.0,1.0,0.0135777325186693,1.0,20,4.887983706720977,12.830957230142568,10.590631364562118,12.559402579769175,13.238289205702646,18.60149355057705,2.7155465037338766,3,3,4,1,1,0.0,59.06220302,0.0,19.725533850506952,60.23082702138567,1473,991,0.6727766463000678,E01028452,Cherwell 005D,E02005925,Cherwell 005,0.4562614156964222,105,5,0,0,110,10,10
5.359,Urban,Urban: Further from a major town or city,0.9545454545454546,0.0454545454545454,0.0,0.0,64.40677966101694,95,0.74,0.870748299,0.052631579,0.631578947,0.052631579,0.052631579,0.2105263157894736,0.052631579,0.0,1.0,0.033898305,0.6666666666666666,50,3.932203389830508,9.084745762711863,9.966101694915254,9.084745762711863,15.18644068,20.06779661016949,2.5084745762711864,3,3,3,2,2,0.0,53.14696629,1.5,10.418766784803708,841.3467884488799,1475,926,0.6277966101694915,E01028453,Cherwell 005E,E02005925,Cherwell 005,0.2879419476377617,105,5,0,0,110,20,30
12.53,Urban,Urban: Further from a major town or city,0.9545454545454546,0.0454545454545454,0.0,0.0,51.99781061850027,95,0.74,0.870748299,0.052631579,0.631578947,0.052631579,0.052631579,0.2105263157894736,0.052631579,0.0,1.0,0.082101806,1.0,150,5.090311986863712,10.180623973727425,11.713191023535853,8.648056923918993,11.986863711001645,22.71483305966065,3.6672140120415984,2,3,3,1,1,0.0,53.73369763,0.0,2.716665639299842,447.3774493924591,1827,1136,0.6217843459222769,E01028454,Cherwell 005F,E02005925,Cherwell 005,1.1042948961408372,105,5,0,0,110,75,75
287.977,Urban,Urban: Nearer to a major town or city,0.75,0.2068965517241379,0.0344827586206896,0.00862069,316.2450066577896,475,0.8539496527777778,0.9200756143667296,0.1052631578947368,0.431578947368421,0.094736842,0.084210526,0.3894736842105263,0.052631579,0.0,1.0,3.1624500665778963,0.3571428571428571,4750,4.660452729693742,10.585885486018643,14.11451398135819,15.912117177097205,21.43808255659121,10.985352862849536,2.6631158455392807,10,9,10,5,5,0.0,97.65956007,0.0,3.7598722749044784,528.5839925876054,1502,1058,0.7043941411451398,E01028455,Cherwell 013A,E02005933,Cherwell 013,2.3936983338692404,435,120,20,5,580,1250,3500
50.296,Urban,Urban: Nearer to a major town or city,0.75,0.2068965517241379,0.0344827586206896,0.00862069,318.1513730743469,475,0.8539496527777778,0.9200756143667296,0.1052631578947368,0.431578947368421,0.094736842,0.084210526,0.3894736842105263,0.052631579,0.0,1.0,0.870730074,0.3,1300,3.9517749497655728,9.444072337575353,12.659075686537175,11.788345612860011,21.299397186872067,18.687206965840588,2.8801071667782985,6,5,5,3,3,0.0,92.99851577,0.0,2.098027393216112,1137.8218249987308,1493,953,0.6383121232417951,E01028456,Cherwell 013B,E02005933,Cherwell 013,0.9532763997586114,435,120,20,5,580,300,1000
22.407,Urban,Urban: Nearer to a major town or city,0.75,0.2068965517241379,0.0344827586206896,0.00862069,347.985347985348,475,0.8539496527777778,0.9200756143667296,0.1052631578947368,0.431578947368421,0.094736842,0.084210526,0.3894736842105263,0.052631579,0.0,1.0,0.2747252747252747,0.5,375,3.956043956043956,10.10989010989011,13.553113553113551,15.970695970695967,23.95604395604396,13.47985347985348,2.93040293,10,10,10,7,5,0.0,110.0936364,0.0,7.885435749243754,723.3326607390306,1365,896,0.6564102564102564,E01028457,Cherwell 013C,E02005933,Cherwell 013,0.7608964413381245,435,120,20,5,580,125,250
9.428,Urban,Urban: Nearer to a major town or city,0.75,0.2068965517241379,0.0344827586206896,0.00862069,301.3959390862944,475,0.8539496527777778,0.9200756143667296,0.1052631578947368,0.431578947368421,0.094736842,0.084210526,0.3894736842105263,0.052631579,0.0,1.0,0.057106599,0.8,90,4.251269035532995,12.880710659898478,11.611675126903553,13.769035532994923,19.67005076142132,15.101522842639596,2.0939086294416245,5,5,6,2,2,0.0,83.71387283,0.0,11.01496273589193,242.00642864098504,1576,1139,0.7227157360406091,E01028458,Cherwell 013D,E02005933,Cherwell 013,0.7262847993059692,435,120,20,5,580,40,50
12.225,Urban,Urban: Nearer to a major town or city,0.8857142857142857,0.085714286,0.028571429,0.0,98.36065573770492,150,0.716796875,0.8979591836734694,0.1,0.4333333333333333,0.033333333,0.033333333,0.4333333333333333,0.066666667,0.0303030303030303,0.9696969696969696,0.081967213,1.5,125,5.245901639344262,7.868852459016394,12.262295081967212,14.557377049180328,26.688524590163937,9.114754098360656,2.4262295081967213,10,9,10,7,6,0.0,97.21043165,0.0,2.252182809879151,200.37521897098028,1525,1130,0.740983607,E01028459,Cherwell 012A,E02005932,Cherwell 012,0.4440136900137598,155,15,5,0,175,75,50
12.107,Urban,Urban: Nearer to a major town or city,0.8857142857142857,0.085714286,0.028571429,0.0,73.45739471106758,150,0.716796875,0.8979591836734694,0.1,0.4333333333333333,0.033333333,0.033333333,0.4333333333333333,0.066666667,0.0303030303030303,0.9696969696969696,0.048971596,0.3333333333333333,100,3.3790401567091086,6.317335945151811,11.704211557296768,13.222331047992164,32.761998041136145,7.443682664054848,1.6160626836434866,10,9,10,9,8,0.0,50.25178042,0.0,0.7651123826472769,183.2560044879424,2042,1486,0.7277179236043095,E01028460,Cherwell 012B,E02005932,Cherwell 012,1.3069975374598115,155,15,5,0,175,25,75
19.782,Urban,Urban: Nearer to a major town or city,0.8857142857142857,0.085714286,0.028571429,0.0,89.07363420427554,150,0.716796875,0.8979591836734694,0.1,0.4333333333333333,0.033333333,0.033333333,0.4333333333333333,0.066666667,0.0303030303030303,0.9696969696969696,0.1336104513064133,0.5,225,4.334916864608076,8.847980997624703,11.87648456057007,13.836104513064132,29.572446555819475,9.263657957244655,1.9596199524940616,9,8,10,7,6,0.0,60.50209677,0.0,3.8329174821662426,377.4326688822597,1684,1276,0.7577197149643705,E01028461,Cherwell 012C,E02005932,Cherwell 012,0.7826936045345009,155,15,5,0,175,75,150
20.632,Urban,Urban: Nearer to a major town or city,0.8857142857142857,0.085714286,0.028571429,0.0,94.16195856873824,150,0.716796875,0.8979591836734694,0.1,0.4333333333333333,0.033333333,0.033333333,0.4333333333333333,0.066666667,0.0303030303030303,0.9696969696969696,0.1883239171374764,1.4,300,5.084745762711865,10.922787193973637,10.860012554927808,15.12868801004394,27.87193973634652,11.173885750156936,2.008788449466416,8,7,7,5,5,0.0,89.23194946,0.8,2.128322777364973,878.8324984118711,1593,1109,0.6961707470182047,E01028462,Cherwell 012D,E02005932,Cherwell 012,0.939707088,155,15,5,0,175,175,125
81.126,Urban,Urban: Nearer to a major town or city,0.725925926,0.2222222222222222,0.0444444444444444,0.007407407,159.37019969278035,415,0.7774943310657597,0.8604224058769513,0.096385542,0.4578313253012048,0.0240963855421686,0.0240963855421686,0.3734939759036144,0.0602409638554216,0.0,1.0,0.499231950844854,0.3,1300,3.763440860215054,7.565284178187404,12.864823348694316,13.440860215053762,33.41013824884793,8.064516129032258,2.5345622119815667,9,7,9,6,8,0.0,33.5662803,19.8,1.2471483512692685,836.0061615059847,2604,1994,0.7657450076804916,E01028463,Cherwell 015A,E02005935,Cherwell 015,1.6036584564815624,490,150,30,5,675,300,1000
14.804,Urban,Urban: Nearer to a major town or city,0.725925926,0.2222222222222222,0.0444444444444444,0.007407407,249.84948826008429,415,0.7774943310657597,0.8604224058769513,0.096385542,0.4578313253012048,0.0240963855421686,0.0240963855421686,0.3734939759036144,0.0602409638554216,0.0,1.0,0.1053582179409994,0.75,175,3.0102347983142685,6.562311860325106,11.860325105358218,16.014449127031906,32.26971703792896,7.164358819987959,1.8663455749548463,9,9,9,8,9,0.0,52.81521395,74.0,2.633558468496371,160.5990715802769,1661,1223,0.7363034316676701,E01028464,Cherwell 015B,E02005935,Cherwell 015,1.5188574880146095,490,150,30,5,675,75,100
6.97,Urban,Urban: Nearer to a major town or city,0.725925926,0.2222222222222222,0.0444444444444444,0.007407407,293.90934844192634,415,0.7774943310657597,0.8604224058769513,0.096385542,0.4578313253012048,0.0240963855421686,0.0240963855421686,0.3734939759036144,0.0602409638554216,0.0,1.0,0.0566572237960339,0.6,80,3.399433428,7.932011331444759,10.764872521246458,15.864022662889518,33.21529745042493,5.453257790368272,1.0623229461756374,10,10,10,8,8,0.0,62.56605691,0.0,1.3144326699292173,318.74097688985154,1412,1018,0.7209631728045326,E01028465,Cherwell 015C,E02005935,Cherwell 015,0.7607844988011827,490,150,30,5,675,30,50
19.57,Urban,Urban: Nearer to a major town or city,0.85,0.1,0.05,0.0,100.44642857142856,180,0.7346189164370982,0.8954635108481263,0.083333333,0.4722222222222222,0.0277777777777777,0.0277777777777777,0.3611111111111111,0.055555556,0.0,1.0,0.1395089285714285,0.6666666666666666,250,3.6830357142857135,10.9375,11.662946428571429,11.439732142857142,18.470982142857142,19.53125,1.8973214285714284,4,4,4,2,2,0.0,101.1561837,0.0,6.738366390360825,722.7293762813413,1792,1195,0.6668526785714286,E01028466,Cherwell 014A,E02005934,Cherwell 014,1.1872313757595507,170,20,10,0,200,100,150
62.946,Urban,Urban: Nearer to a major town or city,0.75,0.2068965517241379,0.0344827586206896,0.00862069,242.5944841675179,475,0.8539496527777778,0.9200756143667296,0.1052631578947368,0.431578947368421,0.094736842,0.084210526,0.3894736842105263,0.052631579,0.0,1.0,0.8810010214504597,0.15,1725,4.341164453524004,7.967313585291114,10.163432073544431,11.746680286006129,26.65985699693565,14.198161389172624,2.400408580183861,8,7,8,4,5,0.0,94.68105727,0.0,1.3914687131205778,1182.7382312219402,1958,1330,0.6792645556690501,E01028467,Cherwell 013E,E02005933,Cherwell 013,1.4373301973241634,435,120,20,5,580,225,1500
16.878,Urban,Urban: Nearer to a major town or city,0.85,0.1,0.05,0.0,127.8409090909091,180,0.7346189164370982,0.8954635108481263,0.083333333,0.4722222222222222,0.0277777777777777,0.0277777777777777,0.3611111111111111,0.055555556,0.0,1.0,0.1420454545454545,0.6,200,6.534090909090909,12.642045454545457,13.139204545454543,12.997159090909092,22.088068181818183,17.045454545454543,3.551136363636364,9,9,8,5,4,0.0,82.42186312,0.0,7.926465160031759,417.5633140248653,1408,785,0.5575284090909091,E01028469,Cherwell 014B,E02005934,Cherwell 014,0.8831174878931725,170,20,10,0,200,75,125
33.43,Urban,Urban: Nearer to a major town or city,0.85,0.1,0.05,0.0,106.76156583629894,180,0.7346189164370982,0.8954635108481263,0.083333333,0.4722222222222222,0.0277777777777777,0.0277777777777777,0.3611111111111111,0.055555556,0.0,1.0,0.2669039145907473,0.5,450,4.744958481613286,9.964412811,10.498220640569397,12.336892052194544,25.26690391459075,16.548042704626333,2.431791221826809,8,7,7,5,4,0.0,94.93122807,0.0,8.842831891,1154.691271577804,1686,1110,0.6583629893238434,E01028470,Cherwell 014C,E02005934,Cherwell 014,1.130859448963366,170,20,10,0,200,150,300
6.514,Urban,Urban: Nearer to a major town or city,0.85,0.1,0.05,0.0,130.9090909090909,180,0.7346189164370982,0.8954635108481263,0.083333333,0.4722222222222222,0.0277777777777777,0.0277777777777777,0.3611111111111111,0.055555556,0.0,1.0,0.058181818,0.066666667,80,4.581818181818182,12.0,12.290909090909093,10.909090909090908,14.909090909090908,18.90909090909091,2.618181818181818,4,4,4,1,2,0.0,104.2762626,0.0,14.97218246399509,872.1730966821191,1375,947,0.6887272727272727,E01028471,Cherwell 014D,E02005934,Cherwell 014,0.3339526493230987,170,20,10,0,200,5,75
6.422,Urban,Urban: Nearer to a major town or city,0.85,0.1,0.05,0.0,154.63917525773198,180,0.7346189164370982,0.8954635108481263,0.083333333,0.4722222222222222,0.0277777777777777,0.0277777777777777,0.3611111111111111,0.055555556,0.0,1.0,0.030068729,0.4,35,5.412371134020619,10.996563573883162,14.432989690721648,13.573883161512027,22.938144329896907,15.549828178694158,2.491408934707904,9,8,9,5,4,0.0,110.6942169,0.0,9.117447975,689.2413107102682,1164,743,0.6383161512027491,E01028472,Cherwell 014E,E02005934,Cherwell 014,0.5483990710809222,170,20,10,0,200,10,25
37.031,Urban,Urban: Nearer to a major town or city,0.85,0.1,0.05,0.0,124.8266296809986,180,0.7346189164370982,0.8954635108481263,0.083333333,0.4722222222222222,0.0277777777777777,0.0277777777777777,0.3611111111111111,0.055555556,0.0,1.0,0.3467406380027739,0.1111111111111111,500,4.993065187239944,10.540915395284326,12.135922330097088,17.05963938973648,26.005547850208043,10.679611650485436,3.0513176144244105,10,9,10,7,6,0.0,106.5729323,0.0,2.3899184954367434,130.6386567031287,1442,982,0.680998613,E01028473,Cherwell 014F,E02005934,Cherwell 014,1.2552729332519634,170,20,10,0,200,50,450
29.939,Rural,Smaller rural: Further from a major town or city,0.9174311926605504,0.064220183,0.018348624,0.0,244.01689347724076,520,0.7919748520710059,0.8847933884297521,0.125,0.2211538461538461,0.048076923,0.0384615384615384,0.4230769230769231,0.048076923,0.0,1.0,0.2580947911778508,0.5714285714285714,550,3.6133270764899112,6.992022524636321,9.948381042,12.153918348193336,25.762552792116377,11.356170811825434,0.9854528390427028,6,6,7,4,6,0.022026432,49.73693431,18.5,0.4230744072018273,369.0844567,2131,1343,0.6302205537306429,E01028474,Cherwell 009A,E02005929,Cherwell 009,40.182057128996135,500,35,10,0,545,200,350
51.991,Rural,Larger rural: Further from a major town or city,0.8645833333333334,0.09375,0.03125,0.0104166666666666,159.76123595505618,455,0.7895181741335587,0.9030470914127424,0.1208791208791208,0.3296703296703296,0.032967033,0.032967033,0.4505494505494505,0.065934066,0.0,1.0,0.3686797752808989,0.75,1050,3.019662921348315,5.969101123595506,13.026685393258427,12.851123595505618,34.866573033707866,7.549157303370786,1.580056179775281,9,9,9,7,9,0.0,59.75733855,0.8,1.482001124196807,443.5211847121927,2848,1735,0.6091994382022472,E01028476,Cherwell 008D,E02005928,Cherwell 008,6.747633208,415,45,15,5,480,450,600
87.269,Rural,Smaller rural: Further from a major town or city,0.8905109489051095,0.087591241,0.0218978102189781,0.0,232.97491039426524,650,0.8110059171597632,0.91725717939155,0.1,0.2769230769230769,0.053846154,0.053846154,0.4076923076923077,0.053846154,0.007751938,0.992248062015504,0.3942652329749104,0.5714285714285714,1100,3.082437275985664,6.666666666666667,8.709677419354838,10.89605734767025,32.58064516129032,9.139784946,1.4336917562724014,7,7,9,6,8,0.0,91.54538905,1.3,0.1097964986426406,1119.84328,2790,1934,0.6931899641577061,E01028477,Cherwell 011B,E02005931,Cherwell 011,91.07758556625224,610,60,15,0,685,400,700
8.532,Urban,Urban: Nearer to a major town or city,0.8905109489051095,0.087591241,0.0218978102189781,0.0,460.0141542816702,650,0.8110059171597632,0.91725717939155,0.1,0.2769230769230769,0.053846154,0.053846154,0.4076923076923077,0.053846154,0.007751938,0.992248062015504,0.1061571125265392,0.5,150,4.104741684359519,7.643312101910828,10.75725406935598,14.154281670205238,24.911535739561216,10.615711252653927,2.689313517338995,9,10,10,5,6,0.0,71.91353919,0.0,1.5633648075671376,525.9668251,1413,965,0.6829440905874027,E01028478,Cherwell 011C,E02005931,Cherwell 011,1.2792919415349648,610,60,15,0,685,50,100
19.244,Rural,Smaller rural: Further from a major town or city,0.8958333333333334,0.09375,0.0104166666666666,0.0,332.85094066570184,460,0.7928994082840237,0.9078768673607968,0.097826087,0.3043478260869565,0.0434782608695652,0.0434782608695652,0.391304348,0.0434782608695652,0.010752688172043,0.989247312,0.1808972503617945,0.4285714285714285,250,4.341534008683068,7.814761215629522,12.228654124457307,12.735166425470332,34.00868306801736,9.479015918958032,1.5918958031837915,5,9,7,7,7,0.019480519,60.16516129,4.5,0.071727919,1882.204270964853,1382,821,0.5940665701881331,E01028479,Cherwell 001A,E02005921,Cherwell 001,55.76629128628465,430,45,5,0,480,75,175
25.275,Rural,Smaller rural: Further from a major town or city,0.8958333333333334,0.09375,0.0104166666666666,0.0,297.7346278317152,460,0.7928994082840237,0.9078768673607968,0.097826087,0.3043478260869565,0.0434782608695652,0.0434782608695652,0.391304348,0.0434782608695652,0.010752688172043,0.989247312,0.3236245954692556,0.6666666666666666,500,5.436893203883495,7.378640776699028,11.909385113268607,13.851132686084142,32.29773462783172,12.62135922330097,2.071197411003236,7,9,9,9,8,0.0,67.59674658,1.9,0.3166822571817904,596.7204843648584,1545,878,0.56828479,E01028480,Cherwell 001B,E02005921,Cherwell 001,50.52382833944263,430,45,5,0,480,200,300
32.975,Rural,Larger rural: Further from a major town or city,0.8813559322033898,0.1016949152542373,0.016949153,0.0,382.4561403508772,545,0.7900008416799933,0.9070669347888536,0.110091743119266,0.3027522935779816,0.036697248,0.0275229357798165,0.4311926605504587,0.073394495,0.018348624,0.981651376,0.4210526315789473,0.7142857142857143,600,3.929824561403509,6.807017543859649,12.842105263157894,12.561403508771928,37.54385964912281,10.807017543859647,2.5964912280701755,8,8,9,8,9,0.0,138.5300971,0.0,0.2476375847407003,1415.7655275468262,1425,805,0.5649122807017544,E01028481,Cherwell 010A,E02005930,Cherwell 010,28.267114651960664,520,60,10,0,590,250,350
15.672,Rural,Smaller rural: Further from a major town or city,0.8813559322033898,0.1016949152542373,0.016949153,0.0,414.7640791476408,545,0.7900008416799933,0.9070669347888536,0.110091743119266,0.3027522935779816,0.036697248,0.0275229357798165,0.4311926605504587,0.073394495,0.018348624,0.981651376,0.1712328767123287,0.5,225,3.348554033,5.251141552511415,12.404870624048703,13.39421613394216,43.91171994,6.468797564687975,1.065449011,9,10,10,10,10,0.036036036,190.244,3.6,0.2912575152883042,3662.258552265821,1314,776,0.5905631659056316,E01028482,Cherwell 010B,E02005930,Cherwell 010,37.76726581324962,520,60,10,0,590,75,150
58.372,Rural,Smaller rural: Further from a major town or city,0.8905109489051095,0.087591241,0.0218978102189781,0.0,511.4083398898505,650,0.8110059171597632,0.91725717939155,0.1,0.2769230769230769,0.053846154,0.053846154,0.4076923076923077,0.053846154,0.007751938,0.992248062015504,0.3737214791502753,0.3571428571428571,475,4.327301337529504,6.215578284815106,13.453973249409914,13.296616837136114,38.55232100708104,8.025177025963808,1.8095987411487016,7,9,10,8,10,0.005050505,61.90253165,1.5,0.0540251487411028,692.9464794,1271,835,0.6569630212431157,E01028483,Cherwell 011D,E02005931,Cherwell 011,92.54949068184524,610,60,15,0,685,125,350
78.552,Rural,Smaller rural: Further from a major town or city,0.8905109489051095,0.087591241,0.0218978102189781,0.0,597.9760809567617,650,0.8110059171597632,0.91725717939155,0.1,0.2769230769230769,0.053846154,0.053846154,0.4076923076923077,0.053846154,0.007751938,0.992248062015504,0.1609935602575897,0.4,175,3.679852805887765,7.635694572217111,10.579576816927323,12.97148114075437,37.71849126034959,11.40754369825207,1.103955841766329,6,8,8,9,8,0.404255319,62.50785908,42.6,0.048807133,3582.116369164404,1087,702,0.6458141674333027,E01028484,Cherwell 011E,E02005931,Cherwell 011,61.46642540423009,610,60,15,0,685,50,125
20.77,Rural,Larger rural: Further from a major town or city,0.9174311926605504,0.064220183,0.018348624,0.0,332.69353806781834,520,0.7919748520710059,0.8847933884297521,0.125,0.2211538461538461,0.048076923,0.0384615384615384,0.4230769230769231,0.048076923,0.0,1.0,0.1439539347408829,0.8,225,3.9027511196417146,6.269993602047346,11.26039667306462,14.90722968650032,33.71721049264235,10.428662827895073,1.471529110684581,8,8,9,7,9,0.0,57.98587849,0.0,1.150718285328065,3561.183709005748,1563,949,0.6071657069737684,E01028485,Cherwell 009B,E02005929,Cherwell 009,3.47608971804912,500,35,10,0,545,100,125
35.728,Rural,Smaller rural: Further from a major town or city,0.9174311926605504,0.064220183,0.018348624,0.0,413.6833731105808,520,0.7919748520710059,0.8847933884297521,0.125,0.2211538461538461,0.048076923,0.0384615384615384,0.4230769230769231,0.048076923,0.0,1.0,0.5568814638027049,0.4,700,2.6252983293556085,6.284805091487669,10.898965791567225,12.649164677804295,39.45902943516308,10.103420843277643,1.8297533810660305,7,10,10,9,9,0.0,51.6148728,0.0,0.0485266102719699,3085.8858242084875,1257,781,0.6213206046141607,E01028486,Cherwell 009C,E02005929,Cherwell 009,82.42900086327462,500,35,10,0,545,200,500
25.894,Urban,Urban: Nearer to a major town or city,0.8367346938775511,0.1428571428571428,0.020408163,0.0,150.19762845849803,190,0.7875,0.9112426035502958,0.078947368,0.4210526315789473,0.026315789,0.026315789,0.3684210526315789,0.078947368,0.025,0.975,0.3162055335968379,0.6,400,5.296442687747035,6.719367588932807,9.090909090909092,12.569169960474309,33.280632411067195,12.727272727272728,2.371541501976284,10,10,10,7,6,0.0,86.87715931,0.0,10.079416660346734,386.4585659442743,1265,896,0.708300395,E01028487,Cherwell 017A,E02005937,Cherwell 017,0.4960604535449375,205,35,5,0,245,150,250
676.732,Urban,Urban: Nearer to a major town or city,0.7433628318584071,0.168141593,0.079646018,0.008849558,324.49406838799723,465,0.8659960689097006,0.9210526315789472,0.075268817,0.3763440860215054,0.086021505,0.086021505,0.3978494623655914,0.075268817,0.010752688172043,0.989247312,4.012561060711794,0.2777777777777778,5750,4.6057222609909285,8.722958827634333,11.025819958129798,14.096301465457085,30.983949755757152,11.37473831123517,1.465457083042568,9,8,9,6,5,0.0,88.48281734,0.0,2.105004606387625,866.0449400154839,1433,1023,0.7138869504535938,E01028488,Cherwell 019A,E02005939,Cherwell 019,10.926341885526815,420,95,45,5,565,1250,4500
15.887,Urban,Urban: Nearer to a major town or city,0.8367346938775511,0.1428571428571428,0.020408163,0.0,140.0147383935151,190,0.7875,0.9112426035502958,0.078947368,0.4210526315789473,0.026315789,0.026315789,0.3684210526315789,0.078947368,0.025,0.975,0.1289609432571849,1.3333333333333333,175,5.747973470891673,6.116433308769344,10.611643330876934,10.980103168754605,43.55195283714075,10.464259395725865,2.652910832719233,10,10,9,10,10,0.0,82.29472759,0.0,0.5450659600517724,1139.061568044435,1357,662,0.4878408253500368,E01028489,Cherwell 017B,E02005937,Cherwell 017,3.6692806863412137,205,35,5,0,245,100,75
7.905,Urban,Urban: Nearer to a major town or city,0.8367346938775511,0.1428571428571428,0.020408163,0.0,145.03816793893128,190,0.7875,0.9112426035502958,0.078947368,0.4210526315789473,0.026315789,0.026315789,0.3684210526315789,0.078947368,0.025,0.975,0.1335877862595419,0.4,175,5.343511450381679,10.229007633587786,8.549618320610687,10.99236641221374,27.25190839694657,15.19083969465649,4.961832061068702,7,6,6,4,4,0.0,90.28477752,0.0,0.8659294299570109,548.2358125744165,1310,762,0.5816793893129771,E01028490,Cherwell 017C,E02005937,Cherwell 017,2.3096570353305697,205,35,5,0,245,50,125
115.919,Urban,Urban: Nearer to a major town or city,0.8367346938775511,0.1428571428571428,0.020408163,0.0,114.32009626955475,190,0.7875,0.9112426035502958,0.078947368,0.4210526315789473,0.026315789,0.026315789,0.3684210526315789,0.078947368,0.025,0.975,0.9626955475330926,0.28,1600,4.693140794223827,6.317689531,8.483754512635379,11.732851985559568,34.71720818291215,12.33453670276775,2.888086642599278,10,8,9,8,8,0.0,89.07900826,0.0,7.693481419870111,260.80176329619485,1662,1029,0.6191335740072202,E01028491,Cherwell 017D,E02005937,Cherwell 017,1.0398413362432042,205,35,5,0,245,350,1250
20.085,Urban,Urban: Nearer to a major town or city,0.896551724,0.1034482758620689,0.0,0.0,84.00746733042936,135,0.7751479289940828,0.8751486325802615,0.074074074,0.4814814814814814,0.037037037037037,0.037037037037037,0.3333333333333333,0.037037037037037,0.0,1.0,0.2177971375233354,0.75,350,6.036092097075295,8.462974486621032,9.147479775980088,13.56565028002489,27.56689483509645,14.312383322962042,2.177971375233354,9,8,9,7,6,0.0,98.67787934,0.0,8.044615764298747,3.3180908001541805,1607,987,0.6141879278158059,E01028492,Cherwell 018A,E02005938,Cherwell 018,0.9944539595667518,130,15,0,0,145,150,200
7.599,Urban,Urban: Nearer to a major town or city,0.896551724,0.1034482758620689,0.0,0.0,92.27614490772386,135,0.7751479289940828,0.8751486325802615,0.074074074,0.4814814814814814,0.037037037037037,0.037037037037037,0.3333333333333333,0.037037037037037,0.0,1.0,0.044429255,0.3,65,6.220095693779904,7.723855092276145,9.432672590567329,11.346548188653452,25.01708817498291,16.883116883116884,1.367053998632946,8,6,7,4,4,0.0,111.377221,0.0,6.302342164,798.6672400332252,1463,903,0.6172248803827751,E01028493,Cherwell 018B,E02005938,Cherwell 018,1.2693693537804909,130,15,0,0,145,15,50
5.318,Urban,Urban: Nearer to a major town or city,0.8367346938775511,0.1428571428571428,0.020408163,0.0,163.51118760757316,190,0.7875,0.9112426035502958,0.078947368,0.4210526315789473,0.026315789,0.026315789,0.3684210526315789,0.078947368,0.025,0.975,0.0258175559380378,0.5,30,4.561101549053356,12.908777969018931,7.228915662650602,9.810671256,22.461273666092943,19.53528399311532,3.2702237521514634,5,4,4,3,2,0.0,102.4362162,0.0,10.209713243909182,510.8088871473438,1162,753,0.6480206540447504,E01028494,Cherwell 017E,E02005937,Cherwell 017,0.4897297191948907,205,35,5,0,245,10,20
7.129,Urban,Urban: Nearer to a major town or city,0.896551724,0.1034482758620689,0.0,0.0,101.96374622356495,135,0.7751479289940828,0.8751486325802615,0.074074074,0.4814814814814814,0.037037037037037,0.037037037037037,0.3333333333333333,0.037037037037037,0.0,1.0,0.018882175,0.25,25,6.117824773413897,9.063444109,10.42296072507553,12.537764350453172,29.607250755287005,11.178247734138973,2.492447129909366,10,8,9,8,7,0.0,99.89405034,0.0,5.938341880598485,410.0572079257101,1324,907,0.6850453172205438,E01028495,Cherwell 018C,E02005938,Cherwell 018,0.5051915265777271,130,15,0,0,145,5,20
8.425,Urban,Urban: Nearer to a major town or city,0.896551724,0.1034482758620689,0.0,0.0,94.0766550522648,135,0.7751479289940828,0.8751486325802615,0.074074074,0.4814814814814814,0.037037037037037,0.037037037037037,0.3333333333333333,0.037037037037037,0.0,1.0,0.073170732,0.4,105,4.529616724738676,9.407665505,11.56794425087108,12.961672473867598,25.505226480836235,13.72822299651568,2.229965156794425,8,6,7,4,4,0.0,104.1657471,0.0,0.4518526773790157,543.5023363448652,1435,978,0.6815331010452962,E01028496,Cherwell 018D,E02005938,Cherwell 018,2.213110710775309,130,15,0,0,145,30,75
91.978,Rural,Smaller rural: Nearer to a major town or city,0.8682634730538922,0.1077844311377245,0.0239520958083832,0.0,549.2154065620542,770,0.80215888,0.9074611699811294,0.1038961038961039,0.3246753246753247,0.0324675324675324,0.0324675324675324,0.4155844155844156,0.051948052,0.0130718954248366,0.9869281045751634,0.7845934379457917,0.375,1100,3.138373751783167,7.275320970042796,9.985734665,12.553495007132668,42.796005706134096,8.844507846,2.8530670470756063,8,9,10,8,9,0.06993007,92.65836364,9.1,0.1022370183021302,2052.3933066995537,1402,839,0.5984308131241084,E01028497,Cherwell 016B,E02005936,Cherwell 016,78.24954339296598,725,90,20,0,835,300,800
34.885,Rural,Smaller rural: Nearer to a major town or city,0.8682634730538922,0.1077844311377245,0.0239520958083832,0.0,469.5121951219512,770,0.80215888,0.9074611699811294,0.1038961038961039,0.3246753246753247,0.0324675324675324,0.0324675324675324,0.4155844155844156,0.051948052,0.0130718954248366,0.9869281045751634,0.1829268292682926,0.3333333333333333,300,5.243902439024391,8.048780487804878,11.951219512195122,11.52439024390244,32.80487804878049,12.682926829268292,1.768292682926829,6,6,6,6,7,0.0,100.4754319,0.0,0.2590218014758662,1295.9996163748629,1640,1026,0.625609756,E01028498,Cherwell 016C,E02005936,Cherwell 016,46.32814663331756,725,90,20,0,835,75,225
62.808,Urban,Urban: Nearer to a major town or city,0.8905109489051095,0.087591241,0.0218978102189781,0.0,299.2633517495396,650,0.8110059171597632,0.91725717939155,0.1,0.2769230769230769,0.053846154,0.053846154,0.4076923076923077,0.053846154,0.007751938,0.992248062015504,0.8517495395948435,0.2333333333333333,1850,4.005524861878453,7.504604051565378,10.405156537753223,11.878453038674031,26.933701657458563,11.878453038674031,2.3020257826887662,8,8,10,8,7,0.028806584,70.50523883,3.3,0.1030884424934161,1964.081750635859,2172,1340,0.6169429097605893,E01028499,Cherwell 011F,E02005931,Cherwell 011,48.502042314969785,610,60,15,0,685,350,1500
119.835,Rural,Smaller rural: Nearer to a major town or city,0.8682634730538922,0.1077844311377245,0.0239520958083832,0.0,479.15370255133786,770,0.80215888,0.9074611699811294,0.1038961038961039,0.3246753246753247,0.0324675324675324,0.0324675324675324,0.4155844155844156,0.051948052,0.0130718954248366,0.9869281045751634,0.6845052893590542,0.2222222222222222,1100,6.720597386,14.063472308649658,17.61045426260112,18.419415059116364,28.251400124455508,20.72184194150591,2.613565650280025,3,7,4,4,3,0.003921569,59.64316406,0.8,0.2845780792040714,2742.739421530452,1607,1068,0.6645924082140635,E01028500,Cherwell 016D,E02005936,Cherwell 016,42.16768921050584,725,90,20,0,835,200,900
20.328,Rural,Smaller rural: Nearer to a major town or city,0.8682634730538922,0.1077844311377245,0.0239520958083832,0.0,667.8230702515177,770,0.80215888,0.9074611699811294,0.1038961038961039,0.3246753246753247,0.0324675324675324,0.0324675324675324,0.4155844155844156,0.051948052,0.0130718954248366,0.9869281045751634,0.1951431049436253,0.5,225,4.249783174,5.2905464006938425,9.453599306,13.70338248048569,43.97224631396357,11.014744145706851,1.3009540329575022,7,10,9,10,10,0.0,145.1663522,0.0,0.065865991,1746.7841634993151,1153,679,0.5888985255854293,E01028501,Cherwell 016E,E02005936,Cherwell 016,91.09405241,725,90,20,0,835,75,150
26.689,Rural,Smaller rural: Nearer to a major town or city,0.8682634730538922,0.1077844311377245,0.0239520958083832,0.0,685.6634016028496,770,0.80215888,0.9074611699811294,0.1038961038961039,0.3246753246753247,0.0324675324675324,0.0324675324675324,0.4155844155844156,0.051948052,0.0130718954248366,0.9869281045751634,0.4452359750667854,0.4285714285714285,500,3.918076580587712,6.233303650934995,10.95280498664292,12.288512911843275,46.57168299198575,9.349955476402494,0.9795191451469278,9,10,10,9,10,0.005235602,72.31922197,2.1,0.2243566205335063,2237.007493090237,1123,663,0.5903829029385574,E01028502,Cherwell 016F,E02005936,Cherwell 016,40.11470657116581,725,90,20,0,835,150,350
10.576,Rural,Smaller rural: Further from a major town or city,0.9174311926605504,0.064220183,0.018348624,0.0,457.3438874230431,520,0.7919748520710059,0.8847933884297521,0.125,0.2211538461538461,0.048076923,0.0384615384615384,0.4230769230769231,0.048076923,0.0,1.0,0.1055408970976253,0.6,120,6.684256816182938,8.003518029903255,11.521547933157432,13.544415127528584,34.91644678979771,12.049252418645558,1.846965699208444,7,9,9,6,8,0.014388489,55.31697248,7.2,0.1348099928532992,3409.269083,1137,638,0.5611257695690414,E01028503,Cherwell 009D,E02005929,Cherwell 009,44.50708640367057,500,35,10,0,545,45,75
28.647,Rural,Smaller rural: Further from a major town or city,0.9174311926605504,0.064220183,0.018348624,0.0,361.8649965205289,520,0.7919748520710059,0.8847933884297521,0.125,0.2211538461538461,0.048076923,0.0384615384615384,0.4230769230769231,0.048076923,0.0,1.0,0.34794711203897,0.6666666666666666,500,2.5748086290883787,7.098121086,11.551844119693806,14.613778705636744,38.55254001391789,7.863604732080724,1.7397355601948503,7,9,9,8,9,0.059322034,54.08490566,6.8,0.1014720663340031,5981.329814410429,1437,845,0.5880306193458594,E01028504,Cherwell 009E,E02005929,Cherwell 009,59.12957345571871,500,35,10,0,545,200,300
85.471,Rural,Smaller rural: Further from a major town or city,0.8813559322033898,0.1016949152542373,0.016949153,0.0,256.5913370998117,545,0.7900008416799933,0.9070669347888536,0.110091743119266,0.3027522935779816,0.036697248,0.0275229357798165,0.4311926605504587,0.073394495,0.018348624,0.981651376,0.5178907721280602,0.375,1100,3.8135593220338975,5.649717514124294,9.651600753295668,11.958568738229754,33.14500941619586,8.804143126177024,1.2241054613935969,8,8,9,8,9,0.0,93.7122807,1.2,0.1098937245843037,1347.173300312211,2124,1370,0.6450094161958568,E01028506,Cherwell 010D,E02005930,Cherwell 010,63.69790473913756,520,60,10,0,590,300,800
20.802,Rural,Smaller rural: Further from a major town or city,0.8813559322033898,0.1016949152542373,0.016949153,0.0,378.47222222222223,545,0.7900008416799933,0.9070669347888536,0.110091743119266,0.3027522935779816,0.036697248,0.0275229357798165,0.4311926605504587,0.073394495,0.018348624,0.981651376,0.1909722222222222,0.5714285714285714,275,3.333333333333333,5.902777777777778,10.97222222222222,12.430555555555555,41.18055555555556,7.847222222222222,1.1805555555555556,8,10,10,10,10,0.025423729,55.8565812,3.4,0.080424588,180.08256679877078,1440,857,0.5951388888888889,E01028507,Cherwell 010E,E02005930,Cherwell 010,49.736033620324456,520,60,10,0,590,100,175
26.364,Rural,Smaller rural: Further from a major town or city,0.8958333333333334,0.09375,0.0104166666666666,0.0,421.63153070577454,460,0.7928994082840237,0.9078768673607968,0.097826087,0.3043478260869565,0.0434782608695652,0.0434782608695652,0.391304348,0.0434782608695652,0.010752688172043,0.989247312,0.458295142,0.4285714285714285,500,3.1164069660861595,6.049495875343721,10.357470210815766,14.665444546287809,40.60494958753437,7.699358387,1.924839596700275,7,10,10,10,10,0.0,47.5240991,3.4,0.018431766,376.3780631169583,1091,646,0.5921173235563703,E01028508,Cherwell 001C,E02005921,Cherwell 001,54.25416031181876,430,45,5,0,480,150,350
56.834,Rural,Larger rural: Nearer to a major town or city,0.7433628318584071,0.168141593,0.079646018,0.008849558,271.9298245614035,465,0.8659960689097006,0.9210526315789472,0.075268817,0.3763440860215054,0.086021505,0.086021505,0.3978494623655914,0.075268817,0.010752688172043,0.989247312,0.5847953216374269,0.4285714285714285,1000,6.432748538011696,6.783625730994151,10.46783625730994,12.22222222222222,31.05263157894737,10.23391812865497,1.812865497076024,10,10,10,9,8,0.006944444,69.12880259,3.5,0.8296452579379151,26.655963498321707,1710,995,0.5818713450292398,E01028510,Cherwell 019B,E02005939,Cherwell 019,9.642675497096212,420,95,45,5,565,300,700
225.578,Urban,Urban: Nearer to a major town or city,0.896551724,0.1034482758620689,0.0,0.0,70.16632016632018,135,0.7751479289940828,0.8751486325802615,0.074074074,0.4814814814814814,0.037037037037037,0.037037037037037,0.3333333333333333,0.037037037037037,0.0,1.0,1.4293139293139294,0.2222222222222222,2750,6.652806652806653,8.523908523908524,9.095634095634097,10.862785862785865,30.665280665280665,15.124740124740123,2.546777546777547,9,9,9,7,6,0.0,86.70586371,0.0,0.5405925938718842,418.1908887975963,1924,1063,0.5524948024948025,E01028511,Cherwell 019C,E02005938,Cherwell 018,36.99643729255349,130,15,0,0,145,500,2250
19.63,Rural,Larger rural: Nearer to a major town or city,0.7433628318584071,0.168141593,0.079646018,0.008849558,242.0614263404477,465,0.8659960689097006,0.9210526315789472,0.075268817,0.3763440860215054,0.086021505,0.086021505,0.3978494623655914,0.075268817,0.010752688172043,0.989247312,0.1301405517959396,0.6666666666666666,250,5.153565851119208,8.172826652785007,10.827693909422177,12.857886517438835,28.422696512233216,10.463300364393543,1.8740239458615304,7,6,7,5,7,0.0,88.34533898,0.0,4.282531279,403.6414501350366,1921,1220,0.6350858927641854,E01028512,Cherwell 019D,E02005939,Cherwell 019,0.9340270367402084,420,95,45,5,565,100,150
17.141,Urban,Urban: Nearer to a major town or city,0.9090909090909092,0.0454545454545454,0.0454545454545454,0.0,32.94289897510981,90,0.7345679012345678,0.8771266540642721,0.055555556,0.4444444444444444,0.055555556,0.055555556,0.2777777777777778,0.1111111111111111,0.0,1.0,0.073206442,1.0,200,4.245973646,7.869692532942898,7.357247437774523,7.869692532942898,26.57393850658858,18.33821376281113,2.781844802342606,3,3,4,1,2,0.0,99.40043165,0.0,4.463314275792844,185.81522861898503,2732,1931,0.7068081991215227,E01028513,Oxford 005A,E02005944,Oxford 005,0.8961950140267586,100,5,5,0,110,100,100
6.53,Urban,Urban: Nearer to a major town or city,0.9090909090909092,0.0454545454545454,0.0454545454545454,0.0,57.76636713735559,90,0.7345679012345678,0.8771266540642721,0.055555556,0.4444444444444444,0.055555556,0.055555556,0.2777777777777778,0.1111111111111111,0.0,1.0,0.0128369704749679,0.3333333333333333,20,3.915275994865212,11.16816431322208,9.691912708600771,10.783055198973042,19.961489088575096,22.14377406931964,2.5673940949935816,3,3,4,1,1,0.0,114.1109557,0.0,6.9931210055280175,362.9701165563997,1558,1061,0.6810012836970475,E01028514,Oxford 005B,E02005944,Oxford 005,0.2859953371919366,100,5,5,0,110,5,15
19.48,Urban,Urban: Nearer to a major town or city,0.8913043478260869,0.108695652173913,0.0,0.0,120.34383954154728,210,0.7697798929208804,0.9017283950617284,0.1666666666666666,0.3333333333333333,0.0476190476190476,0.0476190476190476,0.4047619047619047,0.1428571428571428,0.0,1.0,0.1432664756446991,1.0,250,3.323782235,6.70487106,7.163323782234957,10.028653295128938,39.94269340974212,11.74785100286533,1.8338108882521489,8,7,9,6,7,0.0,101.4812174,0.0,4.777374882867129,231.7700971275903,1745,1187,0.6802292263610316,E01028515,Oxford 007A,E02005946,Oxford 007,0.8372799074958528,205,25,0,0,230,125,125
15.334,Urban,Urban: Nearer to a major town or city,0.9090909090909092,0.0454545454545454,0.0454545454545454,0.0,30.832476875642342,90,0.7345679012345678,0.8771266540642721,0.055555556,0.4444444444444444,0.055555556,0.055555556,0.2777777777777778,0.1111111111111111,0.0,1.0,0.068516615,1.0,200,2.363823227,6.406303528605687,5.789653991,6.748886605001712,30.969510106200755,10.448783830078794,1.3360739979445015,5,3,4,3,4,0.0,120.3112272,0.0,6.705733115588249,7.117365460968822,2919,1871,0.6409729359369647,E01028516,Oxford 005C,E02005944,Oxford 005,1.7895135092842598,100,5,5,0,110,100,100
7.371,Urban,Urban: Nearer to a major town or city,0.7692307692307693,0.1923076923076923,0.0384615384615384,0.0,67.37588652482269,95,0.8235294117647058,0.8998628257887518,0.1052631578947368,0.631578947,0.052631579,0.052631579,0.1578947368421052,0.1052631578947368,0.0,1.0,0.0283687943262411,0.6,40,3.7588652482269502,10.425531914893616,9.645390070921986,9.574468085106384,17.02127659574468,21.20567375886525,2.127659574468085,3,3,3,1,1,0.0,106.4216545,0.0,6.066577786297104,1691.801358075695,1410,1007,0.7141843971631205,E01028517,Oxford 017A,E02005956,Oxford 017,0.659350319,100,25,5,0,130,15,25
22.22,Urban,Urban: Nearer to a major town or city,0.7692307692307693,0.1923076923076923,0.0384615384615384,0.0,56.34638196915777,95,0.8235294117647058,0.8998628257887518,0.1052631578947368,0.631578947,0.052631579,0.052631579,0.1578947368421052,0.1052631578947368,0.0,1.0,0.1482799525504151,0.6666666666666666,250,4.329774614472123,11.565836298932384,8.778173190984578,6.465005931198102,14.590747330960854,25.148279952550418,2.7283511269276395,2,2,2,1,1,0.0,112.4609148,0.0,5.556924968304424,1071.405582065323,1686,1084,0.6429418742586003,E01028518,Oxford 017B,E02005956,Oxford 017,0.3599112839218804,100,25,5,0,130,100,150
87.255,Urban,Urban: Nearer to a major town or city,0.7692307692307693,0.1923076923076923,0.0384615384615384,0.0,51.630434782608695,95,0.8235294117647058,0.8998628257887518,0.1052631578947368,0.631578947,0.052631579,0.052631579,0.1578947368421052,0.1052631578947368,0.0,1.0,0.9239130434782608,0.7,1700,3.695652173913044,9.945652173913045,9.891304347826086,7.336956521739131,16.684782608695652,22.065217391304348,5.380434782608696,4,4,5,1,1,0.0,110.977453,0.0,3.769852278170726,359.0624275530696,1840,1257,0.6831521739130435,E01028519,Oxford 017C,E02005956,Oxford 017,1.3263119165046402,100,25,5,0,130,700,1000
20.058,Urban,Urban: Nearer to a major town or city,0.8,0.1333333333333333,0.066666667,0.0,26.02660497397339,45,0.76,0.8875739644970414,0.0,0.6666666666666666,0.0,0.0,0.2222222222222222,0.1111111111111111,0.0,1.0,0.1445922498554077,1.0,250,3.412377096587623,11.104684788895316,11.509543088490457,10.06362058993638,15.847310584152693,18.912666281087333,1.9664545980335453,2,2,2,1,1,0.0,108.3160083,0.9,4.357442290513144,1289.0144005087811,1729,1149,0.66454598,E01028520,Oxford 018A,E02005957,Oxford 018,0.6884772763443098,60,10,5,0,75,125,125
2349.57,Urban,Urban: Nearer to a major town or city,0.6459854014598541,0.2773722627737226,0.065693431,0.010948905109489,87.96622097114708,875,0.8569057422835074,0.8850231765144654,0.097142857,0.2857142857142857,0.0228571428571428,0.0228571428571428,0.4228571428571429,0.16,0.0112994350282485,0.9887005649717514,3.719714486779933,0.5416666666666666,37000,0.1005328239670252,0.231225495,0.8545290037197145,60.19905499145472,34.95526289333468,0.8344224389263095,1.115914346,9,10,10,8,10,0.065359477,65.15125448,7.2,14.679634664074753,811.2346733992458,9947,9751,0.9802955665024632,E01028521,Oxford 008A,E02005947,Oxford 008,4.768511042806122,885,380,90,15,1370,13000,24000
321.408,Urban,Urban: Nearer to a major town or city,0.6459854014598541,0.2773722627737226,0.065693431,0.010948905109489,202.64011116257527,875,0.8569057422835074,0.8850231765144654,0.097142857,0.2857142857142857,0.0228571428571428,0.0228571428571428,0.4228571428571429,0.16,0.0112994350282485,0.9887005649717514,1.2737378415933305,0.5714285714285714,5500,0.555812876,1.5053265400648448,3.3580361278369617,46.64196387216304,32.28346456692913,3.913849004168597,2.1306160259379343,6,8,9,3,9,0.0,73.05104478,1.7,9.695867254,175.47181011485614,4318,3993,0.9247336729967578,E01028522,Oxford 008B,E02005947,Oxford 008,1.9595977856530284,885,380,90,15,1370,2000,3500
146.085,Urban,Urban: Nearer to a major town or city,0.75,0.1428571428571428,0.071428571,0.035714286,42.28329809725159,80,0.75,0.8905325443786982,0.0625,0.5,0.0,0.0,0.375,0.0625,0.0,1.0,2.0084566596194504,0.2666666666666666,3800,1.427061310782241,3.858350951374207,5.602536997885835,8.773784355179703,44.34460887949261,7.875264270613108,1.2684989429175475,7,5,9,5,9,0.0,98.15667575,0.0,12.236499275963933,889.6463504914769,1892,1459,0.7711416490486258,E01028523,Oxford 010A,E02005949,Oxford 010,1.634454393282714,105,20,10,5,140,800,3000
146.085,Urban,Urban: Nearer to a major town or city,0.75,0.1428571428571428,0.071428571,0.035714286,45.300113250283125,80,0.75,0.8905325443786982,0.0625,0.5,0.0,0.0,0.375,0.0625,0.0,1.0,0.070781427,0.6666666666666666,125,3.0011325028312568,9.626274065685164,8.607021517553793,8.493771234428086,27.06681766704417,15.345413363533408,2.4348810872027182,3,3,4,3,2,0.0,97.10583501,0.0,13.082466868721829,384.7993345293932,1766,1215,0.68799547,E01028524,Oxford 010B,E02005949,Oxford 010,0.3821909162983805,105,20,10,5,140,50,75
146.085,Urban,Urban: Nearer to a major town or city,0.75,0.1428571428571428,0.071428571,0.035714286,36.79852805887764,80,0.75,0.8905325443786982,0.0625,0.5,0.0,0.0,0.375,0.0625,0.0,1.0,0.03449862,0.5,75,2.7598896044158234,6.5777368905243785,7.773689052437903,13.937442502299907,25.66697332106716,16.19135234590616,1.9779208831646733,3,3,3,2,3,0.0,81.47605634,0.0,4.583112253018047,581.9282722916369,2174,1531,0.704231831,E01028525,Oxford 010C,E02005949,Oxford 010,1.0909617142166714,105,20,10,5,140,25,50
146.085,Urban,Urban: Nearer to a major town or city,0.75,0.1428571428571428,0.071428571,0.035714286,36.05227579990987,80,0.75,0.8905325443786982,0.0625,0.5,0.0,0.0,0.375,0.0625,0.0,1.0,2.478593961243804,0.8333333333333334,5500,0.94637224,2.794051374493015,4.236142406,48.98602974312753,30.41910770617396,5.948625506985128,1.487156376746282,8,9,10,3,6,0.0,108.6091566,0.0,5.254711645,309.3083191387815,2219,1974,0.889589905,E01028526,Oxford 010D,E02005949,Oxford 010,1.1418323983837535,105,20,10,5,140,2500,3000
22.715,Urban,Urban: Nearer to a major town or city,0.7654320987654321,0.1728395061728395,0.049382716,0.0123456790123456,160.0224592925323,285,0.8086734693877551,0.9071980963712076,0.1578947368421052,0.3508771929824561,0.0175438596491228,0.0175438596491228,0.4385964912280701,0.1052631578947368,0.0,1.0,0.154407636,1.2,275,3.7619314991577766,5.895564289724874,6.457046603032005,7.6923076923076925,42.95339696799551,14.486243683323975,2.245929253228524,9,8,9,7,7,0.0,97.11247803,0.0,9.593045924101402,341.3224738108668,1781,1154,0.6479505895564289,E01028527,Oxford 015A,E02005954,Oxford 015,0.8339374233475667,310,70,20,5,405,150,125
38.991,Urban,Urban: Nearer to a major town or city,0.7654320987654321,0.1728395061728395,0.049382716,0.0123456790123456,166.27771295215868,285,0.8086734693877551,0.9071980963712076,0.1578947368421052,0.3508771929824561,0.0175438596491228,0.0175438596491228,0.4385964912280701,0.1052631578947368,0.0,1.0,0.3500583430571762,1.4,600,3.150525087514586,7.467911318553091,6.651108518086348,10.968494749124854,36.58109684947492,15.635939323220535,3.09218203,5,4,6,4,3,0.0,99.34804124,0.0,9.749599400028846,1047.2741415859648,1714,1288,0.751458576,E01028528,Oxford 015B,E02005954,Oxford 015,0.7179782176464902,310,70,20,5,405,350,250
269.278,Urban,Urban: Nearer to a major town or city,0.7654320987654321,0.1728395061728395,0.049382716,0.0123456790123456,152.48796147672553,285,0.8086734693877551,0.9071980963712076,0.1578947368421052,0.3508771929824561,0.0175438596491228,0.0175438596491228,0.4385964912280701,0.1052631578947368,0.0,1.0,2.3006955591225253,0.2285714285714285,4300,3.584804708400214,9.202782236,6.955591225254147,8.025682182985554,22.73943285,18.512573568753343,1.872659176029963,4,4,4,2,1,0.0,95.83272727,2.2,4.088790546024015,449.7852090869119,1869,1279,0.6843231674692349,E01028529,Oxford 015C,E02005954,Oxford 015,0.7337132988915838,310,70,20,5,405,800,3500
12.825,Urban,Urban: Nearer to a major town or city,0.7654320987654321,0.1728395061728395,0.049382716,0.0123456790123456,131.21546961325967,285,0.8086734693877551,0.9071980963712076,0.1578947368421052,0.3508771929824561,0.0175438596491228,0.0175438596491228,0.4385964912280701,0.1052631578947368,0.0,1.0,0.069060773,1.0,150,3.545119705,9.162062615,7.965009208103131,10.911602209944752,27.53222836095765,16.71270718232044,5.3406998158379375,7,6,8,3,3,0.0,108.2786538,0.0,12.080580129889558,502.5898599067832,2172,1594,0.7338858195211786,E01028530,Oxford 015D,E02005954,Oxford 015,0.9105522981287956,310,70,20,5,405,75,75
30.461,Urban,Urban: Nearer to a major town or city,0.8235294117647058,0.1470588235294117,0.0294117647058823,0.0,65.01950585175553,150,0.8163265306122449,0.9152249134948096,0.1666666666666666,0.3666666666666666,0.033333333,0.033333333,0.4,0.1,0.0,1.0,0.2058951018638925,0.5833333333333334,475,1.4304291287386215,3.5543996532293023,5.374945817078457,15.387949718248809,42.60944950151712,5.808409189423494,2.080624187256177,7,5,7,5,9,0.0,85.34677641,0.0,3.3880482753348664,1515.682318826738,2307,1792,0.7767663632423061,E01028531,Oxford 019B,E02007116,Oxford 019,1.770931082558726,140,25,5,0,170,175,300
35.198,Urban,Urban: Nearer to a major town or city,0.8235294117647058,0.1470588235294117,0.0294117647058823,0.0,50.8646999,150,0.8163265306122449,0.9152249134948096,0.1666666666666666,0.3666666666666666,0.033333333,0.033333333,0.4,0.1,0.0,1.0,0.1356391997287216,0.7777777777777778,400,2.441505595116989,6.035944387928112,6.375042387249915,16.581892166836216,40.725669718548666,13.80128857239742,2.034587995930824,5,6,6,2,5,0.0,87.66276042,0.0,4.182080164819619,1415.504570321748,2949,2358,0.7995930824008138,E01028532,Oxford 019A,E02007116,Oxford 019,1.9129236372122616,140,25,5,0,170,175,225
38.693,Urban,Urban: Nearer to a major town or city,0.8160919540229885,0.1379310344827586,0.0344827586206896,0.0114942528735632,296.10829103214894,350,0.7796681369460198,0.9031576165940018,0.1285714285714285,0.3,0.0142857142857142,0.0142857142857142,0.4428571428571428,0.1714285714285714,0.0,1.0,0.4653130287648054,0.375,550,1.945854484,4.230118443316413,4.822335025380711,10.575296108291033,58.79864636209814,7.3604060913705585,1.015228426395939,10,10,10,10,10,0.0,112.1989822,0.0,10.65904178345368,558.2346122,1182,764,0.6463620981387479,E01028534,Oxford 006A,E02005945,Oxford 006,0.9381706351431393,355,60,15,5,435,150,400
41.661,Urban,Urban: Nearer to a major town or city,0.8160919540229885,0.1379310344827586,0.0344827586206896,0.0114942528735632,164.0112464854733,350,0.7796681369460198,0.9031576165940018,0.1285714285714285,0.3,0.0142857142857142,0.0142857142857142,0.4428571428571428,0.1714285714285714,0.0,1.0,0.3280224929709466,1.0,700,1.499531396438613,2.202436738519213,4.029990627928772,25.30459231490159,49.53139643861294,4.686035613870666,2.061855670103093,10,10,10,10,10,0.0,96.68804523,0.0,6.282816561037646,340.6309870489328,2134,1654,0.7750702905342081,E01028535,Oxford 006B,E02005945,Oxford 006,0.7958214204449444,355,60,15,5,435,350,350
76.308,Urban,Urban: Nearer to a major town or city,0.8160919540229885,0.1379310344827586,0.0344827586206896,0.0114942528735632,251.4367816091954,350,0.7796681369460198,0.9031576165940018,0.1285714285714285,0.3,0.0142857142857142,0.0142857142857142,0.4428571428571428,0.1714285714285714,0.0,1.0,1.0057471264367817,0.4,1400,1.7959770114942528,3.5919540229885056,5.387931034482758,9.985632183908043,54.16666666666666,8.117816091954024,2.442528735632184,10,9,9,10,10,0.0,90.78065134,0.0,5.844872772400246,494.3091997010678,1392,904,0.6494252873563219,E01028536,Oxford 006C,E02005945,Oxford 006,0.5132703682047856,355,60,15,5,435,400,1000
334.932,Urban,Urban: Nearer to a major town or city,0.8160919540229885,0.1379310344827586,0.0344827586206896,0.0114942528735632,209.20502092050208,350,0.7796681369460198,0.9031576165940018,0.1285714285714285,0.3,0.0142857142857142,0.0142857142857142,0.4428571428571428,0.1714285714285714,0.0,1.0,7.172743574417215,0.5,12000,2.5702331141661685,3.167961745367603,3.108188882,11.297071129707112,68.02151823072326,9.324566646742378,1.3747758517632995,10,9,10,10,10,0.0,82.04724689,0.0,6.214349117072856,514.5440755620126,1673,1160,0.6933652121936641,E01028537,Oxford 006D,E02005945,Oxford 006,1.931014781102668,355,60,15,5,435,4000,8000
17.141,Urban,Urban: Nearer to a major town or city,0.9090909090909092,0.0454545454545454,0.0454545454545454,0.0,49.01960784313725,90,0.7345679012345678,0.8771266540642721,0.055555556,0.4444444444444444,0.055555556,0.055555556,0.2777777777777778,0.1111111111111111,0.0,1.0,0.0544662309368191,1.0,100,2.7233115468409586,7.788671023965142,8.278867102396514,9.694989106753813,30.93681917211329,13.77995642701525,2.7233115468409586,5,4,5,4,4,0.0,104.9326606,0.0,12.29990641840152,207.55218953185536,1836,1219,0.6639433551198257,E01028538,Oxford 005D,E02005944,Oxford 005,0.569110021,100,5,5,0,110,50,50
14.827,Urban,Urban: Nearer to a major town or city,0.8160919540229885,0.1379310344827586,0.0344827586206896,0.0114942528735632,165.6412683388547,350,0.7796681369460198,0.9031576165940018,0.1285714285714285,0.3,0.0142857142857142,0.0142857142857142,0.4428571428571428,0.1714285714285714,0.0,1.0,0.094652153,1.6666666666666667,200,2.886890676762897,4.7799337434926645,7.146237576904875,12.636062470421203,43.776620918125886,8.092759110269759,1.9876952200662563,8,6,9,8,8,0.0,100.4584369,0.0,13.627993553689857,752.6023654237886,2113,1553,0.7349739706578324,E01028539,Oxford 006E,E02005945,Oxford 006,0.8805404810857819,355,60,15,5,435,125,75
334.932,Urban,Urban: Nearer to a major town or city,0.8160919540229885,0.1379310344827586,0.0344827586206896,0.0114942528735632,198.52524106636412,350,0.7796681369460198,0.9031576165940018,0.1285714285714285,0.3,0.0142857142857142,0.0142857142857142,0.4428571428571428,0.1714285714285714,0.0,1.0,0.4537719795802609,0.6,800,1.3613159387407827,3.2898468519568915,6.466250709018719,42.99489506522972,54.45263754963131,5.331820760068066,2.722631877481565,10,10,10,8,10,0.0,81.5545657,0.0,4.132738185,484.73423182652414,1763,1334,0.7566647759500851,E01028540,Oxford 006F,E02005945,Oxford 006,2.4197032455193668,355,60,15,5,435,300,500
22.088,Urban,Urban: Nearer to a major town or city,0.8235294117647058,0.1764705882352941,0.0,0.0,95.58823529411764,130,0.7869822485207101,0.8886576482830385,0.1153846153846153,0.3076923076923077,0.0384615384615384,0.0384615384615384,0.4230769230769231,0.1153846153846153,0.0,1.0,0.2022058823529411,0.8333333333333334,275,1.1029411764705883,2.941176470588235,5.8088235294117645,11.029411764705882,60.882352941176464,5.220588235294118,0.5147058823529411,9,9,9,10,10,0.0,114.7824324,0.0,1.5715738161602062,437.1089586906693,1360,955,0.7022058823529411,E01028541,Oxford 012A,E02005951,Oxford 012,1.908914471055415,140,30,0,0,170,125,150
18.799,Urban,Urban: Nearer to a major town or city,0.8235294117647058,0.1764705882352941,0.0,0.0,72.46376811594203,130,0.7869822485207101,0.8886576482830385,0.1153846153846153,0.3076923076923077,0.0384615384615384,0.0384615384615384,0.4230769230769231,0.1153846153846153,0.0,1.0,0.1254180602006689,0.8,225,2.619843924,5.4626532887402455,6.577480490523968,7.580824972,46.59977703455965,11.984392419175029,1.560758082497213,6,6,6,5,7,0.0,99.64605263,0.0,3.300142273006265,71.10016438925446,1794,1301,0.7251950947603122,E01028542,Oxford 012B,E02005951,Oxford 012,3.3331896294215064,140,30,0,0,170,100,125
28.895,Urban,Urban: Nearer to a major town or city,0.8235294117647058,0.1764705882352941,0.0,0.0,111.9724375538329,130,0.7869822485207101,0.8886576482830385,0.1153846153846153,0.3076923076923077,0.0384615384615384,0.0384615384615384,0.4230769230769231,0.1153846153846153,0.0,1.0,0.40913006,1.1111111111111112,475,2.067183463,6.029285099052541,6.546080964685616,9.216192937,52.02411714039621,9.819121447028424,1.9810508182601203,5,4,4,5,7,0.0,97.25530973,0.7,1.9259715007693108,334.7764951975548,1161,831,0.7157622739018088,E01028543,Oxford 012C,E02005951,Oxford 012,0.5192184825167764,140,30,0,0,170,250,225
9.198,Urban,Urban: Nearer to a major town or city,0.8235294117647058,0.1764705882352941,0.0,0.0,118.7214611872146,130,0.7869822485207101,0.8886576482830385,0.1153846153846153,0.3076923076923077,0.0384615384615384,0.0384615384615384,0.4230769230769231,0.1153846153846153,0.0,1.0,0.1095890410958904,0.6,120,1.7351598173515983,1.826484018,4.474885844748858,9.589041096,69.49771689497717,5.844748858447488,1.643835616438356,9,10,9,10,10,0.0,87.69780439,0.0,5.245525900747018,53.77014269596872,1095,777,0.7095890410958904,E01028544,Oxford 012D,E02005951,Oxford 012,0.571915964,140,30,0,0,170,45,75
13.112,Urban,Urban: Nearer to a major town or city,0.925925925925926,0.037037037037037,0.037037037037037,0.0,69.93006993006993,120,0.7648,0.8735999999999999,0.2083333333333333,0.2916666666666667,0.0416666666666666,0.0416666666666666,0.4166666666666667,0.083333333,0.0,1.0,0.1019813519813519,0.75,175,1.1072261072261071,3.0885780885780885,4.487179487179487,8.44988345,74.3006993,3.962703962703962,0.6993006993006993,10,10,10,10,10,0.016260163,122.6443548,1.6,1.783577708016978,493.91707842511016,1716,1300,0.7575757575757576,E01028545,Oxford 014A,E02005953,Oxford 014,1.1213416668139708,125,5,5,0,135,75,100
22.033,Urban,Urban: Nearer to a major town or city,0.925925925925926,0.037037037037037,0.037037037037037,0.0,63.224446786090624,120,0.7648,0.8735999999999999,0.2083333333333333,0.2916666666666667,0.0416666666666666,0.0416666666666666,0.4166666666666667,0.083333333,0.0,1.0,0.1448893572181243,0.5714285714285714,275,2.845100105374078,7.007376185458377,7.323498419,8.482613277133826,34.35194942044257,18.33508956796628,2.6870389884088515,4,4,4,2,3,0.0234375,104.4202361,2.3,4.9263686111671525,41.45907982259013,1898,1282,0.6754478398314014,E01028546,Oxford 014B,E02005953,Oxford 014,1.4209249352824136,125,5,5,0,135,100,175
17.888,Urban,Urban: Nearer to a major town or city,0.925925925925926,0.037037037037037,0.037037037037037,0.0,50.230221850146506,120,0.7648,0.8735999999999999,0.2083333333333333,0.2916666666666667,0.0416666666666666,0.0416666666666666,0.4166666666666667,0.083333333,0.0,1.0,0.062787777,1.0,150,0.9627459187944746,3.599832565927166,4.646295521138551,15.15278359146086,50.104646295521135,7.95311846,1.2138970280452073,9,9,10,8,9,0.0,120.5831731,0.0,2.6218722141747897,450.3692242685245,2389,1941,0.8124738384261198,E01028547,Oxford 014C,E02005953,Oxford 014,0.3814068414904579,125,5,5,0,135,75,75
96.603,Urban,Urban: Nearer to a major town or city,0.78125,0.1666666666666666,0.0520833333333333,0.0,191.32653061224488,375,0.8272160664819945,0.8914868742693166,0.2266666666666666,0.2133333333333333,0.04,0.026666667,0.5866666666666667,0.066666667,0.0,1.0,0.6632653061224489,0.8571428571428571,1300,1.326530612244898,3.928571428571429,5.255102040816326,6.785714285714286,53.16326530612245,8.979591836734693,1.326530612244898,9,9,9,9,9,0.0,101.8849835,0.0,0.5922424919950678,1119.7403349499082,1960,1370,0.6989795918367347,E01028548,Oxford 009A,E02005948,Oxford 009,11.819482888536635,375,80,25,0,480,600,700
102.329,Urban,Urban: Nearer to a major town or city,0.78125,0.1666666666666666,0.0520833333333333,0.0,281.5315315315315,375,0.8272160664819945,0.8914868742693166,0.2266666666666666,0.2133333333333333,0.04,0.026666667,0.5866666666666667,0.066666667,0.0,1.0,1.8393393393393396,0.225,2450,2.027027027027027,3.153153153153153,5.555555555555555,7.432432432432432,73.49849849849849,6.681681681681682,1.2012012012012012,9,10,10,10,10,0.0,90.86522491,0.0,4.303213177637579,458.2324975280815,1332,1026,0.7702702702702703,E01028549,Oxford 009B,E02005948,Oxford 009,2.091460410739147,375,80,25,0,480,450,2000
96.603,Urban,Urban: Nearer to a major town or city,0.78125,0.1666666666666666,0.0520833333333333,0.0,268.24034334763945,375,0.8272160664819945,0.8914868742693166,0.2266666666666666,0.2133333333333333,0.04,0.026666667,0.5866666666666667,0.066666667,0.0,1.0,1.859799713876967,0.3,2600,1.5736766809728182,3.648068669527897,4.363376251788269,12.732474964234624,63.59084406294707,6.151645207439199,1.502145922746781,7,7,8,5,10,0.0,100.6958115,0.0,2.5841857360051512,644.3483297798499,1398,1118,0.7997138769670958,E01028550,Oxford 009C,E02005948,Oxford 009,0.3869690889734122,375,80,25,0,480,600,2000
66.207,Urban,Urban: Nearer to a major town or city,0.78125,0.1666666666666666,0.0520833333333333,0.0,215.2698048220436,375,0.8272160664819945,0.8914868742693166,0.2266666666666666,0.2133333333333333,0.04,0.026666667,0.5866666666666667,0.066666667,0.0,1.0,0.4592422502870264,0.3333333333333333,800,0.8036739380022963,2.238805970149253,3.386911596,26.80826636050517,52.123995407577496,3.0998851894374284,1.0907003444316876,10,10,10,9,10,0.0,97.49331849,0.0,0.6418621465239028,411.4523507508198,1742,1454,0.8346727898966705,E01028551,Oxford 009D,E02005948,Oxford 009,1.557966933266971,375,80,25,0,480,200,600
44.361,Urban,Urban: Nearer to a major town or city,0.7241379310344828,0.2183908045977011,0.045977011,0.0114942528735632,137.04151551793632,340,0.8444897959183674,0.8899458316818601,0.1323529411764706,0.2794117647058823,0.0294117647058823,0.0294117647058823,0.5441176470588235,0.073529412,0.0,1.0,0.5642885933091495,0.75,1400,3.426037887948408,7.658202338,8.665860540104795,8.303103587,18.661829907295445,14.147521160822247,2.4989923417976625,2,2,3,1,2,0.0,78.6127031,0.0,5.198006984490721,513.4082538299214,2481,1689,0.6807738814993954,E01028552,Oxford 016A,E02005955,Oxford 016,1.5390514141034397,315,95,20,5,435,600,800
607.047,Urban,Urban: Nearer to a major town or city,0.7241379310344828,0.2183908045977011,0.045977011,0.0114942528735632,131.22346584330376,340,0.8444897959183674,0.8899458316818601,0.1323529411764706,0.2794117647058823,0.0294117647058823,0.0294117647058823,0.5441176470588235,0.073529412,0.0,1.0,2.2192203782323427,0.2777777777777778,5750,2.122732535700502,4.592821304515631,5.866460825935932,6.908529525279815,28.637591663450408,8.336549595,0.9262832883056734,3,2,3,4,6,0.04519774,94.8970948,4.5,3.180891160227208,460.429791917104,2591,1775,0.685063682,E01028553,Oxford 016B,E02005955,Oxford 016,2.2006411560149064,315,95,20,5,435,1250,4500
44.361,Urban,Urban: Nearer to a major town or city,0.7241379310344828,0.2183908045977011,0.045977011,0.0114942528735632,222.51308900523563,340,0.8444897959183674,0.8899458316818601,0.1323529411764706,0.2794117647058823,0.0294117647058823,0.0294117647058823,0.5441176470588235,0.073529412,0.0,1.0,0.035994764,0.8333333333333334,55,4.515706806282722,7.722513089005235,14.136125654450264,8.311518324607329,31.08638743455497,19.17539267015707,2.6832460732984296,5,5,6,2,3,0.0,91.67396963,0.0,13.140557591478984,251.51348337540924,1528,1081,0.7074607329842932,E01028554,Oxford 016C,E02005955,Oxford 016,0.5327019003013359,315,95,20,5,435,25,30
24.51,Urban,Urban: Nearer to a major town or city,0.7241379310344828,0.2183908045977011,0.045977011,0.0114942528735632,212.23470661672908,340,0.8444897959183674,0.8899458316818601,0.1323529411764706,0.2794117647058823,0.0294117647058823,0.0294117647058823,0.5441176470588235,0.073529412,0.0,1.0,0.3121098626716604,0.25,500,5.056179775280898,8.739076154806492,10.486891385767793,11.298377028714109,30.14981273,15.667915106117352,3.308364544,7,6,7,4,4,0.0,99.88039216,0.0,11.82710798096134,25.98963102697232,1602,1101,0.6872659176029963,E01028555,Oxford 016D,E02005955,Oxford 016,0.6764121890895036,315,95,20,5,435,100,400
46.061,Urban,Urban: Nearer to a major town or city,0.7101449275362319,0.2028985507246377,0.0579710144927536,0.0289855072463768,77.47933884297521,225,0.8454320987654321,0.9178743961352656,0.066666667,0.3777777777777777,0.066666667,0.066666667,0.4222222222222222,0.1111111111111111,0.0,1.0,0.2496556473829201,0.45,725,2.238292011019284,4.235537190082645,4.7865013774104685,34.33195592286501,25.86088154269973,9.297520661157025,1.4462809917355373,7,8,9,3,5,0.0,87.3426087,0.0,3.836225892177784,255.3863349355862,2904,2329,0.8019972451790633,E01028556,Oxford 020B,E02007021,Oxford 020,0.7820185996129996,245,70,20,10,345,225,500
1063.39,Urban,Urban: Nearer to a major town or city,0.7101449275362319,0.2028985507246377,0.0579710144927536,0.0289855072463768,100.85163603765128,225,0.8454320987654321,0.9178743961352656,0.066666667,0.3777777777777777,0.066666667,0.066666667,0.4222222222222222,0.1111111111111111,0.0,1.0,3.541012998655312,0.1285714285714285,7900,3.765127745405648,9.143881667413716,7.978484984311968,10.354101299865532,25.72837292693859,14.298520842671447,2.2411474675033616,5,5,5,2,3,0.0,94.35811594,0.0,3.104035714591433,673.7286250497258,2231,1552,0.6956521739130435,E01028557,Oxford 020D,E02007021,Oxford 020,4.832418625046126,245,70,20,10,345,900,7000
61.076,Urban,Urban: Nearer to a major town or city,0.7101449275362319,0.2028985507246377,0.0579710144927536,0.0289855072463768,132.43084167157153,225,0.8454320987654321,0.9178743961352656,0.066666667,0.3777777777777777,0.066666667,0.066666667,0.4222222222222222,0.1111111111111111,0.0,1.0,0.7062978222483814,0.3333333333333333,1200,4.590935844614479,8.475573866980577,9.711595055915245,10.005885815185405,29.25250147,17.18658034137728,3.0606238964096524,7,6,7,3,3,0.0,114.2457831,0.0,2.229800649532575,520.2028405398001,1699,1237,0.7280753384343731,E01028558,Oxford 020C,E02007021,Oxford 020,0.896941168,245,70,20,10,345,300,900
8.034,Urban,Urban: Nearer to a major town or city,0.7101449275362319,0.2028985507246377,0.0579710144927536,0.0289855072463768,115.44381734222678,225,0.8454320987654321,0.9178743961352656,0.066666667,0.3777777777777777,0.066666667,0.066666667,0.4222222222222222,0.1111111111111111,0.0,1.0,0.015392509,0.5,30,4.104669061056952,5.541303232426886,7.491021036428938,11.59569009748589,38.276038994356085,13.083632632119036,2.616726526423807,7,7,8,5,5,0.0,112.151927,0.0,1.2403298732086052,1192.1949488415848,1949,1484,0.7614161108260646,E01028559,Oxford 020A,E02007021,Oxford 020,0.8062371322341074,245,70,20,10,345,10,20
11.922,Urban,Urban: Nearer to a major town or city,0.8928571428571429,0.071428571,0.035714286,0.0,69.51871658,130,0.7764060356652949,0.8587105624142661,0.1538461538461538,0.3076923076923077,0.0384615384615384,0.0384615384615384,0.4615384615384615,0.076923077,0.0,1.0,0.064171123,0.6,120,4.224598930481283,5.401069518716577,6.096256684491978,8.074866310160427,36.68449197860962,13.529411764705882,1.5508021390374331,8,7,8,7,6,0.0,113.6359447,0.0,0.802233563,499.8138824380681,1870,1128,0.6032085561497326,E01028560,Oxford 004A,E02005943,Oxford 004,4.986079098996699,125,10,5,0,140,45,75
28.418,Urban,Urban: Nearer to a major town or city,0.8928571428571429,0.071428571,0.035714286,0.0,66.56426011,130,0.7764060356652949,0.8587105624142661,0.1538461538461538,0.3076923076923077,0.0384615384615384,0.0384615384615384,0.4615384615384615,0.076923077,0.0,1.0,0.1536098310291858,1.0,300,4.557091653865848,5.581157194060419,6.861239119303636,8.9093702,41.62826420890937,15.463389656938045,1.945724526369688,10,10,10,7,5,0.0,101.9327273,0.0,7.248316638614285,495.6813148564167,1953,1289,0.6600102406554019,E01028561,Oxford 004B,E02005943,Oxford 004,1.7935198816708022,125,10,5,0,140,150,150
9.087,Urban,Urban: Nearer to a major town or city,0.8928571428571429,0.071428571,0.035714286,0.0,66.39427987742594,130,0.7764060356652949,0.8587105624142661,0.1538461538461538,0.3076923076923077,0.0384615384615384,0.0384615384615384,0.4615384615384615,0.076923077,0.0,1.0,0.038304392,0.875,75,3.166496424923392,4.8518896833503575,6.384065372829417,18.283963227783453,37.69152196118488,8.937691521961185,1.5321756894790604,8,6,8,8,7,0.0,108.5589796,0.0,3.842055051413371,1544.002385198114,1958,1392,0.71092952,E01028562,Oxford 004C,E02005943,Oxford 004,1.821941618828424,125,10,5,0,140,35,40
15.542,Urban,Urban: Nearer to a major town or city,0.8928571428571429,0.071428571,0.035714286,0.0,79.75460122699386,130,0.7764060356652949,0.8587105624142661,0.1538461538461538,0.3076923076923077,0.0384615384615384,0.0384615384615384,0.4615384615384615,0.076923077,0.0,1.0,0.1533742331288343,1.0,250,1.901840490797546,3.067484662576687,5.828220858895705,6.993865030674846,54.04907975460122,6.809815950920245,1.1042944785276074,10,9,10,10,10,0.0,98.9687885,0.0,5.328383964429184,1009.1853344833078,1630,1121,0.6877300613496933,E01028563,Oxford 004D,E02005943,Oxford 004,1.5013933029987674,125,10,5,0,140,125,125
10.403,Urban,Urban: Nearer to a major town or city,0.8214285714285714,0.1428571428571428,0.035714286,0.0,195.1219512195122,240,0.8057944771389769,0.878188776,0.1875,0.125,0.0208333333333333,0.0208333333333333,0.5833333333333334,0.1666666666666666,0.0,1.0,0.06097561,0.5,75,0.975609756,0.4065040650406504,4.146341463414634,6.260162601626017,68.1300813,2.195121951219512,1.056910569105691,10,10,10,10,10,0.0,123.3516055,0.0,2.2228358841103617,579.7311607622323,1230,798,0.6487804878048781,E01028565,Oxford 003A,E02005942,Oxford 003,0.4498757677741138,230,40,10,0,280,25,50
11.36,Urban,Urban: Nearer to a major town or city,0.7692307692307693,0.1923076923076923,0.0384615384615384,0.0,47.97979797979798,95,0.8235294117647058,0.8998628257887518,0.1052631578947368,0.631578947,0.052631579,0.052631579,0.1578947368421052,0.1052631578947368,0.0,1.0,0.042929293,0.7,85,4.646464646464646,9.595959595959595,11.565656565656566,8.686868686868687,17.87878787878788,20.0,2.6262626262626263,3,3,4,1,1,0.0,108.4784615,0.0,5.519654360068127,544.6127078429663,1980,1362,0.6878787878787879,E01028567,Oxford 017D,E02005956,Oxford 017,1.0870245867942252,100,25,5,0,130,35,50
20.559,Urban,Urban: Nearer to a major town or city,0.8,0.1333333333333333,0.066666667,0.0,31.271716469770677,45,0.76,0.8875739644970414,0.0,0.6666666666666666,0.0,0.0,0.2222222222222222,0.1111111111111111,0.0,1.0,0.1911049339819319,0.8333333333333334,275,4.517025712300208,10.771369006254345,12.091730368311328,10.215427380125089,16.122307157748438,22.237665045170257,2.571230020847811,1,1,2,1,1,0.0,114.8194617,0.0,17.497470261024674,1140.1848918592057,1439,915,0.635858235,E01028568,Oxford 018B,E02005957,Oxford 018,0.8001156619299858,60,10,5,0,75,125,150
10.985,Urban,Urban: Nearer to a major town or city,0.8,0.1333333333333333,0.066666667,0.0,29.335071707953063,45,0.76,0.8875739644970414,0.0,0.6666666666666666,0.0,0.0,0.2222222222222222,0.1111111111111111,0.0,1.0,0.091264668,0.4,140,2.737940026075619,12.972620599739242,12.451108213820078,10.62581486,18.83963494132985,21.51238591916558,1.890482398956976,1,2,2,1,1,0.0,100.285743,0.0,16.49438315523054,1719.4540289952772,1534,1102,0.7183833116036505,E01028569,Oxford 018C,E02005957,Oxford 018,0.3637601930022668,60,10,5,0,75,40,100
8.65,Urban,Urban: Nearer to a major town or city,0.8,0.1333333333333333,0.066666667,0.0,21.62421912542047,45,0.76,0.8875739644970414,0.0,0.6666666666666666,0.0,0.0,0.2222222222222222,0.1111111111111111,0.0,1.0,0.0192215281114848,0.3333333333333333,40,3.892359442575685,7.976934166266218,10.6679481,10.812109562710235,34.454589139836614,10.619894281595386,1.8740989908697745,7,7,8,4,5,0.0,102.2484581,0.0,27.52036938579091,1602.2362108951197,2081,1592,0.7650168188370976,E01028570,Oxford 018D,E02005957,Oxford 018,0.2906937725963261,60,10,5,0,75,10,30
23.647,Urban,Urban: Nearer to a major town or city,0.8913043478260869,0.108695652173913,0.0,0.0,127.04174228675136,210,0.7697798929208804,0.9017283950617284,0.1666666666666666,0.3333333333333333,0.0476190476190476,0.0476190476190476,0.4047619047619047,0.1428571428571428,0.0,1.0,0.2419842710223835,0.3333333333333333,400,2.9643073200241985,4.718693285,7.320024198427102,9.679370841,47.61040532365397,9.558378705,1.088929219600726,9,7,10,8,9,0.0,102.4873504,0.8,3.8498726280676743,117.2831421829487,1653,1121,0.6781609195402298,E01028571,Oxford 007B,E02005946,Oxford 007,1.2987442658614907,205,25,0,0,230,100,300
23.647,Urban,Urban: Nearer to a major town or city,0.8913043478260869,0.108695652173913,0.0,0.0,111.82108626198082,210,0.7697798929208804,0.9017283950617284,0.1666666666666666,0.3333333333333333,0.0476190476190476,0.0476190476190476,0.4047619047619047,0.1428571428571428,0.0,1.0,0.1064962726304579,0.6,200,4.153354633,6.017039403620873,7.401490947816826,11.022364217252395,42.91799787007455,8.093716719914804,2.768903088391906,10,9,10,9,9,0.0,115.6662992,0.0,6.469134705743095,157.3258067878684,1878,1325,0.7055378061767839,E01028572,Oxford 007C,E02005946,Oxford 007,1.0820612521463835,205,25,0,0,230,75,125
16.616,Urban,Urban: Nearer to a major town or city,0.8913043478260869,0.108695652173913,0.0,0.0,115.06849315068492,210,0.7697798929208804,0.9017283950617284,0.1666666666666666,0.3333333333333333,0.0476190476190476,0.0476190476190476,0.4047619047619047,0.1428571428571428,0.0,1.0,0.136986301,1.0,250,1.7534246575342465,3.4520547945205484,5.479452055,8.0,49.86301369863014,6.191780821917808,0.6575342465753425,10,10,10,10,10,0.0,97.78397213,0.0,1.2339838909060128,330.93796392944984,1825,1154,0.6323287671232877,E01028573,Oxford 007D,E02005946,Oxford 007,0.8103833505199021,205,25,0,0,230,125,125
8.725,Urban,Urban: Nearer to a major town or city,0.8913043478260869,0.108695652173913,0.0,0.0,146.6480446927374,210,0.7697798929208804,0.9017283950617284,0.1666666666666666,0.3333333333333333,0.0476190476190476,0.0476190476190476,0.4047619047619047,0.1428571428571428,0.0,1.0,0.048882682,0.4,70,3.282122905027933,8.240223463687151,7.472067039106145,10.26536312849162,37.98882681564245,14.24581005586592,2.3743016759776534,5,5,5,5,5,0.0,97.66216769,0.0,1.9749727418519063,220.0260424653899,1432,939,0.6557262569832403,E01028574,Oxford 007E,E02005946,Oxford 007,0.5063361021693459,205,25,0,0,230,20,50
22.715,Urban,Urban: Nearer to a major town or city,0.7654320987654321,0.1728395061728395,0.049382716,0.0123456790123456,191.1468812877264,285,0.8086734693877551,0.9071980963712076,0.1578947368421052,0.3508771929824561,0.0175438596491228,0.0175438596491228,0.4385964912280701,0.1052631578947368,0.0,1.0,0.2682763246143528,0.7777777777777778,400,2.1462105969148224,5.298457411133468,6.572769953051644,8.249496981891348,50.10060362173038,13.816230717639169,2.3474178403755865,7,6,5,5,7,0.0,88.80819367,2.3,1.436589833722726,627.0852682988782,1491,868,0.5821596244131455,E01028575,Oxford 015E,E02005954,Oxford 015,2.088278735,310,70,20,5,405,175,225
6.8,Urban,Urban: Nearer to a major town or city,0.7241379310344828,0.2183908045977011,0.045977011,0.0114942528735632,192.6345609065156,340,0.8444897959183674,0.8899458316818601,0.1323529411764706,0.2794117647058823,0.0294117647058823,0.0294117647058823,0.5441176470588235,0.073529412,0.0,1.0,0.0198300283286118,0.4,35,4.135977337110481,10.878186968838529,9.631728045325778,7.365439093484419,16.543909348441925,23.05949008498584,5.552407932011332,3,2,4,1,1,0.0,112.9923469,0.0,8.041759533452678,199.20697315862853,1765,1257,0.7121813031161474,E01028576,Oxford 016E,E02005955,Oxford 016,0.3730526867311051,315,95,20,5,435,10,25
16.343,Urban,Urban: Nearer to a major town or city,0.7241379310344828,0.2183908045977011,0.045977011,0.0114942528735632,147.12245781047164,340,0.8444897959183674,0.8899458316818601,0.1323529411764706,0.2794117647058823,0.0294117647058823,0.0294117647058823,0.5441176470588235,0.073529412,0.0,1.0,0.034617049,0.6,80,3.6347901341410647,9.692773691042838,9.303331890956295,7.442665512765037,19.86153180441368,20.813500649069667,2.423193422760709,2,2,3,1,1,0.0,101.7740446,0.0,3.282019407,235.37648839469304,2311,1553,0.6720034617048897,E01028577,Oxford 016F,E02005955,Oxford 016,0.6093809182914551,315,95,20,5,435,30,50
15.085,Urban,Urban: Nearer to a major town or city,0.7654320987654321,0.1728395061728395,0.049382716,0.0123456790123456,181.52866242038212,285,0.8086734693877551,0.9071980963712076,0.1578947368421052,0.3508771929824561,0.0175438596491228,0.0175438596491228,0.4385964912280701,0.1052631578947368,0.0,1.0,0.092356688,0.45,145,3.566878981,5.859872611464969,7.770700636942675,8.152866242038217,43.248407643312106,13.694267515923569,1.4649681528662422,8,7,9,5,6,0.0,93.73390476,0.0,6.357578001034597,15.366857680252894,1570,1102,0.7019108280254777,E01028578,Oxford 015F,E02005954,Oxford 015,0.943755625023176,310,70,20,5,405,45,100
35.88,Urban,Urban: Nearer to a major town or city,0.7961165048543689,0.174757281553398,0.029126214,0.0,263.0005977286312,440,0.8122711778815807,0.8833210059171598,0.1590909090909091,0.375,0.0227272727272727,0.0227272727272727,0.3977272727272727,0.1022727272727272,0.0,1.0,0.3138075313807531,0.75,525,2.3909145248057384,3.5863717872086074,4.303646144650329,28.212791392707707,41.66168559473999,11.356843992827256,2.092050209205021,6,8,8,4,4,0.0,150.6673016,0.0,4.551968001912618,707.8237621249028,1673,1457,0.8708906156604901,E01028579,Oxford 011A,E02005950,Oxford 011,0.2196851998036511,410,90,15,0,515,225,300
40.348,Urban,Urban: Nearer to a major town or city,0.7961165048543689,0.174757281553398,0.029126214,0.0,243.90243902439025,440,0.8122711778815807,0.8833210059171598,0.1590909090909091,0.375,0.0227272727272727,0.0227272727272727,0.3977272727272727,0.1022727272727272,0.0,1.0,0.3187361419068736,0.6428571428571429,575,1.385809312638581,2.7161862527716183,4.157427937915743,15.133037694013304,37.91574279379157,5.432372505543237,1.2749445676274944,6,7,9,4,9,0.0,111.0639151,0.0,5.260838512506099,288.6705883063848,1804,1553,0.8608647450110865,E01028580,Oxford 011B,E02005950,Oxford 011,0.7603350664520826,410,90,15,0,515,225,350
8.139,Urban,Urban: Nearer to a major town or city,0.7961165048543689,0.174757281553398,0.029126214,0.0,260.2010644589001,440,0.8122711778815807,0.8833210059171598,0.1590909090909091,0.375,0.0227272727272727,0.0227272727272727,0.3977272727272727,0.1022727272727272,0.0,1.0,0.041395624,0.4,70,0.5913660555884093,1.9515079834417504,4.198698994677706,21.525724423418097,47.72324068598463,2.897693672383205,0.7096392667060911,9,10,10,10,10,0.0,130.1870712,0.7,4.826797498888362,726.5840629,1691,1293,0.7646363098758131,E01028581,Oxford 011C,E02005950,Oxford 011,1.0358835234234558,410,90,15,0,515,20,50
34.634,Urban,Urban: Nearer to a major town or city,0.7961165048543689,0.174757281553398,0.029126214,0.0,384.61538461538464,440,0.8122711778815807,0.8833210059171598,0.1590909090909091,0.375,0.0227272727272727,0.0227272727272727,0.3977272727272727,0.1022727272727272,0.0,1.0,0.6118881118881119,0.5555555555555556,700,1.7482517482517483,3.9335664335664338,4.9825174825174825,21.59090909090909,56.81818181818182,8.304195804195805,1.835664335664336,4,6,6,4,9,0.0,91.35220884,14.4,12.470602081399722,134.46149403610326,1144,975,0.8522727272727273,E01028582,Oxford 011D,E02005950,Oxford 011,0.5613201314827221,410,90,15,0,515,250,450
47.628,Urban,Urban: Nearer to a major town or city,0.8214285714285714,0.1428571428571428,0.035714286,0.0,96.96969696969695,240,0.8057944771389769,0.878188776,0.1875,0.125,0.0208333333333333,0.0208333333333333,0.5833333333333334,0.1666666666666666,0.0,1.0,0.1616161616161616,0.6,400,0.6868686868686869,3.0707070707070705,5.333333333333334,5.656565656565657,59.87878787878788,3.3939393939393945,1.3737373737373737,10,10,10,10,10,0.0,88.40233298,0.0,2.960448468108072,492.6354326498438,2475,1615,0.6525252525252525,E01028584,Oxford 003C,E02005942,Oxford 003,1.3511466398049727,230,40,10,0,280,150,250
12.861,Urban,Urban: Nearer to a major town or city,0.925925925925926,0.037037037037037,0.037037037037037,0.0,72.72727272727272,120,0.7648,0.8735999999999999,0.2083333333333333,0.2916666666666667,0.0416666666666666,0.0416666666666666,0.4166666666666667,0.083333333,0.0,1.0,0.090909091,0.5,150,2.181818181818182,3.5151515151515147,4.363636363636364,20.484848484848484,48.36363636363637,13.575757575757578,2.666666666666667,7,8,9,4,4,0.007352941,138.0448661,0.7,6.961564297028238,25.45703184585657,1650,1347,0.8163636363636364,E01028586,Oxford 011E,E02005953,Oxford 014,0.5745835029789965,125,5,5,0,135,50,100
55.849,Urban,Urban: Nearer to a major town or city,0.7961165048543689,0.174757281553398,0.029126214,0.0,229.2860865033872,440,0.8122711778815807,0.8833210059171598,0.1590909090909091,0.375,0.0227272727272727,0.0227272727272727,0.3977272727272727,0.1022727272727272,0.0,1.0,0.495049504950495,0.9,950,0.99009901,3.804064616988015,3.8561750911933297,25.01302761855133,45.64877540385617,8.389786347055757,0.5732152162584679,6,7,7,6,8,0.0,127.272973,1.3,1.9077238565376464,489.5584895582676,1919,1608,0.8379364252214695,E01028587,Oxford 011F,E02005950,Oxford 011,0.5241848795741924,410,90,15,0,515,450,500
88.765,Urban,Urban: Nearer to a major town or city,0.7961165048543689,0.174757281553398,0.029126214,0.0,223.5772357723577,440,0.8122711778815807,0.8833210059171598,0.1590909090909091,0.375,0.0227272727272727,0.0227272727272727,0.3977272727272727,0.1022727272727272,0.0,1.0,0.9146341463414634,0.8,1800,0.1524390243902439,0.9654471544715448,2.2865853658536586,40.95528455284553,37.19512195121951,3.709349593495935,1.2703252032520325,7,10,10,8,10,0.005681818,121.1453039,2.3,10.900098831405446,46.58202216,1968,1806,0.9176829268292684,E01028588,Oxford 011G,E02005950,Oxford 011,0.7339382994354455,410,90,15,0,515,800,1000
87.042,Urban,Urban: Nearer to a major town or city,0.8518518518518519,0.1388888888888889,0.009259259,0.0,355.77658760520274,465,0.8162064282480761,0.8846187439951088,0.1397849462365591,0.2043010752688172,0.032258065,0.032258065,0.5698924731182796,0.1075268817204301,0.0,1.0,1.0711553175210409,0.4,1400,0.9181331293037492,1.4537107880642692,3.902065799540933,5.049732211170619,59.75516449885233,2.983932670237184,1.224177505738332,10,10,10,10,10,0.0,93.99510204,0.0,2.996876431909502,565.6307362157833,1307,711,0.5439938791124713,E01028591,Oxford 002C,E02005941,Oxford 002,1.0010422745686942,460,75,5,0,540,400,1000
118.949,Urban,Urban: Nearer to a major town or city,0.8518518518518519,0.1388888888888889,0.009259259,0.0,254.37636761487963,465,0.8162064282480761,0.8846187439951088,0.1397849462365591,0.2043010752688172,0.032258065,0.032258065,0.5698924731182796,0.1075268817204301,0.0,1.0,0.9573304157549234,0.4,1750,0.3829321663019693,1.4223194748358865,14.49671772428884,6.072210065645514,37.199124726477024,4.321663019693654,0.875273523,10,10,10,8,10,0.0,93.67323944,0.0,3.3047808542129364,392.5907855767915,1828,1213,0.6635667396061269,E01028592,Oxford 002D,E02005941,Oxford 002,2.1181434741962986,460,75,5,0,540,500,1250
69.966,Urban,Urban: Nearer to a major town or city,0.8863636363636364,0.068181818,0.0454545454545454,0.0,130.1115241635688,210,0.7596785975164353,0.8685776095186588,0.1904761904761904,0.238095238095238,0.0238095238095238,0.0238095238095238,0.5476190476190477,0.119047619047619,0.0,1.0,0.4337050805452292,0.5555555555555556,700,1.9206939281288724,3.717472118959108,6.009913259,6.939281288723668,55.39033457249071,5.266418835192069,0.9913258983890956,10,8,10,10,10,0.0,103.0246575,0.0,4.235466333677628,340.73499024593906,1614,938,0.5811648079306072,E01028594,Oxford 001A,E02005940,Oxford 001,3.0693196394060784,195,15,10,0,220,250,450
14.776,Rural,Larger rural: Nearer to a major town or city,0.78125,0.1666666666666666,0.0520833333333333,0.0,195.41427826993225,375,0.8272160664819945,0.8914868742693166,0.2266666666666666,0.2133333333333333,0.04,0.026666667,0.5866666666666667,0.066666667,0.0,1.0,0.09119333,0.75,175,2.553413236060448,3.491401771756123,6.305367378843148,7.139134966128191,38.09275664408546,7.399687337154768,0.9379885356956748,8,6,7,9,10,0.0,99.38833652,0.8,1.521614371975494,751.5614419951401,1919,1133,0.590411673,E01028595,Oxford 001B,E02005948,Oxford 009,3.9431804210749344,375,80,25,0,480,75,100
23.087,Urban,Urban: Nearer to a major town or city,0.8863636363636364,0.068181818,0.0454545454545454,0.0,147.36842105263156,210,0.7596785975164353,0.8685776095186588,0.1904761904761904,0.238095238095238,0.0238095238095238,0.0238095238095238,0.5476190476190477,0.119047619047619,0.0,1.0,0.3333333333333333,0.5833333333333334,475,1.263157894736842,2.9473684210526314,7.368421052631578,5.614035087719298,59.85964912280701,5.122807018,0.4210526315789473,10,10,10,10,10,0.0,91.77132353,0.0,6.953168563653728,146.9855394056269,1425,840,0.5894736842105263,E01028596,Oxford 001C,E02005940,Oxford 001,1.58201256007229,195,15,10,0,220,175,300
15.399,Urban,Urban: Nearer to a major town or city,0.8863636363636364,0.068181818,0.0454545454545454,0.0,133.33333333333334,210,0.7596785975164353,0.8685776095186588,0.1904761904761904,0.238095238095238,0.0238095238095238,0.0238095238095238,0.5476190476190477,0.119047619047619,0.0,1.0,0.1269841269841269,0.3333333333333333,200,2.095238095238096,5.206349206349207,5.587301587301587,9.523809523809524,43.87301587301587,12.19047619047619,1.1428571428571428,6,5,5,7,7,0.0,93.30135922,0.0,0.5458979639865924,218.27847197654955,1575,1002,0.6361904761904762,E01028597,Oxford 001D,E02005940,Oxford 001,1.831844164973952,195,15,10,0,220,50,150
57.213,Rural,Smaller rural: Nearer to a major town or city,0.9469026548672568,0.053097345,0.0,0.0,213.34367726920087,550,0.7644137698846898,0.8995075407817791,0.1363636363636363,0.3181818181818182,0.027272727,0.027272727,0.4454545454545454,0.054545455,0.018348624,0.981651376,0.2618308766485648,0.5,675,3.646237393328161,6.865787432,10.162916989914663,13.847944142746316,36.69511249030256,10.007757951900697,1.6679596586501164,8,9,10,8,8,0.0,55.34968685,0.0,0.185261398,2477.286984,2578,1649,0.6396431342125679,E01028598,South Oxfordshire 005A,E02005962,South Oxfordshire 005,102.55779269876788,535,30,0,0,565,225,450
122.08,Rural,Larger rural: Nearer to a major town or city,0.8229166666666666,0.1354166666666666,0.03125,0.0104166666666666,166.27543035993742,425,0.8196539792387543,0.8999893718779892,0.1176470588235294,0.2941176470588235,0.035294118,0.0235294117647058,0.4705882352941176,0.070588235,0.0117647058823529,0.9882352941176472,0.3325508607198748,0.7,850,2.699530516431925,4.107981220657277,7.981220657276995,10.641627543035993,28.129890453834115,6.651017214397497,1.3693270735524257,8,6,7,8,10,0.012765957,106.1262517,1.7,1.3331147971498425,466.5716674719349,2556,1420,0.5555555555555556,E01028599,South Oxfordshire 011A,E02005968,South Oxfordshire 011,6.000983574035596,395,65,15,5,480,350,500
16.483,Rural,Larger rural: Nearer to a major town or city,0.8958333333333334,0.09375,0.0104166666666666,0.0,292.2286448298009,455,0.8134283299118464,0.8982204861111112,0.098901099,0.3076923076923077,0.076923077,0.076923077,0.4395604395604395,0.0549450549450549,0.0108695652173913,0.9891304347826086,0.089916506,0.4,140,3.6608863198458574,6.294155427103404,11.560693641618498,11.560693641618498,31.79190751445087,11.817597944765575,2.2479126525369297,9,10,10,7,9,0.0,117.0933594,0.0,0.1819040561329645,2250.633476309916,1557,875,0.5619781631342325,E01028600,South Oxfordshire 007A,E02005964,South Oxfordshire 007,10.99480705662814,430,45,5,0,480,40,100
87.952,Rural,Smaller rural: Nearer to a major town or city,0.8229166666666666,0.1354166666666666,0.03125,0.0104166666666666,264.9625935162095,425,0.8196539792387543,0.8999893718779892,0.1176470588235294,0.2941176470588235,0.035294118,0.0235294117647058,0.4705882352941176,0.070588235,0.0117647058823529,0.9882352941176472,0.4052369077306733,0.3,650,3.802992518703242,4.551122194513716,10.037406483790525,22.880299251870323,35.910224438902745,5.361596009975062,2.244389027431421,9,10,10,10,10,0.0,63.0480663,1.2,0.1214921203258958,3334.064355510612,1604,1187,0.7400249376558603,E01028601,South Oxfordshire 011B,E02005968,South Oxfordshire 011,57.61690536985351,395,65,15,5,480,150,500
87.952,Rural,Smaller rural: Nearer to a major town or city,0.8229166666666666,0.1354166666666666,0.03125,0.0104166666666666,379.8033958891868,425,0.8196539792387543,0.8999893718779892,0.1176470588235294,0.2941176470588235,0.035294118,0.0235294117647058,0.4705882352941176,0.070588235,0.0117647058823529,0.9882352941176472,0.0134048257372654,0.5,15,3.038427167113494,5.093833780160858,7.506702412868632,26.273458445040216,35.47810545,3.038427167113494,0.5361930294906166,10,10,10,10,10,0.0,70.30666667,0.0,0.388825448,1588.897212294256,1119,773,0.6907953529937444,E01028602,South Oxfordshire 011C,E02005968,South Oxfordshire 011,5.1436962491949565,395,65,15,5,480,5,10
42.138,Rural,Smaller rural: Nearer to a major town or city,0.8958333333333334,0.09375,0.0104166666666666,0.0,305.98520511096166,455,0.8134283299118464,0.8982204861111112,0.098901099,0.3076923076923077,0.076923077,0.076923077,0.4395604395604395,0.0549450549450549,0.0108695652173913,0.9891304347826086,0.2521856086079354,0.5,375,3.967720242098184,5.043712172158709,8.473436449,12.441156691324814,34.76798924,8.338937457969067,1.3449899125756557,8,9,10,9,9,0.0,62.06737288,0.8,0.1563853571687594,20.520402094127327,1487,968,0.6509751176866173,E01028603,South Oxfordshire 007B,E02005964,South Oxfordshire 007,57.55014512188549,430,45,5,0,480,125,250
27.328,Rural,Larger rural: Nearer to a major town or city,0.8404255319148937,0.1170212765957446,0.0319148936170212,0.0106382978723404,255.22755227552275,415,0.7990362811791383,0.9101403349932096,0.1204819277108433,0.2891566265060241,0.0602409638554216,0.0602409638554216,0.4337349397590361,0.084337349,0.0119047619047619,0.988095238095238,0.2767527675276753,0.2857142857142857,450,3.936039360393604,11.37761377613776,10.516605166051662,10.33210332103321,15.436654366543664,17.958179581795818,1.8450184501845013,5,4,4,2,2,0.0,54.35737374,0.0,1.5889652429213206,1315.1911814730208,1626,1057,0.6500615006150061,E01028604,South Oxfordshire 006A,E02005963,South Oxfordshire 006,7.552084637130224,395,55,15,5,470,100,350
16.411,Rural,Larger rural: Nearer to a major town or city,0.8404255319148937,0.1170212765957446,0.0319148936170212,0.0106382978723404,271.7747216764899,415,0.7990362811791383,0.9101403349932096,0.1204819277108433,0.2891566265060241,0.0602409638554216,0.0602409638554216,0.4337349397590361,0.084337349,0.0119047619047619,0.988095238095238,0.1309757694826457,0.6,200,5.0425671250818604,11.525867714472822,12.37721021611002,10.674525212835626,20.89063523248199,18.533071381794368,1.7026850032743943,5,5,5,2,2,0.0,60.96768642,0.0,2.499538829986564,107.614067985792,1527,938,0.6142763588736084,E01028605,South Oxfordshire 006B,E02005963,South Oxfordshire 006,4.80088561,395,55,15,5,470,75,125
25.791,Rural,Smaller rural: Nearer to a major town or city,0.8958333333333334,0.09375,0.0104166666666666,0.0,254.1899441340782,455,0.8134283299118464,0.8982204861111112,0.098901099,0.3076923076923077,0.076923077,0.076923077,0.4395604395604395,0.0549450549450549,0.0108695652173913,0.9891304347826086,0.2374301675977653,0.7,425,3.1843575418994416,5.530726257,8.212290502793296,10.782122905027933,43.35195530726257,7.262569832402235,1.675977653631285,9,9,9,9,10,0.0,78.93950233,0.0,0.7435017101462389,533.4861671560363,1790,1028,0.5743016759776536,E01028606,South Oxfordshire 007C,E02005964,South Oxfordshire 007,25.55474955970565,430,45,5,0,480,175,250
22.684,Rural,Smaller rural: Nearer to a major town or city,0.8404255319148937,0.1170212765957446,0.0319148936170212,0.0106382978723404,230.68371317398555,415,0.7990362811791383,0.9101403349932096,0.1204819277108433,0.2891566265060241,0.0602409638554216,0.0602409638554216,0.4337349397590361,0.084337349,0.0119047619047619,0.988095238095238,0.1806559199555308,0.625,325,3.112840467,4.836020011117288,7.003891050583658,10.227904391328517,27.73763201778766,7.726514730405781,1.6120066703724294,9,9,10,7,8,0.15,106.753866,15.0,0.1030942323739192,1398.3530496534377,1799,1133,0.6297943301834352,E01028607,South Oxfordshire 006C,E02005963,South Oxfordshire 006,58.19918207,395,55,15,5,470,125,200
17.626,Rural,Smaller rural: Further from a major town or city,0.832,0.128,0.032,0.008,368.5583822570124,565,0.8230224684518314,0.9037540942302849,0.1327433628318584,0.3539823008849557,0.0353982300884955,0.0353982300884955,0.4690265486725664,0.053097345,0.008849558,0.991150442477876,0.2120026092628832,0.4444444444444444,325,1.761252446183953,4.957599478147423,8.675799087,8.480104371,34.31180691454664,7.110241356816699,1.369863014,9,8,9,9,10,0.0,55.52178649,5.1,1.5904946158987574,379.6708935386251,1533,845,0.5512067840834964,E01028608,South Oxfordshire 012A,E02005969,South Oxfordshire 012,8.802293236364635,520,80,20,5,625,100,225
13.48,Rural,Larger rural: Nearer to a major town or city,0.8958333333333334,0.09375,0.0104166666666666,0.0,299.14529914529913,455,0.8134283299118464,0.8982204861111112,0.098901099,0.3076923076923077,0.076923077,0.076923077,0.4395604395604395,0.0549450549450549,0.0108695652173913,0.9891304347826086,0.0624589086127547,0.9,95,4.996712689020382,7.823800131492439,10.650887573964498,13.346482577251807,26.035502958579883,9.467455621301776,0.7889546351084813,8,8,8,8,7,0.0,72.81462366,0.0,2.426349624755256,5388.625867854855,1521,970,0.6377383300460223,E01028609,South Oxfordshire 007D,E02005964,South Oxfordshire 007,2.8849923063771508,430,45,5,0,480,45,50
89.497,Rural,Larger rural: Nearer to a major town or city,0.8958333333333334,0.09375,0.0104166666666666,0.0,288.33967046894804,455,0.8134283299118464,0.8982204861111112,0.098901099,0.3076923076923077,0.076923077,0.076923077,0.4395604395604395,0.0549450549450549,0.0108695652173913,0.9891304347826086,0.98225602,0.24,1550,5.640050697084917,7.794676806,11.787072243346008,13.624841571609632,23.00380228136882,14.195183776932826,2.091254752851711,7,7,7,5,6,0.007407407,50.50946166,6.3,0.1518854157558342,4251.599619567653,1578,988,0.6261089987325729,E01028610,South Oxfordshire 007E,E02005964,South Oxfordshire 007,26.335642432123056,430,45,5,0,480,300,1250
20.876,Rural,Smaller rural: Nearer to a major town or city,0.903846153846154,0.086538462,0.009615385,0.0,387.9310344827586,495,0.7915825273674142,0.8998020548590819,0.1212121212121212,0.2727272727272727,0.04040404,0.04040404,0.4848484848484848,0.080808081,0.0206185567010309,0.979381443,0.3722570532915361,0.5833333333333334,475,3.0564263322884013,4.858934169278997,10.893416927899686,12.304075235109718,40.43887147335423,6.504702194357368,1.097178683,9,10,10,10,10,0.034482759,81.4751773,11.2,0.1952829998458878,2335.416061126905,1276,804,0.6300940438871473,E01028611,South Oxfordshire 018A,E02005975,South Oxfordshire 018,40.96618756529441,470,45,5,0,520,175,300
369.23,Rural,Smaller rural: Nearer to a major town or city,0.9272727272727272,0.063636364,0.009090909,0.0,423.52941176470586,540,0.7760631001371743,0.8856823979591837,0.1296296296296296,0.2592592592592592,0.0462962962962962,0.0462962962962962,0.5277777777777778,0.0462962962962962,0.0,1.0,0.5098039215686274,0.4444444444444444,650,2.3529411764705883,6.352941176470588,10.745098039215687,11.529411764705882,42.50980392156863,8.156862745,1.647058823529412,7,10,10,9,9,0.0,52.10117647,3.2,0.1294349801853414,913.4128192764564,1275,732,0.5741176470588235,E01028612,South Oxfordshire 019A,E02005976,South Oxfordshire 019,61.807094098864034,510,35,5,0,550,200,450
44.976,Rural,Larger rural: Nearer to a major town or city,0.9469026548672568,0.053097345,0.0,0.0,390.9026297085999,550,0.7644137698846898,0.8995075407817791,0.1363636363636363,0.3181818181818182,0.027272727,0.027272727,0.4454545454545454,0.054545455,0.018348624,0.981651376,0.2665245202558635,0.6666666666666666,375,5.401563610518834,7.889125799573561,11.869225302061125,15.778251599147122,28.926794598436388,8.955223880597014,1.5636105188343994,9,10,10,7,9,0.0,57.22264875,0.0,3.9573014022790023,3663.260304607495,1407,870,0.6183368869936035,E01028613,South Oxfordshire 005B,E02005962,South Oxfordshire 005,0.7580923702885773,535,30,0,0,565,150,225
24.403,Rural,Larger rural: Nearer to a major town or city,0.9469026548672568,0.053097345,0.0,0.0,191.50417827298048,550,0.7644137698846898,0.8995075407817791,0.1363636363636363,0.3181818181818182,0.027272727,0.027272727,0.4454545454545454,0.054545455,0.018348624,0.981651376,0.069637883,0.3333333333333333,200,4.143454038997215,7.660167131,9.540389972144848,12.917827298050138,25.27855153203343,8.252089136490252,1.4623955431754874,7,6,7,5,7,0.007968127,72.32748918,4.4,0.433214478585552,3323.777196824328,2872,1820,0.6337047353760445,E01028614,South Oxfordshire 005C,E02005962,South Oxfordshire 005,9.233301742499522,535,30,0,0,565,50,150
23.736,Rural,Larger rural: Nearer to a major town or city,0.9469026548672568,0.053097345,0.0,0.0,282.340862422998,550,0.7644137698846898,0.8995075407817791,0.1363636363636363,0.3181818181818182,0.027272727,0.027272727,0.4454545454545454,0.054545455,0.018348624,0.981651376,0.1411704312114989,0.375,275,6.160164271047227,7.95687885,10.57494866529774,10.420944558521562,31.468172484599588,11.242299794661191,1.9507186858316223,9,9,9,6,8,0.00625,64.91185944,1.3,0.226733723051744,4133.230291170087,1948,1019,0.5231006160164271,E01028615,South Oxfordshire 005D,E02005962,South Oxfordshire 005,22.05229964339678,535,30,0,0,565,75,200
16.382,Rural,Larger rural: Nearer to a major town or city,0.9469026548672568,0.053097345,0.0,0.0,297.4580854515955,550,0.7644137698846898,0.8995075407817791,0.1363636363636363,0.3181818181818182,0.027272727,0.027272727,0.4454545454545454,0.054545455,0.018348624,0.981651376,0.094645754,0.75,175,4.759329367225528,7.842076798269335,12.385073012439156,14.44023796646836,28.17739318550568,8.545159545700379,1.1357490535424553,9,9,9,5,8,0.0,71.66866567,0.0,5.116851074010675,4042.2414288636905,1849,1122,0.6068144943212548,E01028616,South Oxfordshire 005E,E02005962,South Oxfordshire 005,2.345192351004696,535,30,0,0,565,75,100
159.867,Rural,Larger rural: Nearer to a major town or city,0.832,0.128,0.032,0.008,262.9129827826896,565,0.8230224684518314,0.9037540942302849,0.1327433628318584,0.3539823008849557,0.0353982300884955,0.0353982300884955,0.4690265486725664,0.053097345,0.008849558,0.991150442477876,0.9073987901349464,0.3,1950,2.978129362494184,5.630525825965566,9.678920428106096,10.37691949744067,40.94927873429502,5.863192182410423,1.907864122847836,10,10,9,10,10,0.016806723,90.25737101,16.8,0.4007835388203235,1259.8764470798822,2149,1284,0.5974872033503955,E01028617,South Oxfordshire 012B,E02005969,South Oxfordshire 012,19.960899650587955,520,80,20,5,625,450,1500
24.729,Rural,Larger rural: Nearer to a major town or city,0.9245283018867924,0.066037736,0.009433962,0.0,263.5782747603833,495,0.792368126,0.8969384122463511,0.1313131313131313,0.303030303030303,0.0303030303030303,0.0303030303030303,0.4444444444444444,0.080808081,0.0101010101010101,0.98989899,0.1198083067092651,0.5,225,3.674121405750799,6.017039403620873,7.987220447284344,11.767838125665602,33.12034078807242,10.702875399361025,1.2779552715654952,8,8,7,7,8,0.0,112.1511592,0.0,1.0692584826312208,1191.686577987176,1878,1091,0.580937167,E01028619,South Oxfordshire 015B,E02005972,South Oxfordshire 015,1.870455116781884,490,35,5,0,530,75,150
21.341,Urban,Urban: Nearer to a major town or city,0.7926829268292683,0.1707317073170731,0.0365853658536585,0.0,139.22227556409024,290,0.7571560480147738,0.9083878643664486,0.1379310344827586,0.4655172413793103,0.0344827586206896,0.0344827586206896,0.3448275862068966,0.051724138,0.0175438596491228,0.9824561403508772,0.1200192030724916,0.4285714285714285,250,5.040806529044647,7.873259721555449,9.217474795967355,14.402304368698992,28.99663946231397,9.889582333173308,2.352376380220836,10,9,10,8,7,0.0,100.4635952,0.0,0.9465071533594948,611.7501450696681,2083,1350,0.6481036965914546,E01028622,South Oxfordshire 010B,E02005967,South Oxfordshire 010,1.0565160510944265,325,70,15,0,410,75,175
151.83,Urban,Urban: Nearer to a major town or city,0.7926829268292683,0.1707317073170731,0.0365853658536585,0.0,178.46153846153845,290,0.7571560480147738,0.9083878643664486,0.1379310344827586,0.4655172413793103,0.0344827586206896,0.0344827586206896,0.3448275862068966,0.051724138,0.0175438596491228,0.9824561403508772,1.5384615384615383,1.0,2500,4.061538461538461,8.738461538461538,12.246153846153844,13.230769230769232,30.70769230769231,13.107692307692306,1.5384615384615383,7,7,7,6,6,0.0,92.61800595,0.0,5.272182190807312,1432.424813888726,1625,1160,0.7138461538461538,E01028623,South Oxfordshire 010C,E02005967,South Oxfordshire 010,1.517398244307446,325,70,15,0,410,1250,1250
50.363,Urban,Urban: Nearer to a major town or city,0.7926829268292683,0.1707317073170731,0.0365853658536585,0.0,124.30347192456064,290,0.7571560480147738,0.9083878643664486,0.1379310344827586,0.4655172413793103,0.0344827586206896,0.0344827586206896,0.3448275862068966,0.051724138,0.0175438596491228,0.9824561403508772,0.3857693956279469,0.8,900,4.243463351907415,6.386626660951565,8.015430775825118,12.94470638662666,31.33304757822546,11.701671667381056,2.228889841405916,10,9,9,6,7,0.0,109.4391738,0.0,6.202712240121135,953.1649701425276,2333,1463,0.627089584,E01028624,South Oxfordshire 010D,E02005967,South Oxfordshire 010,1.7734177524548804,325,70,15,0,410,400,500
138.133,Urban,Urban: Nearer to a major town or city,0.7735849056603774,0.1698113207547169,0.056603774,0.0,118.55670103092784,230,0.8108641975308643,0.8927514792899408,0.108695652173913,0.4565217391304347,0.065217391,0.065217391,0.3695652173913043,0.0434782608695652,0.0,1.0,1.1597938144329898,0.2857142857142857,2250,3.1958762886597936,7.164948453608247,10.051546391752575,13.608247422680412,37.31958762886598,6.701030927835052,1.5979381443298968,10,10,10,9,9,0.0,86.28785047,0.0,3.57363671651866,732.2750273960008,1940,1483,0.7644329896907216,E01028625,South Oxfordshire 009A,E02005966,South Oxfordshire 009,3.0780968723412667,205,45,15,0,265,500,1750
11.874,Urban,Urban: Nearer to a major town or city,0.7735849056603774,0.1698113207547169,0.056603774,0.0,148.10045074050225,230,0.8108641975308643,0.8927514792899408,0.108695652173913,0.4565217391304347,0.065217391,0.065217391,0.3695652173913043,0.0434782608695652,0.0,1.0,0.0772698,0.6,120,3.670315518351577,7.276239536381198,11.654861558274307,13.071474565357372,36.05924018,6.181584030907921,1.4810045074050224,10,9,10,10,9,0.0,82.96155235,0.0,6.847764368601356,190.1406604717457,1553,1104,0.7108821635544108,E01028626,South Oxfordshire 009B,E02005966,South Oxfordshire 009,0.8761983732254924,205,45,15,0,265,45,75
13.672,Urban,Urban: Nearer to a major town or city,0.7735849056603774,0.1698113207547169,0.056603774,0.0,164.05135520684735,230,0.8108641975308643,0.8927514792899408,0.108695652173913,0.4565217391304347,0.065217391,0.065217391,0.3695652173913043,0.0434782608695652,0.0,1.0,0.057061341,0.6,80,4.921540656205421,8.559201141226819,12.054208273894435,15.905848787446503,31.02710413694722,9.201141227,1.7118402282453635,9,8,9,8,8,0.0,74.72967033,0.0,1.506611013868745,261.87066919198446,1402,1046,0.746077033,E01028627,South Oxfordshire 009C,E02005966,South Oxfordshire 009,0.6637413312359599,205,45,15,0,265,30,50
26.722,Urban,Urban: Nearer to a major town or city,0.7735849056603774,0.1698113207547169,0.056603774,0.0,99.91311903,230,0.8108641975308643,0.8927514792899408,0.108695652173913,0.4565217391304347,0.065217391,0.065217391,0.3695652173913043,0.0434782608695652,0.0,1.0,0.1629018245004344,1.5,375,2.562988705473501,5.169417897480452,9.426585577758472,12.076455256298871,25.62988705473501,4.430929626411816,1.7376194613379672,10,9,9,9,9,0.0,102.542246,0.8,1.766690718201632,163.20367632728087,2302,1700,0.738488271,E01028628,South Oxfordshire 009D,E02005966,South Oxfordshire 009,4.528240238983902,205,45,15,0,265,225,150
13.676,Urban,Urban: Nearer to a major town or city,0.7735849056603774,0.1698113207547169,0.056603774,0.0,160.6145251396648,230,0.8108641975308643,0.8927514792899408,0.108695652173913,0.4565217391304347,0.065217391,0.065217391,0.3695652173913043,0.0434782608695652,0.0,1.0,0.0558659217877094,0.6,80,3.4217877094972065,8.729050279,10.405027932960891,13.966480446927374,33.93854748603352,8.310055865921788,1.536312849162011,9,8,8,7,7,0.0,80.99153439,0.0,6.347401991945812,464.8191703957092,1432,1081,0.7548882681564246,E01028629,South Oxfordshire 009E,E02005966,South Oxfordshire 009,0.6301790882435965,205,45,15,0,265,30,50
10.15,Urban,Urban: Nearer to a major town or city,0.92,0.08,0.0,0.0,76.20941020543407,115,0.7520661157024794,0.9053254437869822,0.086956522,0.4782608695652174,0.0434782608695652,0.0434782608695652,0.3478260869565217,0.086956522,0.0,1.0,0.029821074,0.2857142857142857,45,2.982107355864811,8.018555334658714,10.73558648111332,15.241882041086813,31.87541418157721,10.934393638170974,1.9880715705765408,9,8,8,6,6,0.0,87.20530822,0.0,2.473566778168696,446.85612303864616,1509,1122,0.7435387673956262,E01028630,South Oxfordshire 013A,E02005970,South Oxfordshire 013,0.8085490222668251,115,10,0,0,125,10,35
22.677,Urban,Urban: Nearer to a major town or city,0.92,0.08,0.0,0.0,96.07351713,115,0.7520661157024794,0.9053254437869822,0.086956522,0.4782608695652174,0.0434782608695652,0.0434782608695652,0.3478260869565217,0.086956522,0.0,1.0,0.3550543024227234,0.4166666666666667,425,3.7593984962406015,9.607351713,10.025062656641603,10.944026733500417,26.64995823,13.784461152882203,3.4252297410192147,7,6,7,5,4,0.0,104.039196,0.0,7.372969588967943,1040.260365922386,1197,803,0.670843776,E01028631,South Oxfordshire 013B,E02005970,South Oxfordshire 013,0.4068916823539937,115,10,0,0,125,125,300
9.364,Urban,Urban: Nearer to a major town or city,0.92,0.08,0.0,0.0,75.90759075907592,115,0.7520661157024794,0.9053254437869822,0.086956522,0.4782608695652174,0.0434782608695652,0.0434782608695652,0.3478260869565217,0.086956522,0.0,1.0,0.0528052805280528,0.6,80,3.1683168316831685,10.693069306930694,9.570957095709572,12.013201320132014,23.498349834983497,18.745874587458747,2.5742574257425743,6,5,5,3,3,0.0,107.0424569,0.0,4.045188911025318,1449.6550544605864,1515,1059,0.699009901,E01028632,South Oxfordshire 013C,E02005970,South Oxfordshire 013,0.7416217304025986,115,10,0,0,125,30,50
10.344,Urban,Urban: Nearer to a major town or city,0.92,0.08,0.0,0.0,78.60560492,115,0.7520661157024794,0.9053254437869822,0.086956522,0.4782608695652174,0.0434782608695652,0.0434782608695652,0.3478260869565217,0.086956522,0.0,1.0,0.03417635,0.4285714285714285,50,4.032809295967191,9.979494190020509,12.37183868762816,11.61995898838004,28.02460697197539,14.559125085440874,2.050580997949419,5,4,4,3,4,0.0,96.97863398,0.0,3.7778573848789767,526.6163044,1463,1036,0.7081339712918661,E01028633,South Oxfordshire 013D,E02005970,South Oxfordshire 013,0.7941009133927656,115,10,0,0,125,15,35
11.438,Urban,Urban: Nearer to a major town or city,0.9,0.066666667,0.033333333,0.0,106.2992125984252,135,0.7904,0.8511966701352758,0.1111111111111111,0.5925925925925926,0.037037037037037,0.037037037037037,0.2592592592592592,0.037037037037037,0.0,1.0,0.070866142,0.2,90,5.984251968503937,8.11023622,11.023622047244094,14.960629921259844,27.322834645669293,13.937007874015746,1.7322834645669292,10,10,9,8,7,0.0,101.2115207,0.0,1.4883390187525611,1964.876265991629,1270,809,0.637007874,E01028634,South Oxfordshire 014A,E02005971,South Oxfordshire 014,0.6718899305872809,135,10,5,0,150,15,75
24.964,Urban,Urban: Nearer to a major town or city,0.9,0.066666667,0.033333333,0.0,81.52173913043478,135,0.7904,0.8511966701352758,0.1111111111111111,0.5925925925925926,0.037037037037037,0.037037037037037,0.2592592592592592,0.037037037037037,0.0,1.0,0.2717391304347826,0.5,450,5.676328502415459,9.722222222222223,10.265700483091788,11.83574879227053,20.169082125603865,17.874396135265698,2.355072463768116,7,5,6,3,3,0.0,105.4330078,0.0,5.574703646260208,1998.0696078084943,1656,1077,0.6503623188405797,E01028635,South Oxfordshire 014B,E02005971,South Oxfordshire 014,0.896908664,135,10,5,0,150,150,300
13.749,Urban,Urban: Nearer to a major town or city,0.9,0.066666667,0.033333333,0.0,101.04790419161677,135,0.7904,0.8511966701352758,0.1111111111111111,0.5925925925925926,0.037037037037037,0.037037037037037,0.2592592592592592,0.037037037037037,0.0,1.0,0.1497005988023952,1.6666666666666667,200,3.892215568862276,10.104790419161676,12.79940119760479,11.22754491017964,22.75449101796407,18.93712575,2.9940119760479043,6,5,5,2,4,0.0,93.18623656,0.0,3.442666313766616,1624.3996503104252,1336,863,0.6459580838323353,E01028636,South Oxfordshire 014C,E02005971,South Oxfordshire 014,0.8714175951365165,135,10,5,0,150,125,75
20.408,Urban,Urban: Nearer to a major town or city,0.9,0.066666667,0.033333333,0.0,60.53811659192825,135,0.7904,0.8511966701352758,0.1111111111111111,0.5925925925925926,0.037037037037037,0.037037037037037,0.2592592592592592,0.037037037037037,0.0,1.0,0.1121076233183856,0.4285714285714285,250,4.170403587443946,8.789237668161435,11.614349775784753,12.286995515695068,28.11659192825112,11.210762331838566,1.4349775784753362,10,8,9,6,6,0.0,95.04972145,0.0,2.252675436459379,1564.5818911822084,2230,1486,0.6663677130044843,E01028637,South Oxfordshire 014D,E02005971,South Oxfordshire 014,0.8878331816604175,135,10,5,0,150,75,175
32.951,Rural,Smaller rural: Nearer to a major town or city,0.9014084507042254,0.084507042,0.0140845070422535,0.0,218.07838179519595,345,0.8108710180441078,0.8981047100769375,0.1014492753623188,0.3478260869565217,0.0289855072463768,0.0289855072463768,0.3768115942028985,0.072463768,0.0149253731343283,0.9850746268656716,0.2370417193426043,0.6666666666666666,375,3.2237673830594185,6.321112516,6.763590391908976,9.418457648546145,44.81668773704172,9.734513274336283,2.338811630847029,7,9,8,6,8,0.0,176.0058559,8.2,0.1547089816867412,2899.5158048811404,1582,1012,0.6396965865992414,E01028638,South Oxfordshire 002A,E02005959,South Oxfordshire 002,77.56498600900827,320,30,5,0,355,150,225
47.864,Rural,Smaller rural: Nearer to a major town or city,0.9014084507042254,0.084507042,0.0140845070422535,0.0,240.7536636427076,345,0.8108710180441078,0.8981047100769375,0.1014492753623188,0.3478260869565217,0.0289855072463768,0.0289855072463768,0.3768115942028985,0.072463768,0.0149253731343283,0.9850746268656716,0.4361479413817167,0.5625,625,3.768318213538032,6.489881367759945,9.630146545708303,16.538729937194695,40.47452896022331,9.281228192602931,1.3956734124214931,9,8,9,8,9,0.0,82.91721311,5.7,0.3595420070010545,92.54983371014087,1433,938,0.6545708304256804,E01028639,South Oxfordshire 002B,E02005959,South Oxfordshire 002,36.157110287148924,320,30,5,0,355,225,400
20.969,Rural,Smaller rural: Nearer to a major town or city,0.9014084507042254,0.084507042,0.0140845070422535,0.0,237.43977976600132,345,0.8108710180441078,0.8981047100769375,0.1014492753623188,0.3478260869565217,0.0289855072463768,0.0289855072463768,0.3768115942028985,0.072463768,0.0149253731343283,0.9850746268656716,0.2064693737095664,0.5,300,4.198210598761184,8.258774948382657,8.602890571231935,10.874053682037164,33.31039229181005,11.768754301445286,2.477632484514797,8,8,8,7,7,0.048387097,63.00271318,12.9,0.5393402515263127,3296.8926234394576,1453,905,0.622849277,E01028640,South Oxfordshire 002C,E02005959,South Oxfordshire 002,25.957639839378803,320,30,5,0,355,100,200
19.047,Rural,Smaller rural: Nearer to a major town or city,0.8404255319148937,0.1170212765957446,0.0319148936170212,0.0106382978723404,329.88871224165337,415,0.7990362811791383,0.9101403349932096,0.1204819277108433,0.2891566265060241,0.0602409638554216,0.0602409638554216,0.4337349397590361,0.084337349,0.0119047619047619,0.988095238095238,0.2186009538950715,0.5714285714285714,275,5.087440381558029,5.882352941,9.538950715421304,10.41335453100159,34.34022257551669,13.116057233704293,2.2257551669316373,8,9,10,9,8,0.0,52.73283262,1.6,0.4470789160438991,2886.178325760381,1258,761,0.6049284578696343,E01028641,South Oxfordshire 006D,E02005963,South Oxfordshire 006,40.261348397455095,395,55,15,5,470,100,175
26.363,Rural,Smaller rural: Nearer to a major town or city,0.903846153846154,0.086538462,0.009615385,0.0,336.0488798370672,495,0.7915825273674142,0.8998020548590819,0.1212121212121212,0.2727272727272727,0.04040404,0.04040404,0.4848484848484848,0.080808081,0.0206185567010309,0.979381443,0.2545824847250509,0.25,375,2.8513238289205702,4.887983706720977,9.368635437881874,10.726408689748812,41.95519348,7.196198234894773,1.3577732518669383,9,10,10,10,10,0.0,50.27939394,0.0,0.1314559303681247,2734.298592251306,1473,882,0.5987780040733197,E01028642,South Oxfordshire 018B,E02005975,South Oxfordshire 018,30.428448445030487,470,45,5,0,520,75,300
85.943,Rural,Smaller rural: Nearer to a major town or city,0.903846153846154,0.086538462,0.009615385,0.0,346.6386554621849,495,0.7915825273674142,0.8998020548590819,0.1212121212121212,0.2727272727272727,0.04040404,0.04040404,0.4848484848484848,0.080808081,0.0206185567010309,0.979381443,0.4376750700280112,0.25,625,2.5910364145658265,3.9915966386554618,8.753501400560223,11.204481792717088,44.397759103641455,6.792717086834734,1.8907563025210083,8,9,10,10,10,0.0,43.56692308,11.6,0.2764810850809189,2428.955205766616,1428,851,0.595938375,E01028643,South Oxfordshire 018C,E02005975,South Oxfordshire 018,28.93507162581702,470,45,5,0,520,125,500
23.221,Rural,Larger rural: Nearer to a major town or city,0.9245283018867924,0.066037736,0.009433962,0.0,295.34606205250594,495,0.792368126,0.8969384122463511,0.1313131313131313,0.303030303030303,0.0303030303030303,0.0303030303030303,0.4444444444444444,0.080808081,0.0101010101010101,0.98989899,0.2088305489260143,0.4,350,3.221957040572793,5.190930787589499,8.591885441527445,10.32219570405728,44.68973747016706,8.949880668257757,1.2529832935560858,9,8,9,10,10,0.0,49.06646796,0.0,0.4006152639186491,2751.0785225213635,1676,941,0.5614558472553699,E01028644,South Oxfordshire 015C,E02005972,South Oxfordshire 015,24.96160506263348,490,35,5,0,530,100,250
24.122,Rural,Larger rural: Nearer to a major town or city,0.903846153846154,0.086538462,0.009615385,0.0,312.1059268600252,495,0.7915825273674142,0.8998020548590819,0.1212121212121212,0.2727272727272727,0.04040404,0.04040404,0.4848484848484848,0.080808081,0.0206185567010309,0.979381443,0.2522068095838587,0.6,400,2.3329129886506936,4.728877679697352,10.34047919293821,10.08827238335435,45.775535939470366,6.494325346784363,1.8915510718789408,10,10,10,10,10,0.0,50.86009539,0.0,0.8683674379244096,1060.6874043925154,1586,799,0.5037831021437579,E01028645,South Oxfordshire 018D,E02005975,South Oxfordshire 018,3.454758744950944,470,45,5,0,520,150,250
107.567,Rural,Smaller rural: Nearer to a major town or city,0.8617021276595744,0.1063829787234042,0.0319148936170212,0.0,355.0784475639967,430,0.8034072471606274,0.9124754306856284,0.093023256,0.3255813953488372,0.058139535,0.058139535,0.3953488372093023,0.058139535,0.0114942528735632,0.9885057471264368,0.8257638315441783,0.25,1000,3.4682080924855487,7.431874483897605,10.487200660611066,12.881915772089185,32.535094962840624,12.469033856317091,1.981833195706028,6,6,6,5,7,0.0,51.502407,9.3,0.9038214682284712,769.5822922166407,1211,753,0.6218001651527663,E01028646,South Oxfordshire 004A,E02005961,South Oxfordshire 004,32.085982707227835,405,50,15,0,470,200,800
108.551,Rural,Smaller rural: Nearer to a major town or city,0.8617021276595744,0.1063829787234042,0.0319148936170212,0.0,265.5960469425571,430,0.8034072471606274,0.9124754306856284,0.093023256,0.3255813953488372,0.058139535,0.058139535,0.3953488372093023,0.058139535,0.0114942528735632,0.9885057471264368,0.7103150092649784,0.2777777777777778,1150,3.5824583075972827,6.361951822112415,9.635577516985794,12.476837554045709,38.54231006794318,8.400247066090179,1.4206300185299567,7,10,9,8,9,0.056603774,68.37805695,21.4,0.097775747,423.7007527274188,1619,1003,0.6195182211241507,E01028647,South Oxfordshire 004B,E02005961,South Oxfordshire 004,102.274851,405,50,15,0,470,250,900
28.265,Rural,Smaller rural: Further from a major town or city,0.9245283018867924,0.066037736,0.009433962,0.0,319.1489361702128,495,0.792368126,0.8969384122463511,0.1313131313131313,0.303030303030303,0.0303030303030303,0.0303030303030303,0.4444444444444444,0.080808081,0.0101010101010101,0.98989899,0.241779497098646,0.5,375,3.675048356,6.189555125725339,10.122501611863315,12.379110251450678,40.10315925209542,7.350096712,0.9026434558349452,8,9,8,8,9,0.0,52.71927711,1.3,0.1244699975309129,1777.9495341504785,1551,960,0.6189555125725339,E01028649,South Oxfordshire 015E,E02005972,South Oxfordshire 015,64.27251674,490,35,5,0,530,125,250
19.609,Urban,Urban: Nearer to a major town or city,0.8620689655172413,0.1206896551724138,0.0172413793103448,0.0,229.72339428035636,490,0.8192274305555556,0.8975425330812854,0.1122448979591836,0.2755102040816326,0.010204082,0.010204082,0.4897959183673469,0.091836735,0.0,1.0,0.140646976090014,1.0,300,3.0004688232536334,6.844819503047352,10.642287857477733,11.157993436474449,36.80262541022034,8.907641819034225,1.8284106891701828,9,8,8,7,8,0.0,48.27534722,0.0,0.7807198593730816,1713.676705,2133,1355,0.6352555086732302,E01028650,South Oxfordshire 016A,E02005973,South Oxfordshire 016,2.5617383444120416,500,70,10,0,580,150,150
31.083,Urban,Urban: Nearer to a major town or city,0.8620689655172413,0.1206896551724138,0.0172413793103448,0.0,299.6941896024465,490,0.8192274305555556,0.8975425330812854,0.1122448979591836,0.2755102040816326,0.010204082,0.010204082,0.4897959183673469,0.091836735,0.0,1.0,0.3363914373088685,0.5714285714285714,550,4.648318042813456,8.623853211009175,8.501529051987768,10.825688073394495,32.23241590214067,18.226299694189603,2.8134556574923546,7,6,6,5,5,0.0,45.46276771,0.0,0.99044676419709,321.3642134628589,1635,866,0.5296636085626911,E01028651,South Oxfordshire 016B,E02005973,South Oxfordshire 016,4.038581521584977,500,70,10,0,580,200,350
159.73,Urban,Urban: Nearer to a major town or city,0.8620689655172413,0.1206896551724138,0.0172413793103448,0.0,219.53405017921145,490,0.8192274305555556,0.8975425330812854,0.1122448979591836,0.2755102040816326,0.010204082,0.010204082,0.4897959183673469,0.091836735,0.0,1.0,1.232078853046595,0.5714285714285714,2750,2.3297491039426523,4.793906810035843,9.677419355,11.021505376344086,46.32616487455197,8.019713261648745,2.598566308243728,9,9,10,10,10,0.0,55.05714286,0.0,5.640654955,63.54851537964535,2232,1372,0.6146953405017921,E01028652,South Oxfordshire 016C,E02005973,South Oxfordshire 016,2.304696901887088,500,70,10,0,580,1000,1750
124.96,Urban,Urban: Nearer to a major town or city,0.8725490196078431,0.1176470588235294,0.009803922,0.0,281.03044496487115,480,0.7931301939058173,0.8722,0.1458333333333333,0.2291666666666666,0.0416666666666666,0.0416666666666666,0.59375,0.0520833333333333,0.0,1.0,1.1124121779859484,0.2666666666666666,1900,4.039812646370024,6.674473067915692,8.957845433255269,9.777517564,35.94847775175644,11.00702576112412,2.576112412177986,8,7,6,8,8,0.0,53.92608696,0.0,4.061102463233072,144.49427880323435,1708,1084,0.6346604215456675,E01028653,South Oxfordshire 017A,E02005974,South Oxfordshire 017,1.9699084355609051,445,60,5,0,510,400,1500
12.808,Urban,Urban: Nearer to a major town or city,0.8725490196078431,0.1176470588235294,0.009803922,0.0,302.6481715006305,480,0.7931301939058173,0.8722,0.1458333333333333,0.2291666666666666,0.0416666666666666,0.0416666666666666,0.59375,0.0520833333333333,0.0,1.0,0.094577554,0.5,150,2.837326607818411,5.800756620428752,8.007566204287516,9.899117276166455,44.38839848675914,8.070617907,1.828499369482976,10,8,9,10,10,0.0,50.90731132,0.0,1.2407349518403958,500.7971438991865,1586,980,0.617906683,E01028654,South Oxfordshire 017B,E02005974,South Oxfordshire 017,0.8059739096707874,445,60,5,0,510,50,100
152.279,Urban,Urban: Nearer to a major town or city,0.8725490196078431,0.1176470588235294,0.009803922,0.0,272.8823194997158,480,0.7931301939058173,0.8722,0.1458333333333333,0.2291666666666666,0.0416666666666666,0.0416666666666666,0.59375,0.0520833333333333,0.0,1.0,0.511654349,0.5,900,2.956225127913587,5.287094940306993,10.403638430926662,11.085844229675953,45.65093803297328,7.390562819783968,1.819215463331438,9,8,10,9,9,0.0,54.1261498,0.0,2.7820845125330123,19.32610879523255,1759,1190,0.6765207504263786,E01028655,South Oxfordshire 017C,E02005974,South Oxfordshire 017,0.7188854224198439,445,60,5,0,510,300,600
21.648,Urban,Urban: Nearer to a major town or city,0.8725490196078431,0.1176470588235294,0.009803922,0.0,347.8260869565217,480,0.7931301939058173,0.8722,0.1458333333333333,0.2291666666666666,0.0416666666666666,0.0416666666666666,0.59375,0.0520833333333333,0.0,1.0,0.144927536231884,1.0,200,1.6666666666666667,3.0434782608695654,7.971014492753622,9.782608695652174,50.07246376811594,5.579710144927536,1.0869565217391304,10,10,10,10,10,0.0,51.62264151,0.0,0.6001751383801976,1184.090469211622,1380,794,0.5753623188405798,E01028656,South Oxfordshire 017D,E02005974,South Oxfordshire 017,1.6661803131314017,445,60,5,0,510,100,100
64.11,Urban,Urban: Nearer to a major town or city,0.8404255319148937,0.1170212765957446,0.0319148936170212,0.0106382978723404,346.1217681401167,415,0.7990362811791383,0.9101403349932096,0.1204819277108433,0.2891566265060241,0.0602409638554216,0.0602409638554216,0.4337349397590361,0.084337349,0.0119047619047619,0.988095238095238,0.2710592160133444,0.4444444444444444,325,5.254378648874062,7.089241034195163,9.007506255212675,11.509591326105086,42.36864053377815,12.844036697247708,2.0850708924103416,8,9,8,6,8,0.0,55.33297872,0.0,1.729030433253007,543.9537164720613,1199,799,0.6663886572143453,E01028657,South Oxfordshire 006E,E02005963,South Oxfordshire 006,10.410458748337184,395,55,15,5,470,100,225
79.606,Rural,Smaller rural: Nearer to a major town or city,0.8404255319148937,0.1170212765957446,0.0319148936170212,0.0106382978723404,317.27828746177374,415,0.7990362811791383,0.9101403349932096,0.1204819277108433,0.2891566265060241,0.0602409638554216,0.0602409638554216,0.4337349397590361,0.084337349,0.0119047619047619,0.988095238095238,3.134556574923548,0.1714285714285714,4100,2.8287461773700304,3.669724770642202,8.409785932721713,10.856269113149846,45.41284403669725,9.709480122,2.370030581039756,8,10,9,9,10,0.0,73.09727463,0.0,0.2635878994919526,1562.2346771908365,1308,786,0.6009174311926605,E01028658,South Oxfordshire 006F,E02005963,South Oxfordshire 006,64.49461463430725,395,55,15,5,470,600,3500
30.054,Rural,Smaller rural: Nearer to a major town or city,0.9076923076923076,0.076923077,0.0153846153846153,0.0,193.0379746835443,305,0.7700312174817898,0.876464844,0.1639344262295081,0.3278688524590163,0.032786885,0.032786885,0.4426229508196721,0.049180328,0.0,1.0,0.3481012658227848,0.5714285714285714,550,3.354430379746835,5.822784810126582,11.772151898734178,12.21518987341772,41.83544303797469,9.556962025316457,1.4556962025316456,9,10,10,10,9,0.0,42.95459098,0.0,0.1417492148182003,494.12640249922975,1580,967,0.6120253164556962,E01028659,South Oxfordshire 020A,E02005977,South Oxfordshire 020,56.43770239052369,295,25,5,0,325,200,350
42.278,Rural,Smaller rural: Nearer to a major town or city,0.9272727272727272,0.063636364,0.009090909,0.0,240.6417112299465,540,0.7760631001371743,0.8856823979591837,0.1296296296296296,0.2592592592592592,0.0462962962962962,0.0462962962962962,0.5277777777777778,0.0462962962962962,0.0,1.0,0.4010695187165775,0.5,900,2.985739750445633,4.901960784313726,8.199643494,10.383244206773618,36.49732620320856,7.4866310160427805,1.8716577540106951,8,8,8,9,9,0.0,60.72617354,4.6,0.2427406827408606,1516.989568230077,2244,1405,0.6261140819964349,E01028660,South Oxfordshire 019B,E02005976,South Oxfordshire 019,65.91396143,510,35,5,0,550,300,600
21.991,Rural,Smaller rural: Nearer to a major town or city,0.9272727272727272,0.063636364,0.009090909,0.0,305.2572074618429,540,0.7760631001371743,0.8856823979591837,0.1296296296296296,0.2592592592592592,0.0462962962962962,0.0462962962962962,0.5277777777777778,0.0462962962962962,0.0,1.0,0.2826455624646693,0.4285714285714285,500,1.3566986998304127,3.617863199547767,13.962690785754663,10.062182023742228,42.17071791972866,5.539853024307519,1.5262860373092142,10,10,10,10,10,0.0,51.21719858,4.1,0.8319249308825123,370.7343448322948,1769,1024,0.5788581119276427,E01028661,South Oxfordshire 019C,E02005976,South Oxfordshire 019,10.818283796895871,510,35,5,0,550,150,350
369.23,Rural,Larger rural: Nearer to a major town or city,0.9272727272727272,0.063636364,0.009090909,0.0,390.4555314533623,540,0.7760631001371743,0.8856823979591837,0.1296296296296296,0.2592592592592592,0.0462962962962962,0.0462962962962962,0.5277777777777778,0.0462962962962962,0.0,1.0,0.4338394793926247,0.3333333333333333,600,2.9645697758496024,3.904555314533624,9.255242227,11.424439624005784,47.79464931308749,4.772234273318872,1.8076644974692693,10,10,10,10,10,0.0,74.93386454,0.0,0.7930839256691988,3843.780569957149,1383,845,0.6109906001446131,E01028662,South Oxfordshire 019D,E02005976,South Oxfordshire 019,20.17440964586353,510,35,5,0,550,150,450
23.871,Rural,Larger rural: Nearer to a major town or city,0.9076923076923076,0.076923077,0.0153846153846153,0.0,186.54434250764527,305,0.7700312174817898,0.876464844,0.1639344262295081,0.3278688524590163,0.032786885,0.032786885,0.4426229508196721,0.049180328,0.0,1.0,0.1834862385321101,0.7142857142857143,300,4.097859327217125,7.217125382262997,10.581039755351682,14.00611620795107,28.37920489296636,10.51987767584098,1.834862385321101,8,6,7,7,7,0.0,64.79094203,0.0,2.094969873131751,3531.213338,1635,1004,0.6140672782874618,E01028663,South Oxfordshire 020B,E02005977,South Oxfordshire 020,4.296004498883788,295,25,5,0,325,125,175
24.279,Rural,Larger rural: Nearer to a major town or city,0.9076923076923076,0.076923077,0.0153846153846153,0.0,197.66688269604663,305,0.7700312174817898,0.876464844,0.1639344262295081,0.3278688524590163,0.032786885,0.032786885,0.4426229508196721,0.049180328,0.0,1.0,0.2268308489954633,0.75,350,5.379131561892417,7.323395981853532,10.1749838,11.924821775761504,33.37653920933247,10.304601425793908,3.4996759559300066,10,8,9,9,9,0.0,55.57189781,0.0,2.5323341669253123,3557.058852432878,1543,808,0.5236552171095269,E01028664,South Oxfordshire 020C,E02005977,South Oxfordshire 020,3.948925908203385,295,25,5,0,325,150,200
10.82,Rural,Larger rural: Nearer to a major town or city,0.9076923076923076,0.076923077,0.0153846153846153,0.0,217.54636233951496,305,0.7700312174817898,0.876464844,0.1639344262295081,0.3278688524590163,0.032786885,0.032786885,0.4426229508196721,0.049180328,0.0,1.0,0.1961483594864479,0.375,275,4.493580599,7.0613409415121255,8.630527817403708,12.125534950071328,38.302425106990015,8.844507846,1.2838801711840229,10,10,10,10,9,0.0,47.09192913,0.0,0.5960776678542858,3015.390695092542,1402,787,0.5613409415121255,E01028665,South Oxfordshire 020D,E02005977,South Oxfordshire 020,1.677633727832352,295,25,5,0,325,75,200
123.003,Urban,Urban: Nearer to a major town or city,0.8227848101265823,0.1392405063291139,0.025316456,0.0126582278481012,210.02710027100272,310,0.8102796674225247,0.8819855358316897,0.1129032258064516,0.3548387096774194,0.032258065,0.032258065,0.4838709677419355,0.032258065,0.0,1.0,1.084010840108401,0.6,1600,5.013550135501355,8.333333333333332,11.924119241192413,14.905149051490516,32.113821138211385,11.720867208672086,1.016260162601626,9,8,9,6,7,0.0,55.54680535,0.0,1.3920057066601947,461.0960054335058,1476,986,0.6680216802168022,E01028666,South Oxfordshire 001A,E02005958,South Oxfordshire 001,0.7183878594860617,325,55,10,5,395,600,1000
10.024,Urban,Urban: Nearer to a major town or city,0.8227848101265823,0.1392405063291139,0.025316456,0.0126582278481012,235.02653525398028,310,0.8102796674225247,0.8819855358316897,0.1129032258064516,0.3548387096774194,0.032258065,0.032258065,0.4838709677419355,0.032258065,0.0,1.0,0.06444276,0.7,85,4.094010614101592,7.657316148597422,12.661106899166036,16.45185746777862,32.44882486732373,6.520090978013647,0.9097801364670204,10,9,10,7,8,0.0,54.05743802,1.4,0.2659279200694106,502.75047930676624,1319,890,0.6747536012130402,E01028667,South Oxfordshire 001B,E02005958,South Oxfordshire 001,3.760417483575953,325,55,10,5,395,35,50
10.176,Urban,Urban: Nearer to a major town or city,0.8227848101265823,0.1392405063291139,0.025316456,0.0126582278481012,239.38223938223936,310,0.8102796674225247,0.8819855358316897,0.1129032258064516,0.3548387096774194,0.032258065,0.032258065,0.4838709677419355,0.032258065,0.0,1.0,0.034749035,0.2857142857142857,45,5.405405405405405,7.49034749,10.193050193050194,13.667953667953666,32.2007722,11.428571428571429,1.7760617760617758,10,9,10,9,9,0.0,51.86666667,0.0,2.0744387674246303,454.3953252476373,1295,721,0.5567567567567567,E01028668,South Oxfordshire 001C,E02005958,South Oxfordshire 001,0.4820580947980826,325,55,10,5,395,10,35
142.482,Urban,Urban: Nearer to a major town or city,0.8227848101265823,0.1392405063291139,0.025316456,0.0126582278481012,230.3120356612184,310,0.8102796674225247,0.8819855358316897,0.1129032258064516,0.3548387096774194,0.032258065,0.032258065,0.4838709677419355,0.032258065,0.0,1.0,2.414561664190193,0.625,3250,4.160475482912332,8.395245171,11.589895988112929,14.635958395245172,29.49479940564636,10.475482912332838,1.337295690936107,9,9,9,6,7,0.0,52.44201183,0.7,1.6883076300959694,107.1047181,1346,773,0.5742942050520059,E01028669,South Oxfordshire 001D,E02005958,South Oxfordshire 001,2.9615455802422583,325,55,10,5,395,1250,2000
29.259,Urban,Urban: Nearer to a major town or city,0.7934782608695652,0.1739130434782608,0.032608696,0.0,273.9726027,400,0.8357634994391925,0.9071368192247312,0.1,0.325,0.0875,0.0875,0.4375,0.0625,0.0,1.0,0.136986301,0.6,200,3.904109589041096,6.095890410958904,9.589041096,11.78082191780822,40.89041095890411,10.342465753424658,1.095890410958904,10,10,10,10,10,0.0,50.14921569,0.0,9.372170578727166,617.5241787714403,1460,804,0.5506849315068493,E01028670,South Oxfordshire 003A,E02005960,South Oxfordshire 003,1.0669886891194524,365,80,15,0,460,75,125
50.492,Urban,Urban: Nearer to a major town or city,0.7934782608695652,0.1739130434782608,0.032608696,0.0,242.71844660194176,400,0.8357634994391925,0.9071368192247312,0.1,0.325,0.0875,0.0875,0.4375,0.0625,0.0,1.0,0.4550970873786408,0.875,750,4.490291262135923,6.856796116504854,11.225728155339809,10.436893203883496,30.218446601941743,16.14077669902913,3.033980582524272,8,6,7,6,7,0.0,47.76218487,0.0,5.720769188822846,1011.2763121974484,1648,957,0.5807038834951457,E01028671,South Oxfordshire 003B,E02005960,South Oxfordshire 003,1.0488100117240722,365,80,15,0,460,350,400
152.155,Urban,Urban: Nearer to a major town or city,0.7934782608695652,0.1739130434782608,0.032608696,0.0,146.3057790782736,400,0.8357634994391925,0.9071368192247312,0.1,0.325,0.0875,0.0875,0.4375,0.0625,0.0,1.0,0.8778346744696416,0.2,2400,4.242867593269934,6.291148500365765,10.351133869787857,11.704462326261886,36.28383321141185,8.412582297000732,1.4630577907827358,9,8,8,7,9,0.0,78.16285714,0.0,0.3356164951699225,1961.7457402934688,2734,1579,0.577542063,E01028672,South Oxfordshire 003C,E02005960,South Oxfordshire 003,20.857139326408564,365,80,15,0,460,400,2000
115.478,Urban,Urban: Nearer to a major town or city,0.7934782608695652,0.1739130434782608,0.032608696,0.0,176.91287041132242,400,0.8357634994391925,0.9071368192247312,0.1,0.325,0.0875,0.0875,0.4375,0.0625,0.0,1.0,0.6634232640424591,0.2,1500,2.919062362,6.191950464396285,9.685979655019905,10.96859796550199,27.55417956656347,8.314904909332153,0.6634232640424591,8,6,8,4,7,0.0,72.73723252,0.0,3.068746194004322,1252.0327310343898,2261,1450,0.6413091552410438,E01028673,South Oxfordshire 003D,E02005960,South Oxfordshire 003,1.303463938404274,365,80,15,0,460,250,1250
114.453,Rural,Larger rural: Nearer to a major town or city,0.832,0.128,0.032,0.008,404.7277936962751,565,0.8230224684518314,0.9037540942302849,0.1327433628318584,0.3539823008849557,0.0353982300884955,0.0353982300884955,0.4690265486725664,0.053097345,0.008849558,0.991150442477876,0.6088825214899714,0.2142857142857142,850,4.011461318051576,6.805157593,9.312320916905444,11.532951289398282,35.74498567335244,10.028653295128938,1.8624641833810889,10,9,9,10,9,0.0,88.50465632,0.0,3.5314540060528072,657.4681884682674,1396,846,0.6060171919770774,E01028674,South Oxfordshire 012C,E02005969,South Oxfordshire 012,2.548525333920325,520,80,20,5,625,150,700
8.252,Rural,Larger rural: Nearer to a major town or city,0.832,0.128,0.032,0.008,400.4252303330971,565,0.8230224684518314,0.9037540942302849,0.1327433628318584,0.3539823008849557,0.0353982300884955,0.0353982300884955,0.4690265486725664,0.053097345,0.008849558,0.991150442477876,0.046066619,0.3,65,4.606661941885188,9.425939050318922,10.843373493975903,13.536498936924168,23.17505315379164,11.622962437987242,1.0630758327427356,7,7,7,4,5,0.0,100.3056604,0.0,3.507031117184413,1632.8597903478192,1411,926,0.6562721474131822,E01028675,South Oxfordshire 012D,E02005969,South Oxfordshire 012,1.4257073384664471,520,80,20,5,625,15,50
47.663,Rural,Larger rural: Nearer to a major town or city,0.832,0.128,0.032,0.008,243.8498057833405,565,0.8230224684518314,0.9037540942302849,0.1327433628318584,0.3539823008849557,0.0353982300884955,0.0353982300884955,0.4690265486725664,0.053097345,0.008849558,0.991150442477876,0.4315925766076823,0.25,1000,4.013810962451446,7.423392317652136,9.322399655,12.257229175658178,28.873543375053952,14.242555028053516,2.8053517479499352,7,5,6,5,5,0.0,94.7786747,0.0,9.189166572923558,1386.2373779170775,2317,1494,0.6447993094518775,E01028676,South Oxfordshire 012E,E02005969,South Oxfordshire 012,0.9794141752222724,520,80,20,5,625,200,800
62.007,Rural,Larger rural: Nearer to a major town or city,0.832,0.128,0.032,0.008,386.4569083447332,565,0.8230224684518314,0.9037540942302849,0.1327433628318584,0.3539823008849557,0.0353982300884955,0.0353982300884955,0.4690265486725664,0.053097345,0.008849558,0.991150442477876,0.8207934336525308,0.7142857142857143,1200,3.625170998632011,6.566347469220246,10.328317373461012,11.901504787961697,41.51846785225718,9.644322845417236,1.983584131326949,7,8,6,9,9,0.0,73.06734694,0.0,1.8200240364720124,1500.781992543078,1462,904,0.6183310533515732,E01028677,South Oxfordshire 012F,E02005969,South Oxfordshire 012,1.648329879101645,520,80,20,5,625,500,700
27.613,Rural,Smaller rural: Nearer to a major town or city,0.9,0.088888889,0.0111111111111111,0.0,266.2538699690403,430,0.7842515523847272,0.9092286327483904,0.1162790697674418,0.3023255813953488,0.069767442,0.069767442,0.4302325581395348,0.0465116279069767,0.0116279069767441,0.9883720930232558,0.3715170278637771,0.5,600,3.219814241486068,5.572755417956656,9.721362229102168,12.63157894736842,41.36222910216718,8.111455108359134,1.3622291021671828,6,10,10,9,10,0.0,65.67718696,1.6,0.056442111,3151.439007444026,1615,1012,0.6266253869969041,E01028678,South Oxfordshire 008A,E02005965,South Oxfordshire 008,106.30360768459292,405,40,5,0,450,200,400
45.312,Rural,Smaller rural: Nearer to a major town or city,0.9,0.088888889,0.0111111111111111,0.0,197.42883379247013,430,0.7842515523847272,0.9092286327483904,0.1162790697674418,0.3023255813953488,0.069767442,0.069767442,0.4302325581395348,0.0465116279069767,0.0116279069767441,0.9883720930232558,0.3673094582185491,0.6,800,4.224058769513315,7.529843893480257,11.340679522497704,11.891643709825528,35.67493112947658,10.560146923783286,1.8824609733700643,7,7,8,6,8,0.0,58.20084236,8.3,0.2035625527354261,3538.862687227956,2178,1344,0.6170798898071626,E01028679,South Oxfordshire 008B,E02005965,South Oxfordshire 008,142.4623517945946,405,40,5,0,450,300,500
33.491,Rural,Larger rural: Nearer to a major town or city,0.9,0.088888889,0.0111111111111111,0.0,216.62468513853904,430,0.7842515523847272,0.9092286327483904,0.1162790697674418,0.3023255813953488,0.069767442,0.069767442,0.4302325581395348,0.0465116279069767,0.0116279069767441,0.9883720930232558,0.2141057934508816,0.4166666666666667,425,2.5692695214105794,5.289672544080604,9.118387909319898,10.831234256926953,32.695214105793454,8.564231738035264,1.813602015,9,8,9,9,9,0.0,60.02310811,0.0,0.8801993197586467,6335.115101,1985,1170,0.5894206549118388,E01028680,South Oxfordshire 008C,E02005965,South Oxfordshire 008,6.816637851578001,405,40,5,0,450,125,300
14.976,Rural,Larger rural: Nearer to a major town or city,0.8617021276595744,0.1063829787234042,0.0319148936170212,0.0,332.8173374613003,430,0.8034072471606274,0.9124754306856284,0.093023256,0.3255813953488372,0.058139535,0.058139535,0.3953488372093023,0.058139535,0.0114942528735632,0.9885057471264368,0.1741486068111455,0.8,225,4.102167182662539,5.495356037151703,9.984520124,13.157894736842104,38.15789473684211,11.687306501547988,1.780185758513932,10,10,10,10,9,0.0,81.99773663,0.0,0.9814982561242116,1102.9319177902526,1292,763,0.5905572755417957,E01028681,South Oxfordshire 004C,E02005961,South Oxfordshire 004,4.075402044824202,405,50,15,0,470,100,125
36.676,Rural,Larger rural: Nearer to a major town or city,0.8617021276595744,0.1063829787234042,0.0319148936170212,0.0,345.65916398713824,430,0.8034072471606274,0.9124754306856284,0.093023256,0.3255813953488372,0.058139535,0.058139535,0.3953488372093023,0.058139535,0.0114942528735632,0.9885057471264368,0.4622186495176849,0.6428571428571429,575,6.350482315112541,7.234726688102894,10.369774919614148,14.389067524115756,28.778135048231512,16.157556270096464,2.652733118971061,8,8,8,6,7,0.0,100.7393089,0.0,1.9851354824500864,1030.940882745608,1244,760,0.6109324758842444,E01028682,South Oxfordshire 004D,E02005961,South Oxfordshire 004,6.044927465197189,405,50,15,0,470,225,350
31.714,Rural,Larger rural: Nearer to a major town or city,0.9014084507042254,0.084507042,0.0140845070422535,0.0,226.97368421052636,345,0.8108710180441078,0.8981047100769375,0.1014492753623188,0.3478260869565217,0.0289855072463768,0.0289855072463768,0.3768115942028985,0.072463768,0.0149253731343283,0.9850746268656716,0.2631578947368421,0.6,400,6.776315789473684,6.644736842105263,8.552631578947368,12.171052631578949,30.98684210526316,15.0,1.1842105263157896,9,10,9,8,7,0.0,46.20634058,0.5,1.0653758172056984,2597.656765626041,1520,912,0.6,E01028683,South Oxfordshire 002D,E02005959,South Oxfordshire 002,12.202266833967393,320,30,5,0,355,150,250
16.465,Rural,Larger rural: Nearer to a major town or city,0.8617021276595744,0.1063829787234042,0.0319148936170212,0.0,308.02292263610315,430,0.8034072471606274,0.9124754306856284,0.093023256,0.3255813953488372,0.058139535,0.058139535,0.3953488372093023,0.058139535,0.0114942528735632,0.9885057471264368,0.1969914040114613,0.5714285714285714,275,3.8681948424068766,5.802292263610315,10.744985673352437,13.03724928366762,42.97994269340974,8.381088825,1.7908309455587392,10,9,9,9,9,0.0,91.51837748,1.4,4.947567410205332,521.7246265683985,1396,900,0.6446991404011462,E01028684,South Oxfordshire 004E,E02005961,South Oxfordshire 004,1.4148367105743969,405,50,15,0,470,100,175
12.915,Rural,Larger rural: Nearer to a major town or city,0.903846153846154,0.086538462,0.009615385,0.0,387.9310344827586,495,0.7915825273674142,0.8998020548590819,0.1212121212121212,0.2727272727272727,0.04040404,0.04040404,0.4848484848484848,0.080808081,0.0206185567010309,0.979381443,0.1175548589341692,0.5,150,4.310344827586207,5.6426332288401255,11.285266457680253,11.20689655172414,35.57993730407524,9.404388714733544,2.037617554858934,9,8,9,8,9,0.0,51.67505828,0.0,1.4659905382626082,992.0855655752976,1276,732,0.5736677115987461,E01028685,South Oxfordshire 018E,E02005975,South Oxfordshire 018,2.046397928021688,470,45,5,0,520,50,100
85.943,Rural,Larger rural: Nearer to a major town or city,0.903846153846154,0.086538462,0.009615385,0.0,334.4594594594595,495,0.7915825273674142,0.8998020548590819,0.1212121212121212,0.2727272727272727,0.04040404,0.04040404,0.4848484848484848,0.080808081,0.0206185567010309,0.979381443,0.3885135135135135,0.6428571428571429,575,3.783783783783784,6.959459459459459,11.013513513513514,11.351351351351353,29.864864864864867,9.189189189,1.959459459,9,9,9,6,8,0.0,47.45042373,3.8,0.5973284765769697,655.9580786909338,1480,903,0.6101351351351352,E01028686,South Oxfordshire 018F,E02005975,South Oxfordshire 018,16.74120754681856,470,45,5,0,520,225,350
15.019,Urban,Urban: Nearer to a major town or city,0.875,0.1,0.025,0.0,161.72506738544473,180,0.8268809349890431,0.9024943310657596,0.1111111111111111,0.4444444444444444,0.083333333,0.083333333,0.3611111111111111,0.055555556,0.0,1.0,0.1572327044025157,2.5,175,4.492362982929021,7.816711590296496,9.164420485175205,12.668463611859837,38.00539083557952,10.332434860736749,1.7969451931716085,9,8,8,8,7,0.0,94.05496536,1.4,8.904748280305983,714.2423643452764,1113,716,0.6433063791554358,E01028688,Vale of White Horse 005A,E02005982,Vale of White Horse 005,0.5614981853061647,175,20,5,0,200,125,50
119.844,Urban,Urban: Nearer to a major town or city,0.875,0.1,0.025,0.0,128.9398280802292,180,0.8268809349890431,0.9024943310657596,0.1111111111111111,0.4444444444444444,0.083333333,0.083333333,0.3611111111111111,0.055555556,0.0,1.0,0.7700573065902578,0.1944444444444444,1075,3.939828080229226,8.094555873925502,10.816618911174784,14.541547277936962,33.30945558739255,9.813753582,1.9340974212034383,8,6,6,7,7,0.0,86.60369686,0.0,3.757527989113971,1419.3000476822092,1396,945,0.6769340974212035,E01028689,Vale of White Horse 005B,E02005982,Vale of White Horse 005,0.7983972464586759,175,20,5,0,200,175,900
9.762,Urban,Urban: Nearer to a major town or city,0.8787878787878788,0.090909091,0.0303030303030303,0.0,77.61966364812419,120,0.7456,0.8778696051423324,0.083333333,0.5,0.0416666666666666,0.0416666666666666,0.4166666666666667,0.0,0.0,1.0,0.032341527,0.4285714285714285,50,4.786545924967658,7.891332470892626,10.34928848641656,12.871927554980594,34.34670116429496,14.747736093143596,1.8111254851228973,7,5,6,5,6,0.0,87.61858553,0.0,0.526759614,1221.4560227482314,1546,967,0.6254851228978008,E01028690,Vale of White Horse 008A,E02005985,Vale of White Horse 008,1.898399142,145,15,5,0,165,15,35
12.518,Urban,Urban: Nearer to a major town or city,0.8787878787878788,0.090909091,0.0303030303030303,0.0,65.71741511500548,120,0.7456,0.8778696051423324,0.083333333,0.5,0.0416666666666666,0.0416666666666666,0.4166666666666667,0.0,0.0,1.0,0.052026286966046,0.9,95,5.2026286966046005,7.502738225629792,9.638554217,11.610076670317634,25.629791894852133,16.484118291347208,2.628696604600219,6,5,5,4,6,0.0,110.1455326,0.0,5.455078649540428,1004.2836086827124,1826,1130,0.6188389923329682,E01028691,Vale of White Horse 008B,E02005985,Vale of White Horse 008,0.9165770690439512,145,15,5,0,165,45,50
7.037,Urban,Urban: Nearer to a major town or city,0.8787878787878788,0.090909091,0.0303030303030303,0.0,84.03361344537815,120,0.7456,0.8778696051423324,0.083333333,0.5,0.0416666666666666,0.0416666666666666,0.4166666666666667,0.0,0.0,1.0,0.035014006,0.6666666666666666,50,3.711484593837535,11.974789915966388,10.504201680672267,9.453781512605042,13.935574229691875,24.01960784313725,2.3109243697478994,2,2,3,1,1,0.0,104.8684466,0.0,3.788533613931715,729.438278,1428,957,0.6701680672268907,E01028692,Vale of White Horse 008C,E02005985,Vale of White Horse 008,0.527908738,145,15,5,0,165,20,30
14.547,Urban,Urban: Nearer to a major town or city,0.9393939393939394,0.060606061,0.0,0.0,99.46949602122017,150,0.7596253902185224,0.87890625,0.1,0.3666666666666666,0.033333333,0.033333333,0.4666666666666667,0.1,0.0,1.0,0.079575597,0.6,120,3.4482758620689653,5.106100795755968,10.875331564986736,11.870026525198938,45.88859416445623,5.503978779840849,0.8620689655172413,10,10,10,10,10,0.0,95.24971645,0.0,4.8139036776468505,313.8465193432853,1508,899,0.5961538461538461,E01028693,Vale of White Horse 004A,E02005981,Vale of White Horse 004,0.830926472,155,10,0,0,165,45,75
10.729,Urban,Urban: Nearer to a major town or city,0.9393939393939394,0.060606061,0.0,0.0,107.60401721664276,150,0.7596253902185224,0.87890625,0.1,0.3666666666666666,0.033333333,0.033333333,0.4666666666666667,0.1,0.0,1.0,0.06097561,0.7,85,3.945480631276901,5.738880918220947,10.616929698708752,12.195121951219512,43.04160689,5.380200860832137,1.7934002869440455,10,10,10,10,10,0.0,97.97854545,0.0,3.603161209052732,665.0787241669686,1394,953,0.6836441893830703,E01028694,Vale of White Horse 004B,E02005981,Vale of White Horse 004,0.5550681426562645,155,10,0,0,165,35,50
11.601,Urban,Urban: Nearer to a major town or city,0.875,0.1,0.025,0.0,111.94029850746269,180,0.8268809349890431,0.9024943310657596,0.1111111111111111,0.4444444444444444,0.083333333,0.083333333,0.3611111111111111,0.055555556,0.0,1.0,0.040422886,0.3,65,6.343283582089552,6.7164179104477615,10.07462686567164,13.930348258706468,31.46766169154229,10.696517412935323,1.9278606965174128,10,10,10,10,9,0.0,93.28162544,0.7,1.1520913518021962,891.0080487187051,1608,949,0.5901741293532339,E01028695,Vale of White Horse 005C,E02005982,Vale of White Horse 005,0.8679867255627929,175,20,5,0,200,15,50
39.325,Urban,Urban: Nearer to a major town or city,0.7528089887640449,0.1853932584269663,0.050561798,0.0112359550561797,472.41379310344826,685,0.8380190311418685,0.9256790123456792,0.087591241,0.3138686131386861,0.1313868613138686,0.0437956204379562,0.364963503649635,0.1094890510948905,0.007352941,0.9926470588235294,0.3793103448275862,0.8333333333333334,550,2.344827586206897,3.655172413793104,10.758620689655173,9.724137931034482,45.58620689655172,6.344827586206897,1.103448275862069,10,10,10,10,10,0.0,84.63466387,0.0,4.867389763005177,629.7136126724832,1450,837,0.5772413793103448,E01028696,Vale of White Horse 006B,E02005983,Vale of White Horse 006,1.643591409,670,165,45,10,890,250,300
21.426,Urban,Urban: Nearer to a major town or city,0.7528089887640449,0.1853932584269663,0.050561798,0.0112359550561797,424.6745195288283,685,0.8380190311418685,0.9256790123456792,0.087591241,0.3138686131386861,0.1313868613138686,0.0437956204379562,0.364963503649635,0.1094890510948905,0.007352941,0.9926470588235294,0.1704897706137631,0.5714285714285714,275,4.463732176069436,8.803471791692498,11.90328580285183,12.089274643521389,24.86050836949783,15.74705518,2.045877247365158,6,5,5,4,5,0.0,97.29046763,0.0,1.5711481974382897,387.96067263295424,1613,1075,0.666460012,E01028697,Vale of White Horse 006C,E02005983,Vale of White Horse 006,0.6364771965053776,670,165,45,10,890,100,175
392.426,Urban,Urban: Nearer to a major town or city,0.7528089887640449,0.1853932584269663,0.050561798,0.0112359550561797,493.8716654650325,685,0.8380190311418685,0.9256790123456792,0.087591241,0.3138686131386861,0.1313868613138686,0.0437956204379562,0.364963503649635,0.1094890510948905,0.007352941,0.9926470588235294,4.686373467916367,0.3,6500,2.883922134102379,5.118961788031723,8.940158615717376,11.391492429704398,50.25234318673396,6.849315068493151,1.658255227108868,10,9,9,10,10,0.0,96.50981873,0.0,4.537979034906317,309.60736567321925,1387,994,0.7166546503244412,E01028698,Vale of White Horse 006D,E02005983,Vale of White Horse 006,1.9832616966212575,670,165,45,10,890,1500,5000
29.112,Urban,Urban: Nearer to a major town or city,0.875,0.1,0.025,0.0,112.35955056179776,180,0.8268809349890431,0.9024943310657596,0.1111111111111111,0.4444444444444444,0.083333333,0.083333333,0.3611111111111111,0.055555556,0.0,1.0,0.3433208489388265,0.8333333333333334,550,3.3707865168539324,4.744069912609239,8.426966292134832,10.049937578027466,45.068664169787766,6.991260923845194,1.6229712858926344,10,10,9,10,10,0.0,96.33420593,0.0,2.5258370232736382,202.73509811641784,1602,935,0.583645443,E01028699,Vale of White Horse 005D,E02005982,Vale of White Horse 005,1.187725087706497,175,20,5,0,200,250,300
41.373,Urban,Urban: Nearer to a major town or city,0.7528089887640449,0.1853932584269663,0.050561798,0.0112359550561797,404.36835891381344,685,0.8380190311418685,0.9256790123456792,0.087591241,0.3138686131386861,0.1313868613138686,0.0437956204379562,0.364963503649635,0.1094890510948905,0.007352941,0.9926470588235294,0.4132231404958678,0.75,700,3.778040141676505,10.920897284533648,9.268004722550176,12.455726092089728,25.85596221959858,13.695395513577331,1.7119244391971666,6,5,4,3,4,0.0,96.67785589,0.0,4.028849752010362,789.3702362573885,1694,1122,0.6623376623376623,E01028700,Vale of White Horse 006E,E02005983,Vale of White Horse 006,1.2410490109503445,670,165,45,10,890,300,400
8.711,Urban,Urban: Nearer to a major town or city,0.9393939393939394,0.060606061,0.0,0.0,94.22110553,150,0.7596253902185224,0.87890625,0.1,0.3666666666666666,0.033333333,0.033333333,0.4666666666666667,0.1,0.0,1.0,0.025125628,0.6,40,3.4547738693467336,6.281407035175879,8.354271357,11.683417085427136,35.92964824120603,11.118090452261306,1.6959798994974875,9,8,8,8,7,0.0,96.03945946,0.0,2.444750834566312,289.57385640722686,1592,978,0.614321608,E01028701,Vale of White Horse 004C,E02005981,Vale of White Horse 004,0.8180792789686443,155,10,0,0,165,15,25
53.02,Urban,Urban: Nearer to a major town or city,0.8787878787878788,0.090909091,0.0303030303030303,0.0,98.928277,120,0.7456,0.8778696051423324,0.083333333,0.5,0.0416666666666666,0.0416666666666666,0.4166666666666667,0.0,0.0,1.0,0.7007419620774938,1.4285714285714286,850,4.781533388293488,9.233305853,9.068425391591097,15.169002473206923,30.09068425391591,14.34460016488046,2.555647155812036,9,9,8,7,7,0.0,89.7286036,0.0,1.833750919079275,515.7751056003459,1213,708,0.5836768342951361,E01028702,Vale of White Horse 008D,E02005985,Vale of White Horse 008,2.181321333438457,145,15,5,0,165,500,350
58.494,Urban,Urban: Nearer to a major town or city,0.7528089887640449,0.1853932584269663,0.050561798,0.0112359550561797,400.58479532163744,685,0.8380190311418685,0.9256790123456792,0.087591241,0.3138686131386861,0.1313868613138686,0.0437956204379562,0.364963503649635,0.1094890510948905,0.007352941,0.9926470588235294,0.7309941520467836,0.3888888888888889,1250,4.152046783625731,7.192982456140351,8.245614035,10.818713450292398,36.08187134502924,16.72514619883041,2.690058479532164,6,6,6,4,5,0.0,83.02866941,0.0,6.289112768,133.28942917679416,1710,1115,0.652046784,E01028703,Vale of White Horse 006F,E02005983,Vale of White Horse 006,0.954029641546948,670,165,45,10,890,350,900
30.686,Urban,Urban: Nearer to a major town or city,0.8787878787878788,0.090909091,0.0303030303030303,0.0,64.17112299,120,0.7456,0.8778696051423324,0.083333333,0.5,0.0416666666666666,0.0416666666666666,0.4166666666666667,0.0,0.0,1.0,0.213903743315508,0.6,400,3.7433155080213902,6.898395721925134,8.556149733,10.962566844919785,35.56149732620321,14.385026737967916,2.299465240641711,7,6,6,5,6,0.0,86.56164773,0.0,2.274276831587471,396.3547014054426,1870,1156,0.6181818181818182,E01028704,Vale of White Horse 008E,E02005985,Vale of White Horse 008,0.87940042,145,15,5,0,165,150,250
6.598,Urban,Urban: Nearer to a major town or city,0.9393939393939394,0.060606061,0.0,0.0,130.77593722755012,150,0.7596253902185224,0.87890625,0.1,0.3666666666666666,0.033333333,0.033333333,0.4666666666666667,0.1,0.0,1.0,0.021795989537925,0.6666666666666666,25,5.143853530950305,7.497820401046207,10.897994768962512,13.077593722755012,40.88927637314734,8.456843940714908,2.2667829119442024,10,10,10,9,9,0.0,106.6140878,0.0,4.866290035224979,1485.4981589571062,1147,666,0.5806451612903226,E01028705,Vale of White Horse 004D,E02005981,Vale of White Horse 004,1.0274767767245998,155,10,0,0,165,10,15
8.95,Urban,Urban: Nearer to a major town or city,0.9393939393939394,0.060606061,0.0,0.0,109.01162790697674,150,0.7596253902185224,0.87890625,0.1,0.3666666666666666,0.033333333,0.033333333,0.4666666666666667,0.1,0.0,1.0,0.061773256,1.4285714285714286,85,5.523255813953488,9.520348837209305,9.665697674418606,13.880813953488373,36.91860465116279,8.212209302325581,2.0348837209302326,10,10,10,9,9,0.0,107.4015625,0.0,2.1377493571850548,859.9063061366719,1376,848,0.6162790697674418,E01028706,Vale of White Horse 004E,E02005981,Vale of White Horse 004,0.4677816866785448,155,10,0,0,165,50,35
9.56,Urban,Urban: Nearer to a major town or city,0.9393939393939394,0.060606061,0.0,0.0,107.68126346015794,150,0.7596253902185224,0.87890625,0.1,0.3666666666666666,0.033333333,0.033333333,0.4666666666666667,0.1,0.0,1.0,0.1794687724335965,0.4285714285714285,250,6.317300789662599,10.91170136396267,12.132089016511127,14.429289303661164,31.37114142139268,8.973438621679827,2.08183776,10,10,10,8,7,0.0,97.43132969,0.0,4.353440047591123,802.7754546431113,1393,930,0.6676238334529792,E01028707,Vale of White Horse 004F,E02005981,Vale of White Horse 004,0.4594068088997009,155,10,0,0,165,75,175
47.096,Urban,Urban: Nearer to a major town or city,0.8888888888888888,0.083333333,0.0277777777777777,0.0,182.7956989247312,340,0.7880622837370241,0.8779591836734695,0.1323529411764706,0.2794117647058823,0.044117647,0.044117647,0.4558823529411764,0.1176470588235294,0.0149253731343283,0.9850746268656716,0.4032258064516129,0.25,750,4.086021505376344,7.849462365591398,8.494623655913978,10.806451612903226,38.87096774193549,14.408602150537634,2.204301075268817,8,7,7,7,7,0.0,106.3256449,3.0,0.3763790777691534,2418.177750620497,1860,1169,0.628494624,E01028708,Vale of White Horse 001A,E02005978,Vale of White Horse 001,34.53964571318004,320,30,10,0,360,150,600
21.78,Urban,Urban: Nearer to a major town or city,0.8888888888888888,0.083333333,0.0277777777777777,0.0,167.07616707616708,340,0.7880622837370241,0.8779591836734695,0.1323529411764706,0.2794117647058823,0.044117647,0.044117647,0.4558823529411764,0.1176470588235294,0.0149253731343283,0.9850746268656716,0.1351351351351351,0.375,275,3.832923832923833,4.914004914004914,7.076167076167077,8.108108108108109,46.28992628992629,7.764127764127764,2.6044226044226044,10,10,10,9,10,0.0,93.86133333,0.0,5.398226742561545,701.4188380669716,2035,1228,0.6034398034398034,E01028709,Vale of White Horse 001B,E02005978,Vale of White Horse 001,1.8524601645863508,320,30,10,0,360,75,200
49.884,Urban,Urban: Nearer to a major town or city,0.8888888888888888,0.083333333,0.0277777777777777,0.0,158.3605030274802,340,0.7880622837370241,0.8779591836734695,0.1323529411764706,0.2794117647058823,0.044117647,0.044117647,0.4558823529411764,0.1176470588235294,0.0149253731343283,0.9850746268656716,0.4191895668374476,0.2857142857142857,900,2.5151374010246856,4.517931998136935,8.244061481,9.455053563,47.64788076385654,6.334420121099209,1.304145319049837,10,10,10,10,10,0.0,58.35407895,0.0,1.6478946118370037,1004.0831273227702,2147,1328,0.6185374941779227,E01028710,Vale of White Horse 001C,E02005978,Vale of White Horse 001,8.495688922966615,320,30,10,0,360,200,700
22.041,Rural,Smaller rural: Nearer to a major town or city,0.8888888888888888,0.083333333,0.0277777777777777,0.0,203.47097546379413,340,0.7880622837370241,0.8779591836734695,0.1323529411764706,0.2794117647058823,0.044117647,0.044117647,0.4558823529411764,0.1176470588235294,0.0149253731343283,0.9850746268656716,0.2094554159186116,0.4,350,4.129263913824058,7.001795332136446,9.515260323159785,10.053859964093355,41.11310592459605,9.33572711,1.7354877318970678,9,9,10,8,9,0.084848485,193.3450102,8.5,0.7011677122564907,1420.9778163787837,1671,1011,0.6050269299820467,E01028711,Vale of White Horse 001D,E02005978,Vale of White Horse 001,37.08100008816303,320,30,10,0,360,100,250
47.322,Rural,Larger rural: Further from a major town or city,0.7707317073170732,0.1707317073170731,0.048780488,0.009756098,397.9871912168344,870,0.8425142857142858,0.8891507210858705,0.1494252873563218,0.264367816091954,0.051724138,0.051724138,0.4942528735632184,0.063218391,0.005780347,0.9942196531791908,0.2287282708142726,0.6666666666666666,500,3.751143641354071,6.1299176578225065,9.240622140896615,12.580054894784997,39.38700823421775,9.286367795,1.9213174748398905,7,9,9,8,9,0.0,67.95246843,0.8,0.08480413,813.4661602281305,2186,1295,0.5924062214089661,E01028712,Vale of White Horse 015A,E02005992,Vale of White Horse 015,58.95939231619612,790,175,50,10,1025,200,300
34.669,Rural,Smaller rural: Nearer to a major town or city,0.8426966292134831,0.1348314606741573,0.0168539325842696,0.005617978,318.7403993855607,830,0.8136639118457301,0.913517056271652,0.1385542168674698,0.2951807228915662,0.048192771,0.042168675,0.3795180722891566,0.072289157,0.0180722891566265,0.9819277108433736,0.1344086021505376,0.5555555555555556,350,4.070660522273426,6.413210445,9.447004608,13.095238095238097,36.098310291858674,9.254992319508448,1.651305683563748,7,9,8,8,9,0.036036036,53.87682927,19.8,0.1325038471519665,7121.145120005952,2604,1595,0.6125192012288786,E01028713,Vale of White Horse 016E,E02006886,Vale of White Horse 016,211.3146191739417,750,120,15,5,890,125,225
51.509,Rural,Larger rural: Nearer to a major town or city,0.8426966292134831,0.1348314606741573,0.0168539325842696,0.005617978,333.86967015285603,830,0.8136639118457301,0.913517056271652,0.1385542168674698,0.2951807228915662,0.048192771,0.042168675,0.3795180722891566,0.072289157,0.0180722891566265,0.9819277108433736,0.3016894609814964,0.6666666666666666,750,2.695092518101368,6.074014481094127,10.257441673370876,12.268704746580852,34.51327433628318,6.476267095736123,1.8101367658889784,9,8,9,8,10,0.178947368,93.71108404,24.2,0.1707837326192532,1475.067560420434,2486,1605,0.6456154465004023,E01028715,Vale of White Horse 016F,E02006886,Vale of White Horse 016,93.68573783119348,750,120,15,5,890,300,450
40.821,Rural,Larger rural: Nearer to a major town or city,0.8426966292134831,0.146067415730337,0.0112359550561797,0.0,138.06361412093673,395,0.8299951930780324,0.9183183941421538,0.075949367,0.3670886075949367,0.063291139,0.063291139,0.3544303797468354,0.088607595,0.0125,0.9875,0.2446696959105208,1.0,700,2.9010835372247463,5.941978329255505,9.227542817196785,12.128626354421533,25.51555400209717,6.7458930443900735,1.223348479552604,7,5,6,5,8,0.0,47.65152888,0.0,0.5414658502233145,167.35870205608757,2861,1918,0.670394967,E01028716,Vale of White Horse 009A,E02005986,Vale of White Horse 009,7.387354157885113,375,65,5,0,445,350,350
33.998,Rural,Larger rural: Nearer to a major town or city,0.8426966292134831,0.146067415730337,0.0112359550561797,0.0,245.7996266334785,395,0.8299951930780324,0.9183183941421538,0.075949367,0.3670886075949367,0.063291139,0.063291139,0.3544303797468354,0.088607595,0.0125,0.9875,0.357809583074051,0.6428571428571429,575,3.111387678904792,6.596141879278158,10.14312383322962,13.87678904791537,34.10080896079651,13.44119477,2.115743621655258,6,4,6,5,7,0.0,54.83668061,0.0,0.2223233357113472,449.8196572080441,1607,1090,0.6782825140012445,E01028717,Vale of White Horse 009B,E02005986,Vale of White Horse 009,26.98772029846692,375,65,5,0,445,225,350
30.768,Rural,Larger rural: Nearer to a major town or city,0.8426966292134831,0.146067415730337,0.0112359550561797,0.0,266.7116812964213,395,0.8299951930780324,0.9183183941421538,0.075949367,0.3670886075949367,0.063291139,0.063291139,0.3544303797468354,0.088607595,0.0125,0.9875,0.388251181634031,0.6428571428571429,575,4.794058068872384,7.697501688048616,11.411208642808914,12.829169480081026,23.22754895340986,18.568534773801485,2.2957461174881835,5,4,4,3,4,0.0,51.90198347,0.0,13.155965932878775,42.05381787262869,1481,992,0.6698176907494936,E01028718,Vale of White Horse 009C,E02005986,Vale of White Horse 009,0.7601114240504733,375,65,5,0,445,225,350
19.744,Rural,Larger rural: Nearer to a major town or city,0.8426966292134831,0.146067415730337,0.0112359550561797,0.0,202.77207392197124,395,0.8299951930780324,0.9183183941421538,0.075949367,0.3670886075949367,0.063291139,0.063291139,0.3544303797468354,0.088607595,0.0125,0.9875,0.089835729,0.75,175,3.4907597535934287,5.492813141683778,8.983572895277208,9.496919917864478,28.388090349075974,10.061601642710473,3.028747433264887,9,7,8,9,9,0.0,46.08519793,0.0,8.872364322150723,615.9008998196264,1948,1046,0.5369609856262834,E01028719,Vale of White Horse 009D,E02005986,Vale of White Horse 009,1.6906429284639537,375,65,5,0,445,75,100
202.333,Rural,Smaller rural: Further from a major town or city,0.8426966292134831,0.1348314606741573,0.0168539325842696,0.005617978,284.7341337907376,830,0.8136639118457301,0.913517056271652,0.1385542168674698,0.2951807228915662,0.048192771,0.042168675,0.3795180722891566,0.072289157,0.0180722891566265,0.9819277108433736,1.0291595197255574,0.5,3000,3.5334476843910805,6.106346483704974,9.262435677530018,11.76672384219554,31.903945111492284,10.806174957118351,1.5780445969125214,7,7,7,6,8,0.0,49.81872624,0.0,0.1611223200828837,2497.014166568047,2915,1746,0.5989708404802745,E01028720,Vale of White Horse 016G,E02006886,Vale of White Horse 016,99.303436,750,120,15,5,890,1000,2000
12.325,Urban,Urban: Further from a major town or city,0.8823529411764706,0.098039216,0.019607843,0.0,186.4125932062966,225,0.7744726879394267,0.9060650887573964,0.1111111111111111,0.4444444444444444,0.0222222222222222,0.0222222222222222,0.3555555555555555,0.066666667,0.0227272727272727,0.9772727272727272,0.09942005,0.2,120,5.882352941,8.947804473902236,12.510356255178127,19.46975973487987,28.74896437448219,7.787903893951947,1.077050538525269,10,9,9,8,8,0.0,107.8487912,0.0,0.8458023553840235,1462.4709975116784,1207,815,0.6752278376139188,E01028721,Vale of White Horse 011A,E02005988,Vale of White Horse 011,1.1823093109571272,225,25,5,0,255,20,100
67.529,Urban,Urban: Further from a major town or city,0.8823529411764706,0.098039216,0.019607843,0.0,128.13211845102506,225,0.7744726879394267,0.9060650887573964,0.1111111111111111,0.4444444444444444,0.0222222222222222,0.0222222222222222,0.3555555555555555,0.066666667,0.0227272727272727,0.9772727272727272,0.2989749430523918,0.75,525,5.580865603644647,8.029612756264237,9.965831435079728,12.072892938496585,25.56947608200456,10.876993166287017,1.5945330296127564,8,7,8,5,7,0.0,88.50440678,0.0,2.3731801861760173,370.0904449002032,1756,1047,0.5962414578587699,E01028722,Vale of White Horse 011B,E02005988,Vale of White Horse 011,6.742008084005337,225,25,5,0,255,225,300
67.529,Urban,Urban: Further from a major town or city,0.8823529411764706,0.098039216,0.019607843,0.0,90.61619009262988,225,0.7744726879394267,0.9060650887573964,0.1111111111111111,0.4444444444444444,0.0222222222222222,0.0222222222222222,0.3555555555555555,0.066666667,0.0227272727272727,0.9772727272727272,0.5739025372533226,0.14,1425,3.906564639548933,7.4909383809907375,10.592025775271848,12.605718888441404,24.325412807088203,8.981071284736206,1.6915022150624244,7,6,7,4,7,0.0,109.4731836,0.0,0.7636145687843842,194.5887643449044,2483,1526,0.6145791381393476,E01028723,Vale of White Horse 011C,E02005988,Vale of White Horse 011,11.786050669943752,225,25,5,0,255,175,1250
8.502,Urban,Urban: Further from a major town or city,0.8823529411764706,0.098039216,0.019607843,0.0,187.5,225,0.7744726879394267,0.9060650887573964,0.1111111111111111,0.4444444444444444,0.0222222222222222,0.0222222222222222,0.3555555555555555,0.066666667,0.0227272727272727,0.9772727272727272,0.0375,0.5,45,5.666666666666666,8.583333333333334,12.666666666666668,16.416666666666664,25.916666666666664,12.666666666666668,2.666666666666667,9,10,9,3,7,0.0,108.1368421,0.0,12.27777268783114,804.6213605,1200,724,0.6033333333333334,E01028724,Vale of White Horse 011D,E02005988,Vale of White Horse 011,0.407239988,225,25,5,0,255,15,30
32.313,Urban,Urban: Further from a major town or city,0.8823529411764706,0.098039216,0.019607843,0.0,54.54545454545454,225,0.7744726879394267,0.9060650887573964,0.1111111111111111,0.4444444444444444,0.0222222222222222,0.0222222222222222,0.3555555555555555,0.066666667,0.0227272727272727,0.9772727272727272,0.072727273,0.7142857142857143,300,3.0545454545454547,6.230303030303031,7.806060606060607,10.206060606060603,18.545454545454547,5.527272727272727,1.3333333333333337,6,4,6,4,7,0.0,94.25572005,0.0,1.3777666901362169,798.1645575329618,4125,2669,0.6470303030303031,E01028725,Vale of White Horse 011E,E02005988,Vale of White Horse 011,5.080686048018715,225,25,5,0,255,125,175
72.121,Rural,Smaller rural: Nearer to a major town or city,0.9043478260869564,0.07826087,0.017391304347826,0.0,169.51788491446345,545,0.7905058496759532,0.8929845422116528,0.1192660550458715,0.3027522935779816,0.036697248,0.0275229357798165,0.4311926605504587,0.0458715596330275,0.009090909,0.990909091,0.4043545878693623,0.625,1300,3.5458786936236395,5.287713841368585,8.646967341,11.104199066874028,36.7651633,5.9720062208398135,1.181959564541213,9,9,9,8,10,0.0,125.8455435,0.0,0.4293881802131193,1568.244888450265,3215,1951,0.6068429237947123,E01028726,Vale of White Horse 007A,E02005984,Vale of White Horse 007,97.81359137355396,520,45,10,0,575,500,800
14.524,Urban,Urban: Nearer to a major town or city,0.7707317073170732,0.1707317073170731,0.048780488,0.009756098,670.2619414483821,870,0.8425142857142858,0.8891507210858705,0.1494252873563218,0.264367816091954,0.051724138,0.051724138,0.4942528735632184,0.063218391,0.005780347,0.9942196531791908,0.1540832049306625,0.6,200,3.7750385208012327,6.3944530046224966,8.936825885978427,11.171032357473036,35.43913713405239,11.787365177195683,1.0015408320493069,7,6,6,8,8,0.0,97.19593679,0.0,0.3436740691157413,178.86918694466002,1298,793,0.610939908,E01028728,Vale of White Horse 015C,E02005992,Vale of White Horse 015,2.909733639703913,790,175,50,10,1025,75,125
353.797,Rural,Smaller rural: Nearer to a major town or city,0.7707317073170732,0.1707317073170731,0.048780488,0.009756098,454.0709812108559,870,0.8425142857142858,0.8891507210858705,0.1494252873563218,0.264367816091954,0.051724138,0.051724138,0.4942528735632184,0.063218391,0.005780347,0.9942196531791908,3.549060542797495,0.1333333333333333,6800,2.609603340292276,6.628392484342379,8.716075156576201,12.369519832985386,36.53444676409186,6.263048016701461,0.6784968684759917,9,8,10,10,10,0.022988506,100.7626298,3.7,0.9013119201945824,423.0358594906068,1916,1223,0.6383089770354906,E01028729,Vale of White Horse 015D,E02005992,Vale of White Horse 015,21.080382467257422,790,175,50,10,1025,800,6000
119.65,Rural,Smaller rural: Nearer to a major town or city,0.7707317073170732,0.1707317073170731,0.048780488,0.009756098,528.5540705,870,0.8425142857142858,0.8891507210858705,0.1494252873563218,0.264367816091954,0.051724138,0.051724138,0.4942528735632184,0.063218391,0.005780347,0.9942196531791908,1.488456865127582,0.225,2450,3.2806804374240586,5.528554070473876,8.930741190765493,12.515188335358443,41.130012150668286,8.383961117861482,1.336573511543135,8,9,9,10,10,0.005617978,55.38874598,6.7,0.078566908,1883.6526962969435,1646,980,0.5953827460510328,E01028730,Vale of White Horse 015E,E02005992,Vale of White Horse 015,114.55204564800732,790,175,50,10,1025,450,2000
36.305,Rural,Larger rural: Nearer to a major town or city,0.824,0.144,0.024,0.008,249.65955515206537,550,0.8208161865569273,0.9025754422476588,0.1727272727272727,0.3363636363636363,0.063636364,0.063636364,0.4363636363636363,0.036363636,0.0,1.0,0.226963231956423,0.4285714285714285,500,3.767589650476623,7.67135724,9.668633681,11.71130276895143,27.09940989559692,11.302768951429869,1.770313209,7,6,6,5,7,0.0,109.9325959,1.3,0.2399663103938444,2257.8029121174804,2203,1293,0.5869269178393101,E01028731,Vale of White Horse 010B,E02005987,Vale of White Horse 010,29.17076146443748,515,90,15,5,625,150,350
230.858,Urban,Urban: Nearer to a major town or city,0.824,0.144,0.024,0.008,257.4906367041199,550,0.8208161865569273,0.9025754422476588,0.1727272727272727,0.3363636363636363,0.063636364,0.063636364,0.4363636363636363,0.036363636,0.0,1.0,0.4681647940074906,0.4285714285714285,1000,2.902621722846442,5.149812734082397,8.192883895131086,11.938202247191011,26.54494382022472,7.162921348314606,1.2172284644194755,8,6,8,6,8,0.0,86.80212072,7.2,1.398836030292509,192.8565749641984,2136,1453,0.6802434456928839,E01028732,Vale of White Horse 010C,E02005987,Vale of White Horse 010,11.438081128532454,515,90,15,5,625,300,700
34.157,Urban,Urban: Nearer to a major town or city,0.83,0.13,0.04,0.0,286.8271954674221,405,0.7889041304679165,0.8985839233652644,0.1111111111111111,0.3086419753086419,0.037037037037037,0.037037037037037,0.4814814814814814,0.074074074,0.0,1.0,0.3895184135977337,0.375,550,4.2492917847025495,4.957507082152975,7.932011331444759,8.640226628895183,42.20963172804532,7.577903682719548,2.6203966005665724,8,8,8,7,10,0.0,96.60320513,0.0,0.4058569340214444,779.5058637220814,1412,841,0.5956090651558074,E01028733,Vale of White Horse 002A,E02005979,Vale of White Horse 002,17.247456956421342,415,65,20,0,500,150,400
14.507,Urban,Urban: Nearer to a major town or city,0.83,0.13,0.04,0.0,256.65399239543723,405,0.7889041304679165,0.8985839233652644,0.1111111111111111,0.3086419753086419,0.037037037037037,0.037037037037037,0.4814814814814814,0.074074074,0.0,1.0,0.1425855513307984,0.8,225,4.6261089987325725,7.414448669,9.632446134347274,11.153358681875792,35.741444866920155,11.47021546,2.9784537389100127,10,10,10,9,9,0.0,94.95062389,2.0,3.464501050330367,585.3649849497394,1578,985,0.6242078580481623,E01028734,Vale of White Horse 002B,E02005979,Vale of White Horse 002,2.309134817331673,415,65,20,0,500,100,125
14.067,Urban,Urban: Nearer to a major town or city,0.83,0.13,0.04,0.0,243.97590361445785,405,0.7889041304679165,0.8985839233652644,0.1111111111111111,0.3086419753086419,0.037037037037037,0.037037037037037,0.4814814814814814,0.074074074,0.0,1.0,0.090361446,1.0,150,4.819277108433735,7.108433735,9.819277108433736,12.228915662650602,32.53012048192771,14.21686746987952,2.289156626506024,9,8,8,8,7,0.0,107.8757062,0.0,2.9488271605853797,1256.3730913847296,1660,1031,0.6210843373493976,E01028735,Vale of White Horse 002C,E02005979,Vale of White Horse 002,2.0347072491047338,415,65,20,0,500,75,75
60.866,Rural,Smaller rural: Nearer to a major town or city,0.9043478260869564,0.07826087,0.017391304347826,0.0,226.2349522623495,545,0.7905058496759532,0.8929845422116528,0.1192660550458715,0.3027522935779816,0.036697248,0.0275229357798165,0.4311926605504587,0.0458715596330275,0.009090909,0.990909091,0.332088003,1.2857142857142858,800,3.3623910336239105,4.898298048982981,10.87588210875882,11.45703611457036,40.59775840597759,9.755085097550852,1.452885015,8,9,10,9,9,0.0,89.49061372,2.8,0.1909982721231038,590.6343635592348,2409,1461,0.6064757160647571,E01028737,Vale of White Horse 007C,E02005984,Vale of White Horse 007,151.83383429410648,520,45,10,0,575,450,350
78.553,Urban,Urban: Nearer to a major town or city,0.8556701030927835,0.1237113402061855,0.0206185567010309,0.0,191.31556319862423,445,0.8011614695114254,0.894748264,0.1011235955056179,0.3595505617977528,0.0337078651685393,0.0337078651685393,0.4269662921348314,0.08988764,0.0113636363636363,0.9886363636363636,0.204213241616509,0.5833333333333334,475,7.738607050730868,7.136715391229578,9.071367153912297,12.553740326741186,19.38950988822012,5.717970765262253,1.8056749785038693,10,9,10,8,7,0.0,45.80619048,3.9,0.7337991531354231,915.7988464,2326,1531,0.6582115219260533,E01028738,Vale of White Horse 003A,E02005980,Vale of White Horse 003,16.35324863585035,415,60,10,0,485,175,300
72.088,Rural,Larger rural: Nearer to a major town or city,0.8556701030927835,0.1237113402061855,0.0206185567010309,0.0,169.07294832826747,445,0.8011614695114254,0.894748264,0.1011235955056179,0.3595505617977528,0.0337078651685393,0.0337078651685393,0.4269662921348314,0.08988764,0.0113636363636363,0.9886363636363636,0.303951368,0.3333333333333333,800,3.913373860182371,5.851063829787234,8.092705167173252,9.992401215805472,31.42097264,8.966565349544073,0.8738601823708206,8,7,8,7,8,0.0,73.68169192,0.9,0.5862077029268531,864.2986629892227,2632,1514,0.5752279635258358,E01028739,Vale of White Horse 003B,E02005980,Vale of White Horse 003,25.58820009547315,415,60,10,0,485,200,600
14.754,Urban,Urban: Nearer to a major town or city,0.83,0.13,0.04,0.0,242.6602756141402,405,0.7889041304679165,0.8985839233652644,0.1111111111111111,0.3086419753086419,0.037037037037037,0.037037037037037,0.4814814814814814,0.074074074,0.0,1.0,0.095865788,0.28,160,3.894547633313361,4.793289394847214,6.950269623,10.24565608148592,44.45775913720791,7.789095266626722,1.797483523067705,10,10,10,10,10,0.0,104.1478648,0.0,3.993479782117263,458.5936996838197,1669,1105,0.6620730976632714,E01028740,Vale of White Horse 002D,E02005979,Vale of White Horse 002,0.7512245369148858,415,65,20,0,500,35,125
29.144,Urban,Urban: Nearer to a major town or city,0.83,0.13,0.04,0.0,188.2845188284519,405,0.7889041304679165,0.8985839233652644,0.1111111111111111,0.3086419753086419,0.037037037037037,0.037037037037037,0.4814814814814814,0.074074074,0.0,1.0,0.1510925151092515,0.8571428571428571,325,1.5806601580660158,3.207810320781032,6.043700604370061,18.317061831706184,42.72431427243143,4.370060437006043,0.8833100883310088,10,9,9,8,10,0.0,97.85282332,0.0,1.2426692886226365,313.8401390479916,2151,1593,0.7405857740585774,E01028741,Vale of White Horse 002E,E02005979,Vale of White Horse 002,4.828315992785456,415,65,20,0,500,150,175
193.969,Urban,Urban: Nearer to a major town or city,0.83,0.13,0.04,0.0,184.7627737226277,405,0.7889041304679165,0.8985839233652644,0.1111111111111111,0.3086419753086419,0.037037037037037,0.037037037037037,0.4814814814814814,0.074074074,0.0,1.0,1.1633211678832116,0.4571428571428571,2550,2.691605839416058,4.197080291970803,6.979927007299271,7.709854015,47.94708029,9.306569343065693,1.6423357664233578,9,7,8,8,9,0.0,84.52789539,0.0,0.7081424771498103,1229.3754735022108,2192,1561,0.7121350364963503,E01028742,Vale of White Horse 002F,E02005979,Vale of White Horse 002,21.182177999508276,415,65,20,0,500,800,1750
78.553,Rural,Smaller rural: Nearer to a major town or city,0.8556701030927835,0.1237113402061855,0.0206185567010309,0.0,249.8596294216732,445,0.8011614695114254,0.894748264,0.1011235955056179,0.3595505617977528,0.0337078651685393,0.0337078651685393,0.4269662921348314,0.08988764,0.0113636363636363,0.9886363636363636,0.4211117349803481,0.6666666666666666,750,3.5934868051656377,3.481190342504211,18.75350926445817,6.569343065693431,21.50477259966311,11.229646266142616,0.8983717012914094,9,10,10,6,9,0.0,92.80382166,0.0,1.126245754098141,2222.920168857379,1781,985,0.5530600786075238,E01028743,Vale of White Horse 003C,E02005980,Vale of White Horse 003,6.215339746701519,415,60,10,0,485,300,450
20.125,Rural,Smaller rural: Nearer to a major town or city,0.8556701030927835,0.1237113402061855,0.0206185567010309,0.0,257.3742047426258,445,0.8011614695114254,0.894748264,0.1011235955056179,0.3595505617977528,0.0337078651685393,0.0337078651685393,0.4269662921348314,0.08988764,0.0113636363636363,0.9886363636363636,0.18796992481203,0.3,325,4.048582995951417,4.973973395026027,6.0728744939271255,9.080393290919607,27.472527472527474,9.600925390399077,1.3880855986119145,8,6,7,8,8,0.004545455,102.473176,12.3,0.7270605947780634,2214.458380213429,1729,1054,0.6096009253903991,E01028744,Vale of White Horse 003D,E02005980,Vale of White Horse 003,20.63101770022178,415,60,10,0,485,75,250
119.105,Rural,Larger rural: Nearer to a major town or city,0.8426966292134831,0.1348314606741573,0.0168539325842696,0.005617978,357.6044808272296,830,0.8136639118457301,0.913517056271652,0.1385542168674698,0.2951807228915662,0.048192771,0.042168675,0.3795180722891566,0.072289157,0.0180722891566265,0.9819277108433736,0.1723395088323998,0.7777777777777778,400,1.5079707022834985,4.480827229642395,8.616975442,10.814304179233089,32.09823352003447,5.299439896596295,1.4218009478672986,9,6,9,9,10,0.040229885,89.82981575,13.8,0.2098233949888188,1211.5030593186802,2321,1481,0.6380870314519603,E01028745,Vale of White Horse 016A,E02006886,Vale of White Horse 016,23.82956390666752,750,120,15,5,890,175,225
28.629,Rural,Larger rural: Nearer to a major town or city,0.8426966292134831,0.1348314606741573,0.0168539325842696,0.005617978,455.2934722984092,830,0.8136639118457301,0.913517056271652,0.1385542168674698,0.2951807228915662,0.048192771,0.042168675,0.3795180722891566,0.072289157,0.0180722891566265,0.9819277108433736,0.1782775644541963,0.4444444444444444,325,4.333516182117389,7.295666483817882,9.434997257,11.51947339550192,29.12781130005485,8.008776741634668,1.6456390565002743,8,7,7,7,8,0.007633588,71.1892437,3.1,0.334792305772644,793.4917062248953,1823,1071,0.5874931431705979,E01028746,Vale of White Horse 016B,E02006886,Vale of White Horse 016,17.921558818841472,750,120,15,5,890,100,225
97.756,Rural,Smaller rural: Nearer to a major town or city,0.8426966292134831,0.1348314606741573,0.0168539325842696,0.005617978,506.7155067155067,830,0.8136639118457301,0.913517056271652,0.1385542168674698,0.2951807228915662,0.048192771,0.042168675,0.3795180722891566,0.072289157,0.0180722891566265,0.9819277108433736,1.4957264957264955,0.225,2450,2.747252747252748,5.1892551892551895,6.41025641,11.294261294261297,36.507936507936506,4.334554334554334,1.221001221001221,8,7,9,7,10,0.0,52.61370826,7.2,0.3184657242546818,274.1572854112921,1638,1016,0.6202686202686203,E01028747,Vale of White Horse 016C,E02006886,Vale of White Horse 016,34.54060880725467,750,120,15,5,890,450,2000
26.267,Rural,Larger rural: Nearer to a major town or city,0.8426966292134831,0.1348314606741573,0.0168539325842696,0.005617978,541.4220482713633,830,0.8136639118457301,0.913517056271652,0.1385542168674698,0.2951807228915662,0.048192771,0.042168675,0.3795180722891566,0.072289157,0.0180722891566265,0.9819277108433736,0.081539465,0.6666666666666666,125,3.392041748206132,5.544683626875408,10.50228310502283,11.6764514,28.31050228310502,7.566862361382909,1.2393998695368558,7,5,7,5,8,0.0,53.91070039,0.0,5.321042372415924,597.1740028404374,1533,1005,0.6555772994129159,E01028748,Vale of White Horse 016D,E02006886,Vale of White Horse 016,1.8793310220267383,750,120,15,5,890,50,75
50.843,Rural,Larger rural: Nearer to a major town or city,0.8426966292134831,0.146067415730337,0.0112359550561797,0.0,127.50161394448033,395,0.8299951930780324,0.9183183941421538,0.075949367,0.3670886075949367,0.063291139,0.063291139,0.3544303797468354,0.088607595,0.0125,0.9875,0.2743705616526791,0.2142857142857142,850,3.5506778566817303,6.391220142027114,8.715300193673338,11.071659134925758,28.631375080697225,9.522272433828276,1.3234344738540995,7,6,8,7,8,0.164705882,60.40687563,17.6,0.3199481650767769,62.165091602559336,3098,1900,0.6132989025177534,E01028749,Vale of White Horse 009E,E02005986,Vale of White Horse 009,59.38461936620463,375,65,5,0,445,150,700
18.423,Urban,Urban: Nearer to a major town or city,0.8556701030927835,0.1237113402061855,0.0206185567010309,0.0,327.6877761413844,445,0.8011614695114254,0.894748264,0.1011235955056179,0.3595505617977528,0.0337078651685393,0.0337078651685393,0.4269662921348314,0.08988764,0.0113636363636363,0.9886363636363636,0.095729013,0.3,130,5.375552282768778,8.615611193,10.014727540500736,12.44477172312224,25.920471281296027,17.452135493372605,2.2091310751104567,7,6,5,5,5,0.0,58.17920998,0.0,3.919393621404887,1662.0755662340775,1358,820,0.6038291605301914,E01028750,Vale of White Horse 003E,E02005980,Vale of White Horse 003,3.061698099028559,415,60,10,0,485,30,100
24.96,Urban,Urban: Nearer to a major town or city,0.8556701030927835,0.1237113402061855,0.0206185567010309,0.0,232.37597911227152,445,0.8011614695114254,0.894748264,0.1011235955056179,0.3595505617977528,0.0337078651685393,0.0337078651685393,0.4269662921348314,0.08988764,0.0113636363636363,0.9886363636363636,0.1697127937336814,0.4444444444444444,325,2.193211488250653,3.0809399477806787,6.057441253263708,6.475195822454308,38.06788511749348,6.736292428198433,1.4621409921671018,9,7,10,7,10,0.007936508,134.136129,1.6,0.8698134973593011,1844.862098631868,1915,1099,0.5738903394255874,E01028751,Vale of White Horse 003F,E02005980,Vale of White Horse 003,24.143106612802256,415,60,10,0,485,100,225
47.125,Urban,Urban: Nearer to a major town or city,0.8556701030927835,0.1237113402061855,0.0206185567010309,0.0,271.8387293830177,445,0.8011614695114254,0.894748264,0.1011235955056179,0.3595505617977528,0.0337078651685393,0.0337078651685393,0.4269662921348314,0.08988764,0.0113636363636363,0.9886363636363636,0.3817959682345754,0.3888888888888889,625,4.7648136835675015,6.658521686010996,11.912034208918756,13.927916921197312,37.08002443494197,9.163103238,1.9547953573610264,10,10,10,8,9,0.042253521,124.2671287,4.2,0.7279238474665424,920.2465879198844,1637,1026,0.6267562614538791,E01028752,Vale of White Horse 003G,E02005980,Vale of White Horse 003,15.111470847238031,415,60,10,0,485,175,450
680.613,Rural,Larger rural: Nearer to a major town or city,0.824,0.144,0.024,0.008,311.262026,550,0.8208161865569273,0.9025754422476588,0.1727272727272727,0.3363636363636363,0.063636364,0.063636364,0.4363636363636363,0.036363636,0.0,1.0,2.490096208262592,0.1,4400,4.244482173174872,7.979626485568761,10.01697793,11.544991511035652,27.61743067345784,14.48783248,2.2071307300509337,6,5,5,5,5,0.0,60.33006042,0.0,1.3736846099718552,1070.2467861745858,1767,1099,0.6219581211092247,E01028753,Vale of White Horse 010D,E02005987,Vale of White Horse 010,9.463598781,515,90,15,5,625,400,4000
33.424,Rural,Smaller rural: Nearer to a major town or city,0.824,0.144,0.024,0.008,299.2383025027204,550,0.8208161865569273,0.9025754422476588,0.1727272727272727,0.3363636363636363,0.063636364,0.063636364,0.4363636363636363,0.036363636,0.0,1.0,0.2176278563656148,0.3333333333333333,400,2.883569096844396,3.917301414581066,7.508161045,10.065288356909685,38.62894450489663,6.692056583242654,1.46898803,9,9,9,8,10,0.0,57.47466667,0.7,0.3252222734547726,1795.713178,1838,1106,0.6017410228509249,E01028754,Vale of White Horse 010E,E02005987,Vale of White Horse 010,21.523741057586147,515,90,15,5,625,100,300
18.988,Urban,Urban: Further from a major town or city,0.8533333333333334,0.12,0.026666667,0.0,164.02116402116403,310,0.7388681413386957,0.903734284,0.064516129,0.4193548387096774,0.048387097,0.048387097,0.3225806451612903,0.096774194,0.016393443,0.9836065573770492,0.1587301587301587,0.7142857142857143,300,5.291005291005291,5.925925925925927,11.005291005291005,12.592592592592592,31.375661375661373,11.428571428571429,2.0105820105820107,9,7,7,7,8,0.0,96.77943368,0.0,3.5609328549092827,974.0306102600732,1890,1168,0.617989418,E01028755,Vale of White Horse 014A,E02005991,Vale of White Horse 014,2.808252895365183,320,45,10,0,375,125,175
30.068,Urban,Urban: Further from a major town or city,0.7707317073170732,0.1707317073170731,0.048780488,0.009756098,363.5603844546594,870,0.8425142857142858,0.8891507210858705,0.1494252873563218,0.264367816091954,0.051724138,0.051724138,0.4942528735632184,0.063218391,0.005780347,0.9942196531791908,0.1253656498119515,0.7142857142857143,300,3.468449644797326,8.106978687839533,8.608441287087338,12.70371918094442,29.04304220643544,12.369410781445884,1.211867948182198,6,4,5,3,6,0.019685039,67.56894198,10.6,0.0491888657758112,736.0283502,2393,1555,0.649811952,E01028757,Vale of White Horse 015F,E02005992,Vale of White Horse 015,20.329803995841505,790,175,50,10,1025,125,175
10.288,Urban,Urban: Further from a major town or city,0.8533333333333334,0.12,0.026666667,0.0,117.2465960665658,310,0.7388681413386957,0.903734284,0.064516129,0.4193548387096774,0.048387097,0.048387097,0.3225806451612903,0.096774194,0.016393443,0.9836065573770492,0.075642965,0.6,200,2.950075642965204,4.992435703479576,7.677760968229955,8.812405446293495,20.95310136157337,6.127080181543117,1.399394856278366,9,7,9,8,9,0.0,108.1165275,0.0,6.132072583628401,473.4658700901733,2644,1598,0.6043872919818457,E01028758,Vale of White Horse 014C,E02005991,Vale of White Horse 014,1.3046159990601955,320,45,10,0,375,75,125
9.183,Urban,Urban: Further from a major town or city,0.8533333333333334,0.12,0.026666667,0.0,171.17614577581446,310,0.7388681413386957,0.903734284,0.064516129,0.4193548387096774,0.048387097,0.048387097,0.3225806451612903,0.096774194,0.016393443,0.9836065573770492,0.0165654334621755,0.5,30,4.914411927112092,9.000552181115404,9.994478189,14.301490889011594,26.670347874102703,11.374930977360574,1.8221976808393152,8,6,6,5,6,0.0,85.41246057,3.8,1.28811887061702,7.748805770339567,1811,1145,0.6322473771397018,E01028759,Vale of White Horse 014D,E02005991,Vale of White Horse 014,0.7763258677524003,320,45,10,0,375,10,20
14.793,Urban,Urban: Further from a major town or city,0.8533333333333334,0.12,0.026666667,0.0,248.79614767255217,310,0.7388681413386957,0.903734284,0.064516129,0.4193548387096774,0.048387097,0.048387097,0.3225806451612903,0.096774194,0.016393443,0.9836065573770492,0.2207062600321027,1.2,275,4.895666131621187,9.229534510433384,10.43338683788122,13.162118780096309,29.052969502407706,12.118780096308186,2.889245585874799,8,7,7,4,6,0.0,95.81961722,0.0,3.991690817058696,82.33161040316327,1246,749,0.601123596,E01028760,Vale of White Horse 014E,E02005991,Vale of White Horse 014,1.002081619875416,320,45,10,0,375,150,125
20.479,Urban,Urban: Further from a major town or city,0.8533333333333334,0.12,0.026666667,0.0,243.5192458758837,310,0.7388681413386957,0.903734284,0.064516129,0.4193548387096774,0.048387097,0.048387097,0.3225806451612903,0.096774194,0.016393443,0.9836065573770492,0.204241948,0.04,260,3.063629222309505,8.326787117046347,9.819324430479185,12.568735271013354,34.406912804399056,8.798114689709347,2.1209740769835035,9,7,8,8,8,0.0,94.84431818,0.0,4.068554060599107,263.9560948,1273,769,0.6040848389630793,E01028761,Vale of White Horse 014F,E02005991,Vale of White Horse 014,0.9831502643007742,320,45,10,0,375,10,250
41.958,Rural,Smaller rural: Further from a major town or city,0.8571428571428571,0.1071428571428571,0.0267857142857142,0.008928571,273.32965212589727,495,0.8166513621059075,0.9161594026458892,0.080808081,0.3535353535353535,0.0303030303030303,0.0303030303030303,0.3838383838383838,0.060606061,0.020408163,0.979591836734694,0.4141358365543898,0.6666666666666666,750,2.816123688569851,6.957482054113749,13.694091662065158,14.080618442849255,37.49309773605743,8.117062396466041,2.043070127001657,6,9,9,8,8,0.005050505,98.70982287,1.0,0.079845696,721.6447527237759,1811,1183,0.6532302595251243,E01028762,West Oxfordshire 012A,E02006004,West Oxfordshire 012,162.81403503683725,480,60,15,5,560,300,450
49.653,Rural,Smaller rural: Further from a major town or city,0.898989899,0.090909091,0.0101010101010101,0.0,218.86281588447653,485,0.8073130193905818,0.9033772064075094,0.1030927835051546,0.2886597938144329,0.0618556701030927,0.0618556701030927,0.422680412,0.0618556701030927,0.0104166666666666,0.9895833333333334,0.3610108303249097,0.6,800,3.925992779783394,5.911552346570397,9.386281588447654,11.77797833935018,39.44043321299639,11.462093862815886,1.128158844765343,9,9,9,9,9,0.0,96.71748344,0.6,0.177774544733525,700.7302540051927,2216,1258,0.5676895306859205,E01028763,West Oxfordshire 003A,E02005995,West Oxfordshire 003,67.50122756881412,445,45,5,0,495,300,500
24.914,Rural,Larger rural: Further from a major town or city,0.8953488372093024,0.081395349,0.0116279069767441,0.0116279069767441,233.85300668151447,420,0.7870315288518739,0.902629145197516,0.1309523809523809,0.3333333333333333,0.035714286,0.035714286,0.369047619047619,0.071428571,0.0120481927710843,0.9879518072289156,0.2087973273942093,0.5,375,3.953229398663697,7.126948775055679,10.356347438752785,13.084632516703786,35.96881959910913,9.576837416,2.839643652561247,8,10,9,7,8,0.0,84.31359773,8.8,0.2516706705916028,1383.4553738457969,1796,1095,0.6096881959910914,E01028764,West Oxfordshire 015A,E02006007,West Oxfordshire 015,27.81412702380092,385,35,5,5,430,125,250
33.265,Rural,Larger rural: Further from a major town or city,0.8953488372093024,0.081395349,0.0116279069767441,0.0116279069767441,146.49459365190094,420,0.7870315288518739,0.902629145197516,0.1309523809523809,0.3333333333333333,0.035714286,0.035714286,0.369047619047619,0.071428571,0.0120481927710843,0.9879518072289156,0.1569584931984653,0.5,450,3.6972445064527375,7.673526334147191,8.929194279734915,11.161492849668644,24.83432159051273,11.091733519358216,0.7673526334147193,6,5,7,5,6,0.0,85.03748489,2.1,0.3162850898875579,698.2189695191437,2867,1671,0.5828392047436345,E01028765,West Oxfordshire 015B,E02006007,West Oxfordshire 015,53.74897693,385,35,5,5,430,150,300
82.519,Rural,Larger rural: Further from a major town or city,0.8571428571428571,0.1071428571428571,0.0267857142857142,0.008928571,228.4263959390863,495,0.8166513621059075,0.9161594026458892,0.080808081,0.3535353535353535,0.0303030303030303,0.0303030303030303,0.3838383838383838,0.060606061,0.020408163,0.979591836734694,0.7844946931241348,0.7,1700,3.461005999077065,7.245039224734656,10.890632210429164,10.56760498384864,32.30272265805261,11.72127365020766,2.307337332718044,6,6,6,7,7,0.0,75.43558559,0.0,0.2310113596686687,822.6153707088304,2167,1164,0.5371481310567605,E01028767,West Oxfordshire 012C,E02006004,West Oxfordshire 012,69.26066329789246,480,60,15,5,560,700,1000
28.403,Urban,Urban: Further from a major town or city,0.8780487804878049,0.097560976,0.024390243902439,0.0,105.49872122762147,165,0.763671875,0.8665351742274819,0.0303030303030303,0.6363636363636364,0.0303030303030303,0.0303030303030303,0.1212121212121212,0.090909091,0.0303030303030303,0.9696969696969696,0.2237851662404092,1.3333333333333333,350,4.923273657289003,12.468030690537084,14.514066496163682,16.36828644501279,15.537084398976983,14.897698209718673,2.301790281329924,6,5,5,3,4,0.0,90.44520295,0.0,2.7596057850618374,3688.557943409221,1564,1011,0.6464194373401535,E01028771,West Oxfordshire 014A,E02006006,West Oxfordshire 014,1.0871117955468323,180,20,5,0,205,200,150
22.555,Urban,Urban: Further from a major town or city,0.8936170212765957,0.085106383,0.021276596,0.0,76.27765064836004,200,0.8075,0.8872793119058398,0.1,0.45,0.05,0.05,0.4,0.025,0.0,1.0,0.036231884057971,0.2666666666666666,95,5.072463768115942,8.504958047292144,11.517925247902363,15.598779557589626,21.28146453089245,9.572845156369183,1.2585812356979404,8,8,8,5,6,0.0,111.4356436,0.0,0.9206213091932408,2272.155678069428,2622,1725,0.6578947368421053,E01028772,West Oxfordshire 013D,E02006005,West Oxfordshire 013,1.0862229561863177,210,20,5,0,235,20,75
147.615,Urban,Urban: Further from a major town or city,0.8780487804878049,0.097560976,0.024390243902439,0.0,127.70897832817336,165,0.763671875,0.8665351742274819,0.0303030303030303,0.6363636363636364,0.0303030303030303,0.0303030303030303,0.1212121212121212,0.090909091,0.0303030303030303,0.9696969696969696,0.2902476780185758,0.25,375,6.037151702786378,11.455108359133128,14.705882352941178,16.795665634674922,21.67182663,16.33126935,2.786377708978328,7,7,6,3,5,0.0,102.5231423,4.7,2.172980483015605,3955.2943539012513,1292,850,0.6578947368421053,E01028773,West Oxfordshire 014B,E02006006,West Oxfordshire 014,2.3009870724016497,180,20,5,0,205,75,300
147.615,Urban,Urban: Further from a major town or city,0.8780487804878049,0.097560976,0.024390243902439,0.0,107.00389105058365,165,0.763671875,0.8665351742274819,0.0303030303030303,0.6363636363636364,0.0303030303030303,0.0303030303030303,0.1212121212121212,0.090909091,0.0303030303030303,0.9696969696969696,0.3404669260700389,1.3333333333333333,525,3.5667963683527883,8.171206225680933,11.284046692607005,16.731517509727624,22.11413748378729,9.338521401,2.075226977950713,9,8,9,7,7,0.0,110.1766529,0.0,1.5794828900811846,3494.8406490815755,1542,945,0.6128404669260701,E01028774,West Oxfordshire 014C,E02006006,West Oxfordshire 014,1.2662372049482606,180,20,5,0,205,300,225
13.871,Urban,Urban: Further from a major town or city,0.8780487804878049,0.097560976,0.024390243902439,0.0,125.1896813353566,165,0.763671875,0.8665351742274819,0.0303030303030303,0.6363636363636364,0.0303030303030303,0.0303030303030303,0.1212121212121212,0.090909091,0.0303030303030303,0.9696969696969696,0.03414264,0.2857142857142857,45,5.462822458270106,9.104704097116842,13.050075872534142,17.678300455235206,20.789074355083457,13.277693474962064,2.048558422,10,9,9,6,6,0.0,121.4654185,0.0,3.525903946268164,4151.140618838709,1318,852,0.6464339908952959,E01028775,West Oxfordshire 014D,E02006006,West Oxfordshire 014,1.7016912801468778,180,20,5,0,205,10,35
42.662,Rural,Smaller rural: Further from a major town or city,0.898989899,0.090909091,0.0101010101010101,0.0,256.74960296453145,485,0.8073130193905818,0.9033772064075094,0.1030927835051546,0.2886597938144329,0.0618556701030927,0.0618556701030927,0.422680412,0.0618556701030927,0.0104166666666666,0.9895833333333334,0.4499735309687665,0.4166666666666667,850,3.758602435150873,8.470089994706195,11.646373742721018,12.811011116993118,38.85653785071466,10.799364743250395,2.0645844362096346,5,7,6,9,8,0.0,110.1269173,0.0,0.073054549,3400.117046302824,1889,1139,0.6029645314981472,E01028776,West Oxfordshire 003B,E02005995,West Oxfordshire 003,177.94921878224963,445,45,5,0,495,250,600
25.808,Rural,Larger rural: Further from a major town or city,0.9066666666666666,0.093333333,0.0,0.0,279.3296089385475,350,0.7930612244897959,0.8947269656595984,0.1571428571428571,0.2714285714285714,0.057142857,0.042857143,0.4714285714285714,0.071428571,0.0,1.0,0.3192338387869114,0.6,400,2.314445331205108,4.469273743,7.82122905,9.896249002394256,47.56584197924981,7.102952913,1.1971268954509178,9,10,10,10,10,0.0,60.99450758,0.0,0.1659186659908892,4907.734353614144,1253,745,0.5945730247406225,E01028777,West Oxfordshire 005A,E02005997,West Oxfordshire 005,24.108197688978784,340,35,0,0,375,150,250
11.803,Rural,Larger rural: Further from a major town or city,0.9066666666666666,0.093333333,0.0,0.0,235.5316285329744,350,0.7930612244897959,0.8947269656595984,0.1571428571428571,0.2714285714285714,0.057142857,0.042857143,0.4714285714285714,0.071428571,0.0,1.0,0.067294751,1.0,100,3.970390309555855,7.469717362045761,9.152086137281293,10.56527590847914,34.72409152086137,13.660834454912516,3.162853297,7,7,6,6,6,0.0,61.27448276,0.0,5.691997849331504,5172.130432499598,1486,820,0.5518169582772544,E01028778,West Oxfordshire 005B,E02005997,West Oxfordshire 005,1.7568523855247855,340,35,0,0,375,50,50
12.115,Rural,Smaller rural: Further from a major town or city,0.9066666666666666,0.093333333,0.0,0.0,303.29289428076254,350,0.7930612244897959,0.8947269656595984,0.1571428571428571,0.2714285714285714,0.057142857,0.042857143,0.4714285714285714,0.071428571,0.0,1.0,0.121317157712305,0.4,140,4.592720970537262,7.538994800693241,8.578856152512998,12.564991334488736,35.26863084922011,12.478336221837088,2.079722703639515,8,9,8,8,8,0.0,77.73916256,1.3,0.5998472842204107,5627.688474391079,1154,660,0.5719237435008665,E01028779,West Oxfordshire 005C,E02005997,West Oxfordshire 005,26.67345576265189,340,35,0,0,375,40,100
87.826,Rural,Larger rural: Further from a major town or city,0.8554216867469879,0.108433734939759,0.036144578,0.0,135.0806451612903,335,0.8108710180441078,0.907681661,0.1343283582089552,0.3582089552238806,0.0149253731343283,0.0149253731343283,0.4328358208955223,0.059701493,0.0,1.0,0.6451612903225806,0.7777777777777778,1600,3.75,6.411290322580646,9.596774193548386,11.53225806451613,32.21774193548387,12.903225806451612,2.217741935483871,9,8,8,8,8,0.0,57.83223553,0.0,0.5940129914022406,524.7631643725194,2480,1457,0.5875,E01028780,West Oxfordshire 001A,E02005993,West Oxfordshire 001,13.467718914892783,355,45,15,0,415,700,900
9.642,Rural,Larger rural: Further from a major town or city,0.8554216867469879,0.108433734939759,0.036144578,0.0,173.3057424,335,0.8108710180441078,0.907681661,0.1343283582089552,0.3582089552238806,0.0149253731343283,0.0149253731343283,0.4328358208955223,0.059701493,0.0,1.0,0.0206932229694774,0.3333333333333333,40,4.242110708742887,8.587687532,9.105018106570098,11.691670977754786,18.72736678737713,17.071908949818933,2.172788411795137,4,4,3,2,3,0.0,44.85654281,0.0,1.290548411508011,1231.1629428167228,1933,1204,0.6228660113812726,E01028781,West Oxfordshire 001B,E02005993,West Oxfordshire 001,3.874321920366768,355,45,15,0,415,10,30
39.18,Rural,Larger rural: Further from a major town or city,0.8554216867469879,0.108433734939759,0.036144578,0.0,233.12456506611,335,0.8108710180441078,0.907681661,0.1343283582089552,0.3582089552238806,0.0149253731343283,0.0149253731343283,0.4328358208955223,0.059701493,0.0,1.0,0.4871259568545581,0.1666666666666666,700,4.801670146137787,6.6805845511482245,10.92553931802366,14.40501043841336,37.439109255393184,12.734864300626306,2.366040361864997,10,10,10,8,8,0.0,57.36133333,0.0,0.7734514569567406,169.4297441250486,1437,884,0.6151704940848991,E01028782,West Oxfordshire 001C,E02005993,West Oxfordshire 001,6.464529809890386,355,45,15,0,415,100,600
35.247,Rural,Larger rural: Further from a major town or city,0.8554216867469879,0.108433734939759,0.036144578,0.0,206.91785052501544,335,0.8108710180441078,0.907681661,0.1343283582089552,0.3582089552238806,0.0149253731343283,0.0149253731343283,0.4328358208955223,0.059701493,0.0,1.0,0.4014823965410747,0.8571428571428571,650,3.767757875231625,8.770846201358863,10.685608400247066,12.66213712168005,33.168622606547245,12.785670166769613,2.470660901791229,7,6,6,6,7,0.0,50.06467316,0.0,3.774863865835117,41.95386095094828,1619,948,0.5855466337245213,E01028783,West Oxfordshire 001D,E02005993,West Oxfordshire 001,1.324551077259536,355,45,15,0,415,300,350
93.996,Urban,Urban: Further from a major town or city,0.8651685393258427,0.1235955056179775,0.0112359550561797,0.0,136.6480079025354,415,0.8044708956307156,0.908395062,0.108433734939759,0.3975903614457831,0.0602409638554216,0.048192771,0.3614457831325301,0.036144578,0.0,1.0,0.4280540006585446,0.3,1300,3.2927230819888047,7.046427395456043,9.351333552848203,11.557458017780704,22.291735265064208,11.491603556140928,1.2183075403358576,8,7,7,5,6,0.0,81.75855962,0.0,0.3093430959810042,1198.2726328275144,3037,1926,0.6341784655910437,E01028784,West Oxfordshire 007A,E02005999,West Oxfordshire 007,54.95516215123132,385,55,5,0,445,300,1000
24.756,Rural,Larger rural: Nearer to a major town or city,0.8333333333333334,0.1527777777777778,0.0138888888888888,0.0,204.2118698,320,0.8317159763313609,0.9153687370988928,0.09375,0.390625,0.078125,0.078125,0.328125,0.0625,0.0151515151515151,0.9848484848484848,0.2074026802807913,0.8571428571428571,325,5.360561582641991,7.402680280791321,9.636247606892152,11.86981493299298,35.60944479897894,13.401403956604977,2.6164645820038293,9,8,8,8,7,0.0,111.1736014,0.0,7.0453995,344.7238627816108,1567,994,0.6343331206126356,E01028785,West Oxfordshire 011A,E02006003,West Oxfordshire 011,0.7096829640291412,300,55,5,0,360,150,175
21.777,Rural,Larger rural: Nearer to a major town or city,0.8333333333333334,0.1527777777777778,0.0138888888888888,0.0,209.69855832241151,320,0.8317159763313609,0.9153687370988928,0.09375,0.390625,0.078125,0.078125,0.328125,0.0625,0.0151515151515151,0.9848484848484848,0.2129750982961992,0.8571428571428571,325,5.897771952817824,7.339449541284404,10.091743119266056,10.878112712975096,29.357798165137616,11.533420707732637,2.293577981651376,9,8,8,8,9,0.0,107.9410788,0.0,9.500368134470362,337.8519907452618,1526,883,0.5786369593709043,E01028786,West Oxfordshire 011B,E02006003,West Oxfordshire 011,0.8420726320039591,300,55,5,0,360,150,175
292.09,Rural,Larger rural: Nearer to a major town or city,0.8333333333333334,0.1527777777777778,0.0138888888888888,0.0,192.30769230769232,320,0.8317159763313609,0.9153687370988928,0.09375,0.390625,0.078125,0.078125,0.328125,0.0625,0.0151515151515151,0.9848484848484848,1.3822115384615383,0.15,2300,4.747596153846153,7.151442307692308,9.254807692307692,8.774038461538462,25.42067307692308,12.439903846153848,1.6826923076923077,5,5,4,4,5,0.0,119.7502879,0.0,0.151034942,1491.6515383538372,1664,998,0.5997596153846154,E01028787,West Oxfordshire 011C,E02006003,West Oxfordshire 011,72.83082873138306,300,55,5,0,360,300,2000
54.774,Rural,Larger rural: Nearer to a major town or city,0.8372093023255814,0.1511627906976744,0.0116279069767441,0.0,204.1318248893261,415,0.8152126578603571,0.9010380622837372,0.1204819277108433,0.3373493975903614,0.072289157,0.0602409638554216,0.4337349397590361,0.072289157,0.0120481927710843,0.9879518072289156,0.6394490900147565,0.3,1300,3.738317757009345,5.459911460895229,8.214461387,10.919822921790455,40.62961141170684,9.198229217904574,2.164289227742253,9,9,9,10,10,0.0,74.78671875,0.0,0.3194630904361361,862.7337248383255,2033,1175,0.5779636005902608,E01028788,West Oxfordshire 006A,E02005998,West Oxfordshire 006,31.302520696046116,360,65,5,0,430,300,1000
26.246,Rural,Larger rural: Nearer to a major town or city,0.8372093023255814,0.1511627906976744,0.0116279069767441,0.0,198.56459330143545,415,0.8152126578603571,0.9010380622837372,0.1204819277108433,0.3373493975903614,0.072289157,0.0602409638554216,0.4337349397590361,0.072289157,0.0120481927710843,0.9879518072289156,0.055023923,0.5333333333333333,115,4.258373205741626,6.842105263157896,9.521531100478468,12.009569377990433,32.344497607655505,7.368421052631578,1.961722488038277,10,9,10,8,9,0.0,78.17690058,0.0,1.6036674107235782,180.44185121957057,2090,1291,0.6177033492822966,E01028789,West Oxfordshire 006B,E02005998,West Oxfordshire 006,8.106419019972709,360,65,5,0,430,40,75
68.156,Rural,Larger rural: Nearer to a major town or city,0.8372093023255814,0.1511627906976744,0.0116279069767441,0.0,245.27186761229316,415,0.8152126578603571,0.9010380622837372,0.1204819277108433,0.3373493975903614,0.072289157,0.0602409638554216,0.4337349397590361,0.072289157,0.0120481927710843,0.9879518072289156,0.9160756501182034,0.24,1550,4.432624113475177,5.969267139479905,9.574468085106384,11.40661938534279,30.437352245862886,10.16548463356974,1.3002364066193852,8,7,7,8,8,0.0,94.20270758,0.0,0.5068604165640117,1384.8434893471874,1692,989,0.584515366,E01028790,West Oxfordshire 006C,E02005998,West Oxfordshire 006,13.810508319929076,360,65,5,0,430,300,1250
22.023,Rural,Smaller rural: Nearer to a major town or city,0.8372093023255814,0.1511627906976744,0.0116279069767441,0.0,250.45262522631265,415,0.8152126578603571,0.9010380622837372,0.1204819277108433,0.3373493975903614,0.072289157,0.0602409638554216,0.4337349397590361,0.072289157,0.0120481927710843,0.9879518072289156,0.2414001207000603,0.6,400,5.009052504526252,6.457453228726615,9.052504526252262,11.406155703077852,34.3995172,10.500905250452623,1.6294508147254072,10,10,10,10,10,0.0,47.97357143,0.0,1.0087606062851917,1741.1077693931752,1657,923,0.5570307785153893,E01028791,West Oxfordshire 006D,E02005998,West Oxfordshire 006,10.904470229570144,360,65,5,0,430,150,250
49.502,Rural,Smaller rural: Further from a major town or city,0.8651685393258427,0.1235955056179775,0.0112359550561797,0.0,364.9956024626209,415,0.8044708956307156,0.908395062,0.108433734939759,0.3975903614457831,0.0602409638554216,0.048192771,0.3614457831325301,0.036144578,0.0,1.0,0.7255936675461742,0.375,825,5.013192612137203,5.189094107299912,10.993843447669304,14.68777484608619,36.14775725593668,10.378188214599824,1.4951627088830255,9,10,10,9,9,0.010752688,87.65788114,1.1,0.2512306586828983,2838.348105776832,1137,672,0.5910290237467019,E01028792,West Oxfordshire 007B,E02005999,West Oxfordshire 007,35.82365324034651,385,55,5,0,445,225,600
26.448,Rural,Smaller rural: Further from a major town or city,0.8651685393258427,0.1235955056179775,0.0112359550561797,0.0,256.0148056755089,415,0.8044708956307156,0.908395062,0.108433734939759,0.3975903614457831,0.0602409638554216,0.048192771,0.3614457831325301,0.036144578,0.0,1.0,0.215916101,0.5555555555555556,350,4.5033929673041335,7.8346699568167795,10.549043800123382,12.15299198,31.77051202961136,12.338062924120912,0.863664405,8,9,10,7,7,0.0,85.59886148,12.5,0.212035428831702,5260.461621547189,1621,995,0.6138186304750154,E01028793,West Oxfordshire 007C,E02005999,West Oxfordshire 007,42.445736778939576,385,55,5,0,445,125,225
23.066,Rural,Larger rural: Further from a major town or city,0.8651685393258427,0.1235955056179775,0.0112359550561797,0.0,253.82262996941893,415,0.8044708956307156,0.908395062,0.108433734939759,0.3975903614457831,0.0602409638554216,0.048192771,0.3614457831325301,0.036144578,0.0,1.0,0.2752293577981651,0.5,450,4.892966360856269,8.868501529051988,11.314984709480122,11.62079510703364,22.93577981651376,13.577981651376149,2.4464831804281344,7,6,6,6,6,0.0,66.09439252,0.0,0.3925997773700355,2095.2643497310896,1635,953,0.5828746177370031,E01028794,West Oxfordshire 007D,E02005999,West Oxfordshire 007,20.37698557444619,385,55,5,0,445,150,300
90.709,Rural,Smaller rural: Further from a major town or city,0.8962264150943396,0.094339623,0.009433962,0.0,312.3086344151868,510,0.8244,0.9067283730865076,0.088235294,0.2745098039215686,0.0588235294117647,0.0588235294117647,0.3529411764705882,0.0490196078431372,0.00990099,0.99009900990099,0.9491733006736068,0.24,1550,4.286589099816289,8.205756276791181,9.736680955,13.349663196570727,35.82363747703613,12.186160440906308,1.1635027556644213,6,8,9,8,7,0.010526316,95.30504673,10.5,0.075381605,315.4509923376113,1633,1019,0.6240048989589713,E01028795,West Oxfordshire 002A,E02005994,West Oxfordshire 002,145.92419447468532,475,50,5,0,530,300,1250
33.262,Rural,Smaller rural: Further from a major town or city,0.8962264150943396,0.094339623,0.009433962,0.0,364.0256959314775,510,0.8244,0.9067283730865076,0.088235294,0.2745098039215686,0.0588235294117647,0.0588235294117647,0.3529411764705882,0.0490196078431372,0.00990099,0.99009900990099,0.3211991434689507,0.8,450,3.640256959314775,5.638829407566024,12.134189864382584,11.134903640256958,32.262669521770164,12.84796573875803,2.284082798001428,6,9,7,8,8,0.0,95.21855895,0.0,0.1723394762010239,427.7073476597696,1401,817,0.5831548893647395,E01028796,West Oxfordshire 002B,E02005994,West Oxfordshire 002,63.827512085328266,475,50,5,0,530,200,250
130.963,Rural,Smaller rural: Further from a major town or city,0.8962264150943396,0.094339623,0.009433962,0.0,428.93187552565183,510,0.8244,0.9067283730865076,0.088235294,0.2745098039215686,0.0588235294117647,0.0588235294117647,0.3529411764705882,0.0490196078431372,0.00990099,0.99009900990099,1.3877207737594617,0.1,1650,4.709840201850295,6.644238856181666,11.35407905803196,13.204373423044574,37.42640874684609,12.279226240538268,1.4297729184188397,6,7,8,8,8,0.0,76.69700461,0.0,0.1114240277932185,406.3092638,1189,728,0.6122792262405383,E01028797,West Oxfordshire 002C,E02005994,West Oxfordshire 002,62.82307450768738,475,50,5,0,530,150,1500
32.231,Rural,Larger rural: Further from a major town or city,0.898989899,0.090909091,0.0101010101010101,0.0,205.8573853989813,485,0.8073130193905818,0.9033772064075094,0.1030927835051546,0.2886597938144329,0.0618556701030927,0.0618556701030927,0.422680412,0.0618556701030927,0.0104166666666666,0.9895833333333334,0.1485568760611205,0.5555555555555556,350,3.735144312393888,7.512733446519524,10.144312393887946,12.64855687606112,31.36672325976231,11.544991511035652,1.528013582342954,8,9,9,8,7,0.0,66.71859649,0.0,0.1136388470937931,1767.2760060769706,2356,1359,0.5768251273344652,E01028798,West Oxfordshire 003C,E02005995,West Oxfordshire 003,70.39846148207667,445,45,5,0,495,125,225
46.104,Rural,Larger rural: Further from a major town or city,0.9066666666666666,0.093333333,0.0,0.0,151.31863380890618,350,0.7930612244897959,0.8947269656595984,0.1571428571428571,0.2714285714285714,0.057142857,0.042857143,0.4714285714285714,0.071428571,0.0,1.0,0.2702118460873324,0.3888888888888889,625,5.317769130998703,7.090358841331604,9.814094249891916,12.019022913964548,32.03631647211414,10.462602680501512,1.729355814958928,8,7,7,7,7,0.0,92.58322745,0.0,0.2945806836930354,1159.2530069664538,2313,1407,0.6083009079118028,E01028799,West Oxfordshire 005D,E02005997,West Oxfordshire 005,40.73586852186298,340,35,0,0,375,175,450
55.063,Rural,Smaller rural: Nearer to a major town or city,0.8333333333333334,0.1527777777777778,0.0138888888888888,0.0,187.79342723004692,320,0.8317159763313609,0.9153687370988928,0.09375,0.390625,0.078125,0.078125,0.328125,0.0625,0.0151515151515151,0.9848484848484848,0.3227699530516432,0.2222222222222222,550,3.931924882629108,7.159624413145541,10.44600938967136,10.093896713615024,28.051643192488264,9.976525821596244,1.232394366197183,7,6,7,7,7,0.005263158,160.9554622,1.1,0.2965746239205684,3934.215535644605,1704,1082,0.6349765258215962,E01028800,West Oxfordshire 011D,E02006003,West Oxfordshire 011,47.20565709542843,300,55,5,0,360,100,450
101.785,Rural,Larger rural: Further from a major town or city,0.8953488372093024,0.081395349,0.0116279069767441,0.0116279069767441,269.2307692307692,420,0.7870315288518739,0.902629145197516,0.1309523809523809,0.3333333333333333,0.035714286,0.035714286,0.369047619047619,0.071428571,0.0120481927710843,0.9879518072289156,0.3205128205128205,0.4285714285714285,500,3.205128205128205,7.6923076923076925,10.256410256410255,13.076923076923078,32.69230769230769,9.935897435897436,1.5384615384615383,8,8,8,7,8,0.0,112.0565957,0.0,0.1753818010376922,3899.210311493993,1560,922,0.591025641,E01028801,West Oxfordshire 015C,E02006007,West Oxfordshire 015,62.72030470046282,385,35,5,5,430,150,350
27.816,Rural,Smaller rural: Further from a major town or city,0.8953488372093024,0.081395349,0.0116279069767441,0.0116279069767441,257.03794369645044,420,0.7870315288518739,0.902629145197516,0.1309523809523809,0.3333333333333333,0.035714286,0.035714286,0.369047619047619,0.071428571,0.0120481927710843,0.9879518072289156,0.32129743,0.5,525,4.589963280293757,6.915544675642595,10.709914320685437,11.505507955936352,37.94369645,9.914320685434516,1.162790697674419,8,10,10,10,9,0.0,142.6898488,7.1,0.4957472075090927,1224.2626823975147,1634,971,0.5942472460220318,E01028802,West Oxfordshire 015D,E02006007,West Oxfordshire 015,38.325984921763805,385,35,5,5,430,175,350
17.743,Rural,Larger rural: Further from a major town or city,0.9047619047619048,0.085714286,0.00952381,0.0,331.7039106145252,475,0.7886980609418283,0.8986625514403292,0.1684210526315789,0.2736842105263158,0.0210526315789473,0.0210526315789473,0.4947368421052631,0.084210526,0.0104166666666666,0.9895833333333334,0.1222067039106145,0.4,175,3.142458101,5.027932960893855,10.824022346368716,14.664804469273744,42.17877094972067,6.703910615,1.4664804469273742,9,9,9,9,10,0.0,76.57350746,0.6,0.338837459,2122.737014147865,1432,921,0.6431564245810056,E01028804,West Oxfordshire 004B,E02005996,West Oxfordshire 004,14.756337790860009,475,45,5,0,525,50,125
26.739,Rural,Larger rural: Further from a major town or city,0.8962264150943396,0.094339623,0.009433962,0.0,265.7634184471079,510,0.8244,0.9067283730865076,0.088235294,0.2745098039215686,0.0588235294117647,0.0588235294117647,0.3529411764705882,0.0490196078431372,0.00990099,0.99009900990099,0.208441896821261,0.6,400,4.794163626889005,7.556018759770714,9.953100573215217,14.434601354872328,33.97602918186556,11.516414799374674,1.7196456487754035,8,9,9,8,8,0.008695652,80.04463768,0.9,0.060941843,4787.606255558626,1919,1125,0.5862428348097968,E01028806,West Oxfordshire 002D,E02005994,West Oxfordshire 002,82.04543437148713,475,50,5,0,530,150,250
76.605,Urban,Urban: Further from a major town or city,0.7903225806451613,0.1827956989247312,0.0268817204301075,0.0,317.1806167400881,720,0.8332368827160493,0.921273128,0.1111111111111111,0.3680555555555556,0.0625,0.0416666666666666,0.375,0.076388889,0.006944444,0.9930555555555556,0.748898678,0.8888888888888888,1700,4.933920704845815,8.546255507,8.854625550660792,13.700440528634362,30.616740088105725,14.185022026431716,2.246696035242291,7,7,6,4,6,0.0,71.97197861,1.4,5.118615489161971,223.66396496406736,2270,1502,0.6616740088105727,E01028807,West Oxfordshire 010A,E02006002,West Oxfordshire 010,1.1721919750964398,735,170,25,0,930,800,900
34.72,Urban,Urban: Further from a major town or city,0.7903225806451613,0.1827956989247312,0.0268817204301075,0.0,266.8643439584878,720,0.8332368827160493,0.921273128,0.1111111111111111,0.3680555555555556,0.0625,0.0416666666666666,0.375,0.076388889,0.006944444,0.9930555555555556,0.1111934766493699,0.5,300,3.8917716827279465,7.931801334,9.117865085248331,11.712379540400295,23.165307635285394,10.600444773906595,1.5567086730911788,7,5,6,3,5,0.0,97.35579345,0.0,1.7973306144356056,70.47668804856204,2698,1751,0.6489992587101556,E01028808,West Oxfordshire 010B,E02006002,West Oxfordshire 010,2.225522654470598,735,170,25,0,930,100,200
11.143,Urban,Urban: Further from a major town or city,0.7777777777777778,0.1666666666666666,0.055555556,0.0,178.9549033643522,250,0.8448,0.9053497942386832,0.08,0.44,0.12,0.12,0.34,0.04,0.0,1.0,0.1037938439513242,0.45,145,4.438081603435934,11.52469577666428,11.309949892627058,11.954187544738726,13.09949892627058,20.90193271295633,3.2927702219040804,2,2,2,1,2,0.0,99.37183771,0.0,9.27825158,385.5038085438656,1397,782,0.5597709377236937,E01028809,West Oxfordshire 009A,E02006001,West Oxfordshire 009,0.5388946351476714,210,45,15,0,270,45,100
7.472,Urban,Urban: Further from a major town or city,0.8904109589041096,0.095890411,0.01369863,0.0,256.60377358490564,340,0.7811418685121108,0.8765522279035792,0.1176470588235294,0.3823529411764705,0.044117647,0.044117647,0.4411764705882353,0.073529412,0.0,1.0,0.0264150943396226,0.1666666666666666,35,4.830188679245283,7.698113207547169,10.566037735849058,13.886792452830187,32.15094339622642,10.264150943396226,1.8113207547169807,10,9,9,7,8,0.0,97.71719368,0.0,1.1325538931815449,320.5534669440564,1325,938,0.7079245283018868,E01028810,West Oxfordshire 008A,E02006000,West Oxfordshire 008,0.8829601893741432,325,35,5,0,365,5,30
16.826,Urban,Urban: Further from a major town or city,0.8904109589041096,0.095890411,0.01369863,0.0,243.72759856630825,340,0.7811418685121108,0.8765522279035792,0.1176470588235294,0.3823529411764705,0.044117647,0.044117647,0.4411764705882353,0.073529412,0.0,1.0,0.1433691756272401,1.6666666666666667,200,5.519713261648746,10.89605734767025,10.53763440860215,12.186379928315413,21.57706093189964,16.415770609318997,1.6487455197132617,5,4,3,3,3,0.0,92.1502994,0.0,2.1861930782065246,652.1225049930584,1395,853,0.6114695340501792,E01028811,West Oxfordshire 008B,E02006000,West Oxfordshire 008,2.2870807019944563,325,35,5,0,365,125,75
11.826,Urban,Urban: Further from a major town or city,0.8904109589041096,0.095890411,0.01369863,0.0,262.1434078643022,340,0.7811418685121108,0.8765522279035792,0.1176470588235294,0.3823529411764705,0.044117647,0.044117647,0.4411764705882353,0.073529412,0.0,1.0,0.1156515034695451,1.0,150,5.474171164225135,10.56283731688512,13.492675404780265,12.875867386276022,19.35235158057055,18.581341557440247,1.3878180416345411,6,5,6,3,3,0.0,109.0183879,0.0,3.634074975834548,676.9999531083533,1297,869,0.6700077101002313,E01028813,West Oxfordshire 008D,E02006000,West Oxfordshire 008,0.5503463779089228,325,35,5,0,365,75,75
26.833,Urban,Urban: Further from a major town or city,0.8904109589041096,0.095890411,0.01369863,0.0,242.8571428571429,340,0.7811418685121108,0.8765522279035792,0.1176470588235294,0.3823529411764705,0.044117647,0.044117647,0.4411764705882353,0.073529412,0.0,1.0,0.3035714285714285,0.4166666666666667,425,5.214285714285714,7.142857142857142,11.571428571428571,12.785714285714286,34.92857142857143,13.571428571428571,3.0,9,9,9,8,8,0.0,96.6134058,0.0,4.729486402340723,413.8749590024414,1400,889,0.635,E01028814,West Oxfordshire 008E,E02006000,West Oxfordshire 008,1.0571972460953465,325,35,5,0,365,125,300
11.603,Urban,Urban: Further from a major town or city,0.8904109589041096,0.095890411,0.01369863,0.0,283.56964136780647,340,0.7811418685121108,0.8765522279035792,0.1176470588235294,0.3823529411764705,0.044117647,0.044117647,0.4411764705882353,0.073529412,0.0,1.0,0.1334445371142618,0.28,160,5.170975813177648,7.089241034195163,10.592160133444535,14.011676396997498,35.94662219,11.59299416,2.001668056713928,10,10,10,9,9,0.0,102.8990315,0.0,1.8086087040938537,202.74277054340047,1199,610,0.5087572977481234,E01028815,West Oxfordshire 008F,E02006000,West Oxfordshire 008,0.5529111950730208,325,35,5,0,365,35,125
13.004,Urban,Urban: Further from a major town or city,0.7903225806451613,0.1827956989247312,0.0268817204301075,0.0,544.2176871,720,0.8332368827160493,0.921273128,0.1111111111111111,0.3680555555555556,0.0625,0.0416666666666666,0.375,0.076388889,0.006944444,0.9930555555555556,0.094482237,0.6666666666666666,125,6.575963718820861,10.582010582010582,10.50642479213908,14.36130007558579,21.84429327,14.13454270597128,2.7210884353741496,8,8,8,3,4,0.0,98.78782201,0.0,12.722770430846111,73.2217413,1323,835,0.6311413454270597,E01028816,West Oxfordshire 010C,E02006002,West Oxfordshire 010,0.4715953991791846,735,170,25,0,930,50,75
6.838,Urban,Urban: Further from a major town or city,0.7903225806451613,0.1827956989247312,0.0268817204301075,0.0,511.0007097,720,0.8332368827160493,0.921273128,0.1111111111111111,0.3680555555555556,0.0625,0.0416666666666666,0.375,0.076388889,0.006944444,0.9930555555555556,0.0283889283179559,0.3333333333333333,40,5.251951739,11.28459900638751,15.259048970901349,14.76224272533712,23.917672107877927,13.981547196593327,2.413058907,8,7,7,5,4,0.0,84.72215447,0.0,7.986773884,281.9154518164025,1409,930,0.6600425833924769,E01028817,West Oxfordshire 010D,E02006002,West Oxfordshire 010,1.0016560022797265,735,170,25,0,930,10,30
264.47,Urban,Urban: Further from a major town or city,0.7903225806451613,0.1827956989247312,0.0268817204301075,0.0,417.39130434782606,720,0.8332368827160493,0.921273128,0.1111111111111111,0.3680555555555556,0.0625,0.0416666666666666,0.375,0.076388889,0.006944444,0.9930555555555556,3.4782608695652173,0.5,6000,5.217391304347826,6.028985507246377,10.956521739130434,13.159420289855072,32.289855072463766,15.188405797101447,3.0144927536231885,8,7,7,6,6,0.0,78.52089716,1.2,2.740981175697483,575.2768470685693,1725,1046,0.6063768115942029,E01028818,West Oxfordshire 010E,E02006002,West Oxfordshire 010,2.918662875517298,735,170,25,0,930,2000,4000
55.437,Urban,Urban: Further from a major town or city,0.7903225806451613,0.1827956989247312,0.0268817204301075,0.0,372.8638011393061,720,0.8332368827160493,0.921273128,0.1111111111111111,0.3680555555555556,0.0625,0.0416666666666666,0.375,0.076388889,0.006944444,0.9930555555555556,0.4401864319005696,0.7,850,5.282237182806836,10.305541170378042,11.34127395132056,11.70378042465044,23.51113412739513,17.089590885551527,1.7089590885551529,4,4,4,3,4,0.0,86.37407407,0.0,2.1761468581713466,367.1566203561262,1931,1133,0.5867426204039358,E01028819,West Oxfordshire 010F,E02006002,West Oxfordshire 010,0.9190556200240244,735,170,25,0,930,350,500
219.434,Urban,Urban: Further from a major town or city,0.7777777777777778,0.1666666666666666,0.055555556,0.0,60.75334143377886,250,0.8448,0.9053497942386832,0.08,0.44,0.12,0.12,0.34,0.04,0.0,1.0,0.85054678,0.1666666666666666,3500,2.4787363304981778,4.447144592952612,7.168894289185905,10.716889428918591,21.84690157958688,4.082624544349939,1.2150668286755772,9,7,9,6,9,0.0,94.73364681,0.0,3.8170970824823383,767.3431618,4115,2708,0.6580801944106925,E01028820,West Oxfordshire 009B,E02006001,West Oxfordshire 009,4.453646222,210,45,15,0,270,500,3000
12.339,Urban,Urban: Further from a major town or city,0.7777777777777778,0.1666666666666666,0.055555556,0.0,180.2451333813987,250,0.8448,0.9053497942386832,0.08,0.44,0.12,0.12,0.34,0.04,0.0,1.0,0.072098053,1.0,100,4.542177361211247,9.661139149,13.338139870223504,16.51045421773612,28.40663302090844,9.516943043,1.2977649603460706,9,8,8,8,7,0.0,43.14014599,0.0,8.694729186,281.5055585939592,1387,1002,0.722422495,E01028821,West Oxfordshire 009C,E02006001,West Oxfordshire 009,0.5750610390783414,210,45,15,0,270,50,50
43.041,Urban,Urban: Further from a major town or city,0.7777777777777778,0.1666666666666666,0.055555556,0.0,168.9189189189189,250,0.8448,0.9053497942386832,0.08,0.44,0.12,0.12,0.34,0.04,0.0,1.0,0.1689189189189189,1.5,250,5.743243243243244,9.189189189,12.702702702702704,14.932432432432432,27.77027027027027,11.351351351351353,1.7567567567567568,10,10,9,6,6,0.0,46.37559809,0.0,4.252243470480233,171.79283528898387,1480,1008,0.6810810810810811,E01028822,West Oxfordshire 009D,E02006001,West Oxfordshire 009,0.7055099315988109,210,45,15,0,270,150,100
37.98,Rural,Larger rural: Nearer to a major town or city,0.9047619047619048,0.085714286,0.00952381,0.0,354.4776119402985,475,0.7886980609418283,0.8986625514403292,0.1684210526315789,0.2736842105263158,0.0210526315789473,0.0210526315789473,0.4947368421052631,0.084210526,0.0104166666666666,0.9895833333333334,0.7835820895522388,0.75,1050,2.8358208955223883,6.567164179104477,8.208955223880597,11.26865671641791,45.74626865671642,9.776119402985074,1.5671641791044777,9,10,10,9,9,0.0,62.14034003,0.0,4.034782103212844,0.4557965186667284,1340,832,0.6208955223880597,E01028823,West Oxfordshire 004D,E02005996,West Oxfordshire 004,1.239224293182664,475,45,5,0,525,450,600
39.91,Rural,Larger rural: Nearer to a major town or city,0.9047619047619048,0.085714286,0.00952381,0.0,249.6058854440357,475,0.7886980609418283,0.8986625514403292,0.1684210526315789,0.2736842105263158,0.0210526315789473,0.0210526315789473,0.4947368421052631,0.084210526,0.0104166666666666,0.9895833333333334,0.3415659485023647,0.4444444444444444,650,4.414083027,5.622700998423542,9.668943772990016,10.825013137151863,38.09774040987914,8.197582764056753,1.418812401471361,9,8,9,9,9,0.0,54.85304965,0.0,0.4904788105120145,1063.786289871838,1903,1198,0.6295323173935891,E01028824,West Oxfordshire 004E,E02005996,West Oxfordshire 004,8.155296241695682,475,45,5,0,525,200,450
92.369,Rural,Smaller rural: Nearer to a major town or city,0.9047619047619048,0.085714286,0.00952381,0.0,277.6154295733489,475,0.7886980609418283,0.8986625514403292,0.1684210526315789,0.2736842105263158,0.0210526315789473,0.0210526315789473,0.4947368421052631,0.084210526,0.0104166666666666,0.9895833333333334,0.5260081823495032,0.8,900,2.571595558153127,3.565166569257744,6.195207481,6.954997077732321,36.46990064289889,4.383401519579193,0.9935710111046172,10,9,10,10,10,0.006329114,72.37925311,1.9,0.3749510838318243,1099.4368373402087,1711,1020,0.5961426066627703,E01028825,West Oxfordshire 004F,E02005996,West Oxfordshire 004,34.67118928460239,475,45,5,0,525,400,500
155.543,Urban,Urban: Nearer to a major town or city,0.8518518518518519,0.1388888888888889,0.009259259,0.0,195.7894736842105,465,0.8162064282480761,0.8846187439951088,0.1397849462365591,0.2043010752688172,0.032258065,0.032258065,0.5698924731182796,0.1075268817204301,0.0,1.0,0.3157894736842105,0.5,750,0.8421052631578947,1.8526315789473689,4.884210526,4.926315789473684,58.10526315789474,4.042105263157895,1.3894736842105264,10,10,10,10,10,0.0,92.65948478,0.0,3.963133810350584,57.82282163698716,2375,1426,0.600421053,E01032554,Oxford 002F,E02005941,Oxford 002,1.0093022823385709,460,75,5,0,540,250,500
17.079,Urban,Urban: Nearer to a major town or city,0.8518518518518519,0.1388888888888889,0.009259259,0.0,243.3281004709576,465,0.8162064282480761,0.8846187439951088,0.1397849462365591,0.2043010752688172,0.032258065,0.032258065,0.5698924731182796,0.1075268817204301,0.0,1.0,0.091575092,0.75,175,2.4071166928309786,6.698063840920984,8.058608058608058,8.215593929879644,42.12454212454213,10.308738880167452,1.831501831501832,5,4,4,6,7,0.0,102.2697115,0.0,2.646948461221118,230.7136912,1911,1264,0.6614338042909471,E01032555,Oxford 002G,E02005941,Oxford 002,0.7555870578142422,460,75,5,0,540,75,100
8.302,Urban,Urban: Nearer to a major town or city,0.9555555555555556,0.0222222222222222,0.0222222222222222,0.0,121.8836565096953,220,0.730124392,0.8730864197530864,0.1136363636363636,0.4318181818181818,0.0227272727272727,0.0227272727272727,0.4545454545454545,0.0454545454545454,0.0,1.0,0.0277008310249307,0.4285714285714285,50,3.434903047091413,6.3711911357340725,13.019390581717452,14.90304709141274,25.20775623268698,6.094182825484765,1.8282548476454288,10,10,10,9,9,0.0,139.0663717,0.0,4.0353741461367205,52.82581328571772,1805,1205,0.667590028,E01032700,Swindon 026B,E02006847,Swindon 026,1.9824679720612344,215,5,5,0,225,15,35
10.113,Urban,Urban: Nearer to a major town or city,0.9523809523809524,0.0238095238095238,0.0238095238095238,0.0,160.9105180533752,205,0.7375,0.8786848072562359,0.1707317073170731,0.4390243902439024,0.024390243902439,0.024390243902439,0.4390243902439024,0.048780488,0.0,1.0,0.078492936,1.0,100,2.511773940345369,8.241758241758241,15.698587127158556,14.99215070643642,27.080062794348507,7.299843014128729,1.5698587127158554,8,7,8,7,7,0.0,79.44109589,0.0,13.9882578,281.86659210984016,1274,969,0.7605965463108321,E01032701,Swindon 027A,E02006848,Swindon 027,0.5004197164730384,200,5,5,0,210,50,50
12.622,Urban,Urban: Nearer to a major town or city,0.9523809523809524,0.0238095238095238,0.0238095238095238,0.0,144.46793516560956,205,0.7375,0.8786848072562359,0.1707317073170731,0.4390243902439024,0.024390243902439,0.024390243902439,0.4390243902439024,0.048780488,0.0,1.0,0.102184637,0.45,145,3.6645525017618046,7.399577167019028,14.094432699083862,13.671599718111349,26.497533474277663,6.483439041578576,2.1141649048625792,9,8,9,8,8,0.0,95.55233051,0.0,8.784873241596856,88.19054780404298,1419,961,0.6772374911909795,E01032702,Swindon 027B,E02006848,Swindon 027,0.5691601759630095,200,5,5,0,210,45,100
7.717,Urban,Urban: Nearer to a major town or city,0.9555555555555556,0.0222222222222222,0.0222222222222222,0.0,133.25257419745608,220,0.730124392,0.8730864197530864,0.1136363636363636,0.4318181818181818,0.0227272727272727,0.0227272727272727,0.4545454545454545,0.0454545454545454,0.0,1.0,0.1211387038158691,1.6666666666666667,200,3.149606299212598,8.600847970926711,12.598425196850393,14.415505754088432,24.651726226529377,6.238643246517262,0.4845548152634766,9,7,8,7,7,0.0,99.49247525,0.0,3.5347646462883104,10.324013959508909,1651,1127,0.6826165960024227,E01032703,Swindon 026C,E02006847,Swindon 026,0.5658085332781931,215,5,5,0,225,125,75
13.823,Urban,Urban: Nearer to a major town or city,0.9523809523809524,0.0238095238095238,0.0238095238095238,0.0,103.37871911245588,205,0.7375,0.8786848072562359,0.1707317073170731,0.4390243902439024,0.024390243902439,0.024390243902439,0.4390243902439024,0.048780488,0.0,1.0,0.088250126,0.75,175,2.924861321230459,7.766011094301563,11.951588502269288,15.784165405950578,21.83560262228946,6.303580433686334,1.5128593040847202,8,7,8,6,7,0.0,71.5272,0.0,7.243542839251594,178.2328208029727,1983,1422,0.7170953101361573,E01032704,Swindon 027C,E02006848,Swindon 027,0.6902699564232303,200,5,5,0,210,75,100
7.855,Urban,Urban: Nearer to a major town or city,0.9555555555555556,0.0222222222222222,0.0222222222222222,0.0,134.14634146341464,220,0.730124392,0.8730864197530864,0.1136363636363636,0.4318181818181818,0.0227272727272727,0.0227272727272727,0.4545454545454545,0.0454545454545454,0.0,1.0,0.0396341463414634,0.4444444444444444,65,2.804878048780488,7.2560975609756095,12.926829268292684,14.51219512195122,23.17073170731708,5.670731707317073,1.8902439024390243,8,7,8,6,8,0.0,110.6571734,0.0,0.7449530006325654,509.268782153093,1640,1170,0.7134146341463414,E01032705,Swindon 026D,E02006847,Swindon 026,1.342366564267632,215,5,5,0,225,20,45
8.705,Urban,Urban: Nearer to a major town or city,0.8955223880597015,0.074626866,0.0298507462686567,0.0,179.4403892944039,295,0.7657550535077289,0.9048442906574394,0.135593220338983,0.423728814,0.033898305,0.033898305,0.4067796610169492,0.06779661,0.0,1.0,0.045620438,0.5,75,3.223844282238443,5.717761557177616,10.097323600973237,12.10462287104623,34.42822384428224,8.394160583941606,2.311435523114356,8,7,7,7,8,0.0,78.06501597,0.0,12.928234622862464,417.3138380859421,1644,1194,0.7262773722627737,E01032706,Swindon 021E,E02003232,Swindon 021,0.2320502440986613,300,25,10,0,335,25,50
40.928,Urban,Urban: Nearer to a major town or city,0.8955223880597015,0.074626866,0.0298507462686567,0.0,140.2757964812173,295,0.7657550535077289,0.9048442906574394,0.135593220338983,0.423728814,0.033898305,0.033898305,0.4067796610169492,0.06779661,0.0,1.0,0.3328578221588207,0.75,700,3.328578221588208,5.420827389443652,11.507370423204945,11.887779362815026,38.611507370423205,7.3704232049453156,0.5230622919638611,10,10,10,10,10,0.0,105.0660772,0.0,4.002867050738358,617.5776957,2103,1347,0.6405135520684736,E01032707,Swindon 021F,E02003232,Swindon 021,2.498209376740461,300,25,10,0,335,300,400
74.089,Urban,Urban: Nearer to a major town or city,0.7469135802469136,0.2037037037037037,0.037037037037037,0.0123456790123456,300.8130081300813,555,0.8223140495867769,0.9096174363664076,0.081081081,0.5495495495495496,0.072072072,0.072072072,0.2612612612612612,0.054054054,0.009009009,0.990990991,0.6504065040650406,0.3333333333333333,1200,3.794037940379404,6.829268292682928,10.677506775067751,13.875338753387537,27.20867208672087,8.834688347,2.4932249322493227,8,6,9,6,5,0.0,66.93159558,3.1,3.771660157192778,451.4264054048596,1845,1392,0.7544715447154472,E01032708,Swindon 012F,E02003223,Swindon 012,1.0605409377543638,605,165,30,10,810,300,900
8.474,Urban,Urban: Nearer to a major town or city,0.9555555555555556,0.0222222222222222,0.0222222222222222,0.0,148.0484522207268,220,0.730124392,0.8730864197530864,0.1136363636363636,0.4318181818181818,0.0227272727272727,0.0227272727272727,0.4545454545454545,0.0454545454545454,0.0,1.0,0.060565276,0.2,90,3.095558546433378,6.796769851951548,13.189771197846568,14.93943472409152,24.158815612382234,7.469717362045761,0.8748317631224763,7,7,7,6,7,0.0,113.0301333,8.4,1.785198966028978,1115.6027336950117,1486,1096,0.7375504710632571,E01032709,Swindon 026E,E02006847,Swindon 026,0.5601616509023721,215,5,5,0,225,15,75
90.29,Urban,Urban: Nearer to a major town or city,0.8448275862068966,0.1206896551724138,0.0344827586206896,0.0,171.18402282453638,240,0.7708333333333334,0.8961111111111111,0.1666666666666666,0.3958333333333333,0.0208333333333333,0.0208333333333333,0.4583333333333333,0.083333333,0.0,1.0,1.1412268188302426,1.6666666666666667,1600,4.279600570613409,7.0613409415121255,14.978601997146937,15.905848787446503,25.392296718972894,8.701854494,2.353780313837375,10,9,10,8,7,0.0,99.01140351,0.0,6.332286624592979,101.37029696298949,1402,991,0.7068473609129815,E01032710,Swindon 028E,E02006849,Swindon 028,1.2633666910986072,245,35,10,0,290,1000,600
10.113,Urban,Urban: Nearer to a major town or city,0.9523809523809524,0.0238095238095238,0.0238095238095238,0.0,118.4971098265896,205,0.7375,0.8786848072562359,0.1707317073170731,0.4390243902439024,0.024390243902439,0.024390243902439,0.4390243902439024,0.048780488,0.0,1.0,0.0462427745664739,0.7777777777777778,80,2.485549132947977,7.861271676300578,10.173410404624278,14.16184971098266,24.68208092485549,7.109826589595376,2.369942196531792,8,7,9,6,6,0.0,85.98019048,0.0,4.692475166038733,267.7208229585494,1730,1262,0.7294797687861272,E01032711,Swindon 027D,E02006848,Swindon 027,0.213107148064925,200,5,5,0,210,35,45
19.897,Urban,Urban: Nearer to a major town or city,0.9523809523809524,0.0238095238095238,0.0238095238095238,0.0,84.05084050840509,205,0.7375,0.8786848072562359,0.1707317073170731,0.4390243902439024,0.024390243902439,0.024390243902439,0.4390243902439024,0.048780488,0.0,1.0,0.092250923,0.5,225,3.731037310373104,7.790077900779008,13.325133251332511,13.735137351373512,24.231242312423124,6.929069290692907,1.6810168101681018,8,6,8,5,7,0.0,68.07406452,0.0,5.771663739275759,476.3977981940876,2439,1720,0.7052070520705207,E01032712,Swindon 027E,E02006848,Swindon 027,0.8663013345658649,200,5,5,0,210,75,150
22.418,Urban,Urban: Nearer to a major town or city,0.9555555555555556,0.0222222222222222,0.0222222222222222,0.0,102.803738317757,220,0.730124392,0.8730864197530864,0.1136363636363636,0.4318181818181818,0.0227272727272727,0.0227272727272727,0.4545454545454545,0.0454545454545454,0.0,1.0,0.2219626168224299,1.1111111111111112,475,2.850467289719626,7.616822429906541,13.598130841121495,14.485981308411214,24.626168224299068,5.514018691588785,0.9345794392523364,8,8,6,7,7,0.0,97.52607261,0.0,6.065698610280179,459.7090161,2140,1564,0.7308411214953271,E01032713,Swindon 026F,E02006847,Swindon 026,1.1540303021545386,215,5,5,0,225,250,225
123.529,Urban,Urban: Nearer to a major town or city,0.7969924812030075,0.1654135338345864,0.037593985,0.0,196.40618470539076,470,0.8097506925207756,0.8989349112426035,0.074468085,0.5,0.0106382978723404,0.0106382978723404,0.2978723404255319,0.085106383,0.0105263157894736,0.9894736842105264,1.1491851232762222,0.8333333333333334,2750,2.381947346427079,6.895110739657334,5.265357292101964,7.563727538654409,29.920601755119097,7.981613038027581,3.468449644797326,3,2,4,6,5,0.0,66.34987147,45.4,24.040736454077923,759.3998295873619,2393,1838,0.7680735478478897,E01032714,Swindon 019E,E02003230,Swindon 019,0.7071330794076555,530,110,25,0,665,1250,1500
57.034,Urban,Urban: Nearer to a major town or city,0.7969924812030075,0.1654135338345864,0.037593985,0.0,307.5916230366492,470,0.8097506925207756,0.8989349112426035,0.074468085,0.5,0.0106382978723404,0.0106382978723404,0.2978723404255319,0.085106383,0.0105263157894736,0.9894736842105264,1.0471204188481675,0.6,1600,3.7958115183246073,6.609947643979057,8.704188481675393,11.649214659685864,25.19633507853404,11.976439790575917,3.0104712041884816,4,5,5,3,4,0.0,99.36170599,0.0,11.408367144075202,264.1364463001426,1528,1123,0.7349476439790575,E01032715,Swindon 019F,E02003230,Swindon 019,0.4382748150419309,530,110,25,0,665,600,1000
138.002,Urban,Urban: Nearer to a major town or city,0.7469135802469136,0.2037037037037037,0.037037037037037,0.0123456790123456,321.73913043478257,555,0.8223140495867769,0.9096174363664076,0.081081081,0.5495495495495496,0.072072072,0.072072072,0.2612612612612612,0.054054054,0.009009009,0.990990991,1.536231884057971,0.5142857142857142,2650,5.159420289855072,11.014492753623188,11.71014492753623,11.53623188405797,17.565217391304348,13.855072463768115,2.4347826086956523,5,5,5,4,2,0.0,101.323252,0.0,5.287083676832332,952.3290412791448,1725,1238,0.7176811594202899,E01032716,Swindon 012G,E02003223,Swindon 012,0.5674205636551227,605,165,30,10,810,900,1750
75.161,Urban,Urban: Nearer to a major town or city,0.8208955223880597,0.1492537313432835,0.0298507462686567,0.0,140.28056112224448,280,0.8281807372175981,0.900423257,0.1785714285714285,0.4642857142857143,0.0178571428571428,0.0178571428571428,0.4285714285714285,0.035714286,0.0,1.0,0.2880761523046092,0.2777777777777778,575,3.607214428857716,6.813627254509018,7.715430861723446,10.470941883767534,25.851703406813627,10.470941883767534,2.8557114228456912,5,4,5,4,6,0.0,107.7014658,0.0,10.353797927002011,63.52689430860751,1996,1366,0.6843687374749499,E01032724,Bracknell Forest 006F,E02003357,Bracknell Forest 006,0.6760804150662888,275,50,10,0,335,125,450
89.163,Urban,Urban: Nearer to a major town or city,0.8375,0.0875,0.0625,0.0125,179.16207276736492,325,0.8227218934911242,0.8972921006248998,0.1692307692307692,0.4461538461538462,0.0461538461538461,0.0461538461538461,0.4153846153846154,0.0461538461538461,0.0,1.0,1.7364939360529217,0.05,3150,4.740904079382579,12.017640573318634,11.411245865490628,13.561190738699008,17.971334068357223,12.734288864388091,2.039691289966924,6,4,6,3,3,0.0,134.4571429,0.0,3.360627832253264,783.2329680768738,1814,1216,0.6703417861080485,E01032726,Bracknell Forest 009H,E02003360,Bracknell Forest 009,1.190253785798722,335,35,25,5,400,150,3000
165.533,Urban,Urban: Nearer to a major town or city,0.8208955223880597,0.1492537313432835,0.0298507462686567,0.0,136.85239491691104,280,0.8281807372175981,0.900423257,0.1785714285714285,0.4642857142857143,0.0178571428571428,0.0178571428571428,0.4285714285714285,0.035714286,0.0,1.0,0.9042033235581622,0.2333333333333333,1850,4.007820136852395,8.748778103616814,11.241446725317692,14.076246334310852,24.682306940371458,10.166177908113392,2.785923753665689,6,5,6,4,5,0.0,108.5825397,0.0,2.54261878,129.51133545840582,2046,1448,0.707722385,E01032728,Bracknell Forest 006G,E02003357,Bracknell Forest 006,1.5731811749067866,275,50,10,0,335,350,1500
53.896,Urban,Urban: Nearer to a major town or city,0.8503937007874016,0.1023622047244094,0.039370079,0.007874016,266.5397429795335,560,0.810400188,0.9210738421476844,0.1071428571428571,0.4553571428571428,0.035714286,0.035714286,0.3928571428571428,0.0625,0.0,1.0,0.4402665397429795,0.15625,925,2.1894336030461687,5.616373155640171,6.996668253212755,7.5678248453117565,22.32270347453593,15.944788196097097,3.1413612565445024,3,3,4,3,2,0.0,101.3637097,0.5,7.23636220511754,104.32624678515307,2101,1451,0.6906235126130414,E01032729,Slough 009F,E02003415,Slough 009,0.5527639284240372,540,65,25,5,635,125,800
159.941,Urban,Urban: Nearer to a major town or city,0.8503937007874016,0.1023622047244094,0.039370079,0.007874016,245.18388791593696,560,0.810400188,0.9210738421476844,0.1071428571428571,0.4553571428571428,0.035714286,0.035714286,0.3928571428571428,0.0625,0.0,1.0,1.2259194395796849,0.4,2800,2.7583187390542907,6.2609457092819625,5.735551663747811,6.2609457092819625,28.37127845884413,12.478108581436077,2.583187390542907,3,2,4,4,3,0.0,85.27259615,0.0,9.501210892291478,59.30388487788832,2284,1617,0.707968476,E01032730,Slough 009G,E02003415,Slough 009,0.5262487125779515,540,65,25,5,635,800,2000
14.135,Urban,Urban: Nearer to a major town or city,0.875,0.083333333,0.0277777777777777,0.0138888888888888,195.05851755526655,300,0.768888889,0.8982344772862527,0.1666666666666666,0.4666666666666667,0.0166666666666666,0.0166666666666666,0.4333333333333333,0.066666667,0.0,1.0,0.2275682704811443,0.75,350,1.8855656697009104,8.062418725617686,8.647594278283485,10.013003901170352,32.184655396618986,11.898569570871262,2.4057217165149547,5,5,6,6,4,0.0,85.63300248,0.0,3.313772043330213,185.69287714198396,1538,1078,0.7009102730819246,E01032731,Slough 013E,E02003419,Slough 013,0.6035418169531291,315,30,10,5,360,150,200
9.5,Urban,Urban: Nearer to a major town or city,0.875,0.083333333,0.0277777777777777,0.0138888888888888,166.66666666666666,300,0.768888889,0.8982344772862527,0.1666666666666666,0.4666666666666667,0.0166666666666666,0.0166666666666666,0.4333333333333333,0.066666667,0.0,1.0,0.077777778,0.4,140,3.333333333333333,8.444444444444445,8.722222222222223,11.38888888888889,23.833333333333336,15.611111111111112,3.111111111111111,4,3,5,5,3,0.0,90.44916821,0.0,7.882064812489157,495.4760936071111,1800,1216,0.6755555555555556,E01032732,Slough 013F,E02003419,Slough 013,0.6343515460666453,315,30,10,5,360,40,100
290.404,Urban,Urban: Nearer to a major town or city,0.8142292490118577,0.1422924901185771,0.0395256916996047,0.003952569,604.5560747663551,1035,0.825783566,0.8988111046884032,0.144927536231884,0.2995169082125604,0.048309179,0.038647343,0.5314009661835749,0.048309179,0.004830918,0.9951690821256038,1.8399532710280373,0.4,3150,2.394859813084112,4.380841121495327,6.775700934579438,8.644859813084112,28.32943925233645,10.630841121495326,1.6939252336448596,5,3,4,6,7,0.0,81.58930921,0.0,11.533091239235572,23.77444601597848,1712,1168,0.6822429906542056,E01032733,Windsor and Maidenhead 005G,E02003425,Windsor and Maidenhead 005,0.953777246,1030,180,50,5,1265,900,2250
771.313,Urban,Urban: Nearer to a major town or city,0.8142292490118577,0.1422924901185771,0.0395256916996047,0.003952569,523.5204855842185,1035,0.825783566,0.8988111046884032,0.144927536231884,0.2995169082125604,0.048309179,0.038647343,0.5314009661835749,0.048309179,0.004830918,0.9951690821256038,3.161355589276682,0.3888888888888889,6250,1.8715225088517955,5.968639352554376,6.626201315123925,9.205867475973696,35.761254425897825,10.925644916540213,2.579666160849772,5,5,5,6,7,0.0,66.1893067,12.1,5.2038489545245055,379.1897153234659,1977,1468,0.742539201,E01032734,Windsor and Maidenhead 005H,E02003425,Windsor and Maidenhead 005,0.960827273,1030,180,50,5,1265,1750,4500
69.744,Rural,Larger rural: Nearer to a major town or city,0.9285714285714286,0.0625,0.008928571,0.0,202.323717948718,505,0.7356141554749535,0.8651892890120036,0.297029703,0.2673267326732673,0.0198019801980198,0.0198019801980198,0.6039603960396039,0.04950495,0.0,1.0,0.2203525641025641,0.375,550,2.804487179,5.008012820512821,6.209935897435898,8.453525641025642,30.32852564102564,6.570512820512821,1.40224359,9,9,9,8,9,0.0,57.03248503,0.0,0.4834990967017746,212.90868098163912,2496,1630,0.6530448717948718,E01032759,Wokingham 012H,E02003450,Wokingham 012,10.341280954003588,520,35,5,0,560,150,400
275.222,Urban,Urban: Further from a major town or city,0.7341772151898734,0.2109704641350211,0.0464135021097046,0.008438819,528.3505154639175,820,0.8517171717171718,0.9215972222222222,0.079268293,0.4939024390243902,0.067073171,0.067073171,0.2926829268292683,0.048780488,0.0121951219512195,0.9878048780487804,2.31958762886598,0.2,3600,5.541237113402062,12.5,8.762886597938143,8.311855670103093,14.175257731958762,22.03608247,3.930412371134021,3,3,3,1,1,0.0,59.30018282,0.0,1.584895667766204,904.2537525624928,1552,1026,0.6610824742268041,E01032941,Cherwell 004G,E02005924,Cherwell 004,3.154781795225132,870,250,55,10,1185,600,3000
79.556,Urban,Urban: Further from a major town or city,0.7341772151898734,0.2109704641350211,0.0464135021097046,0.008438819,489.55223880597015,820,0.8517171717171718,0.9215972222222222,0.079268293,0.4939024390243902,0.067073171,0.067073171,0.2926829268292683,0.048780488,0.0121951219512195,0.9878048780487804,1.0149253731343284,0.36,1700,4.059701492537314,7.701492537313433,6.985074626865671,10.208955223880595,26.268656716417908,14.029850746268655,3.343283582089552,4,4,4,3,3,0.0,61.74814815,0.0,4.086282963719758,445.0729955065214,1675,1232,0.7355223880597015,E01032942,Cherwell 004H,E02005924,Cherwell 004,0.734163548,870,250,55,10,1185,450,1250
13.533,Urban,Urban: Further from a major town or city,0.9285714285714286,0.0476190476190476,0.0238095238095238,0.0,75.02027575020276,185,0.7562326869806094,0.8851873884592505,0.1081081081081081,0.5135135135135135,0.027027027,0.027027027,0.3783783783783784,0.054054054,0.0,1.0,0.0304136253041362,0.5,75,3.325223033,6.042173560421736,12.652068126520682,13.422546634225466,24.77696674776967,6.609894566098945,1.5409570154095702,8,7,7,7,8,0.0,56.97384615,0.0,4.926095946242224,1095.3002995726135,2466,1747,0.7084347120843472,E01032943,Cherwell 002E,E02005922,Cherwell 002,1.421003585068174,195,10,5,0,210,25,50
7.548,Urban,Urban: Further from a major town or city,0.9285714285714286,0.0476190476190476,0.0238095238095238,0.0,134.05797101449278,185,0.7562326869806094,0.8851873884592505,0.1081081081081081,0.5135135135135135,0.027027027,0.027027027,0.3783783783783784,0.054054054,0.0,1.0,0.036231884057971,0.25,50,5.289855072463768,9.927536232,12.46376811594203,15.0,23.55072463768116,12.318840579710146,2.536231884057971,8,7,7,6,5,0.0,42.26218638,0.0,4.206979685374254,882.5694539595622,1380,1014,0.7347826086956522,E01032944,Cherwell 002F,E02005922,Cherwell 002,0.4754004415455311,195,10,5,0,210,10,40
24.777,Urban,Urban: Further from a major town or city,0.8904109589041096,0.095890411,0.01369863,0.0,179.23036373220873,340,0.7811418685121108,0.8765522279035792,0.1176470588235294,0.3823529411764705,0.044117647,0.044117647,0.4411764705882353,0.073529412,0.0,1.0,0.1449657353716394,1.2,275,3.268318397469689,6.747496046389036,10.806536636794938,12.440695835529784,29.73115445440169,7.221929362150764,1.4232999472851873,8,6,8,5,8,0.0,76.99526144,0.0,8.540546003,554.8982373212327,1897,1381,0.727991566,E01032947,West Oxfordshire 008G,E02006000,West Oxfordshire 008,0.7025311962436976,325,35,5,0,365,150,125
39.983,Urban,Urban: Further from a major town or city,0.8904109589041096,0.095890411,0.01369863,0.0,174.0911418330773,340,0.7811418685121108,0.8765522279035792,0.1176470588235294,0.3823529411764705,0.044117647,0.044117647,0.4411764705882353,0.073529412,0.0,1.0,0.2816180235535074,0.8333333333333334,550,3.3282130056323607,6.605222734254992,10.34306195596518,12.23758320532514,35.63748079877112,8.499743983614952,1.945724526369688,10,10,10,9,9,0.0,77.66603774,0.0,3.7391356857483022,324.664021184804,1953,1187,0.6077828981054787,E01032948,West Oxfordshire 008H,E02006000,West Oxfordshire 008,1.6046489093372491,325,35,5,0,365,250,300
26.417,Urban,Urban: Further from a major town or city,0.8936170212765957,0.085106383,0.021276596,0.0,141.74344436569808,200,0.8075,0.8872793119058398,0.1,0.45,0.05,0.05,0.4,0.025,0.0,1.0,0.141743444365698,0.6,200,3.1892274982282065,8.646350106307583,13.678242381289865,17.08008504606662,25.79730687455705,6.732813607,1.2048192771084338,9,7,8,6,7,0.0,70.44871194,0.0,7.989689711639225,2076.339477348113,1411,1038,0.735648476,E01032949,West Oxfordshire 013E,E02006005,West Oxfordshire 013,0.3754839184342363,210,20,5,0,235,75,125
26.494,Urban,Urban: Further from a major town or city,0.8936170212765957,0.085106383,0.021276596,0.0,113.7009664582149,200,0.8075,0.8872793119058398,0.1,0.45,0.05,0.05,0.4,0.025,0.0,1.0,0.06822058,0.2,120,2.671972712,7.902217168845935,13.473564525298464,17.509948834565094,25.127913587265493,6.424104604889141,1.6486640136441162,9,7,8,7,8,0.0,62.04290657,0.0,1.83090619430592,2124.705991636695,1759,1258,0.7151790790221717,E01032950,West Oxfordshire 013F,E02006005,West Oxfordshire 013,0.5461776267456953,210,20,5,0,235,20,100
108.788,Urban,Urban: Further from a major town or city,0.8936170212765957,0.085106383,0.021276596,0.0,100.75566750629724,200,0.8075,0.8872793119058398,0.1,0.45,0.05,0.05,0.4,0.025,0.0,1.0,0.327455919,0.4444444444444444,650,4.282115869017632,7.758186397984887,13.198992443324936,21.86397985,19.24433249370277,9.168765743073047,1.7632241813602016,9,7,8,6,7,0.0,103.3675758,0.0,6.250964509530203,2686.8011672285597,1985,1330,0.6700251889168766,E01032951,West Oxfordshire 013G,E02006005,West Oxfordshire 013,1.7597284360244618,210,20,5,0,235,200,450
20.319,Urban,Urban: Further from a major town or city,0.8904109589041096,0.095890411,0.01369863,0.0,240.28268551236744,340,0.7811418685121108,0.8765522279035792,0.1176470588235294,0.3823529411764705,0.044117647,0.044117647,0.4411764705882353,0.073529412,0.0,1.0,0.2120141342756183,0.3333333333333333,300,2.968197879858657,6.431095406360424,9.469964664310954,13.992932862190813,38.657243816254415,9.681978798586572,1.6254416961130742,10,9,9,9,9,0.0,76.53438596,0.0,5.0213835446771045,415.3341773235061,1415,863,0.6098939929328622,E01032952,West Oxfordshire 008I,E02006000,West Oxfordshire 008,0.7965932027319805,325,35,5,0,365,75,225
87.47,Urban,Urban: Further from a major town or city,0.8936170212765957,0.085106383,0.021276596,0.0,79.20792079207921,200,0.8075,0.8872793119058398,0.1,0.45,0.05,0.05,0.4,0.025,0.0,1.0,0.079207921,0.3333333333333333,200,4.633663366336633,6.376237623762377,11.722772277227724,19.32673267326733,19.603960396039604,7.089108910891088,1.7029702970297032,9,8,9,7,9,0.0,109.2604563,0.6,4.172762029120904,3058.902309528945,2525,1587,0.6285148514851485,E01032953,West Oxfordshire 013H,E02006005,West Oxfordshire 013,2.1568447798342514,210,20,5,0,235,50,150
119.669,Urban,Urban: Nearer to a major town or city,0.7528089887640449,0.1853932584269663,0.050561798,0.0112359550561797,534.3213728549142,685,0.8380190311418685,0.9256790123456792,0.087591241,0.3138686131386861,0.1313868613138686,0.0437956204379562,0.364963503649635,0.1094890510948905,0.007352941,0.9926470588235294,1.4430577223088925,0.48,1850,2.652106084,5.772230889,7.254290171606864,10.218408736349453,51.01404056162247,7.722308892355695,2.808112324,5,6,2,7,9,0.0,79.52036424,8.8,0.6874369330729199,816.6774938,1282,884,0.6895475819032761,E01033305,Vale of White Horse 006G,E02005983,Vale of White Horse 006,1.4546788976406728,670,165,45,10,890,600,1250
91.026,Urban,Urban: Nearer to a major town or city,0.7528089887640449,0.1853932584269663,0.050561798,0.0112359550561797,379.50138504155126,685,0.8380190311418685,0.9256790123456792,0.087591241,0.3138686131386861,0.1313868613138686,0.0437956204379562,0.364963503649635,0.1094890510948905,0.007352941,0.9926470588235294,1.1357340720221607,0.64,2050,2.714681440443213,6.481994459833795,9.085872576177286,10.80332409972299,48.19944598337951,8.144044321,2.160664819944598,5,6,5,7,9,0.0,67.94130203,27.8,8.692230694896482,76.37581057552164,1805,1228,0.6803324099722992,E01033306,Vale of White Horse 006H,E02005983,Vale of White Horse 006,1.2654979355826912,670,165,45,10,890,800,1250
4407.307,Urban,Urban: Nearer to a major town or city,0.7275362318840579,0.1971014492753623,0.060869565,0.0144927536231884,410.8702685215141,1270,0.8120506023713909,0.8878638941398865,0.3622047244094488,0.2047244094488189,0.0314960629921259,0.0236220472440944,0.4409448818897638,0.0472440944881889,0.0,1.0,10.999676480103526,0.2142857142857142,34000,1.7470074409576188,2.652863151083792,3.655774830152055,6.340989971,39.987059204141055,6.502749919120025,1.973471368489162,5,5,7,7,9,0.0,64.39403922,3.5,27.89546579421157,266.1392058247804,3091,2597,0.8401811711420253,E01033415,Reading 019B,E02006939,Reading 019,1.9716465896551807,1255,340,105,25,1725,6000,28000
38.041,Urban,Urban: Nearer to a major town or city,0.7275362318840579,0.1971014492753623,0.060869565,0.0144927536231884,1100.519931,1270,0.8120506023713909,0.8878638941398865,0.3622047244094488,0.2047244094488189,0.0314960629921259,0.0236220472440944,0.4409448818897638,0.0472440944881889,0.0,1.0,0.4766031195840554,0.2222222222222222,550,2.079722703639515,6.672443674176777,4.332755632582322,11.525129982668975,56.23916811091855,11.00519931,2.253032928942808,6,5,7,6,9,0.0,89.04902386,0.8,8.034237256233052,87.44778230400502,1154,918,0.7954939341421143,E01033417,Reading 010F,E02006939,Reading 019,0.1244673225481595,1255,340,105,25,1725,100,450
221.413,Urban,Urban: Nearer to a major town or city,0.8923076923076924,0.076923077,0.0153846153846153,0.0153846153846153,134.180791,285,0.7649586776859504,0.9140828402366864,0.1403508771929824,0.4561403508771929,0.0175438596491228,0.0175438596491228,0.3684210526315789,0.070175439,0.0,1.0,1.0828625235404896,0.5333333333333333,2300,1.3653483992467044,1.977401129943503,2.871939736346516,5.4613935969868175,40.77212806026365,3.907721280602636,1.1299435028248588,7,5,9,6,10,0.0,158.0864494,0.0,7.0439586738817415,371.2458585062277,2124,1716,0.807909605,E01033418,Reading 019A,E02003398,Reading 010,1.419656256229746,290,25,5,5,325,800,1500
591.854,Urban,Urban: Nearer to a major town or city,0.7252747252747253,0.2252747252747252,0.043956044,0.005494505,499.2917847025496,705,0.8565041617122473,0.891975214,0.1914893617021276,0.2340425531914893,0.0283687943262411,0.0283687943262411,0.6099290780141844,0.070921986,0.0,1.0,5.311614730878187,0.5,7500,1.3456090651558072,4.2492917847025495,4.390934844192635,7.790368271954675,50.84985835694052,8.852691218,2.1246458923512748,5,6,4,6,8,0.0,73.01949509,0.5,8.075184902,162.84738406787537,1412,1177,0.8335694050991501,E01033420,Reading 020B,E02006940,Reading 020,0.4953446947118424,660,205,40,5,910,2500,5000
189.898,Urban,Urban: Nearer to a major town or city,0.8923076923076924,0.076923077,0.0153846153846153,0.0153846153846153,117.9147703764998,285,0.7649586776859504,0.9140828402366864,0.1403508771929824,0.4561403508771929,0.0175438596491228,0.0175438596491228,0.3684210526315789,0.070175439,0.0,1.0,1.406702523789822,0.1333333333333333,3400,2.2341745966073643,7.281754240794373,7.571369466280513,9.474555234,40.71162598262308,13.280926768721557,2.358295407529996,3,3,4,4,5,0.0,124.030459,0.0,3.460705626426704,286.69175396328075,2417,1825,0.7550682664460074,E01033421,Reading 010G,E02003398,Reading 010,0.8668752340827098,290,25,5,5,325,400,3000
38.2,Urban,Urban: Nearer to a major town or city,0.7275362318840579,0.1971014492753623,0.060869565,0.0144927536231884,848.3633934535738,1270,0.8120506023713909,0.8878638941398865,0.3622047244094488,0.2047244094488189,0.0314960629921259,0.0236220472440944,0.4409448818897638,0.0472440944881889,0.0,1.0,0.2839011356045424,0.7,425,3.5404141616566465,7.414829659318638,6.813627254509018,9.352037408149632,37.27454909819639,12.424849699398797,3.740814963259853,4,4,5,4,5,0.0,108.4804183,0.7,11.209346723741213,169.85021675285213,1497,1221,0.8156312625250501,E01033422,Reading 019D,E02006939,Reading 019,0.2676337947193701,1255,340,105,25,1725,175,250
42.296,Urban,Urban: Nearer to a major town or city,0.7275362318840579,0.1971014492753623,0.060869565,0.0144927536231884,620.7233626588466,1270,0.8120506023713909,0.8878638941398865,0.3622047244094488,0.2047244094488189,0.0314960629921259,0.0236220472440944,0.4409448818897638,0.0472440944881889,0.0,1.0,0.4643206256109481,0.5833333333333334,950,1.9550342130987293,3.763440860215054,4.105571847507331,11.29032258064516,46.08993157380254,8.553274682,2.248289345063539,6,7,9,6,7,0.0,117.9856495,0.0,3.254567179,157.24088404272624,2046,1764,0.8621700879765396,E01033423,Reading 020A,E02006939,Reading 019,0.3072605188477173,1255,340,105,25,1725,350,600
,Urban,Urban: Nearer to a major town or city,0.7252747252747253,0.2252747252747252,0.043956044,0.005494505,422.9154169166167,705,0.8565041617122473,0.891975214,0.1914893617021276,0.2340425531914893,0.0283687943262411,0.0283687943262411,0.6099290780141844,0.070921986,0.0,1.0,0.3749250149970006,0.3888888888888889,625,2.2795440911817635,5.338932213557288,5.038992201559688,10.737852429514096,39.53209358128375,6.298740252,2.459508098380324,7,6,8,7,8,0.0,92.02277657,0.5,14.527719106179577,98.9066899612836,1667,1297,0.7780443911217756,E01033838,Reading 020C,E02006940,Reading 020,0.2753357199960276,660,205,40,5,910,175,450
,Urban,Urban: Nearer to a major town or city,0.7252747252747253,0.2252747252747252,0.043956044,0.005494505,367.95407098121086,705,0.8565041617122473,0.891975214,0.1914893617021276,0.2340425531914893,0.0283687943262411,0.0283687943262411,0.6099290780141844,0.070921986,0.0,1.0,0.7045929018789144,0.35,1350,1.356993736951983,3.079331941544885,3.8100208768267225,26.51356993736952,38.72651356993737,4.123173277661795,2.2442588726513573,6,6,6,7,9,0.0,92.02277657,0.5,7.499240177228665,30.15292517233691,1916,1672,0.872651357,E01033839,Reading 020D,E02006940,Reading 020,0.4000405279870161,660,205,40,5,910,350,1000
,Urban,Urban: Nearer to a major town or city,0.8202247191011236,0.1404494382022472,0.0280898876404494,0.0112359550561797,435.6492027334852,765,0.8165685595567866,0.9216639313218028,0.1437908496732026,0.3529411764705882,0.052287582,0.045751634,0.4052287581699346,0.065359477,0.006535948,0.9934640522875816,0.0,,0,2.1070615034168565,5.523917995444191,10.59225512528474,12.64236902050114,25.683371298405465,4.328018223234624,1.082004555808656,8,7,8,6,9,0.0,146.5361374,2.1,3.5084527781862835,901.3454275556472,1756,1159,0.6600227790432802,E01033840,Swindon 008E,E02003219,Swindon 008,1.1401037017998072,730,125,25,10,890,0,0
,Urban,Urban: Nearer to a major town or city,0.8202247191011236,0.1404494382022472,0.0280898876404494,0.0112359550561797,358.1460674157304,765,0.8165685595567866,0.9216639313218028,0.1437908496732026,0.3529411764705882,0.052287582,0.045751634,0.4052287581699346,0.065359477,0.006535948,0.9934640522875816,0.4213483146067415,0.5,900,2.153558052434457,5.805243445692884,10.205992509363297,10.159176029962548,16.10486891385768,4.681647940074907,0.8895131086142322,7,5,8,6,7,0.0,146.5361374,2.1,0.3327325442873113,381.8573005713973,2136,1430,0.6694756554307116,E01033841,Swindon 008F,E02003219,Swindon 008,15.02708432296466,730,125,25,10,890,300,600
,Urban,Urban: Nearer to a major town or city,0.8202247191011236,0.1404494382022472,0.0280898876404494,0.0112359550561797,319.1489361702128,765,0.8165685595567866,0.9216639313218028,0.1437908496732026,0.3529411764705882,0.052287582,0.045751634,0.4052287581699346,0.065359477,0.006535948,0.9934640522875816,0.0,,0,1.543596161869003,4.130162703379224,6.716729244889446,10.972048393825617,19.816437213183143,2.461410095953275,0.7926574885273258,8,6,10,5,9,0.0,146.5361374,2.1,0.503706454,1690.5390481010404,2397,1600,0.6675010429703796,E01033842,Swindon 008G,E02003219,Swindon 008,3.970566553685832,730,125,25,10,890,0,0
,Urban,Urban: Nearer to a major town or city,0.8202247191011236,0.1404494382022472,0.0280898876404494,0.0112359550561797,529.7783933518006,765,0.8165685595567866,0.9216639313218028,0.1437908496732026,0.3529411764705882,0.052287582,0.045751634,0.4052287581699346,0.065359477,0.006535948,0.9934640522875816,0.1731301939058172,0.6666666666666666,250,5.401662049861495,9.002770083102494,12.326869806094184,12.326869806094184,24.653739612188367,12.326869806094184,1.8005540166204987,7,8,8,6,6,0.0,146.5361374,2.1,0.069203438,4781.724068794036,1444,862,0.5969529085872576,E01033843,Swindon 008H,E02003219,Swindon 008,57.800596343936434,730,125,25,10,890,100,150
,Urban,Urban: Nearer to a major town or city,0.8202247191011236,0.1404494382022472,0.0280898876404494,0.0112359550561797,399.6865203761755,765,0.8165685595567866,0.9216639313218028,0.1437908496732026,0.3529411764705882,0.052287582,0.045751634,0.4052287581699346,0.065359477,0.006535948,0.9934640522875816,0.0,,0,2.194357367,5.329153605015674,10.240334378265413,12.643678160919542,23.667711598746084,3.918495297805643,0.7836990595611284,8,6,8,6,9,0.0,146.5361374,2.1,0.7970240123320053,476.5509385514132,1914,1294,0.6760710553814002,E01033844,Swindon 008I,E02003219,Swindon 008,2.509334686351818,730,125,25,10,890,0,0
,Urban,Urban: Nearer to a major town or city,0.8235294117647058,0.1411764705882353,0.0235294117647058,0.0117647058823529,175.3393665158371,310,0.8303850156087409,0.9058956916099772,0.048387097,0.5806451612903226,0.0161290322580645,0.0161290322580645,0.2903225806451613,0.064516129,0.0,1.0,1.8665158371040724,0.32,3300,3.167420814479638,9.954751131,8.710407239819004,6.504524886877829,31.73076923076923,12.047511312217194,5.712669683257919,4,5,5,4,4,0.0,76.91108354,0.0,40.27971247674844,1162.4658408186674,1768,1354,0.7658371040723982,E01033845,Swindon 015E,E02003226,Swindon 015,0.4965278739649655,350,60,10,5,425,800,2500
,Urban,Urban: Nearer to a major town or city,0.8235294117647058,0.1411764705882353,0.0235294117647058,0.0117647058823529,168.56987493202826,310,0.8303850156087409,0.9058956916099772,0.048387097,0.5806451612903226,0.0161290322580645,0.0161290322580645,0.2903225806451613,0.064516129,0.0,1.0,0.176726481783578,0.4444444444444444,325,3.915171288743882,9.570418706,9.787928221859708,8.809135399673735,19.303969548667755,16.31321370309951,3.262642740619902,2,2,2,2,2,0.0,76.91108354,0.0,11.480635441924472,730.3226351066519,1839,1424,0.7743338771071234,E01033846,Swindon 015F,E02003226,Swindon 015,0.5226191555642876,350,60,10,5,425,100,225
,Urban,Urban: Nearer to a major town or city,0.8764044943820225,0.1123595505617977,0.0112359550561797,0.0,221.36137244050917,400,0.783207819,0.9056937255397046,0.1,0.4375,0.025,0.025,0.4,0.0625,0.0,1.0,0.5118981737686774,0.15625,925,4.150525733259546,6.972883231876037,12.562257885998893,11.676812396236857,31.26729385722192,7.526286662977311,1.992252351964582,9,8,7,8,9,0.0,111.8121827,0.0,1.840598655579478,790.7892529932229,1807,1055,0.5838406198118429,E01033847,Swindon 024E,E02003235,Swindon 024,7.606220920330055,390,50,5,0,445,125,800
,Urban,Urban: Nearer to a major town or city,0.8764044943820225,0.1123595505617977,0.0112359550561797,0.0,198.01980198019805,400,0.783207819,0.9056937255397046,0.1,0.4375,0.025,0.025,0.4,0.0625,0.0,1.0,0.099009901,1.0,200,2.4257425742574257,7.326732673267326,12.722772277227724,12.326732673267326,30.3960396,5.0,1.2376237623762376,7,6,7,6,8,0.0,111.8121827,0.0,5.069902933091959,278.6601343348501,2020,1439,0.7123762376237623,E01033848,Swindon 024F,E02003235,Swindon 024,1.1834546103116037,390,50,5,0,445,100,100
,Urban,Urban: Nearer to a major town or city,0.8773584905660378,0.1037735849056603,0.0188679245283018,0.0,141.42049025769956,450,0.7713580246913581,0.9049483802064792,0.1222222222222222,0.3888888888888889,0.0444444444444444,0.0444444444444444,0.3666666666666666,0.066666667,0.0,1.0,0.1021370207416719,0.8571428571428571,325,1.571338780641106,4.745443117536141,7.542426147077309,10.49654305468259,21.841609050911376,3.9912005028284097,1.0685103708359522,8,6,8,7,8,0.046092184,111.9542597,18.7,3.6371935223203664,823.2453431027694,3182,2155,0.6772470144563167,E01033849,Swindon 025G,E02003236,Swindon 025,4.948870575497123,465,55,10,0,530,150,175
,Rural,Smaller rural: Nearer to a major town or city,0.8773584905660378,0.1037735849056603,0.0188679245283018,0.0,210.9704641350211,450,0.7713580246913581,0.9049483802064792,0.1222222222222222,0.3888888888888889,0.0444444444444444,0.0444444444444444,0.3666666666666666,0.066666667,0.0,1.0,0.2812939521800281,1.0,600,4.922644163150492,7.219878105954056,13.314580403187998,13.642756680731363,30.37974683544304,7.969995311767464,1.3595874355368025,8,8,8,8,8,0.046092184,111.9542597,18.7,0.5049991226989465,2401.4813371282007,2133,1416,0.6638537271448663,E01033850,Swindon 025H,E02003236,Swindon 025,47.52483503680761,465,55,10,0,530,300,300
,Urban,Urban: Nearer to a major town or city,0.8795180722891566,0.096385542,0.0240963855421686,0.0,114.07985589912938,380,0.8068814302580536,0.8996875,0.1447368421052631,0.2894736842105263,0.052631579,0.052631579,0.5,0.052631579,0.0,1.0,0.4052836985890123,0.5,1350,2.6418492945061542,4.593215250675472,11.888321825277696,11.918342839987991,33.923746622635846,7.054938456919844,0.8405884118883218,9,10,10,10,10,0.0,105.4416558,1.45,0.080438724,2618.003400036836,3331,2078,0.623836686,E01033851,West Berkshire 007F,E02003373,West Berkshire 007,24.863646576585104,365,40,10,0,415,450,900
,Urban,Urban: Nearer to a major town or city,0.8795180722891566,0.096385542,0.0240963855421686,0.0,114.07985589912938,380,0.8068814302580536,0.8996875,0.1447368421052631,0.2894736842105263,0.052631579,0.052631579,0.5,0.052631579,0.0,1.0,0.4052836985890123,0.5,1350,2.6418492945061542,4.593215250675472,11.888321825277696,11.918342839987991,33.923746622635846,7.054938456919844,0.8405884118883218,9,10,10,10,10,0.0,105.4416558,1.45,0.080438724,2618.003400036836,3331,2078,0.623836686,E01033851,West Berkshire 007F,E02003373,West Berkshire 007,24.863646576585104,365,40,10,0,415,450,900
,Urban,Urban: Nearer to a major town or city,0.7586206896551724,0.2068965517241379,0.0275862068965517,0.006896552,695.3428201811126,1075,0.8415553526301259,0.9244470868014268,0.1302325581395348,0.3441860465116279,0.074418605,0.069767442,0.4372093023255814,0.060465116,0.004651163,0.9953488372093025,3.169469598965071,0.225,4900,3.5575679172056924,8.861578266,10.866752910737388,14.61836998706339,34.21733505821475,10.025873221216042,1.617076326002587,6,5,6,5,6,0.0,91.44607789,0.8,0.869749116,959.1004153237272,1546,1036,0.6701164294954722,E01033852,West Berkshire 019E,E02003385,West Berkshire 019,22.995136907949806,1100,300,40,10,1450,900,4000
,Urban,Urban: Nearer to a major town or city,0.7586206896551724,0.2068965517241379,0.0275862068965517,0.006896552,573.3333333333334,1075,0.8415553526301259,0.9244470868014268,0.1302325581395348,0.3441860465116279,0.074418605,0.069767442,0.4372093023255814,0.060465116,0.004651163,0.9953488372093025,0.48,1.0,900,2.986666666666667,6.88,10.56,13.013333333333332,31.626666666666665,7.893333333333333,1.5466666666666666,9,8,8,7,9,0.0,91.44607789,0.8,6.218601708834052,968.2255154752276,1875,1184,0.6314666666666666,E01033853,West Berkshire 019F,E02003385,West Berkshire 019,2.090502111034446,1100,300,40,10,1450,450,450
,Urban,Urban: Nearer to a major town or city,0.7586206896551724,0.2068965517241379,0.0275862068965517,0.006896552,446.24325446243256,1075,0.8415553526301259,0.9244470868014268,0.1302325581395348,0.3441860465116279,0.074418605,0.069767442,0.4372093023255814,0.060465116,0.004651163,0.9953488372093025,0.6226650062266501,0.2,1500,2.1585720215857203,3.8190120381901207,7.01535907,10.917393109173933,25.985886259858862,3.8190120381901207,1.2868410128684102,8,4,9,6,10,0.0,91.44607789,0.8,4.2217618447772205,798.4502815738223,2409,1698,0.7048567870485679,E01033854,West Berkshire 019G,E02003385,West Berkshire 019,2.6055472583343846,1100,300,40,10,1450,250,1250
,Urban,Urban: Nearer to a major town or city,0.7586206896551724,0.2068965517241379,0.0275862068965517,0.006896552,783.5276968,1075,0.8415553526301259,0.9244470868014268,0.1302325581395348,0.3441860465116279,0.074418605,0.069767442,0.4372093023255814,0.060465116,0.004651163,0.9953488372093025,3.826530612244898,0.5,5250,3.206997084548105,6.195335277,8.236151603498543,10.932944606413994,29.081632653061224,15.597667638483964,1.8221574344023324,5,5,5,5,6,0.0,65.06233666,0.0,6.151223995949044,455.8149516096861,1372,918,0.6690962099125365,E01033855,West Berkshire 019H,E02003385,West Berkshire 019,0.8128463543666764,1100,300,40,10,1450,1750,3500
,Urban,Urban: Nearer to a major town or city,0.7586206896551724,0.2068965517241379,0.0275862068965517,0.006896552,921.9554030874784,1075,0.8415553526301259,0.9244470868014268,0.1302325581395348,0.3441860465116279,0.074418605,0.069767442,0.4372093023255814,0.060465116,0.004651163,0.9953488372093025,0.6432246998284734,0.875,750,2.6586620926243567,4.802744425385934,9.005145797598628,11.063464837049745,41.50943396226416,9.948542024013722,2.144082332761578,6,5,5,6,8,0.0,65.06233666,0.0,7.418936213861745,225.77841410366355,1166,885,0.7590051457975986,E01033856,West Berkshire 019I,E02003385,West Berkshire 019,0.8087412840656906,1100,300,40,10,1450,350,400
,Urban,Urban: Nearer to a major town or city,0.7284768211920529,0.1854304635761589,0.066225166,0.0198675496688741,242.9781542576906,545,0.8323282950896703,0.9134687075128284,0.2018348623853211,0.4128440366972477,0.055045872,0.055045872,0.4311926605504587,0.055045872,0.0,1.0,1.0477039679001336,0.3428571428571428,2350,3.6558181007579136,10.521622826571557,9.496210432,9.184128399465004,16.584930896121268,21.97949175,2.2737405260811414,3,3,4,1,1,0.036764706,138.4734965,3.7,9.896612240027409,1035.4194523125398,2243,1523,0.6790013374944271,E01033857,Reading 017G,E02003405,Reading 017,1.4146254961244424,550,140,50,15,755,600,1750
,Urban,Urban: Nearer to a major town or city,0.7284768211920529,0.1854304635761589,0.066225166,0.0198675496688741,229.86081822016027,545,0.8323282950896703,0.9134687075128284,0.2018348623853211,0.4128440366972477,0.055045872,0.055045872,0.4311926605504587,0.055045872,0.0,1.0,6.748207507380852,0.2307692307692307,16000,0.6326444538169549,2.614930409,4.301982285955293,6.2842682412484185,34.162800506115566,5.398566005904682,1.687051876845213,4,3,5,3,9,0.036764706,138.4734965,3.7,2.7411397671255693,880.5301999368028,2371,1763,0.7435681147195277,E01033858,Reading 017H,E02003405,Reading 017,6.566611529945907,550,140,50,15,755,3000,13000
,Urban,Urban: Nearer to a major town or city,0.7284768211920529,0.1854304635761589,0.066225166,0.0198675496688741,369.9932111337407,545,0.8323282950896703,0.9134687075128284,0.2018348623853211,0.4128440366972477,0.055045872,0.055045872,0.4311926605504587,0.055045872,0.0,1.0,0.2885268160217243,0.8888888888888888,425,1.6293279022403258,3.5980991174473864,4.955872369314324,9.640190088,54.71826205023761,5.431093007467753,1.7651052274270198,8,8,10,6,10,0.036764706,138.4734965,3.7,4.280736759239692,330.7688321608828,1473,1222,0.8295994568906992,E01033859,Reading 017I,E02003405,Reading 017,0.4672092942139294,550,140,50,15,755,200,225
,Urban,Urban: Nearer to a major town or city,0.8448275862068966,0.1206896551724138,0.0344827586206896,0.0,129.72972972972974,240,0.7708333333333334,0.8961111111111111,0.1666666666666666,0.3958333333333333,0.0208333333333333,0.0208333333333333,0.4583333333333333,0.083333333,0.0,1.0,0.1756756756756756,0.8571428571428571,325,3.945945945945946,10.81081081081081,13.405405405405403,16.37837837837838,19.83783783783784,9.459459459,1.783783783783784,6,5,5,5,5,0.0,133.8028375,0.0,2.3538067590071368,193.4984523572112,1850,1347,0.7281081081081081,E01033860,Swindon 028F,E02006849,Swindon 028,1.274531134945604,245,35,10,0,290,150,175
,Urban,Urban: Nearer to a major town or city,0.8448275862068966,0.1206896551724138,0.0344827586206896,0.0,119.8202695956066,240,0.7708333333333334,0.8961111111111111,0.1666666666666666,0.3958333333333333,0.0208333333333333,0.0208333333333333,0.4583333333333333,0.083333333,0.0,1.0,0.4493260109835247,0.5,900,3.295057413879181,6.640039940089864,11.183225162256614,16.475287069395904,24.463305042436343,6.939590614078882,1.597603594608088,10,10,10,8,8,0.0,133.8028375,0.0,4.456115010121716,353.783011,2003,1324,0.6610084872690963,E01033861,Swindon 028G,E02006849,Swindon 028,1.79528579981186,245,35,10,0,290,300,600
,Rural,Smaller rural: Further from a major town or city,0.9047619047619048,0.085714286,0.00952381,0.0,308.44155844155847,475,0.7886980609418283,0.8986625514403292,0.1684210526315789,0.2736842105263158,0.0210526315789473,0.0210526315789473,0.4947368421052631,0.084210526,0.0104166666666666,0.9895833333333334,0.1623376623376623,0.4285714285714285,250,4.285714285714286,7.922077922077922,9.805194805194803,11.558441558441558,33.83116883116883,11.818181818181818,1.1688311688311688,7,7,7,8,8,0.0,76.90343547,0.6,0.2120948011639106,345.1133103742084,1540,943,0.6123376623376623,E01034751,West Oxfordshire 004I,E02005996,West Oxfordshire 004,61.293345846574375,475,45,5,0,525,75,175
,Urban,Urban: Nearer to a major town or city,0.918918919,0.067567568,0.0135135135135135,0.0,306.03448275862064,355,0.7934933544931562,0.8924444444444444,0.1267605633802817,0.323943662,0.028169014084507,0.028169014084507,0.4929577464788732,0.042253521,0.0,1.0,0.8189655172413793,0.3571428571428571,950,3.534482759,6.206896551724138,10.60344827586207,11.724137931034482,32.93103448275862,9.137931034482758,1.7241379310344829,9,10,10,9,9,0.0,76.82008696,0.0,0.1875915822285548,358.2982605567814,1160,722,0.6224137931034482,E01035234,Bracknell Forest 001F,E02003352,Bracknell Forest 001,21.3229184,340,25,5,0,370,250,700
,Urban,Urban: Nearer to a major town or city,0.918918919,0.067567568,0.0135135135135135,0.0,196.34955752212392,355,0.7934933544931562,0.8924444444444444,0.1267605633802817,0.323943662,0.028169014084507,0.028169014084507,0.4929577464788732,0.042253521,0.0,1.0,0.1106194690265486,0.6,200,5.862831858,9.568584071,11.006637168141593,11.449115044247788,27.544247787610622,17.588495575221238,3.207964601769912,10,10,10,8,7,0.0,76.82008696,0.0,0.9713942586178176,1495.5351796552873,1808,945,0.5226769911504425,E01035235,Bracknell Forest 001G,E02003352,Bracknell Forest 001,2.058896253768032,340,25,5,0,370,75,125
,Urban,Urban: Nearer to a major town or city,0.8716216216216216,0.1081081081081081,0.0135135135135135,0.006756757,309.8528756130183,695,0.7867087624864137,0.9068444444444445,0.1438848920863309,0.39568345323741,0.043165468,0.035971223,0.4388489208633093,0.0503597122302158,0.0,1.0,0.1783325902808738,0.3333333333333333,400,4.012483281319661,5.662059741417744,8.693713776192599,11.769950958537672,26.21489077128845,7.980383415069103,1.5158270173874275,8,8,9,8,8,0.0,120.41,0.0,0.056141631,1118.2184319140522,2243,1382,0.6161390994204191,E01035236,Bracknell Forest 002F,E02003353,Bracknell Forest 002,35.624187403383736,645,80,10,5,740,100,300
,Urban,Urban: Nearer to a major town or city,0.8716216216216216,0.1081081081081081,0.0135135135135135,0.006756757,350.30241935483866,695,0.7867087624864137,0.9068444444444445,0.1438848920863309,0.39568345323741,0.043165468,0.035971223,0.4388489208633093,0.0503597122302158,0.0,1.0,0.78125,0.24,1550,1.9153225806451613,3.8306451612903225,6.854838709677419,9.828629032258064,25.100806451612907,5.342741935483871,1.0080645161290325,10,10,10,9,10,0.0,120.41,0.0,0.4143903789737321,1009.9997142071004,1984,1352,0.6814516129032258,E01035237,Bracknell Forest 002G,E02003353,Bracknell Forest 002,4.826366878867085,645,80,10,5,740,300,1250
,Urban,Urban: Nearer to a major town or city,0.8716216216216216,0.1081081081081081,0.0135135135135135,0.006756757,484.3205574912892,695,0.7867087624864137,0.9068444444444445,0.1438848920863309,0.39568345323741,0.043165468,0.035971223,0.4388489208633093,0.0503597122302158,0.0,1.0,0.3484320557491289,0.6666666666666666,500,2.299651568,5.087108013937282,8.919860627,14.494773519163765,31.21951219512195,5.505226480836237,1.4634146341463417,10,9,10,9,9,0.112244898,106.0955371,11.2,0.5470082354320748,1123.1197302423398,1435,966,0.6731707317073171,E01035238,Bracknell Forest 002H,E02003353,Bracknell Forest 002,1.828126041301943,645,80,10,5,740,200,300
,Urban,Urban: Nearer to a major town or city,0.8716216216216216,0.1081081081081081,0.0135135135135135,0.006756757,621.0902591599643,695,0.7867087624864137,0.9068444444444445,0.1438848920863309,0.39568345323741,0.043165468,0.035971223,0.4388489208633093,0.0503597122302158,0.0,1.0,0.2680965147453083,0.3333333333333333,300,3.1277926720285967,6.076854334226988,12.421805183199284,15.81769436997319,35.656836461126005,6.881143878462913,1.0723860589812333,10,10,10,10,9,0.112244898,106.0955371,11.2,1.3124830665187834,785.7604513452206,1119,737,0.6586237712243074,E01035239,Bracknell Forest 002I,E02003353,Bracknell Forest 002,0.7619145918982329,645,80,10,5,740,75,225
,Urban,Urban: Nearer to a major town or city,0.8716216216216216,0.1081081081081081,0.0135135135135135,0.006756757,380.6133625410733,695,0.7867087624864137,0.9068444444444445,0.1438848920863309,0.39568345323741,0.043165468,0.035971223,0.4388489208633093,0.0503597122302158,0.0,1.0,0.0301204819277108,0.8333333333333334,55,2.081051479,3.614457831325301,8.652792990142387,15.33406352683461,25.79408543263965,4.600219058050383,1.3691128148959473,8,7,9,9,10,0.112244898,106.0955371,11.2,1.4882152455306283,203.7268408573256,1826,1267,0.6938663745892661,E01035240,Bracknell Forest 002J,E02003353,Bracknell Forest 002,3.359729054661869,645,80,10,5,740,25,30
,Urban,Urban: Nearer to a major town or city,0.7322834645669292,0.2125984251968504,0.0472440944881889,0.007874016,277.0177838577291,405,0.8081499107674004,0.9038378076756154,0.1604938271604938,0.345679012,0.0246913580246913,0.0246913580246913,0.4567901234567901,0.086419753,0.0121951219512195,0.9878048780487804,4.1039671682626535,0.7142857142857143,6000,3.3515731874145005,7.250341997264022,8.891928864569083,12.722298221614228,33.10533515731874,8.960328317373461,1.983584131326949,5,4,5,5,6,0.0,80.15374517,0.0,10.896004917805488,102.01451871353991,1462,1178,0.8057455540355677,E01035241,Bracknell Forest 007F,E02003358,Bracknell Forest 007,1.009544331429639,465,135,30,5,635,2500,3500
,Urban,Urban: Nearer to a major town or city,0.7322834645669292,0.2125984251968504,0.0472440944881889,0.007874016,180.80357142857144,405,0.8081499107674004,0.9038378076756154,0.1604938271604938,0.345679012,0.0246913580246913,0.0246913580246913,0.4567901234567901,0.086419753,0.0121951219512195,0.9878048780487804,0.4464285714285714,0.6666666666666666,1000,2.8125,5.267857142857143,7.5892857142857135,8.839285714285715,23.660714285714285,9.151785714285714,2.5892857142857144,6,6,7,5,6,0.0,80.15374517,0.0,0.6587446393492512,242.12721282335156,2240,1664,0.7428571428571429,E01035242,Bracknell Forest 007G,E02003358,Bracknell Forest 007,1.5180389186739522,465,135,30,5,635,400,600
,Urban,Urban: Nearer to a major town or city,0.7322834645669292,0.2125984251968504,0.0472440944881889,0.007874016,218.8006482982172,405,0.8081499107674004,0.9038378076756154,0.1604938271604938,0.345679012,0.0246913580246913,0.0246913580246913,0.4567901234567901,0.086419753,0.0121951219512195,0.9878048780487804,0.2431118314424635,0.5,450,1.998919502971367,5.456509994597515,10.264721772015127,11.723392760669908,33.06320907617504,5.834683954619125,1.6207455429497568,8,6,6,7,9,0.0,87.07678049,0.0,2.9127368868955776,542.7487148305615,1851,1287,0.6952998379254457,E01035243,Bracknell Forest 007H,E02003358,Bracknell Forest 007,1.029959147184567,465,135,30,5,635,150,300
,Urban,Urban: Nearer to a major town or city,0.7322834645669292,0.2125984251968504,0.0472440944881889,0.007874016,289.07922912205566,405,0.8081499107674004,0.9038378076756154,0.1604938271604938,0.345679012,0.0246913580246913,0.0246913580246913,0.4567901234567901,0.086419753,0.0121951219512195,0.9878048780487804,0.071377587,0.3333333333333333,100,3.783012134189864,9.992862241256246,11.349036402569594,15.274803711634547,23.19771592,9.564596716630978,2.569593147751606,8,6,7,6,5,0.0,87.07678049,0.0,1.2837864411753823,378.5303826642087,1401,941,0.6716630977872948,E01035244,Bracknell Forest 007I,E02003358,Bracknell Forest 007,0.7789457560281138,465,135,30,5,635,25,75
,Urban,Urban: Nearer to a major town or city,0.8375,0.0875,0.0625,0.0125,190.6158357771261,325,0.8227218934911242,0.8972921006248998,0.1692307692307692,0.4461538461538462,0.0461538461538461,0.0461538461538461,0.4153846153846154,0.0461538461538461,0.0,1.0,0.064516129,0.4666666666666667,110,2.6979472140762466,6.979472140762463,10.674486803519065,13.900293255131963,30.61583578,3.929618768328446,1.2903225806451613,10,9,10,8,9,0.001322751,149.9472,0.1,1.437197941731816,517.3458421,1705,1231,0.7219941348973608,E01035245,Bracknell Forest 009I,E02003360,Bracknell Forest 009,0.6957983802808716,335,35,25,5,400,35,75
,Urban,Urban: Nearer to a major town or city,0.8375,0.0875,0.0625,0.0125,173.9828694,325,0.8227218934911242,0.8972921006248998,0.1692307692307692,0.4461538461538462,0.0461538461538461,0.0461538461538461,0.4153846153846154,0.0461538461538461,0.0,1.0,0.080299786,1.0,150,2.9443254817987152,5.835117773019272,10.706638115631693,12.794432548179872,31.156316916488223,3.961456102783726,1.284796573875803,9,7,10,9,10,0.001322751,149.9472,0.1,0.332938934,848.4638670138024,1868,1256,0.6723768736616702,E01035246,Bracknell Forest 009J,E02003360,Bracknell Forest 009,3.003553795295565,335,35,25,5,400,75,75
,Urban,Urban: Nearer to a major town or city,0.8516483516483516,0.1208791208791208,0.021978022,0.005494505,383.8533927686974,775,0.7988153677633981,0.9044760966287436,0.2129032258064516,0.4064516129032258,0.032258065,0.032258065,0.4580645161290322,0.058064516,0.006369427,0.9936305732484076,1.9811788013868248,0.6,4000,2.526002971768202,4.408122833085686,4.061416542842991,6.8350668647845465,28.231797919762258,7.478949975235265,2.5755324418028724,3,2,5,5,6,0.0,90.37,10.4,10.841352769620748,212.89499286452912,2019,1417,0.7018325903912828,E01035247,Slough 011F,E02003417,Slough 011,0.7379152924916634,775,110,20,5,910,1500,2500
,Urban,Urban: Nearer to a major town or city,0.8516483516483516,0.1208791208791208,0.021978022,0.005494505,442.8571428571428,775,0.7988153677633981,0.9044760966287436,0.2129032258064516,0.4064516129032258,0.032258065,0.032258065,0.4580645161290322,0.058064516,0.006369427,0.9936305732484076,0.6714285714285714,0.175,1175,4.742857142857143,7.428571428571429,6.857142857142858,7.7142857142857135,28.285714285714285,12.342857142857143,2.9714285714285715,3,2,4,4,3,0.0,90.37,10.4,3.394297942,169.16487175631244,1750,1189,0.6794285714285714,E01035248,Slough 011G,E02003417,Slough 011,0.2946117332938905,775,110,20,5,910,175,1000
,Urban,Urban: Nearer to a major town or city,0.8516483516483516,0.1208791208791208,0.021978022,0.005494505,566.5204678362574,775,0.7988153677633981,0.9044760966287436,0.2129032258064516,0.4064516129032258,0.032258065,0.032258065,0.4580645161290322,0.058064516,0.006369427,0.9936305732484076,0.1023391812865497,0.4,140,2.631578947368421,6.725146198830409,7.383040935672515,10.74561403508772,35.38011695906433,11.330409356725148,3.070175438596491,9,7,9,9,7,0.0,111.3787836,0.0,5.559702607576087,134.5052464493309,1368,837,0.6118421052631579,E01035249,Slough 011H,E02003417,Slough 011,0.359731471,775,110,20,5,910,40,100
,Urban,Urban: Nearer to a major town or city,0.8516483516483516,0.1208791208791208,0.021978022,0.005494505,421.88350571584107,775,0.7988153677633981,0.9044760966287436,0.2129032258064516,0.4064516129032258,0.032258065,0.032258065,0.4580645161290322,0.058064516,0.006369427,0.9936305732484076,0.1360914534567229,0.4285714285714285,250,1.4153511159499184,4.681545998911268,6.586826347,7.729994556341861,37.23462166575938,6.042460533478498,1.905280348394121,8,6,9,9,8,0.0,111.3787836,0.0,0.398576604,741.9569007955201,1837,1194,0.6499727817093086,E01035250,Slough 011I,E02003417,Slough 011,2.508927993923713,775,110,20,5,910,75,175
,Urban,Urban: Nearer to a major town or city,0.9056603773584906,0.075471698,0.0188679245283018,0.0,86.58008658008657,240,0.7621527777777778,0.9106443574225704,0.125,0.5,0.0416666666666666,0.0416666666666666,0.375,0.0416666666666666,0.020408163,0.979591836734694,0.2254689754689754,0.5625,625,2.236652236652237,6.132756132756133,6.204906204906205,7.792207792207792,21.06782106782107,14.971139971139973,3.751803751803752,4,3,6,3,2,0.0,98.57891842,0.0,4.212707260153238,578.8427084,2772,1885,0.68001443,E01035251,Slough 015B,E02007068,Slough 015,0.7121311343838486,240,20,5,0,265,225,400
,Urban,Urban: Nearer to a major town or city,0.9056603773584906,0.075471698,0.0188679245283018,0.0,156.04681404421328,240,0.7621527777777778,0.9106443574225704,0.125,0.5,0.0416666666666666,0.0416666666666666,0.375,0.0416666666666666,0.020408163,0.979591836734694,0.130039011703511,0.6,200,2.9258777633289985,7.087126137841353,5.591677503250976,7.087126137841353,27.24317295188556,13.654096228868662,2.4057217165149547,4,3,5,4,3,0.0,103.6906574,0.0,9.306558064394917,625.1310232500423,1538,1114,0.7243172951885566,E01035252,Slough 015C,E02007068,Slough 015,0.3223533318378378,240,20,5,0,265,75,125
,Urban,Urban: Nearer to a major town or city,0.9056603773584906,0.075471698,0.0188679245283018,0.0,136.9863014,240,0.7621527777777778,0.9106443574225704,0.125,0.5,0.0416666666666666,0.0416666666666666,0.375,0.0416666666666666,0.020408163,0.979591836734694,0.085616438,0.2,150,1.4840182648401825,3.2534246575342465,4.566210046,5.422374429223744,42.12328767123288,7.305936073,2.283105023,6,5,7,6,8,0.0,98.57891842,0.0,5.711006853353781,324.271611164004,1752,1245,0.7106164383561644,E01035253,Slough 015D,E02007068,Slough 015,0.175100473,240,20,5,0,265,25,125
,Urban,Urban: Nearer to a major town or city,0.8191489361702128,0.1382978723404255,0.0319148936170212,0.0106382978723404,194.45794846864365,400,0.805625,0.9143253555324315,0.1375,0.4375,0.0375,0.0375,0.4125,0.05,0.0,1.0,0.9965969859017988,0.1714285714285714,2050,2.382109868740885,5.785123966942149,7.583859990277103,6.806028196402528,24.744773942634904,11.813320369470102,3.2085561497326207,5,3,6,4,3,0.0,103.6906574,0.0,1.011883603378148,471.8074532639006,2057,1439,0.6995624696159456,E01035254,Slough 016B,E02007069,Slough 016,0.9882559581571686,385,65,15,5,470,300,1750
,Rural,Smaller rural: Further from a major town or city,0.8571428571428571,0.1071428571428571,0.0267857142857142,0.008928571,441.1764705882353,495,0.8166513621059075,0.9161594026458892,0.080808081,0.3535353535353535,0.0303030303030303,0.0303030303030303,0.3838383838383838,0.060606061,0.020408163,0.979591836734694,0.6238859180035651,0.5555555555555556,700,2.762923351158645,7.397504456327986,10.606060606060606,15.68627450980392,38.23529411764706,11.319073083778964,1.960784314,7,10,10,8,8,0.0,99.26177043,0.7,0.144732120094122,789.7085604144607,1122,677,0.6033868092691622,E01035255,West Oxfordshire 012D,E02006004,West Oxfordshire 012,82.91179589020165,480,60,15,5,560,250,450
,Rural,Smaller rural: Nearer to a major town or city,0.8367346938775511,0.1326530612244898,0.0306122448979591,0.0,181.28654970760232,465,0.8213666319805758,0.905213753698602,0.1075268817204301,0.2580645161290322,0.075268817,0.064516129,0.4731182795698925,0.086021505,0.010752688172043,0.989247312,0.5653021442495126,0.45,1450,2.807017543859649,6.042884990253411,9.434697855750487,10.838206627680313,40.54580897,8.615984405,2.3391812865497075,8,8,9,9,9,0.0,78.33299917,11.85,0.3529248356856292,1162.2682193704654,2565,1483,0.5781676413255361,E01035256,Wokingham 001E,E02003439,Wokingham 001,51.00236135275459,410,65,15,0,490,450,1000
,Rural,Smaller rural: Nearer to a major town or city,0.8367346938775511,0.1326530612244898,0.0306122448979591,0.0,181.28654970760232,465,0.8213666319805758,0.905213753698602,0.1075268817204301,0.2580645161290322,0.075268817,0.064516129,0.4731182795698925,0.086021505,0.010752688172043,0.989247312,0.5653021442495126,0.45,1450,2.807017543859649,6.042884990253411,9.434697855750487,10.838206627680313,40.54580897,8.615984405,2.3391812865497075,8,8,9,9,9,0.0,78.33299917,11.85,0.3529248356856292,1162.2682193704654,2565,1483,0.5781676413255361,E01035256,Wokingham 001E,E02003439,Wokingham 001,51.00236135275459,410,65,15,0,490,450,1000
,Urban,Urban: Nearer to a major town or city,0.8783783783783784,0.094594595,0.027027027,0.0,108.80652839170352,320,0.7773186409550046,0.8515668981047101,0.34375,0.234375,0.015625,0.015625,0.640625,0.078125,0.0,1.0,0.3910234614076844,0.4375,1150,1.3600816048962938,2.720163209792588,4.386263175790547,41.41448486909214,30.70384223053384,4.046242774566474,2.176130568,10,10,10,10,10,0.0,100.7667828,0.0,5.083980837848962,664.5255897961453,2941,2365,0.8041482488949337,E01035257,Wokingham 008H,E02003446,Wokingham 008,3.343836364102568,325,35,10,0,370,350,800
,Urban,Urban: Nearer to a major town or city,0.8783783783783784,0.094594595,0.027027027,0.0,224.0896358543417,320,0.7773186409550046,0.8515668981047101,0.34375,0.234375,0.015625,0.015625,0.640625,0.078125,0.0,1.0,0.073529412,0.4,105,2.871148459383753,4.691876751,9.943977591036417,10.784313725490197,42.57703081232493,7.212885154061624,1.960784314,10,10,10,10,10,0.0,100.7667828,0.0,3.689317858635997,1009.4665667321664,1428,873,0.6113445378151261,E01035258,Wokingham 008I,E02003446,Wokingham 008,1.0842112697437427,325,35,10,0,370,30,75
,Rural,Larger rural: Nearer to a major town or city,0.9285714285714286,0.0625,0.008928571,0.0,268.7599787120809,505,0.7356141554749535,0.8651892890120036,0.297029703,0.2673267326732673,0.0198019801980198,0.0198019801980198,0.6039603960396039,0.04950495,0.0,1.0,0.1862692921766897,1.0,350,2.8738690792974984,6.067056945183609,8.781266631186801,11.176157530601383,29.909526343799893,8.621607237892496,2.607770090473656,7,7,8,7,8,0.0,124.5019153,0.0,3.569996545681902,825.0342356289992,1879,1232,0.6556679084619479,E01035259,Wokingham 012I,E02003450,Wokingham 012,1.1204492634140528,520,35,5,0,560,175,175
,Rural,Larger rural: Nearer to a major town or city,0.9285714285714286,0.0625,0.008928571,0.0,206.9672131147541,505,0.7356141554749535,0.8651892890120036,0.297029703,0.2673267326732673,0.0198019801980198,0.0198019801980198,0.6039603960396039,0.04950495,0.0,1.0,0.071721311,0.75,175,0.6557377049180327,3.155737704918033,5.696721311,8.196721311,28.03278689,2.418032786885246,0.7377049180327869,9,7,10,8,10,0.0,124.5019153,0.0,0.9787592835379132,773.2654654402331,2440,1627,0.6668032786885246,E01035260,Wokingham 012J,E02003450,Wokingham 012,1.0217016756002644,520,35,5,0,560,75,100
,Urban,Urban: Nearer to a major town or city,0.9285714285714286,0.057142857,0.0142857142857142,0.0,151.65655622958468,325,0.7294674556213018,0.8657142857142857,0.2153846153846154,0.3230769230769231,0.0153846153846153,0.0153846153846153,0.5384615384615384,0.076923077,0.0,1.0,0.1166588894073728,0.4285714285714285,250,1.773215118992067,3.6864209052729815,8.072795147,11.152589827344844,35.18432104526365,3.2664489034064395,1.1199253383107792,9,7,9,9,10,0.0,131.9389256,0.0,1.0116548261641904,246.0003624403909,2143,1453,0.678021465,E01035261,Wokingham 014F,E02003452,Wokingham 014,1.9769588878286064,325,20,5,0,350,75,175
,Urban,Urban: Nearer to a major town or city,0.9285714285714286,0.057142857,0.0142857142857142,0.0,163.0707476166583,325,0.7294674556213018,0.8657142857142857,0.2153846153846154,0.3230769230769231,0.0153846153846153,0.0153846153846153,0.5384615384615384,0.076923077,0.0,1.0,0.2007024586051179,0.6,400,1.8564977420973403,4.264927245358756,9.533366783743102,10.737581535373808,45.65980933266432,7.827395885599599,1.5554440541896637,10,10,10,10,10,0.0,131.9389256,0.0,1.1332965805856323,415.2206745225795,1993,1155,0.579528349,E01035262,Wokingham 014G,E02003452,Wokingham 014,1.764763111670643,325,20,5,0,350,150,250
,Urban,Urban: Nearer to a major town or city,0.8867924528301887,0.094339623,0.0125786163522012,0.006289308,383.8332486019319,755,0.8179555555555555,0.896953125,0.1788079470198675,0.2847682119205298,0.099337748,0.0397350993377483,0.5231788079470199,0.0397350993377483,0.0,1.0,0.1143873919674631,0.5,225,1.9318759532282663,3.7112353838332486,6.710726995424504,10.879511947127606,32.63853584138282,4.321301474326385,0.762582613,10,9,10,8,10,0.006968641,91.22969858,1.4,1.993760004704477,511.1816722477257,1967,1353,0.6878495170310117,E01035263,Wokingham 017E,E02003455,Wokingham 017,1.5046946437490964,705,75,10,5,795,75,150
,Urban,Urban: Nearer to a major town or city,0.8867924528301887,0.094339623,0.0125786163522012,0.006289308,395.7023060796645,755,0.8179555555555555,0.896953125,0.1788079470198675,0.2847682119205298,0.099337748,0.0397350993377483,0.5231788079470199,0.0397350993377483,0.0,1.0,2.7253668763102725,0.1555555555555555,5200,4.245283018867925,6.341719077568134,11.268343815513626,13.522012578616351,29.14046121593292,10.429769392033544,1.519916142557652,9,8,9,8,8,0.006968641,91.22969858,1.4,0.6379494331051098,703.7130722273304,1908,1261,0.660901468,E01035264,Wokingham 017F,E02003455,Wokingham 017,18.81026830228856,705,75,10,5,795,700,4500
,Urban,Urban: Nearer to a major town or city,0.8867924528301887,0.094339623,0.0125786163522012,0.006289308,248.7644151565074,755,0.8179555555555555,0.896953125,0.1788079470198675,0.2847682119205298,0.099337748,0.0397350993377483,0.5231788079470199,0.0397350993377483,0.0,1.0,0.1235584843492586,0.5,375,1.6474464579901154,2.372322899505766,5.502471169686985,7.940691927512356,28.599670510708403,2.405271828665568,0.7578253706754531,10,9,10,10,10,0.0,114.7734835,0.0,1.971180638879504,989.3786142639564,3035,2042,0.6728171334431631,E01035265,Wokingham 017G,E02003455,Wokingham 017,4.565791598438158,705,75,10,5,795,125,250
,Urban,Urban: Nearer to a major town or city,0.8867924528301887,0.094339623,0.0125786163522012,0.006289308,429.4653014789533,755,0.8179555555555555,0.896953125,0.1788079470198675,0.2847682119205298,0.099337748,0.0397350993377483,0.5231788079470199,0.0397350993377483,0.0,1.0,0.1706484641638225,0.3333333333333333,300,4.09556314,6.257110352673492,10.011376564277588,14.391353811149031,29.52218430034129,9.215017064846416,1.6496018202502845,9,8,9,9,8,0.0,114.7734835,0.0,0.7295424927611376,2251.3513965600782,1758,1120,0.6370875995449374,E01035266,Wokingham 017H,E02003455,Wokingham 017,4.112166227,705,75,10,5,795,75,225
,Rural,Smaller rural: Nearer to a major town or city,0.8526315789473684,0.1157894736842105,0.031578947368421,0.0,266.62672258837625,445,0.7962293388429752,0.9079861111111112,0.1235955056179775,0.4157303370786517,0.0561797752808988,0.0561797752808988,0.4044943820224719,0.04494382,0.0,1.0,0.4793289394847214,0.6,800,3.654883163571001,6.231276213301378,11.204313960455362,12.642300778909526,29.838226482923908,10.12582384661474,1.6776512881965249,7,7,8,7,8,0.0,92.56602151,0.0,0.4153693697520459,1320.5837356581285,1669,1071,0.6417016177351708,E01035267,Wokingham 018E,E02003456,Wokingham 018,28.88994922077037,405,55,15,0,475,300,500
,Rural,Larger rural: Nearer to a major town or city,0.8526315789473684,0.1157894736842105,0.031578947368421,0.0,309.2425295343989,445,0.7962293388429752,0.9079861111111112,0.1235955056179775,0.4157303370786517,0.0561797752808988,0.0561797752808988,0.4044943820224719,0.04494382,0.0,1.0,0.034746352,0.25,50,2.362751911,8.686587908269631,9.798471160528145,15.635858234885337,28.21403752605977,5.281445448227936,0.8339124391938846,7,6,8,6,7,0.0,92.56602151,0.0,1.0711828299360548,308.9444447354167,1439,1016,0.7060458651841557,E01035268,Wokingham 018F,E02003456,Wokingham 018,0.9335474505875864,405,55,15,0,475,10,40
,Urban,Urban: Nearer to a major town or city,0.8526315789473684,0.1157894736842105,0.031578947368421,0.0,110.06678209250556,445,0.7962293388429752,0.9079861111111112,0.1235955056179775,0.4157303370786517,0.0561797752808988,0.0561797752808988,0.4044943820224719,0.04494382,0.0,1.0,0.4081127875340094,0.32,1650,3.0175612169181303,5.787781350482315,7.815978233984665,9.250556517437548,26.638634677219887,8.335394509,1.5087806084590651,7,6,7,7,7,0.0,71.67971767,9.55,1.1286496637321988,1197.618847939755,4043,2351,0.5814988869651249,E01035269,Wokingham 018G,E02003456,Wokingham 018,21.264348691370916,405,55,15,0,475,400,1250
,Urban,Urban: Nearer to a major town or city,0.8526315789473684,0.1157894736842105,0.031578947368421,0.0,110.06678209250556,445,0.7962293388429752,0.9079861111111112,0.1235955056179775,0.4157303370786517,0.0561797752808988,0.0561797752808988,0.4044943820224719,0.04494382,0.0,1.0,0.4081127875340094,0.32,1650,3.0175612169181303,5.787781350482315,7.815978233984665,9.250556517437548,26.638634677219887,8.335394509,1.5087806084590651,7,6,7,7,7,0.0,71.67971767,9.55,1.1286496637321988,1197.618847939755,4043,2351,0.5814988869651249,E01035269,Wokingham 018G,E02003456,Wokingham 018,21.264348691370916,405,55,15,0,475,400,1250
,Urban,Urban: Further from a major town or city,0.8571428571428571,0.1071428571428571,0.0267857142857142,0.008928571,153.5836177474403,495,0.8166513621059075,0.9161594026458892,0.080808081,0.3535353535353535,0.0303030303030303,0.0303030303030303,0.3838383838383838,0.060606061,0.020408163,0.979591836734694,0.7291343468817871,0.175,2350,4.654049022649706,3.6301582376667705,8.656531182128452,26.83834936394664,18.181818181818183,3.692212224635433,0.6825938566552902,10,9,10,7,10,0.0,99.26177043,0.7,0.3731098900173505,2122.667149166842,3223,2533,0.7859137449581136,E01035565,West Oxfordshire 012E,E02006004,West Oxfordshire 012,18.76122876205314,480,60,15,5,560,350,2000
,Rural,Smaller rural: Further from a major town or city,0.8958333333333334,0.09375,0.0104166666666666,0.0,370.0724054706356,460,0.7928994082840237,0.9078768673607968,0.097826087,0.3043478260869565,0.0434782608695652,0.0434782608695652,0.391304348,0.0434782608695652,0.010752688172043,0.989247312,0.3016894609814964,0.6666666666666666,375,4.666130329847144,5.953338696701529,10.619469026548671,12.63073209975865,41.83427192,7.481898632,1.9308125502815767,6,10,10,9,10,0.0,112.6415198,5.4,0.1686084469193509,64.23430077869034,1243,762,0.6130329847144006,E01035723,Cherwell 001E,E02005921,Cherwell 001,53.37810866,430,45,5,0,480,150,225
,Urban,Urban: Further from a major town or city,0.8958333333333334,0.09375,0.0104166666666666,0.0,166.72707502718376,460,0.7928994082840237,0.9078768673607968,0.097826087,0.3043478260869565,0.0434782608695652,0.0434782608695652,0.391304348,0.0434782608695652,0.010752688172043,0.989247312,0.1232330554548749,0.1333333333333333,340,2.537151141718014,4.566872055092425,6.342877854295034,8.771293947082276,18.12250815512867,6.5241029358463205,0.7249003262051468,8,6,8,7,7,0.0,112.6415198,5.4,0.356220049223357,62.14620529,2759,1840,0.6669083,E01035724,Cherwell 001F,E02005921,Cherwell 001,8.421760668835741,430,45,5,0,480,40,300
,Urban,Urban: Further from a major town or city,0.7341772151898734,0.2109704641350211,0.0464135021097046,0.008438819,518.6590765338393,820,0.8517171717171718,0.9215972222222222,0.079268293,0.4939024390243902,0.067073171,0.067073171,0.2926829268292683,0.048780488,0.0121951219512195,0.9878048780487804,1.739405439595193,0.5714285714285714,2750,2.213788741302973,4.617330803289057,9.044908285895003,14.864010120177104,21.25237191650854,4.237824161922834,1.7077798861480076,7,6,9,5,8,0.001398601,78.45068618,2.9,0.5523279326330028,474.6026913954624,1581,1116,0.7058823529411765,E01035725,Cherwell 004I,E02005924,Cherwell 004,5.431555825356683,870,250,55,10,1185,1000,1750
,Urban,Urban: Further from a major town or city,0.7341772151898734,0.2109704641350211,0.0464135021097046,0.008438819,466.4391353811149,820,0.8517171717171718,0.9215972222222222,0.079268293,0.4939024390243902,0.067073171,0.067073171,0.2926829268292683,0.048780488,0.0121951219512195,0.9878048780487804,0.1706484641638225,0.5,300,5.005688282138794,8.475540386803186,9.897610921501707,12.286689419795222,22.98065984072809,18.088737201365188,2.844141069397042,6,6,8,3,3,0.001398601,78.45068618,2.9,1.3042818432198993,316.3713862080802,1758,1227,0.6979522184300341,E01035726,Cherwell 004J,E02005924,Cherwell 004,1.533410904,870,250,55,10,1185,100,200
,Urban,Urban: Further from a major town or city,0.8645833333333334,0.09375,0.03125,0.0104166666666666,235.7512953367876,455,0.7895181741335587,0.9030470914127424,0.1208791208791208,0.3296703296703296,0.032967033,0.032967033,0.4505494505494505,0.065934066,0.0,1.0,0.38860103626943,0.5,750,2.331606218,5.336787565,9.585492227979271,13.937823834196893,30.82901554404145,4.352331606217617,0.5181347150259068,9,6,8,7,9,0.0,104.7809987,0.3,0.2147370675112709,817.9194820236867,1930,1302,0.6746113989637306,E01035727,Cherwell 008E,E02005928,Cherwell 008,4.656857856864944,415,45,15,5,480,250,500
,Urban,Urban: Further from a major town or city,0.8645833333333334,0.09375,0.03125,0.0104166666666666,235.8735095904614,455,0.7895181741335587,0.9030470914127424,0.1208791208791208,0.3296703296703296,0.032967033,0.032967033,0.4505494505494505,0.065934066,0.0,1.0,0.077760498,1.0,150,3.265940902021773,5.546915500259201,8.190772420943494,10.005184033177812,19.906687402799378,8.44997408,1.0368066355624677,8,5,7,6,7,0.0,104.7809987,0.3,3.3304629248637334,819.6018224855459,1929,1175,0.6091238983929497,E01035728,Cherwell 008F,E02005928,Cherwell 008,4.503878391204048,415,45,15,5,480,75,75
,Urban,Urban: Further from a major town or city,0.8645833333333334,0.09375,0.03125,0.0104166666666666,274.0963855421687,455,0.7895181741335587,0.9030470914127424,0.1208791208791208,0.3296703296703296,0.032967033,0.032967033,0.4505494505494505,0.065934066,0.0,1.0,0.087349398,0.45,145,4.457831325301205,7.590361445783132,11.08433734939759,14.156626506024098,26.626506024096383,10.120481927710845,1.8674698795180724,10,9,10,7,8,0.0,104.7809987,0.3,4.557872455295898,33.26899178405486,1660,941,0.5668674698795181,E01035729,Cherwell 008G,E02005928,Cherwell 008,2.1940061065949243,415,45,15,5,480,45,100
,Rural,Larger rural: Further from a major town or city,0.8813559322033898,0.1016949152542373,0.016949153,0.0,258.1714827096163,545,0.7900008416799933,0.9070669347888536,0.110091743119266,0.3027522935779816,0.036697248,0.0275229357798165,0.4311926605504587,0.073394495,0.018348624,0.981651376,0.0236854571293225,0.4285714285714285,50,3.2212221695878727,7.626717195641876,9.900521080056846,12.22169587873046,20.132638559924207,5.921364282330649,1.1369019422074846,6,5,8,5,7,0.0,126.4203252,5.1,2.231722456614973,4312.3022192521175,2111,1392,0.659403126,E01035730,Cherwell 010F,E02005930,Cherwell 010,4.032759527656947,520,60,10,0,590,15,35
,Rural,Smaller rural: Further from a major town or city,0.8813559322033898,0.1016949152542373,0.016949153,0.0,340.625,545,0.7900008416799933,0.9070669347888536,0.110091743119266,0.3027522935779816,0.036697248,0.0275229357798165,0.4311926605504587,0.073394495,0.018348624,0.981651376,0.090625,0.45,145,3.6875,6.8125,9.125,11.0625,31.3125,10.4375,1.5625,8,8,9,6,7,0.0,126.4203252,5.1,0.60720494,3726.9542508343775,1600,1005,0.628125,E01035731,Cherwell 010G,E02005930,Cherwell 010,26.350246749707253,520,60,10,0,590,45,100
,Urban,Urban: Nearer to a major town or city,0.8905109489051095,0.087591241,0.0218978102189781,0.0,272.19430485762143,650,0.8110059171597632,0.91725717939155,0.1,0.2769230769230769,0.053846154,0.053846154,0.4076923076923077,0.053846154,0.007751938,0.992248062015504,0.157035176,0.5,375,3.726968174204355,5.527638190954774,6.61641541,9.715242881072026,24.12060301507537,5.192629815745393,0.4187604690117252,8,7,10,6,9,0.0,84.39461756,0.0,0.4655017329593726,576.0221277885489,2388,1691,0.7081239530988275,E01035733,Cherwell 011G,E02005931,Cherwell 011,17.18575771810975,610,60,15,0,685,125,250
,Urban,Urban: Nearer to a major town or city,0.8905109489051095,0.087591241,0.0218978102189781,0.0,473.0713245997089,650,0.8110059171597632,0.91725717939155,0.1,0.2769230769230769,0.053846154,0.053846154,0.4076923076923077,0.053846154,0.007751938,0.992248062015504,0.065502183,1.25,90,5.167394468704512,6.040756914119359,9.679767103347888,16.593886462882097,21.97962154294032,6.040756914119359,1.0917030567685588,7,6,9,5,8,0.0,84.39461756,0.0,1.7687900015641072,636.4961096879775,1374,910,0.6622998544395924,E01035734,Cherwell 011H,E02005931,Cherwell 011,1.1307164774967284,610,60,15,0,685,50,40
,Urban,Urban: Nearer to a major town or city,0.725925926,0.2222222222222222,0.0444444444444444,0.007407407,228.65013774104685,415,0.7774943310657597,0.8604224058769513,0.096385542,0.4578313253012048,0.0240963855421686,0.0240963855421686,0.3734939759036144,0.0602409638554216,0.0,1.0,1.2396694214876034,0.8,2250,5.289256198347108,7.327823691460054,10.192837465564738,10.24793388429752,26.666666666666668,21.818181818181817,4.132231404958678,5,5,6,4,4,0.0,72.44061662,0.0,7.352991570355401,649.9940807901684,1815,1104,0.6082644628099173,E01035735,Cherwell 015E,E02005935,Cherwell 015,1.223991611289851,490,150,30,5,675,1000,1250
,Urban,Urban: Nearer to a major town or city,0.725925926,0.2222222222222222,0.0444444444444444,0.007407407,247.46571258199165,415,0.7774943310657597,0.8604224058769513,0.096385542,0.4578313253012048,0.0240963855421686,0.0240963855421686,0.3734939759036144,0.0602409638554216,0.0,1.0,2.832438878950507,0.5833333333333334,4750,1.7889087656529516,4.114490161001789,5.963029218843173,8.944543828,28.026237328562907,4.472271914,1.550387596899225,7,5,8,6,8,0.0,72.44061662,0.0,3.671517952771798,4.334429166989514,1677,1177,0.7018485390578414,E01035736,Cherwell 015F,E02005935,Cherwell 015,2.4513021904756003,490,150,30,5,675,1750,3000
,Urban,Urban: Nearer to a major town or city,0.8682634730538922,0.1077844311377245,0.0239520958083832,0.0,250.08119519324453,770,0.80215888,0.9074611699811294,0.1038961038961039,0.3246753246753247,0.0324675324675324,0.0324675324675324,0.4155844155844156,0.051948052,0.0130718954248366,0.9869281045751634,0.5521273140630075,0.7,1700,1.461513478402079,4.709321208184476,4.481974667099708,6.885352387138681,22.117570639818123,3.1503734978889253,1.006820396232543,8,5,9,7,8,0.0,75.5886557,0.0,4.325609402962661,647.6494846687102,3079,2069,0.6719714192919779,E01035737,Cherwell 016G,E02005936,Cherwell 016,1.3870877929686691,725,90,20,0,835,700,1000
,Urban,Urban: Nearer to a major town or city,0.8682634730538922,0.1077844311377245,0.0239520958083832,0.0,417.797069994574,770,0.80215888,0.9074611699811294,0.1038961038961039,0.3246753246753247,0.0324675324675324,0.0324675324675324,0.4155844155844156,0.051948052,0.0130718954248366,0.9869281045751634,0.0,,0,1.410743353228432,4.666304937601736,7.216494845360824,10.200759631036354,33.64080303852415,4.666304937601736,0.759631036,8,6,7,8,9,0.0,75.5886557,0.0,1.9886239526005305,488.4016098301161,1843,1153,0.6256104177970699,E01035738,Cherwell 016H,E02005936,Cherwell 016,1.005720562394209,725,90,20,0,835,0,0
,Rural,Smaller rural: Nearer to a major town or city,0.8682634730538922,0.1077844311377245,0.0239520958083832,0.0,421.68674698795184,770,0.80215888,0.9074611699811294,0.1038961038961039,0.3246753246753247,0.0324675324675324,0.0324675324675324,0.4155844155844156,0.051948052,0.0130718954248366,0.9869281045751634,0.2464403066812705,0.5,450,4.326396495071194,7.1741511500547634,10.460021905805036,11.664841182913472,36.30887185104052,9.200438116100766,1.4238773274917853,7,9,9,8,9,0.0,75.5886557,0.0,0.3406680637048544,227.61043310934448,1826,1030,0.5640744797371303,E01035739,Cherwell 016I,E02005936,Cherwell 016,64.57899152842282,725,90,20,0,835,150,300
,Urban,Urban: Nearer to a major town or city,0.8214285714285714,0.1428571428571428,0.035714286,0.0,87.55928493250637,240,0.8057944771389769,0.878188776,0.1875,0.125,0.0208333333333333,0.0208333333333333,0.5833333333333334,0.1666666666666666,0.0,1.0,0.8208682962422473,0.8,2250,0.4013133892739876,0.7661437431594309,3.79423568,19.700839109813938,51.732944180955855,5.14410799,1.6782196278730388,10,10,10,10,10,0.0,88.07407757,2.5,7.567459506297386,526.9931295068192,2741,2061,0.7519153593578985,E01035740,Oxford 003E,E02005942,Oxford 003,2.9071843703547198,230,40,10,0,280,1000,1250
,Urban,Urban: Nearer to a major town or city,0.8214285714285714,0.1428571428571428,0.035714286,0.0,87.55928493250637,240,0.8057944771389769,0.878188776,0.1875,0.125,0.0208333333333333,0.0208333333333333,0.5833333333333334,0.1666666666666666,0.0,1.0,0.8208682962422473,0.8,2250,0.4013133892739876,0.7661437431594309,3.79423568,19.700839109813938,51.732944180955855,5.14410799,1.6782196278730388,10,10,10,10,10,0.0,88.07407757,2.5,7.567459506297386,526.9931295068192,2741,2061,0.7519153593578985,E01035740,Oxford 003E,E02005942,Oxford 003,2.9071843703547198,230,40,10,0,280,1000,1250
,Urban,Urban: Nearer to a major town or city,0.6459854014598541,0.2773722627737226,0.065693431,0.010948905109489,365.4970760233918,875,0.8569057422835074,0.8850231765144654,0.097142857,0.2857142857142857,0.0228571428571428,0.0228571428571428,0.4228571428571429,0.16,0.0112994350282485,0.9887005649717514,0.5430242272347535,0.625,1300,0.1670843776106934,1.2949039264828737,2.4644945697577274,19.46532999164578,49.665831244778616,2.5480367585630743,1.921470342522974,10,10,10,10,10,0.006622517,89.17672253,0.7,5.326671761473282,242.7093303128915,2394,1804,0.7535505430242272,E01035741,Oxford 008F,E02005947,Oxford 008,2.0650793764993614,885,380,90,15,1370,500,800
,Urban,Urban: Nearer to a major town or city,0.6459854014598541,0.2773722627737226,0.065693431,0.010948905109489,378.6239723063609,875,0.8569057422835074,0.8850231765144654,0.097142857,0.2857142857142857,0.0228571428571428,0.0228571428571428,0.4228571428571429,0.16,0.0112994350282485,0.9887005649717514,0.7788836001730852,0.8,1800,0.3028991778450887,1.2981393336218088,2.077022933794894,35.30938987,49.32929467762873,2.8991778450887065,1.5577672003461709,10,10,10,9,10,0.006622517,89.17672253,0.7,3.1341840505699983,327.1531801016939,2311,2042,0.8836001730852445,E01035742,Oxford 008G,E02005947,Oxford 008,0.6381246179962756,885,380,90,15,1370,800,1000
,Urban,Urban: Nearer to a major town or city,0.8235294117647058,0.1470588235294117,0.0294117647058823,0.0,90.79903147699758,150,0.8163265306122449,0.9152249134948096,0.1666666666666666,0.3666666666666666,0.033333333,0.033333333,0.4,0.1,0.0,1.0,0.084745763,0.4,140,3.631961259079903,6.719128329297821,9.443099273607748,12.227602905569007,28.81355932,17.130750605326877,2.663438256658596,5,6,6,2,3,0.0,93.93667137,0.0,2.0026732296562444,853.2563947,1652,1200,0.7263922518159807,E01035743,Oxford 019C,E02007116,Oxford 019,0.4993325846631746,140,25,5,0,170,40,100
,Urban,Urban: Nearer to a major town or city,0.8235294117647058,0.1470588235294117,0.0294117647058823,0.0,106.5340909090909,150,0.8163265306122449,0.9152249134948096,0.1666666666666666,0.3666666666666666,0.033333333,0.033333333,0.4,0.1,0.0,1.0,0.5859375,0.1785714285714285,825,3.6221590909090913,4.900568181818182,6.676136363636363,9.232954545454543,45.09943181818182,18.892045454545457,2.840909090909091,6,5,8,3,4,0.0,93.93667137,0.0,7.159510878792708,1321.175019652702,1408,1204,0.8551136363636364,E01035744,Oxford 019D,E02007116,Oxford 019,0.4190230381360749,140,25,5,0,170,125,700
,Urban,Urban: Nearer to a major town or city,0.7926829268292683,0.1707317073170731,0.0365853658536585,0.0,138.82240306366683,290,0.7571560480147738,0.9083878643664486,0.1379310344827586,0.4655172413793103,0.0344827586206896,0.0344827586206896,0.3448275862068966,0.051724138,0.0175438596491228,0.9824561403508772,0.019147917663954,0.3333333333333333,40,3.925323121110579,8.568693154619435,9.526089037817137,11.871708951651508,21.06270943034945,8.999521302058401,1.675442795595979,5,4,5,2,5,0.0,114.3856614,0.0,2.2437522728853976,39.44411273709378,2089,1405,0.6725706079463858,E01035745,South Oxfordshire 010E,E02005967,South Oxfordshire 010,1.782727999136964,325,70,15,0,410,10,30
,Urban,Urban: Nearer to a major town or city,0.7926829268292683,0.1707317073170731,0.0365853658536585,0.0,143.77788795240457,290,0.7571560480147738,0.9083878643664486,0.1379310344827586,0.4655172413793103,0.0344827586206896,0.0344827586206896,0.3448275862068966,0.051724138,0.0175438596491228,0.9824561403508772,0.0619732275656916,0.6666666666666666,125,2.2310361923648983,6.395637084779375,8.577094695,11.799702528507684,30.441249380267728,4.908279623202776,1.2394645513138325,7,5,8,4,8,0.0,114.3856614,0.0,5.243939062355562,462.7683158893704,2017,1440,0.7139315815567675,E01035746,South Oxfordshire 010F,E02005967,South Oxfordshire 010,0.3813926851967661,325,70,15,0,410,50,75
,Rural,Smaller rural: Nearer to a major town or city,0.8229166666666666,0.1354166666666666,0.03125,0.0104166666666666,295.96100278551535,425,0.8196539792387543,0.8999893718779892,0.1176470588235294,0.2941176470588235,0.035294118,0.0235294117647058,0.4705882352941176,0.070588235,0.0117647058823529,0.9882352941176472,1.4623955431754874,0.4,2100,2.8551532033426184,3.4122562674094707,6.545961002785515,8.774373259052924,30.919220055710305,5.153203342618385,1.0445682451253482,9,7,7,10,10,0.036144578,75.20102669,7.2,1.6986362941519733,945.5104505441908,1436,841,0.5856545961002786,E01035747,South Oxfordshire 011E,E02005968,South Oxfordshire 011,5.298367891340246,395,65,15,5,480,600,1500
,Rural,Smaller rural: Nearer to a major town or city,0.8229166666666666,0.1354166666666666,0.03125,0.0104166666666666,198.32011199253384,425,0.8196539792387543,0.8999893718779892,0.1176470588235294,0.2941176470588235,0.035294118,0.0235294117647058,0.4705882352941176,0.070588235,0.0117647058823529,0.9882352941176472,0.3033131124591693,0.3,650,3.499766682221185,6.486234251,10.21931871208586,11.94587027531498,36.63089127391508,11.85254316378908,3.2197853476434903,7,9,10,8,6,0.036144578,75.20102669,7.2,0.273183971,1905.3103637104384,2143,1469,0.6854876341577228,E01035748,South Oxfordshire 011F,E02005968,South Oxfordshire 011,87.85288498804867,395,65,15,5,480,150,500
,Urban,Urban: Nearer to a major town or city,0.9245283018867924,0.066037736,0.009433962,0.0,144.5677570093458,495,0.792368126,0.8969384122463511,0.1313131313131313,0.303030303030303,0.0303030303030303,0.0303030303030303,0.4444444444444444,0.080808081,0.0101010101010101,0.98989899,0.062792056,0.2285714285714285,215,1.9859813084112148,3.6214953271028034,5.8703271028037385,11.448598130841122,28.066588785046733,3.3294392523364484,0.8177570093457943,10,7,10,8,9,0.0,113.7613223,0.0,2.5968145083668017,1460.203569,3424,2310,0.6746495327102804,E01035749,South Oxfordshire 015F,E02005972,South Oxfordshire 015,1.1552615677146578,490,35,5,0,530,40,175
,Urban,Urban: Further from a major town or city,0.9245283018867924,0.066037736,0.009433962,0.0,405.0736497545008,495,0.792368126,0.8969384122463511,0.1313131313131313,0.303030303030303,0.0303030303030303,0.0303030303030303,0.4444444444444444,0.080808081,0.0101010101010101,0.98989899,0.1145662847790507,0.4,140,4.41898527,7.037643207855974,11.21112929623568,11.292962356792144,35.02454991816694,9.983633387888707,1.5548281505728314,9,8,8,8,8,0.0,113.7613223,0.0,0.1385602543760101,1162.0979852583655,1222,755,0.6178396072013094,E01035750,South Oxfordshire 015G,E02005972,South Oxfordshire 015,14.434153639561108,490,35,5,0,530,40,100
,Rural,Larger rural: Nearer to a major town or city,0.9245283018867924,0.066037736,0.009433962,0.0,262.1822033898305,495,0.792368126,0.8969384122463511,0.1313131313131313,0.303030303030303,0.0303030303030303,0.0303030303030303,0.4444444444444444,0.080808081,0.0101010101010101,0.98989899,0.1191737288135593,0.8,225,2.9661016949152543,5.031779661016949,7.733050847457627,10.752118644067798,31.46186440677966,5.137711864,0.5826271186440678,8,6,8,7,9,0.006060606,67.4154059,2.4,1.649314723390644,47.75488476406228,1888,1193,0.631885593,E01035751,South Oxfordshire 015H,E02005972,South Oxfordshire 015,5.456811773011942,490,35,5,0,530,100,125
,Rural,Larger rural: Nearer to a major town or city,0.9245283018867924,0.066037736,0.009433962,0.0,309.5684803001876,495,0.792368126,0.8969384122463511,0.1313131313131313,0.303030303030303,0.0303030303030303,0.0303030303030303,0.4444444444444444,0.080808081,0.0101010101010101,0.98989899,0.2970606629143214,0.3571428571428571,475,3.126954346466541,4.565353346,9.505941213258287,13.3833646,37.14821763602252,8.380237648530331,1.3133208255159476,8,7,9,7,9,0.006060606,67.4154059,2.4,0.3112503347613252,204.62143207312752,1599,1050,0.6566604127579737,E01035752,South Oxfordshire 015I,E02005972,South Oxfordshire 015,35.34132745089281,490,35,5,0,530,125,350
,Rural,Larger rural: Nearer to a major town or city,0.9043478260869564,0.07826087,0.017391304347826,0.0,220.91609241994323,545,0.7905058496759532,0.8929845422116528,0.1192660550458715,0.3027522935779816,0.036697248,0.0275229357798165,0.4311926605504587,0.0458715596330275,0.009090909,0.990909091,0.4762869882448318,0.175,1175,2.959059586542359,5.472233481961897,8.228617754357519,12.119983785974869,26.10458046209971,6.080259424402108,1.4187271990271584,7,5,7,6,9,0.0,100.3626308,0.0,0.1902618344182973,776.6594022780297,2467,1547,0.627077422,E01035753,Vale of White Horse 007D,E02005984,Vale of White Horse 007,15.76774453569282,520,45,10,0,575,175,1000
,Rural,Larger rural: Nearer to a major town or city,0.9043478260869564,0.07826087,0.017391304347826,0.0,260.1431980906921,545,0.7905058496759532,0.8929845422116528,0.1192660550458715,0.3027522935779816,0.036697248,0.0275229357798165,0.4311926605504587,0.0458715596330275,0.009090909,0.990909091,0.08353222,0.4,175,3.341288782816229,6.730310262529833,8.830548926,12.840095465393794,34.415274463007165,6.348448687350835,1.1455847255369929,10,10,9,8,9,0.0,100.3626308,0.0,0.7682930381345929,1676.8731889666217,2095,1324,0.6319809069212411,E01035754,Vale of White Horse 007E,E02005984,Vale of White Horse 007,16.920627097655156,520,45,10,0,575,50,125
,Rural,Larger rural: Nearer to a major town or city,0.824,0.144,0.024,0.008,330.72760072158746,550,0.8208161865569273,0.9025754422476588,0.1727272727272727,0.3363636363636363,0.063636364,0.063636364,0.4363636363636363,0.036363636,0.0,1.0,0.3908598917618761,0.3,650,4.449789536981359,8.418520745640409,9.26037282,12.687913409500904,26.87913409500902,12.146722790138304,1.0222489476849068,7,6,6,5,6,0.0,111.5707843,0.0,0.080613619,377.27477597079087,1663,1042,0.6265784726398076,E01035755,Vale of White Horse 010F,E02005987,Vale of White Horse 010,24.80970374587363,515,90,15,5,625,150,500
,Rural,Larger rural: Nearer to a major town or city,0.824,0.144,0.024,0.008,340.34653465346537,550,0.8208161865569273,0.9025754422476588,0.1727272727272727,0.3363636363636363,0.063636364,0.063636364,0.4363636363636363,0.036363636,0.0,1.0,0.092821782,0.5,150,4.26980198,7.054455445544554,9.344059405940596,11.386138613861387,33.53960396039604,9.22029703,1.7945544554455444,9,9,9,7,8,0.0,111.5707843,0.0,3.250615273447984,1172.4455342856525,1616,991,0.6132425742574258,E01035756,Vale of White Horse 010G,E02005987,Vale of White Horse 010,2.768706611795848,515,90,15,5,625,50,100
,Urban,Urban: Further from a major town or city,0.8533333333333334,0.12,0.026666667,0.0,247.40622505985635,310,0.7388681413386957,0.903734284,0.064516129,0.4193548387096774,0.048387097,0.048387097,0.3225806451612903,0.096774194,0.016393443,0.9836065573770492,1.11731843575419,1.0,1400,2.553870710295292,7.262569832402235,9.656823623,12.051077414205906,31.604150039904223,12.290502793296088,2.713487629688747,7,7,7,6,7,0.0,65.29499106,0.6,19.781347383423853,59.80502357,1253,841,0.6711891460494812,E01035757,Vale of White Horse 014G,E02005991,Vale of White Horse 014,0.4549740634726286,320,45,10,0,375,700,700
,Urban,Urban: Further from a major town or city,0.8533333333333334,0.12,0.026666667,0.0,254.93421052631572,310,0.7388681413386957,0.903734284,0.064516129,0.4193548387096774,0.048387097,0.048387097,0.3225806451612903,0.096774194,0.016393443,0.9836065573770492,0.2672697368421052,0.8571428571428571,325,3.453947368421053,7.072368421052631,9.786184210526317,14.802631578947366,36.59539473684211,10.361842105263158,1.4802631578947367,9,8,8,7,9,0.0,65.29499106,0.6,0.4934791092246947,591.6276451,1216,751,0.6175986842105263,E01035758,Vale of White Horse 014H,E02005991,Vale of White Horse 014,2.02642823436052,320,45,10,0,375,150,175
,Urban,Urban: Nearer to a major town or city,0.7707317073170732,0.1707317073170731,0.048780488,0.009756098,546.4824120603015,870,0.8425142857142858,0.8891507210858705,0.1494252873563218,0.264367816091954,0.051724138,0.051724138,0.4942528735632184,0.063218391,0.005780347,0.9942196531791908,4.711055276381909,0.25,7500,3.077889447236181,5.464824120603015,8.228643216080402,11.118090452261306,37.93969849246231,7.977386934673366,1.507537688442211,9,8,7,8,9,0.0,111.4810863,0.0,2.013801112,44.85999738891334,1592,1026,0.6444723618090452,E01035759,Vale of White Horse 015G,E02005992,Vale of White Horse 015,9.931467355,790,175,50,10,1025,1500,6000
,Urban,Urban: Nearer to a major town or city,0.7707317073170732,0.1707317073170731,0.048780488,0.009756098,476.19047619047615,870,0.8425142857142858,0.8891507210858705,0.1494252873563218,0.264367816091954,0.051724138,0.051724138,0.4942528735632184,0.063218391,0.005780347,0.9942196531791908,0.5610290093048714,0.28125,1025,2.40831965,4.159824849480022,6.403940886699508,9.140667761357417,33.552271483305965,5.363984674329502,1.5873015873015872,9,6,8,7,10,0.0,111.4810863,0.0,1.2874386995915743,570.8734814854664,1827,1136,0.6217843459222769,E01035760,Vale of White Horse 015H,E02005992,Vale of White Horse 015,6.213888088448725,790,175,50,10,1025,225,800
,Urban,Urban: Nearer to a major town or city,0.7707317073170732,0.1707317073170731,0.048780488,0.009756098,445.0127877237852,870,0.8425142857142858,0.8891507210858705,0.1494252873563218,0.264367816091954,0.051724138,0.051724138,0.4942528735632184,0.063218391,0.005780347,0.9942196531791908,0.069053708,0.35,135,1.892583120204604,3.887468030690537,7.6214833759590785,10.94629156,30.741687979539645,5.063938618925831,0.7672634271099744,9,7,9,8,10,0.0,111.4810863,0.0,0.6184198931200745,151.57272484525325,1955,1236,0.6322250639386189,E01035761,Vale of White Horse 015I,E02005992,Vale of White Horse 015,9.70214585065914,790,175,50,10,1025,35,100
,Rural,Smaller rural: Nearer to a major town or city,0.9047619047619048,0.085714286,0.00952381,0.0,304.48717948717945,475,0.7886980609418283,0.8986625514403292,0.1684210526315789,0.2736842105263158,0.0210526315789473,0.0210526315789473,0.4947368421052631,0.084210526,0.0104166666666666,0.9895833333333334,0.2083333333333333,0.625,325,3.141025641025641,5.1923076923076925,10.576923076923077,11.474358974358974,36.41025641025641,8.205128205128204,1.5384615384615383,8,8,9,9,10,0.0,76.90343547,0.6,0.2174903412087467,389.65604574444586,1560,904,0.5794871794871795,E01035762,West Oxfordshire 004H,E02005996,West Oxfordshire 004,68.96858001433284,475,45,5,0,525,125,200
