LSOA21CD,LSOA21NM,MSOA21CD,MSOA21NM,log_LSOA GVA Estimates (millions),log_gva_per_worker,Urban_rura_Urban,is_swindon,LU_pct_micro_2025_msoa,LU_pct_large_2025_msoa,log_enterprises_per_1k_residents_2025,turnover_diversity_1-HHI_2025_msoa,employment_rate_per_pop,full_time_share,log_Mid-2024 population,IMD_decile
E01015471,Swindon 028A,E02006849,Swindon 028,2.7765807435093186,12.145797025305598,1.0,1,-0.2225381803937283,-0.566902634222329,-0.9760846209395366,-0.4921560351939623,-0.4797125274049829,0.2637352381242579,1.2288921768287375,1.1069371394734977
E01015473,Swindon 008A,E02003219,Swindon 008,6.207099982931871,10.785581146580652,0.0,1,-0.5956040470931775,1.1889750862237116,1.1024026421496522,0.7813003889248701,4.455554553825343,-1.088412619919465,1.0388005421866402,-0.1273202393169789
E01015475,Swindon 015A,E02003226,Swindon 015,4.612086215029821,10.950262539222262,1.0,1,-0.5454933007555959,1.2716046260094134,-0.6930072409087589,1.1660072368139054,0.2358286253686445,-1.7550177264060065,1.6198793086772325,-1.3615776181074557
E01015477,Swindon 015C,E02003226,Swindon 015,3.035241406648704,11.28004718455912,1.0,1,-0.5454933007555959,1.2716046260094134,-0.1392832427340109,1.1660072368139054,-0.3690874428149862,1.3507560651790154,0.2473315030411763,-1.3615776181074557
E01015478,Swindon 021A,E02003232,Swindon 021,5.274070779473495,12.975200191047264,1.0,1,0.5461730478165714,-0.566902634222329,-0.0418430344412477,-0.6335561899847745,-0.2205280310978237,-0.0986050375606613,-0.2058536923242781,-0.1273202393169789
E01015480,Swindon 015D,E02003226,Swindon 015,2.6520440643124705,10.978355343825374,1.0,1,-0.5454933007555959,1.2716046260094134,-1.0092057727385748,1.1660072368139054,-0.4368513288750805,0.867635697599123,2.40526091527274,-1.3615776181074557
E01015481,Swindon 013A,E02003224,Swindon 013,2.8244100022184053,10.87497959919544,1.0,1,0.7924636264578503,-0.566902634222329,-1.3281573056918845,-1.1519203076018991,-0.3329918988405466,-0.0986050375606613,0.0958337756651969,0.2840988869465133
E01015482,Swindon 013B,E02003224,Swindon 013,4.36655760376995,12.12904271630703,1.0,1,0.7924636264578503,-0.566902634222329,-0.7823000343845122,-1.1519203076018991,-0.1627017875331329,-2.1885837477112746,-1.2610954132927794,0.6955180132100055
E01015483,Swindon 013C,E02003224,Swindon 013,2.110213200346589,11.479034258068626,1.0,1,0.7924636264578503,-0.566902634222329,-0.9076229341762722,-1.1519203076018991,-0.4585476930370606,-0.0986050375606613,-0.949950392462375,0.6955180132100055
E01015484,Swindon 013D,E02003224,Swindon 013,4.36655760376995,13.490793076138138,1.0,1,0.7924636264578503,-0.566902634222329,-1.0231867842087643,-1.1519203076018991,-0.4440177713298655,1.3507560651790154,-0.6628387215854661,0.6955180132100055
E01015485,Swindon 013E,E02003224,Swindon 013,2.4238288002794097,12.052247190589346,1.0,1,0.7924636264578503,-0.566902634222329,-0.8461118351677458,-1.1519203076018991,-0.4686126920935641,-0.8232855889304995,-1.1026936880131717,0.6955180132100055
E01015486,Swindon 013F,E02003224,Swindon 013,2.567714760975316,11.698250839117575,1.0,1,0.7924636264578503,-0.566902634222329,-1.0325698745447305,-1.1519203076018991,-0.4444173821634707,1.3507560651790154,-0.6395183767108216,-0.1273202393169789
E01015487,Swindon 023A,E02003234,Swindon 023,2.184589534756338,11.632240025655909,1.0,1,-2.511470826456988,2.622344612474572,-0.7513169501315154,1.291069801276307,-0.4672815593415311,-0.5127082097719975,-0.558884328467368,0.6955180132100055
E01015488,Swindon 023B,E02003234,Swindon 023,4.070034793004519,10.28156657778913,1.0,1,-2.511470826456988,2.622344612474572,-0.7490164407712812,1.291069801276307,1.1689054327728363,-0.7770293835239143,-0.5645937520706317,-1.7729967443709478
E01015489,Swindon 023C,E02003234,Swindon 023,2.802632843588158,11.0341313120349,1.0,1,-2.511470826456988,2.622344612474572,-0.6987909372955747,1.291069801276307,-0.3327380043497025,2.2203727268228213,-0.6892270252666921,0.2840988869465133
E01015490,Swindon 023D,E02003234,Swindon 023,1.9632825487460155,11.643182474872171,1.0,1,-2.511470826456988,2.622344612474572,-0.4366903585600964,1.291069801276307,-0.4787374374355632,1.833876432758908,-1.339127110919213,-0.1273202393169789
E01015491,Swindon 023E,E02003234,Swindon 023,5.167570664499794,11.304155729900453,1.0,1,-2.511470826456988,2.622344612474572,-0.6199508043186892,1.291069801276307,1.1454336177516196,-1.3794357795166552,-0.8848033142427975,-1.7729967443709478
E01015492,Swindon 023F,E02003234,Swindon 023,4.416379751045544,11.19421433961753,1.0,1,-2.511470826456988,2.622344612474572,-0.5848354861595829,1.291069801276307,0.3705793718694827,-1.2580939197524024,-0.9718885156989864,-1.7729967443709478
E01015494,Swindon 019A,E02003230,Swindon 019,3.846267744362679,10.550136939436491,1.0,1,-0.9478863615716704,-0.566902634222329,-0.0655465511898461,0.5914629858391934,-0.0272525003011409,1.3507560651790154,1.8435961742807832,-1.3615776181074557
E01015496,Swindon 019C,E02003230,Swindon 019,3.098063204651453,10.28156657778913,1.0,1,-0.9478863615716704,-0.566902634222329,0.3686518424205031,0.5914629858391934,-0.1366707475685922,-0.2985169138006165,0.7693505184073989,-0.5387393655804712
E01015497,Swindon 019D,E02003230,Swindon 019,2.539236994333048,10.856450882078112,1.0,1,-0.9478863615716704,-0.566902634222329,0.6701295886318955,0.5914629858391934,-0.3767689207661521,-0.0986050375606613,0.0242509373402008,-0.5387393655804712
E01015498,Swindon 021B,E02003232,Swindon 021,2.2979744804363627,11.913273056454289,1.0,1,0.5461730478165714,-0.566902634222329,-0.1784727757970338,-0.6335561899847745,-0.4808696091978053,-0.0986050375606613,0.1323944797822158,0.2840988869465133
E01015501,Swindon 022A,E02003233,Swindon 022,6.019570838655752,12.091988927431547,1.0,1,-1.4008082313943295,3.7145525865165054,0.1186235848800504,1.4772700894218025,1.302086470546849,-1.8630446408959205,-0.9813251307315608,0.6955180132100055
E01015502,Swindon 022B,E02003233,Swindon 022,2.0090190773832903,12.279327754099118,1.0,1,-1.4008082313943295,3.7145525865165054,-0.1298565968921762,1.4772700894218025,-0.4968937707302251,-0.0986050375606613,-0.3664366763319334,-1.7729967443709478
E01015503,Swindon 022C,E02003233,Swindon 022,6.787215657688635,13.490793076138138,1.0,1,-1.4008082313943295,3.7145525865165054,0.1967572392719075,1.4772700894218025,3.372734342767921,-1.7021534916556231,-1.17456693689263,-1.7729967443709478
E01015506,Swindon 007A,E02003218,Swindon 007,2.800143089759132,11.25462094856243,1.0,1,0.917339606331108,-0.566902634222329,-1.6758016107511202,-0.8996541258783273,-0.3740228258613877,1.3507560651790154,-0.5617380874278753,-2.18441587063444
E01015507,Swindon 007B,E02003218,Swindon 007,1.9714386491281808,12.23579810055104,1.0,1,0.917339606331108,-0.566902634222329,-1.8318754941430628,-0.8996541258783273,-0.4978086067493246,-1.5479661403003384,-0.1718414913897913,-2.595834996897932
E01015508,Swindon 010A,E02003221,Swindon 010,2.0286744246261827,10.958271369195964,1.0,1,-1.576215674312622,-0.566902634222329,0.2761306422827158,1.470164496444582,-0.4371239986804264,0.0274263626775709,-0.4490475707217506,-2.18441587063444
E01015509,Swindon 010B,E02003221,Swindon 010,6.561576485792391,11.986318797221353,1.0,1,-1.576215674312622,-0.566902634222329,-0.0901201469707286,1.470164496444582,1.9686100342426232,-1.2185658896776843,0.4571006077569536,-0.9501584918439634
E01015510,Swindon 010C,E02003221,Swindon 010,3.66047997959224,10.704719915827976,1.0,1,-1.576215674312622,-0.566902634222329,-0.3849397251089667,1.470164496444582,-0.1126123256009987,2.1180648842764915,1.18737381532644,-1.7729967443709478
E01015511,Swindon 010D,E02003221,Swindon 010,2.3192455338871527,11.477363188411577,1.0,1,-1.576215674312622,-0.566902634222329,-0.1135842971550933,1.470164496444582,-0.4644946322805749,1.12190957527275,0.5151920437637415,-0.9501584918439634
E01015512,Swindon 028C,E02006849,Swindon 028,2.4970822257181338,11.398378437786077,1.0,1,-0.2225381803937283,-0.566902634222329,-0.4262965217054713,-0.4921560351939623,-0.4363153289258248,0.4811394035352096,-0.1355129919575915,1.1069371394734977
E01015513,Swindon 004A,E02003215,Swindon 004,2.204531152518657,11.585689439125026,1.0,1,0.4455859045876984,-0.566902634222329,-1.517683880899162,-1.5328009348199436,-0.4635905122596188,1.0608838446310802,-0.5674513249424988,0.6955180132100055
E01015514,Swindon 004B,E02003215,Swindon 004,2.033790196260747,11.155211635712307,1.0,1,0.4455859045876984,-0.566902634222329,-1.154709358489797,-1.5328009348199436,-0.43316128017077,1.12190957527275,-1.471252734814558,0.6955180132100055
E01015515,Swindon 004C,E02003215,Swindon 004,1.9632825487460155,12.766262554340948,1.0,1,0.4455859045876984,-0.566902634222329,-1.4498474837365107,-1.5328009348199436,-0.501895655717666,-0.0986050375606613,-0.736545434954312,1.1069371394734977
E01015516,Swindon 004D,E02003215,Swindon 004,3.27143032360309,10.784872287561706,1.0,1,0.4455859045876984,-0.566902634222329,-1.2766095367222807,-1.5328009348199436,-0.0835738375963351,1.97191082349602,-1.1679828591584005,-0.9501584918439634
E01015517,Swindon 004E,E02003215,Swindon 004,2.106326870461218,11.617710199513304,1.0,1,0.4455859045876984,-0.566902634222329,-1.3132189041993152,-1.5328009348199436,-0.4648621622666267,1.6852240119650943,-1.07685459040427,0.6955180132100055
E01015518,Swindon 028D,E02006849,Swindon 028,2.252238718557307,11.456835891481573,1.0,1,-0.2225381803937283,-0.566902634222329,-0.2039690626652908,-0.4921560351939623,-0.4509970117262698,0.867635697599123,-0.6862869373931485,1.1069371394734977
E01015519,Swindon 001A,E02003212,Swindon 001,2.8408896877483216,11.585627449185973,0.0,1,0.4184111521831248,-0.566902634222329,-0.0750104297023697,0.1174611039945376,-0.4113667701229104,1.3507560651790154,-0.5022054650444235,-1.7729967443709478
E01015520,Swindon 001B,E02003212,Swindon 001,3.874985507325583,11.272606083305911,0.0,1,0.4184111521831248,-0.566902634222329,0.1768884482987459,0.1174611039945376,-0.0265052542033007,1.3507560651790154,-1.1254316857579234,-0.1273202393169789
E01015521,Swindon 001C,E02003212,Swindon 001,4.555486122409602,12.43350963350711,0.0,1,0.4184111521831248,-0.566902634222329,-0.1076816370965053,0.1174611039945376,-0.2572189590224126,-1.2580939197524024,-0.4213329070042205,0.6955180132100055
E01015522,Swindon 001D,E02003212,Swindon 001,2.0563008492381933,12.179587123065597,0.0,1,0.4184111521831248,-0.566902634222329,0.1795243938835536,0.1174611039945376,-0.4887642994114504,1.97191082349602,-1.1319505248916464,-0.5387393655804712
E01015523,Swindon 001E,E02003212,Swindon 001,3.094943923624939,11.247361815196118,0.0,1,0.4184111521831248,-0.566902634222329,-0.2220727891138196,0.1174611039945376,-0.3388502492633569,-0.6256454385569075,-0.1380976748066799,0.2840988869465133
E01015524,Swindon 001F,E02003212,Swindon 001,1.9632825487460155,13.117754774087144,0.0,1,0.4184111521831248,-0.566902634222329,0.4705635575865924,0.1174611039945376,-0.501895655717666,1.3507560651790154,-1.7691147990180132,-0.5387393655804712
E01015525,Swindon 026A,E02006847,Swindon 026,2.131322163556825,12.131623846070656,1.0,1,1.4564866940378602,-0.566902634222329,-0.4475832194439939,-1.6256600569457047,-0.4894716717671722,-0.8232855889304995,-0.454612122767315,0.6955180132100055
E01015526,Swindon 006A,E02003217,Swindon 006,2.3102555992982654,11.772766769228722,1.0,1,1.119519764221138,-0.566902634222329,-1.511078815151337,-1.1772776082421132,-0.4690892959005451,-0.5127082097719975,-0.4020389628956887,0.2840988869465133
E01015527,Swindon 007C,E02003218,Swindon 007,3.370119426091294,11.223726687346886,1.0,1,0.917339606331108,-0.566902634222329,-1.9408492408921143,-0.8996541258783273,-0.2871421196463726,-1.2580939197524024,0.1007266339147853,-1.3615776181074557
E01015528,Swindon 006B,E02003217,Swindon 006,2.337855707075965,11.73436890524765,1.0,1,1.119519764221138,-0.566902634222329,-2.1007841648014445,-1.1772776082421132,-0.4807487429170411,-0.0986050375606613,1.0720493170156296,-2.18441587063444
E01015529,Swindon 006C,E02003217,Swindon 006,2.740065530534221,10.967387616194118,1.0,1,1.119519764221138,-0.566902634222329,-1.6928678074657642,-1.1772776082421132,-0.3621331238951226,2.2203727268228213,0.0515442902615523,-0.9501584918439634
E01015530,Swindon 006D,E02003217,Swindon 006,3.0792458737818085,10.9897549074815,1.0,1,1.119519764221138,-0.566902634222329,-2.0937751297649925,-1.1772776082421132,-0.3454858317671063,0.7296013068620104,1.054479231220314,-1.3615776181074557
E01015532,Swindon 021D,E02003232,Swindon 021,3.26472834505029,10.686935350395911,1.0,1,0.5461730478165714,-0.566902634222329,-0.1115169420171437,-0.6335561899847745,-0.1530563560979147,0.4055205633922699,-0.0333861647620595,-0.5387393655804712
E01015533,Swindon 024A,E02003235,Swindon 024,2.4986451758985138,11.400081462185671,1.0,1,0.2562786406457221,-0.566902634222329,0.5906333368517459,-0.1475995615823353,-0.4297400129667799,0.4811394035352096,-0.4685552640523047,1.1069371394734977
E01015534,Swindon 024B,E02003235,Swindon 024,4.415400964058979,11.128685990811697,1.0,1,0.2562786406457221,-0.566902634222329,-0.133955220912146,-0.1475995615823353,0.036154597405606,0.6260755138091773,1.3236166750602691,-0.1273202393169789
E01015535,Swindon 024C,E02003235,Swindon 024,5.873736197456291,13.490793076138138,1.0,1,0.2562786406457221,-0.566902634222329,-0.0804611980906357,-0.1475995615823353,-0.3508977065196267,0.1084465485450064,1.1911649127765194,0.6955180132100055
E01015543,Swindon 003A,E02003214,Swindon 003,2.6393430030924194,11.08246557362274,1.0,1,1.1827010635617743,-0.566902634222329,-2.66061144355876,-1.195810059922201,-0.3766561739113325,0.2637352381242579,-0.482544015955913,-1.3615776181074557
E01015544,Swindon 003B,E02003214,Swindon 003,2.0483377966285023,13.017745548849112,1.0,1,1.1827010635617743,-0.566902634222329,-2.937899806447195,-1.195810059922201,-0.501895655717666,-0.0986050375606613,0.2331321840397423,-2.595834996897932
E01015545,Swindon 003C,E02003214,Swindon 003,2.1229798436943192,12.25568356122628,1.0,1,1.1827010635617743,-0.566902634222329,-2.9190431516477315,-1.195810059922201,-0.4963019861091122,0.7296013068620104,0.1710510832952496,-2.595834996897932
E01015546,Swindon 003D,E02003214,Swindon 003,2.057962510002712,13.028787226635616,1.0,1,1.1827010635617743,-0.566902634222329,-2.937899806447195,-1.195810059922201,-0.501895655717666,-0.0986050375606613,0.3776332200965585,-2.595834996897932
E01015547,Swindon 008C,E02003219,Swindon 008,5.758930164641452,10.584109746910537,0.0,1,-0.5956040470931775,1.1889750862237116,1.246641570430616,0.7813003889248701,3.770219467076979,0.2637352381242579,0.6827431307723103,0.6955180132100055
E01015548,Swindon 008D,E02003219,Swindon 008,5.758930164641452,13.490793076138138,0.0,1,-0.5956040470931775,1.1889750862237116,1.658656479186903,0.7813003889248701,-0.2624927229219201,0.4811394035352096,-0.3338340459105886,0.6955180132100055
E01015549,Swindon 009A,E02003220,Swindon 009,6.128614385255216,12.474575721187843,1.0,1,-1.576215674312622,1.169465333774321,-0.121632347142357,1.317364459169584,0.4534413661130008,-0.5127082097719975,0.535118157368877,0.2840988869465133
E01015550,Swindon 009B,E02003220,Swindon 009,3.886787245359885,11.16687483498519,1.0,1,-1.576215674312622,1.169465333774321,-0.3765023348825408,1.317364459169584,-0.1943838725914344,-0.7427655276671847,1.1664624893364386,-0.1273202393169789
E01015551,Swindon 009C,E02003220,Swindon 009,6.128614385255216,13.464972022426036,1.0,1,-1.576215674312622,1.169465333774321,0.1587825007125855,1.317364459169584,-0.0932573121141378,0.3473522248207774,-0.1588315706658876,0.6955180132100055
E01015552,Swindon 009D,E02003220,Swindon 009,5.225268064574461,11.231555132195725,1.0,1,-1.576215674312622,1.169465333774321,-0.4369378000111894,1.317364459169584,0.6147683650131184,-1.4000721502248603,1.3162626618229452,-0.1273202393169789
E01015553,Swindon 009E,E02003220,Swindon 009,2.4840729690394228,11.047726275896393,1.0,1,-1.576215674312622,1.169465333774321,0.3590596768361257,1.317364459169584,-0.3892095549515325,-0.5127082097719975,-0.6540786823795609,0.2840988869465133
E01015554,Swindon 009F,E02003220,Swindon 009,2.5073202446249003,11.227210345686006,1.0,1,-1.576215674312622,1.169465333774321,0.474975514823815,1.317364459169584,-0.3999070891736146,1.3507560651790154,-0.9405826830348192,-0.5387393655804712
E01015555,Swindon 005A,E02003216,Swindon 005,2.547646679609186,11.116887920261622,1.0,1,-0.0357954237219017,-0.566902634222329,-0.3996632378493161,-0.6144869937322476,-0.3886821936431547,0.7296013068620104,-0.6716167424102938,-0.9501584918439634
E01015556,Swindon 005B,E02003216,Swindon 005,3.243021946696279,11.31493377037116,1.0,1,-0.0357954237219017,-0.566902634222329,-0.4277990655344665,-0.6144869937322476,-0.3002801703049259,-0.0986050375606613,-0.6018919753445016,0.2840988869465133
E01015557,Swindon 005C,E02003216,Swindon 005,3.2295783480013363,11.146791640825246,1.0,1,-0.0357954237219017,-0.566902634222329,-0.795698554897287,-0.6144869937322476,-0.3127983673224434,0.7296013068620104,0.3106513637009375,0.2840988869465133
E01015558,Swindon 005D,E02003216,Swindon 005,2.204531152518657,11.460527535930606,1.0,1,-0.0357954237219017,-0.566902634222329,-0.4950626907489807,-0.6144869937322476,-0.4582701333285143,2.1180648842764915,-0.4351677868926193,-2.595834996897932
E01015559,Swindon 005E,E02003216,Swindon 005,2.5406566648924924,11.109302230998562,1.0,1,-0.0357954237219017,-0.566902634222329,-0.4184717159121762,-0.6144869937322476,-0.3900789562497508,0.7296013068620104,-0.6250074783500553,-0.5387393655804712
E01015560,Swindon 005F,E02003216,Swindon 005,3.0795677794662235,10.99009232436567,1.0,1,-0.0357954237219017,-0.566902634222329,-1.090333827657683,-0.6144869937322476,-0.345012329019043,0.1084465485450064,1.0427256068436734,0.6955180132100055
E01015561,Swindon 014A,E02003225,Swindon 014,5.53287947727086,11.87706349070528,1.0,1,-1.6604574067668016,1.2934916172026545,0.148953848198189,1.4662302313587852,0.6530631182264431,-0.5127082097719975,-0.2640363264894191,0.2840988869465133
E01015564,Swindon 014B,E02003225,Swindon 014,5.53287947727086,10.519776716064545,1.0,1,-1.6604574067668016,1.2934916172026545,0.229387703745218,1.4662302313587852,4.247544132507858,-1.9742488175767128,-0.4629725509309427,0.6955180132100055
E01015567,Swindon 014C,E02003225,Swindon 014,3.612808017162641,11.409518595258351,1.0,1,-1.6604574067668016,1.2934916172026545,0.0638998631965745,1.4662302313587852,-0.2627548340967496,0.8072456516516366,-0.0536173445120405,-0.1273202393169789
E01015568,Swindon 014D,E02003225,Swindon 014,6.257569881960145,12.081607919643128,1.0,1,-1.6604574067668016,1.2934916172026545,0.0334367808167808,1.4662302313587852,1.3280646474501976,-0.9338300798174244,0.0217610638237975,-0.1273202393169789
E01015569,Swindon 022D,E02003233,Swindon 022,3.2548605385877107,10.410977619512616,1.0,1,-1.4008082313943295,3.7145525865165054,0.0065110022501658,1.4772700894218025,0.0385918939384152,2.437776892233773,-0.7039578618917232,-2.18441587063444
E01015570,Swindon 022E,E02003233,Swindon 022,3.2548605385877107,12.02039145146976,1.0,1,-1.4008082313943295,3.7145525865165054,0.069677065827794,1.4772700894218025,-0.4020962138791256,1.3507560651790154,-0.860244121724401,-2.595834996897932
E01015571,Swindon 022F,E02003233,Swindon 022,2.3332112865358066,11.346238502991929,1.0,1,-1.4008082313943295,3.7145525865165054,-0.1679864417306334,1.4772700894218025,-0.4437335911969425,-0.2303651378097228,-0.2720320115429133,-0.9501584918439634
E01015572,Swindon 016B,E02003227,Swindon 016,2.5253285642869154,11.214011083292794,1.0,1,-1.6604574067668016,-0.566902634222329,-2.48013185475134,0.0879294778746784,-0.3960777074392292,-1.3141982205036158,-0.9374646678448296,-2.18441587063444
E01015573,Swindon 016C,E02003227,Swindon 016,3.634212052771628,11.43150931455586,1.0,1,-1.6604574067668016,-0.566902634222329,-2.937899806447195,0.0879294778746784,-0.3389717155956003,0.2637352381242579,1.466325695522531,-2.595834996897932
E01015575,Swindon 016D,E02003227,Swindon 016,3.460032167383048,11.19153411444626,1.0,1,-1.6604574067668016,-0.566902634222329,-2.45266733265195,0.0879294778746784,-0.1792343644638446,0.5834472460815393,-1.006591719116283,-2.595834996897932
E01015578,Swindon 012B,E02003223,Swindon 012,5.31776699036935,10.785542686799689,1.0,1,-1.7072583692413463,1.3623951079961607,0.2879630559711303,0.9412784144549982,1.2653936404225643,-1.5479661403003384,1.6794514232976685,-0.5387393655804712
E01015579,Swindon 012C,E02003223,Swindon 012,3.307948409442525,11.302368712657668,1.0,1,-1.7072583692413463,1.3623951079961607,0.9357512139132989,0.9412784144549982,-0.3168163450689969,0.3473522248207774,0.0786645507060648,-0.1273202393169789
E01015580,Swindon 007D,E02003218,Swindon 007,2.4532439692791588,12.266796085993295,1.0,1,0.917339606331108,-0.566902634222329,-1.8842160139922448,-0.8996541258783273,-0.4857039545691387,0.4811394035352096,-0.0409616452969328,-1.3615776181074557
E01015581,Swindon 012D,E02003223,Swindon 012,5.411422812653309,10.979718787358342,1.0,1,-1.7072583692413463,1.3623951079961607,1.095174298292223,0.9412784144549982,2.054680078581242,-1.1665553237898971,-0.3149300028080983,0.2840988869465133
E01015582,Swindon 012E,E02003223,Swindon 012,4.656442980165514,10.28156657778913,1.0,1,-1.7072583692413463,1.3623951079961607,0.4985258420939373,0.9412784144549982,1.4963108204171285,-1.5479661403003384,1.1588329464676492,-0.1273202393169789
E01015584,Swindon 025B,E02003236,Swindon 025,2.6381998192011293,10.675777035526446,0.0,1,0.270744573079024,-0.566902634222329,0.932072524511148,-0.4775464741240855,-0.2895217659670865,0.6260755138091773,-0.8085194925852913,0.2840988869465133
E01015585,Swindon 025C,E02003236,Swindon 025,4.249865731071543,10.673271647634778,0.0,1,0.270744573079024,-0.566902634222329,-0.2641465547477394,-0.4775464741240855,0.0909982752879307,0.8072456516516366,2.149572873083244,0.2840988869465133
E01015586,Swindon 025D,E02003236,Swindon 025,2.2582151452581054,11.520670103569108,0.0,1,0.270744573079024,-0.566902634222329,1.0033450258437646,-0.4775464741240855,-0.4501530561182477,2.1180648842764915,-0.9844753022505288,1.1069371394734977
E01015587,Swindon 025E,E02003236,Swindon 025,3.3274073076914,11.054298754806654,0.0,1,0.270744573079024,-0.566902634222329,0.452847904391312,-0.4775464741240855,-0.2726780979493984,1.6065256715448406,0.3753408814495344,-0.9501584918439634
E01015588,Swindon 025F,E02003236,Swindon 025,2.7833431851376416,11.013583649145524,0.0,1,0.270744573079024,-0.566902634222329,0.556063177521443,-0.4775464741240855,-0.3646096429334036,0.4811394035352096,0.1202422759703956,-0.5387393655804712
E01016180,Bracknell Forest 005A,E02003356,Bracknell Forest 005,3.455559296348166,11.18691583332557,1.0,0,0.4455859045876984,-0.566902634222329,0.2382791086333767,-0.5301856487007724,-0.1819699017445238,-0.439631179381762,-0.9718885156989864,0.2840988869465133
E01016181,Bracknell Forest 005B,E02003356,Bracknell Forest 005,4.120109770108127,11.145034798070588,1.0,0,0.4455859045876984,-0.566902634222329,-0.4075725514353883,-0.5301856487007724,-0.0423153586573505,-1.2580939197524024,0.6268983900276786,1.1069371394734977
E01016182,Bracknell Forest 005C,E02003356,Bracknell Forest 005,3.253895417969241,11.24620472482776,1.0,0,0.4455859045876984,-0.566902634222329,0.006798912868299,-0.5301856487007724,-0.2930762152606155,0.3473522248207774,-0.399289777559205,1.1069371394734977
E01016183,Bracknell Forest 005D,E02003356,Bracknell Forest 005,2.348036355897963,11.409162085908882,1.0,0,0.4455859045876984,-0.566902634222329,0.2548779928190296,-0.5301856487007724,-0.4337639513468647,-0.5127082097719975,-1.012931761261459,1.1069371394734977
E01016190,Bracknell Forest 003A,E02003354,Bracknell Forest 003,5.212160170096862,12.625279567594836,1.0,0,1.031615349505301,-0.566902634222329,0.098194325586101,-1.2599033790746372,-0.1153772190898663,-1.5479661403003384,-0.2720320115429133,0.2840988869465133
E01016191,Bracknell Forest 006B,E02003357,Bracknell Forest 006,2.4854065248296515,11.89646983750715,1.0,0,-0.585432313508235,-0.566902634222329,-0.2288823604836559,1.1046310786632405,-0.4706627937507371,-0.0986050375606613,0.0341959595982225,0.2840988869465133
E01016192,Bracknell Forest 014A,E02003365,Bracknell Forest 014,3.0523016250418853,10.827964684213782,1.0,0,0.2005190465391748,-0.566902634222329,-0.202544155004302,-0.5010952828895071,-0.2021674496629716,0.8072456516516366,-0.9656089879280026,-0.1273202393169789
E01016193,Bracknell Forest 015A,E02003366,Bracknell Forest 015,2.223758312448074,12.52355984910535,1.0,0,0.3107991326610112,-0.566902634222329,-0.2608994019571033,0.0168985987234167,-0.4910697274753964,-1.5479661403003384,-1.4325842148002208,0.2840988869465133
E01016194,Bracknell Forest 014B,E02003365,Bracknell Forest 014,2.530278279006827,11.252179556923933,1.0,0,0.2005190465391748,-0.566902634222329,0.0017469241320691,-0.5010952828895071,-0.3843647212707878,1.3507560651790154,-1.471252734814558,1.1069371394734977
E01016195,Bracknell Forest 014C,E02003365,Bracknell Forest 014,2.308964699958085,11.925483139039969,1.0,0,0.2005190465391748,-0.566902634222329,0.0319835803547482,-0.5010952828895071,-0.4632734472955211,-0.0986050375606613,-1.5460597323762697,0.6955180132100055
E01016196,Bracknell Forest 015B,E02003366,Bracknell Forest 015,5.270565830217193,11.585389785481064,1.0,0,0.3107991326610112,-0.566902634222329,-1.3560548790072129,0.0168985987234167,0.320153989988955,1.833876432758908,1.2867194863353244,1.1069371394734977
E01016197,Bracknell Forest 015C,E02003366,Bracknell Forest 015,2.6472380617054525,11.224494540770385,1.0,0,0.3107991326610112,-0.566902634222329,-0.5188608603746893,0.0168985987234167,-0.384959114542577,0.7296013068620104,-0.7934246740755931,-0.1273202393169789
E01016198,Bracknell Forest 015D,E02003366,Bracknell Forest 015,4.63704668863535,12.921365295023596,1.0,0,0.3107991326610112,-0.566902634222329,-0.1590122249049044,0.0168985987234167,-0.2842741562950632,0.4811394035352096,-1.684843552228489,1.1069371394734977
E01016199,Bracknell Forest 015E,E02003366,Bracknell Forest 015,2.7247106419953173,11.64410283906595,1.0,0,0.3107991326610112,-0.566902634222329,-0.1724560105662491,0.0168985987234167,-0.4017647482683222,0.4811394035352096,-1.6515643364653985,1.1069371394734977
E01016200,Bracknell Forest 008A,E02003359,Bracknell Forest 008,2.789691630139444,11.936629887534313,1.0,0,1.5739196690789867,-0.566902634222329,-0.8039662381606479,-0.6371774134611241,-0.4367301333488909,-0.8232855889304995,-1.067205039163666,0.6955180132100055
E01016201,Bracknell Forest 008B,E02003359,Bracknell Forest 008,2.460443177609626,11.399207904060908,1.0,0,1.5739196690789867,-0.566902634222329,-0.7527254095696748,-0.6371774134611241,-0.417660873170206,0.2637352381242579,-1.1943802123839458,0.6955180132100055
E01016202,Bracknell Forest 008C,E02003359,Bracknell Forest 008,2.2057437415444903,12.097874156014104,1.0,0,1.5739196690789867,-0.566902634222329,-0.6468077568429709,-0.6371774134611241,-0.4776533360278991,-1.0648457727204457,-1.4571509655852135,0.6955180132100055
E01016203,Bracknell Forest 008D,E02003359,Bracknell Forest 008,2.8024508765236944,11.39060769866135,1.0,0,1.5739196690789867,-0.566902634222329,-0.7646874362681387,-0.6371774134611241,-0.3729333594935404,0.7296013068620104,-1.1646946178248212,-1.3615776181074557
E01016204,Bracknell Forest 008E,E02003359,Bracknell Forest 008,1.9701845557428863,12.080191101730922,1.0,0,1.5739196690789867,-0.566902634222329,-0.6124061195376326,-0.6371774134611241,-0.4858720022322276,-0.5127082097719975,-1.542467663585796,-0.1273202393169789
E01016205,Bracknell Forest 010A,E02003361,Bracknell Forest 010,3.065491517968844,12.451226190036492,1.0,0,0.8306909672353806,-0.566902634222329,-0.7441175451311158,-1.2897736156633473,-0.4526785660556022,0.8072456516516366,-1.0800759522467105,-0.1273202393169789
E01016206,Bracknell Forest 012A,E02003363,Bracknell Forest 012,3.744361463572941,10.790721367967697,1.0,0,0.1352216327114884,-0.566902634222329,-0.1898072479202549,-0.0124313375351226,-0.070801284339734,-0.439631179381762,0.7672588785302314,1.1069371394734977
E01016207,Bracknell Forest 013A,E02003364,Bracknell Forest 013,5.0476548685715255,10.28156657778913,1.0,0,-0.0809249232509265,-0.566902634222329,-1.482363951823208,-1.2143033065651296,4.187554351171916,-1.5479661403003384,2.018881271082232,0.2840988869465133
E01016208,Bracknell Forest 012B,E02003363,Bracknell Forest 012,4.099232596294876,11.15279666416921,1.0,0,0.1352216327114884,-0.566902634222329,-0.3586222670757859,-0.0124313375351226,-0.1124326389960996,0.5834472460815393,1.1854770055177326,1.1069371394734977
E01016210,Bracknell Forest 009B,E02003360,Bracknell Forest 009,2.803784533365404,11.258497623616252,1.0,0,-0.3336501206134658,1.3865113297739045,0.5199273849602494,0.95263446279925,-0.3516509872848428,0.2637352381242579,-1.1811611674107296,-1.3615776181074557
E01016212,Bracknell Forest 011A,E02003362,Bracknell Forest 011,2.1111824274638984,11.990958577020724,1.0,0,1.5238800800012031,-0.566902634222329,-1.2206270072955685,-1.5556461424864767,-0.4806256725447544,-1.0648457727204457,-1.1254316857579234,-0.5387393655804712
E01016213,Bracknell Forest 009D,E02003360,Bracknell Forest 009,3.603130915771458,11.281790343733055,1.0,0,-0.3336501206134658,1.3865113297739045,0.6940257104326064,0.95263446279925,-0.1049048831939305,0.867635697599123,-1.6112383333247626,0.2840988869465133
E01016214,Bracknell Forest 009E,E02003360,Bracknell Forest 009,2.5200324517633743,11.423361742607485,1.0,0,-0.3336501206134658,1.3865113297739045,0.4037484300366025,0.95263446279925,-0.4205577709872393,0.4811394035352096,-0.8940494965338207,1.1069371394734977
E01016215,Bracknell Forest 009F,E02003360,Bracknell Forest 009,2.0010745126057308,12.45246777163835,1.0,0,-0.3336501206134658,1.3865113297739045,0.6103992486881114,0.95263446279925,-0.4956088931094733,-1.2580939197524024,-1.4046796613423027,-1.3615776181074557
E01016216,Bracknell Forest 011B,E02003362,Bracknell Forest 011,2.397531570303,11.51253538890045,1.0,0,1.5238800800012031,-0.566902634222329,-1.2193174524567687,-1.5556461424864767,-0.4355603343128501,-0.8232855889304995,-1.1286898631678186,-0.5387393655804712
E01016217,Bracknell Forest 010B,E02003361,Bracknell Forest 010,3.3828636749736507,10.479250836523088,1.0,0,0.8306909672353806,-0.566902634222329,-0.7990649621724424,-1.2897736156633473,0.1098871665760122,2.437776892233773,-0.9437029733181792,-0.1273202393169789
E01016218,Bracknell Forest 010C,E02003361,Bracknell Forest 010,3.1063787936410545,11.09228385100792,1.0,0,0.8306909672353806,-0.566902634222329,-0.7800974315469733,-1.2897736156633473,-0.259768699553966,1.016288118392936,-0.9907826155526728,-0.9501584918439634
E01016219,Bracknell Forest 011C,E02003362,Bracknell Forest 011,2.569860355668164,11.007435580793755,1.0,0,1.5238800800012031,-0.566902634222329,-1.1822341006104111,-1.5556461424864767,-0.3501002911742841,1.3507560651790154,-1.2209415253761533,0.2840988869465133
E01016220,Bracknell Forest 011D,E02003362,Bracknell Forest 011,2.120103523398725,11.80043320404501,1.0,0,1.5238800800012031,-0.566902634222329,-1.3648646054958284,-1.5556461424864767,-0.4760700465625393,-0.6256454385569075,-0.7663875493840224,-0.5387393655804712
E01016221,Bracknell Forest 011E,E02003362,Bracknell Forest 011,2.195445217436142,11.79861304975316,1.0,0,1.5238800800012031,-0.566902634222329,-1.1264309829694856,-1.5556461424864767,-0.4655851687232264,-1.5479661403003384,-1.3597195631201149,-0.1273202393169789
E01016222,Bracknell Forest 005E,E02003356,Bracknell Forest 005,2.184139337787564,11.22627206959792,1.0,0,0.4455859045876984,-0.566902634222329,0.4837022448933541,-0.5301856487007724,-0.4219207786332407,-0.5127082097719975,-1.5785248556518463,1.1069371394734977
E01016223,Bracknell Forest 006C,E02003357,Bracknell Forest 006,2.366967351923314,11.073401896325109,1.0,0,-0.585432313508235,-0.566902634222329,0.3275531856152138,1.1046310786632405,-0.3883134112717617,1.3507560651790154,-1.3425523074528434,-0.5387393655804712
E01016224,Bracknell Forest 006D,E02003357,Bracknell Forest 006,2.9480639798524897,11.41140202276584,1.0,0,-0.585432313508235,-0.566902634222329,-0.6514893602592106,1.1046310786632405,-0.4198087473164379,1.3507560651790154,1.0817793727346925,-0.5387393655804712
E01016226,Bracknell Forest 006E,E02003357,Bracknell Forest 006,3.2713544165133315,11.121259706373497,1.0,0,-0.585432313508235,-0.566902634222329,-0.0659688567559533,1.1046310786632405,-0.2603762505044754,2.2203727268228213,-0.3691648152720634,-0.5387393655804712
E01016227,Bracknell Forest 014D,E02003365,Bracknell Forest 014,2.852496805467238,11.310270580083335,1.0,0,0.2005190465391748,-0.566902634222329,-0.1181395581112784,-0.5010952828895071,-0.3519066468980331,0.2637352381242579,-1.17456693689263,1.1069371394734977
E01016228,Bracknell Forest 014E,E02003365,Bracknell Forest 014,4.197713095199134,10.827979943282246,1.0,0,0.2005190465391748,-0.566902634222329,-0.692853763930031,-0.5010952828895071,0.2535933082175828,1.016288118392936,0.2496934791540377,1.1069371394734977
E01016229,Bracknell Forest 012C,E02003363,Bracknell Forest 012,2.506341930508065,11.631605875642965,1.0,0,0.1352216327114884,-0.566902634222329,0.7617786816942129,-0.0124313375351226,-0.4263151516034233,1.3507560651790154,-1.5857729211897378,1.1069371394734977
E01016230,Bracknell Forest 012D,E02003363,Bracknell Forest 012,3.744361463572941,10.851344778626704,1.0,0,0.1352216327114884,-0.566902634222329,-0.1444394872612805,-0.0124313375351226,-0.0858786874351246,0.2637352381242579,0.6549119189620509,1.1069371394734977
E01016231,Bracknell Forest 010D,E02003361,Bracknell Forest 010,2.645536295712968,11.686963566053942,1.0,0,0.8306909672353806,-0.566902634222329,-1.4288720751116528,-1.2897736156633473,-0.4576550189322233,-0.2303651378097228,0.6225722817744449,-0.5387393655804712
E01016232,Bracknell Forest 010E,E02003361,Bracknell Forest 010,2.388946258642089,11.608446733604849,1.0,0,0.8306909672353806,-0.566902634222329,-0.9039216420745172,-1.2897736156633473,-0.4510426813033918,-1.5479661403003384,-0.6833488695045655,-0.1273202393169789
E01016234,Bracknell Forest 013B,E02003364,Bracknell Forest 013,1.984856099189968,11.740546975244024,1.0,0,-0.0809249232509265,-0.566902634222329,0.2490694755740508,-1.2143033065651296,-0.4638771690131088,-1.2580939197524024,-1.7691147990180132,0.6955180132100055
E01016235,Bracknell Forest 013C,E02003364,Bracknell Forest 013,2.070274653855019,12.349744326212376,1.0,0,-0.0809249232509265,-0.566902634222329,-0.1106635382906846,-1.2143033065651296,-0.4913476004981872,-1.5479661403003384,-1.3873313306789727,1.1069371394734977
E01016236,Bracknell Forest 013D,E02003364,Bracknell Forest 013,2.9420677489682983,11.287291314687703,1.0,0,-0.0809249232509265,-0.566902634222329,-0.3746594950504721,-1.2143033065651296,-0.3494747803887859,1.833876432758908,-0.733572645370835,-0.5387393655804712
E01016237,Bracknell Forest 013E,E02003364,Bracknell Forest 013,2.724972868298118,11.30791473022698,1.0,0,-0.0809249232509265,-0.566902634222329,0.0768859779753802,-1.2143033065651296,-0.3477382491227871,0.7296013068620104,-1.7691147990180132,0.6955180132100055
E01016238,Bracknell Forest 003B,E02003354,Bracknell Forest 003,5.212160170096862,13.03074357975554,1.0,0,1.031615349505301,-0.566902634222329,-0.1391166253208317,-1.2599033790746372,-0.2838174536157827,0.8072456516516366,0.315304636895246,0.2840988869465133
E01016239,Bracknell Forest 004A,E02003355,Bracknell Forest 004,2.381026519300608,11.354603852507427,1.0,0,-2.511470826456988,2.438349618079564,0.5154817474052095,2.016713808827914,-0.4382066479400235,0.0274263626775709,-0.3910528100489029,-0.5387393655804712
E01016240,Bracknell Forest 004B,E02003355,Bracknell Forest 004,4.320270904645676,11.57132509231288,1.0,0,-2.511470826456988,2.438349618079564,0.3404322109983875,2.016713808827914,-0.0815605085529828,-1.7550177264060065,0.0416395779156159,-0.5387393655804712
E01016241,Bracknell Forest 004C,E02003355,Bracknell Forest 004,4.320270904645676,12.706298624350886,1.0,0,-2.511470826456988,2.438349618079564,0.2832381618058471,2.016713808827914,-0.3819002485824924,1.833876432758908,0.1830599584817033,-0.9501584918439634
E01016242,Bracknell Forest 004D,E02003355,Bracknell Forest 004,6.787215657688635,11.789901883226078,1.0,0,-2.511470826456988,2.438349618079564,-0.2099844559947455,2.016713808827914,3.783895330408258,-1.624248303602427,1.4036869871765978,-1.3615776181074557
E01016243,Bracknell Forest 003C,E02003354,Bracknell Forest 003,3.2416153118376902,11.025791953461026,1.0,0,1.031615349505301,-0.566902634222329,0.3310992699790899,-1.2599033790746372,-0.2107250170040283,2.437776892233773,-0.8480172152001165,1.1069371394734977
E01016245,Bracknell Forest 003D,E02003354,Bracknell Forest 003,2.976447512142124,11.21819192257168,1.0,0,1.031615349505301,-0.566902634222329,-0.5563619813450579,-1.2599033790746372,-0.4028024720878774,0.4811394035352096,1.3492565835666257,1.1069371394734977
E01016246,Bracknell Forest 003E,E02003354,Bracknell Forest 003,2.5628702745888754,11.392901169566564,1.0,0,1.031615349505301,-0.566902634222329,0.1787708541667578,-1.2599033790746372,-0.4226615630050164,-0.7427655276671847,-0.4713493560456102,1.1069371394734977
E01016247,Bracknell Forest 003F,E02003354,Bracknell Forest 003,3.074682076532392,11.32143802955998,1.0,0,1.031615349505301,-0.566902634222329,-0.0924695241334206,-1.2599033790746372,-0.3674288759773813,-0.3884772581085966,0.1998159292647092,1.1069371394734977
E01016252,Bracknell Forest 001C,E02003352,Bracknell Forest 001,3.4134552790576573,11.20403337531354,0.0,0,0.9009466217857138,-0.566902634222329,0.4358688516094541,0.138791964836859,-0.2282814510120759,0.2637352381242579,-0.5961325702401019,0.2840988869465133
E01016253,Bracknell Forest 001D,E02003352,Bracknell Forest 001,2.537024604050107,11.616178475684512,1.0,0,0.9009466217857138,-0.566902634222329,0.5815814629402453,0.138791964836859,-0.4348674538160481,-0.5127082097719975,-0.9562069519450804,1.1069371394734977
E01016254,West Berkshire 011A,E02003377,West Berkshire 011,6.787215657688635,11.227740679862354,0.0,0,-0.7175486754903196,1.0196264323421136,1.9117967361382224,1.5146588297403945,4.455554553825343,-2.109963302587152,-0.507839665653409,-0.9501584918439634
E01016255,West Berkshire 011B,E02003377,West Berkshire 011,3.843122986773094,10.89175634284851,0.0,0,-0.7175486754903196,1.0196264323421136,1.8902102988265843,1.5146588297403945,0.0770134653321202,-0.439631179381762,-0.454612122767315,-0.1273202393169789
E01016256,West Berkshire 003A,E02003369,West Berkshire 003,3.3248201700643905,10.940391463476807,0.0,0,0.2150295841867862,-0.566902634222329,0.4938154815298521,0.5729550069196354,-0.2173143786483327,0.2065236156476915,-0.0207901095766833,0.2840988869465133
E01016257,West Berkshire 003B,E02003369,West Berkshire 003,2.973333278610512,10.878443340472396,0.0,0,0.2150295841867862,-0.566902634222329,0.9397013897460076,0.5729550069196354,-0.2312821138739863,1.3507560651790154,-1.1221759888792209,0.6955180132100055
E01016258,West Berkshire 005A,E02003371,West Berkshire 005,3.6312238578757694,10.98215900435756,1.0,0,0.7924636264578503,-0.566902634222329,-1.106949065588832,-1.9578893421498933,-0.080343517195461,0.1332927388776869,-0.454612122767315,0.6955180132100055
E01016259,West Berkshire 006A,E02003372,West Berkshire 006,5.930647094200827,11.96027973131018,1.0,0,-0.4445154194564666,2.381646745394613,-0.5172770240213432,-0.2672249178816331,1.1320149105725237,0.2637352381242579,-0.3800948088097661,1.1069371394734977
E01016260,West Berkshire 006B,E02003372,West Berkshire 006,2.4482426654164087,11.162720024779892,1.0,0,-0.4445154194564666,2.381646745394613,-0.5928317962056827,-0.2672249178816331,-0.4187767329776414,-0.0986050375606613,-0.192740043153003,1.1069371394734977
E01016261,West Berkshire 005B,E02003371,West Berkshire 005,2.4343148636719403,11.181365488247945,1.0,0,0.7924636264578503,-0.566902634222329,-1.202730003373755,-1.9578893421498933,-0.4215368047546332,-0.2985169138006165,-0.2163736426323473,1.1069371394734977
E01016262,West Berkshire 006C,E02003372,West Berkshire 006,2.85347722597312,11.088170498077638,1.0,0,-0.4445154194564666,2.381646745394613,-0.3346154945918678,-0.2672249178816331,-0.3264276871822478,2.2203727268228213,-0.8327825797657288,1.1069371394734977
E01016264,West Berkshire 011C,E02003377,West Berkshire 011,4.168508485191499,11.011893787049774,0.0,0,-0.7175486754903196,1.0196264323421136,1.6571209069314063,1.5146588297403945,0.1244674882836801,0.7296013068620104,0.1202422759703956,-0.1273202393169789
E01016265,West Berkshire 011D,E02003377,West Berkshire 011,3.09874002362822,11.164327339351132,0.0,0,-0.7175486754903196,1.0196264323421136,1.8544521878936373,1.5146588297403945,-0.3119214915526863,0.6260755138091773,-0.3664366763319334,0.2840988869465133
E01016266,West Berkshire 011E,E02003377,West Berkshire 011,2.9156062290747062,11.153976508853129,0.0,0,-0.7175486754903196,1.0196264323421136,2.062446702516287,1.5146588297403945,-0.3236692964348616,0.4811394035352096,-0.8940494965338207,0.2840988869465133
E01016267,West Berkshire 015A,E02003381,West Berkshire 015,3.6013042818579835,11.125763962026094,0.0,0,-0.7127379166572763,1.8748648207729623,-0.0296237077714631,0.135283397308855,-0.1432096866204907,0.7296013068620104,-0.5361225573973046,1.1069371394734977
E01016268,West Berkshire 015B,E02003381,West Berkshire 015,2.7463730754213693,11.484947712210994,0.0,0,-0.7127379166572763,1.8748648207729623,-0.2739532781290839,0.135283397308855,-0.4246343474844742,-0.0986050375606613,0.0688225264684727,-0.5387393655804712
E01016269,West Berkshire 015C,E02003381,West Berkshire 015,5.278186085251047,11.133522249788584,0.0,0,-0.7127379166572763,1.8748648207729623,0.0585993227896978,0.135283397308855,1.620600059369274,-1.1665553237898971,-0.7544257020219808,0.2840988869465133
E01016270,West Berkshire 015D,E02003381,West Berkshire 015,3.4012973766624888,12.315379862705514,0.0,0,-0.7127379166572763,1.8748648207729623,-0.0134956750537014,0.135283397308855,-0.4239086064087567,-0.9905195623235398,-0.57603551847796,1.1069371394734977
E01016271,West Berkshire 008A,E02003374,West Berkshire 008,3.013080911888604,12.173037959397275,1.0,0,1.5739196690789867,-0.566902634222329,-1.298408823514956,-1.195810059922198,-0.4423746167817475,1.3507560651790154,-0.7574130284750199,-0.9501584918439634
E01016272,West Berkshire 006D,E02003372,West Berkshire 006,2.519871524823857,10.835408821937984,1.0,0,-0.4445154194564666,2.381646745394613,-0.4950626907489807,-0.2672249178816331,-0.3608035952196519,-0.0986050375606613,-0.4351677868926193,1.1069371394734977
E01016273,West Berkshire 006E,E02003372,West Berkshire 006,2.9465945489924428,11.40985122268544,1.0,0,-0.4445154194564666,2.381646745394613,-0.6742743834691788,-0.2672249178816331,-0.3919612314742188,0.2637352381242579,0.0092899040850208,-1.3615776181074557
E01016274,West Berkshire 008B,E02003374,West Berkshire 008,3.013080911888604,12.077728296386011,1.0,0,1.5739196690789867,-0.566902634222329,-1.3067910956845654,-1.195810059922198,-0.4352697162546819,-0.2303651378097228,-0.736545434954312,0.2840988869465133
E01016275,West Berkshire 008C,E02003374,West Berkshire 008,2.3564101796889534,11.69034753887587,1.0,0,1.5739196690789867,-0.566902634222329,-1.3139430973952388,-1.195810059922198,-0.4579300000353936,0.2637352381242579,-0.7187396175140205,0.2840988869465133
E01016276,West Berkshire 008D,E02003374,West Berkshire 008,2.5681749189710104,11.649959466292806,1.0,0,1.5739196690789867,-0.566902634222329,-1.8315418903282816,-1.195810059922198,-0.4597003182536719,-0.5127082097719975,0.5725049112862323,0.2840988869465133
E01016277,West Berkshire 001A,E02003367,West Berkshire 001,4.49815274282818,10.726908662481852,0.0,0,0.0859021030979418,1.1889750862237116,0.5771206895654695,0.6815423623043189,0.8401233974600401,0.1243735936300582,-0.4351677868926193,-0.1273202393169789
E01016279,West Berkshire 013A,E02003379,West Berkshire 013,5.372886660847761,11.760185066626295,1.0,0,-1.095858561595169,-0.566902634222329,-1.4752364661347346,0.8911248036620304,0.209667869032754,-2.08877252191962,1.583733587133453,-0.9501584918439634
E01016280,West Berkshire 013B,E02003379,West Berkshire 013,4.978642264860038,11.879497272986272,1.0,0,-1.095858561595169,-0.566902634222329,-0.9952751930390592,0.8911248036620304,0.0566309209524335,0.4811394035352096,0.3890765173815999,-0.9501584918439634
E01016281,West Berkshire 013C,E02003379,West Berkshire 013,4.978642264860038,12.98815525368446,1.0,0,-1.095858561595169,-0.566902634222329,-0.5891187043756282,0.8911248036620304,-0.2775931523310276,-2.1885837477112746,-0.6192168780832487,0.2840988869465133
E01016282,West Berkshire 013D,E02003379,West Berkshire 013,3.239932567393811,11.398729057846973,1.0,0,-1.095858561595169,-0.566902634222329,-0.6134453345028985,0.8911248036620304,-0.3203706901430732,-0.6256454385569075,-0.558884328467368,0.6955180132100055
E01016286,West Berkshire 001B,E02003367,West Berkshire 001,4.428576195326862,11.229031360615126,0.0,0,0.0859021030979418,1.1889750862237116,0.2971883209037704,0.6815423623043189,0.1338922716658626,-0.6256454385569075,0.2567715899731986,-0.1273202393169789
E01016287,West Berkshire 001C,E02003367,West Berkshire 001,3.608238650950279,11.287040659850634,0.0,0,0.0859021030979418,1.1889750862237116,0.7172658087904894,0.6815423623043189,-0.1777233657357363,-0.0986050375606613,-0.7813870654412203,-0.5387393655804712
E01016288,West Berkshire 001D,E02003367,West Berkshire 001,3.4170707308184456,11.341301343187377,0.0,0,0.0859021030979418,1.1889750862237116,0.3993071246012783,0.6815423623043189,-0.2975904792898104,-0.5127082097719975,0.004291238824315,-0.1273202393169789
E01016289,West Berkshire 021A,E02003387,West Berkshire 021,2.3496595003799743,11.747425618600296,1.0,0,1.238449268862333,-0.566902634222329,0.3216720256554186,-1.0722415482626062,-0.4611425247327584,-0.0986050375606613,-0.7574130284750199,1.1069371394734977
E01016290,West Berkshire 021B,E02003387,West Berkshire 021,3.309995418235685,11.161394411371305,1.0,0,1.238449268862333,-0.566902634222329,0.1824120935678354,-1.0722415482626062,-0.2577226247399926,-0.0986050375606613,-0.4130534123683018,0.6955180132100055
E01016291,West Berkshire 021C,E02003387,West Berkshire 021,3.316292874571712,11.10339209268611,1.0,0,1.238449268862333,-0.566902634222329,-0.2175647385089308,-1.0722415482626062,-0.2976869213575756,0.8072456516516366,0.5768819409862925,1.1069371394734977
E01016292,West Berkshire 021D,E02003387,West Berkshire 021,3.056827372913802,11.408069760145574,1.0,0,1.238449268862333,-0.566902634222329,0.0922905733168097,-1.0722415482626062,-0.369532610076319,0.867635697599123,-0.1901221320558658,0.2840988869465133
E01016294,West Berkshire 020A,E02003386,West Berkshire 020,2.4571071324302167,12.088701400076566,1.0,0,0.8118543065623959,-0.566902634222329,0.1853633519883573,-1.6315930185368033,-0.4744766283953804,-0.8232855889304995,-0.5560324726473562,1.1069371394734977
E01016295,West Berkshire 020B,E02003386,West Berkshire 020,4.012682488527323,11.54655410639342,1.0,0,0.8118543065623959,-0.566902634222329,0.1309053465761558,-1.6315930185368033,-0.1531280440558806,2.437776892233773,-0.4213329070042205,-2.18441587063444
E01016296,West Berkshire 010A,E02003376,West Berkshire 010,4.174248798770492,11.710862948088772,0.0,0,0.0075288958259628,-0.566902634222329,0.7688628657595242,0.9344814851125712,-0.1584651896958844,-0.0986050375606613,-0.3582626866301978,-0.5387393655804712
E01016297,West Berkshire 010B,E02003376,West Berkshire 010,2.9934296244913154,11.459218734270976,0.0,0,0.0075288958259628,-0.566902634222329,0.518020706596192,0.9344814851125712,-0.3991515574005606,1.3507560651790154,0.2614838302776954,-0.9501584918439634
E01016298,West Berkshire 010C,E02003376,West Berkshire 010,5.40062121535596,11.515405115367244,0.0,0,0.0075288958259628,-0.566902634222329,1.1856995765865643,0.9344814851125712,1.3964544558686298,-0.2303651378097228,-1.3873313306789727,-0.1273202393169789
E01016299,West Berkshire 010D,E02003376,West Berkshire 010,3.4957800241481034,11.0659037175564,0.0,0,0.0075288958259628,-0.566902634222329,0.809001645101768,0.9344814851125712,-0.1675361085568978,0.4811394035352096,-0.4573971164467457,0.2840988869465133
E01016300,West Berkshire 018A,E02003384,West Berkshire 018,2.8512265974442617,11.4424524169296,0.0,0,0.6307325693221628,-0.566902634222329,0.7743949951221633,-0.0228914693099216,-0.3904234249182809,0.7296013068620104,-0.6134341082451527,-0.9501584918439634
E01016301,West Berkshire 018B,E02003384,West Berkshire 018,4.295024348552021,11.476742001367937,0.0,0,0.6307325693221628,-0.566902634222329,0.2378949874523389,-0.0228914693099216,-0.1182676508680313,-0.0986050375606613,0.7125140153125555,-0.1273202393169789
E01016302,West Berkshire 018C,E02003384,West Berkshire 018,3.480716875560156,11.27350643365596,0.0,0,0.6307325693221628,-0.566902634222329,0.7236722754967743,-0.0228914693099216,-0.2354963312701711,0.2637352381242579,-0.4881523546530283,-0.1273202393169789
E01016303,West Berkshire 002A,E02003368,West Berkshire 002,3.677869061593884,11.25318276120769,0.0,0,0.2349815734522491,-0.566902634222329,0.8797566422306194,0.8158528763587547,-0.1405065327684399,-0.3884772581085966,-0.7753809441679285,-0.5387393655804712
E01016304,West Berkshire 002B,E02003368,West Berkshire 002,4.688610193221929,11.491823466584224,0.0,0,0.2349815734522491,-0.566902634222329,0.7064603412842426,0.8158528763587547,0.2327931012891158,-0.6256454385569075,-0.3473882811680052,-0.5387393655804712
E01016305,West Berkshire 002C,E02003368,West Berkshire 002,3.626525212366961,11.105163630495,0.0,0,0.2349815734522491,-0.566902634222329,1.1474114900351602,0.8158528763587547,-0.0334803721257715,0.9554757644318302,-1.4360851217854522,-0.5387393655804712
E01016306,West Berkshire 002D,E02003368,West Berkshire 002,2.8980643163758324,11.492091363029791,0.0,0,0.2349815734522491,-0.566902634222329,0.9593466251130242,0.8158528763587547,-0.3793089280352406,0.7296013068620104,-0.9718885156989864,-1.3615776181074557
E01016309,West Berkshire 022C,E02003375,West Berkshire 009,4.607766811835357,11.205406957243378,0.0,0,-2.036651402840812,1.8189464821089352,0.2659767172065998,2.073018856341131,0.0750549019991249,-0.7427655276671847,1.5368070213912173,-0.1273202393169789
E01016310,West Berkshire 012A,E02003378,West Berkshire 012,4.782713679328946,11.122459448826271,1.0,0,-0.3968314199541006,1.169465333774321,0.0251464926274902,0.5679260248665435,0.4395927395808974,-0.5127082097719975,0.5965233221817156,-0.5387393655804712
E01016311,West Berkshire 012B,E02003378,West Berkshire 012,6.787215657688635,12.783361646268371,1.0,0,-0.3968314199541006,1.169465333774321,0.2889884954913168,0.5679260248665435,1.107175102347502,-0.2691181084712114,-0.0561529850509724,0.6955180132100055
E01016312,West Berkshire 020C,E02003386,West Berkshire 020,2.9236453346590903,10.826007414461598,1.0,0,0.8118543065623959,-0.566902634222329,-0.3288035746334992,-1.6315930185368033,-0.3313474321457632,0.1084465485450064,0.716750130214295,-0.1273202393169789
E01016313,West Berkshire 003C,E02003369,West Berkshire 003,4.005677269505934,11.251740647538693,0.0,0,0.2150295841867862,-0.566902634222329,0.3978144224484251,0.5729550069196354,-0.0990347697599843,-0.5127082097719975,0.2165065016123331,0.2840988869465133
E01016314,West Berkshire 003D,E02003369,West Berkshire 003,4.154215959259491,11.33384265776011,0.0,0,0.2150295841867862,-0.566902634222329,0.6095784531963512,0.5729550069196354,-0.0107481801919681,-0.0986050375606613,-0.3068537820060892,0.6955180132100055
E01016315,West Berkshire 004A,E02003370,West Berkshire 004,3.234434163784053,11.151846962030698,1.0,0,1.1827010635617743,-0.566902634222329,-0.5888853506656374,-0.2958700034488772,-0.2969453626021668,0.7296013068620104,-0.0082310472644877,0.6955180132100055
E01016316,West Berkshire 004B,E02003370,West Berkshire 004,2.936194560837795,11.398871716868715,1.0,0,1.1827010635617743,-0.566902634222329,-0.9280579018823129,-0.2958700034488772,-0.4139740246418428,0.2637352381242579,0.8336890709772755,0.6955180132100055
E01016317,West Berkshire 004C,E02003370,West Berkshire 004,2.3854545708163406,10.487659104927658,1.0,0,1.1827010635617743,-0.566902634222329,-0.3941646545435071,-0.2958700034488772,-0.3234783204657382,0.9554757644318302,-0.4909592846150595,-0.1273202393169789
E01016318,West Berkshire 004D,E02003370,West Berkshire 004,2.635407821110098,11.365905412793722,1.0,0,1.1827010635617743,-0.566902634222329,-0.3975606013762654,-0.2958700034488772,-0.4118536917616048,1.3507560651790154,-0.482544015955913,1.1069371394734977
E01016319,West Berkshire 020D,E02003386,West Berkshire 020,3.307472611098843,11.9209083531892,1.0,0,0.8118543065623959,-0.566902634222329,-0.202053590382558,-1.6315930185368033,-0.4173040540888433,0.7296013068620104,0.4027681757487664,-0.1273202393169789
E01016320,West Berkshire 020E,E02003386,West Berkshire 020,2.922462411626216,11.384364556141966,1.0,0,0.8118543065623959,-0.566902634222329,0.1922934942757566,-1.6315930185368033,-0.3736385702134913,0.2637352381242579,-0.5731722055865069,0.2840988869465133
E01016321,West Berkshire 021E,E02003387,West Berkshire 021,2.7754595973314644,11.420688225511393,1.0,0,1.238449268862333,-0.566902634222329,0.0340502186052875,-1.0722415482626062,-0.4125726470902028,-0.8891656390550304,-0.0460194313905074,-0.5387393655804712
E01016322,West Berkshire 021F,E02003387,West Berkshire 021,2.4580491956181176,11.019301048524012,1.0,0,1.238449268862333,-0.566902634222329,0.2940927302327503,-1.0722415482626062,-0.3881504769764145,-0.5127082097719975,-0.6892270252666921,1.1069371394734977
E01016323,West Berkshire 012C,E02003378,West Berkshire 012,3.18370450185676,10.69352483300026,1.0,0,-0.3968314199541006,1.169465333774321,0.3741466146132384,0.5679260248665435,-0.1660745138413065,-0.0986050375606613,-0.2666998940894631,0.6955180132100055
E01016324,West Berkshire 012D,E02003378,West Berkshire 012,6.787215657688635,12.014710160614646,1.0,0,-0.3968314199541006,1.169465333774321,0.1558044586115227,0.5679260248665435,2.726720603351501,-2.1885837477112746,0.2732417635679785,-0.1273202393169789
E01016325,West Berkshire 012E,E02003378,West Berkshire 012,2.625248134341072,11.53727655583406,1.0,0,-0.3968314199541006,1.169465333774321,0.3827905123801618,0.5679260248665435,-0.4333669620596074,0.4811394035352096,-0.2880683714991109,-0.9501584918439634
E01016326,West Berkshire 018D,E02003384,West Berkshire 018,3.969914483843924,11.32862996122426,0.0,0,0.6307325693221628,-0.566902634222329,0.9030900709474772,-0.0228914693099216,-0.0287698521281547,-0.5624005904373575,-0.9312354494911872,-0.1273202393169789
E01016327,West Berkshire 009A,E02003375,West Berkshire 009,5.055258056538531,12.426624842183225,0.0,0,-2.036651402840812,1.8189464821089352,1.444345605326292,2.073018856341131,0.0245187692223535,-1.2580939197524024,-1.3735031613341535,-0.1273202393169789
E01016328,West Berkshire 009B,E02003375,West Berkshire 009,4.144895080820002,11.5475136697346,0.0,0,-2.036651402840812,1.8189464821089352,0.5629154100326286,2.073018856341131,-0.2047692649761698,-1.5479661403003384,0.8026783647877501,-0.5387393655804712
E01016329,West Berkshire 014A,E02003380,West Berkshire 014,2.2022121188472585,12.499367685763753,1.0,0,1.020895292519608,-0.566902634222329,-0.5414136960951947,-1.0143936854635165,-0.493817685110316,-1.5479661403003384,-0.962472678551178,1.1069371394734977
E01016330,West Berkshire 016A,E02003382,West Berkshire 016,2.7998390367299417,11.947437917686935,1.0,0,0.2349815734522491,-0.566902634222329,-0.4346166316264687,-0.3537135360197901,-0.4399354665069496,1.3507560651790154,-0.8940494965338207,0.2840988869465133
E01016331,West Berkshire 016B,E02003382,West Berkshire 016,2.4946094252493856,11.781342415643854,1.0,0,0.2349815734522491,-0.566902634222329,-0.6768396611589914,-0.3537135360197901,-0.4602005962593742,1.0949864588131897,-0.2934272163653078,-0.5387393655804712
E01016332,West Berkshire 016C,E02003382,West Berkshire 016,3.8703673301593136,11.044749497865403,1.0,0,0.2349815734522491,-0.566902634222329,-0.7184728839150882,-0.3537135360197901,-0.0244007918973314,1.0608838446310802,-0.1901221320558658,-0.5387393655804712
E01016334,West Berkshire 016D,E02003382,West Berkshire 016,3.2528133758958977,11.864112377173582,1.0,0,0.2349815734522491,-0.566902634222329,-0.7693828425403041,-0.3537135360197901,-0.4057537654466125,-0.5127082097719975,-0.0637689401247356,-0.1273202393169789
E01016336,West Berkshire 016E,E02003382,West Berkshire 016,2.545060572607748,11.779051022964545,1.0,0,0.2349815734522491,-0.566902634222329,-0.3451721991809893,-0.3537135360197901,-0.4439730998365681,1.3507560651790154,-1.1156720216275886,-1.7729967443709478
E01016339,West Berkshire 011F,E02003377,West Berkshire 011,5.674885619945707,11.031657610600796,1.0,0,-0.7175486754903196,1.0196264323421136,0.748901368754084,1.5146588297403945,1.1831146649872917,-1.7021534916556231,2.36225326839561,0.2840988869465133
E01016340,West Berkshire 014B,E02003380,West Berkshire 014,2.875991071941442,11.217403854595856,1.0,0,1.020895292519608,-0.566902634222329,-1.2327542529999431,-1.0143936854635165,-0.3988684515541879,-0.0986050375606613,0.7546875094268655,-0.5387393655804712
E01016341,West Berkshire 014C,E02003380,West Berkshire 014,2.551630281830908,11.680818428445384,1.0,0,1.020895292519608,-0.566902634222329,-0.4545212827332131,-1.0143936854635165,-0.4346125808965977,1.3507560651790154,-1.177862781097096,-0.1273202393169789
E01016342,West Berkshire 014D,E02003380,West Berkshire 014,3.7658173468339937,11.774089601287914,1.0,0,1.020895292519608,-0.566902634222329,-1.267799352185627,-1.0143936854635165,-0.3496273919500519,-0.3215836687513805,0.8419207532950209,0.6955180132100055
E01016343,West Berkshire 014E,E02003380,West Berkshire 014,2.489147644045255,11.612870342496732,1.0,0,1.020895292519608,-0.566902634222329,-0.5363480882329557,-1.0143936854635165,-0.4384525526374466,-0.8232855889304995,-0.9750317408633736,1.1069371394734977
E01016344,West Berkshire 009C,E02003375,West Berkshire 009,6.7015733132202975,11.082385596262442,0.0,0,-2.036651402840812,1.8189464821089352,1.0088454622841003,2.073018856341131,4.455554553825343,-0.5624005904373575,-0.2987927850034941,-0.5387393655804712
E01016345,West Berkshire 009D,E02003375,West Berkshire 009,6.342272815710753,11.690130004766292,0.0,0,-2.036651402840812,1.8189464821089352,1.1026877661103271,2.073018856341131,2.8640129308504605,-0.7088623439773672,-0.530450994704401,0.6955180132100055
E01016346,West Berkshire 019B,E02003385,West Berkshire 019,5.602425047050412,11.120205047180413,1.0,0,-1.5297374770965229,0.5108430441957631,2.062446702516287,1.4770352695594955,2.0340078308553724,-0.8232855889304995,-0.061228781069579,-0.9501584918439634
E01016348,West Berkshire 019D,E02003385,West Berkshire 019,4.58024204566324,10.862525516362943,1.0,0,-1.5297374770965229,0.5108430441957631,1.4457518819607058,1.4770352695594955,0.2741121276504457,-0.1769488809519954,1.6455118987699822,-0.1273202393169789
E01016349,West Berkshire 005C,E02003371,West Berkshire 005,3.3564091988720213,11.278516915434857,1.0,0,0.7924636264578503,-0.566902634222329,-0.7047075519353686,-1.9578893421498933,-0.2082005624407796,0.7296013068620104,-1.4536327772801343,1.1069371394734977
E01016350,West Berkshire 005D,E02003371,West Berkshire 005,2.31560003007154,11.852805624284446,1.0,0,0.7924636264578503,-0.566902634222329,-1.0753064534943495,-1.9578893421498933,-0.4711429420615707,1.016288118392936,-0.5332858358049795,1.1069371394734977
E01016353,Reading 019C,E02006939,Reading 019,4.023939980455218,10.773910064591911,1.0,0,-2.0010870206032694,1.697925150121129,1.7772086061530137,0.6555019163530732,-0.0131354014735774,-1.8630446408959205,1.5403007778303388,-1.3615776181074557
E01016362,Reading 004A,E02003392,Reading 004,4.01551778167613,10.95638559942616,1.0,0,0.1234851628511288,-0.566902634222329,-0.2429293141954381,-0.0003071252956651,0.0311541235830026,1.12190957527275,0.3638607198068811,0.2840988869465133
E01016363,Reading 004B,E02003392,Reading 004,2.869942267495692,10.923315138207196,1.0,0,0.1234851628511288,-0.566902634222329,-0.2923345414768553,-0.0003071252956651,-0.3490942909204728,-0.8232855889304995,0.4862449666269394,-2.18441587063444
E01016364,Reading 003A,E02003391,Reading 003,3.391180715275501,10.818092516475534,1.0,0,0.6629839238242907,-0.566902634222329,0.0168641771298953,-1.7502015717666994,-0.0963845314064354,2.2959915669657613,-0.6511626525061791,1.1069371394734977
E01016365,Reading 004C,E02003392,Reading 004,2.968361076757859,10.947309210188068,1.0,0,0.1234851628511288,-0.566902634222329,-0.0255100982555466,-0.0003071252956651,-0.3045753504765781,-0.3215836687513805,-0.1744482318811284,0.6955180132100055
E01016366,Reading 004D,E02003392,Reading 004,2.949740689702998,11.094721838077511,1.0,0,0.1234851628511288,-0.566902634222329,0.0877127453412476,-0.0003071252956651,-0.3251210455716984,-0.6256454385569075,-0.454612122767315,-0.1273202393169789
E01016367,Reading 004E,E02003392,Reading 004,2.5582345558645145,11.35151012797085,1.0,0,0.1234851628511288,-0.566902634222329,0.0171587189204919,-0.0003071252956651,-0.4234541245274512,-0.5127082097719975,-0.2800426744728759,-0.5387393655804712
E01016368,Reading 017A,E02003405,Reading 017,2.299781165661311,11.627601456538116,1.0,0,-1.9868243834932613,2.5378612820630635,0.9962622914511432,1.2201161140009795,-0.4653650189473571,0.8072456516516366,-0.1484520567264816,-2.18441587063444
E01016369,Reading 018A,E02003406,Reading 018,2.377135824258342,11.541369184828875,1.0,0,-2.292270400173152,1.603557325773472,-0.4466716435737853,1.3817827621677017,-0.4622596620341144,-1.1665553237898971,0.3384953534022849,-0.5387393655804712
E01016372,Reading 017B,E02003405,Reading 017,2.2787021525307134,11.38100420395923,1.0,0,-1.9868243834932613,2.5378612820630635,1.20702034124102,1.2201161140009795,-0.4439171842497209,1.3507560651790154,-0.6686887329541585,-2.18441587063444
E01016374,Reading 014A,E02003402,Reading 014,2.617833693163632,11.346961392088922,1.0,0,-0.3508813840700037,-0.566902634222329,-0.7654698982113005,-0.3004674205455368,-0.4302151279851897,1.3507560651790154,0.3338672602626579,-0.9501584918439634
E01016375,Reading 014B,E02003402,Reading 014,1.9632825487460155,12.451959593874657,1.0,0,-0.3508813840700037,-0.566902634222329,-0.2974102082982781,-0.3004674205455368,-0.501895655717666,-0.8232855889304995,-0.8267038898386877,-1.7729967443709478
E01016376,Reading 014C,E02003402,Reading 014,4.048963580181759,11.162282293263216,1.0,0,-0.3508813840700037,-0.566902634222329,-0.8536278878654551,-0.3004674205455368,-0.0754393280562414,-0.8232855889304995,0.5527526468682078,-1.3615776181074557
E01016377,Reading 017C,E02003405,Reading 017,4.662438593778484,10.77226920838781,1.0,0,-1.9868243834932613,2.5378612820630635,0.7465115670943264,1.2201161140009795,0.7223193528511777,-1.2185658896776843,0.4683334948135412,-1.7729967443709478
E01016379,Reading 014D,E02003402,Reading 014,2.377692565480851,11.778369597156942,1.0,0,-0.3508813840700037,-0.566902634222329,-1.046073621553521,-0.3004674205455368,-0.4803940961762039,-0.0986050375606613,1.0309395884222865,-0.5387393655804712
E01016380,Reading 005A,E02003393,Reading 005,2.811148159105777,11.659372580137322,1.0,0,0.751919477148355,-0.566902634222329,-0.4481562211361423,-1.3360705374651394,-0.4326943282311604,-0.7427655276671847,0.0067913018266065,0.6955180132100055
E01016381,Reading 006A,E02003394,Reading 006,1.9632825487460155,11.730729452820942,1.0,0,-0.6547142744056724,-0.566902634222329,-0.6594615396115718,0.6048647008691417,-0.4868324355160759,-1.0648457727204457,-0.336541458247697,-1.3615776181074557
E01016382,Reading 006B,E02003394,Reading 006,3.765423741753722,10.755130720290705,1.0,0,-0.6547142744056724,-0.566902634222329,-1.069879654215316,0.6048647008691417,-0.0350838536682236,-0.0986050375606613,0.6827431307723103,-1.7729967443709478
E01016383,Reading 005B,E02003393,Reading 005,2.843629495344033,11.588536830271456,1.0,0,0.751919477148355,-0.566902634222329,-0.2787159458546918,-1.3360705374651394,-0.4135567972744249,1.3507560651790154,-0.4130534123683018,-0.1273202393169789
E01016384,Reading 005C,E02003393,Reading 005,2.5553651134365616,10.991729588863048,1.0,0,0.751919477148355,-0.566902634222329,-0.5289034293520136,-1.3360705374651394,-0.3976332661908071,-0.8232855889304995,0.2069770098836299,1.1069371394734977
E01016385,Reading 006C,E02003394,Reading 006,2.604983349281507,10.82227516460887,1.0,0,-0.6547142744056724,-0.566902634222329,-0.8649282400172781,0.6048647008691417,-0.3665007595894939,-0.3884772581085966,0.1734555577154235,-0.1273202393169789
E01016386,Reading 002A,E02003390,Reading 002,2.661796816584748,11.24015452411121,1.0,0,1.1827010635617743,-0.566902634222329,0.2039061559869213,-1.4126871563486794,-0.3907660353606828,0.7296013068620104,-0.6018919753445016,1.1069371394734977
E01016387,Reading 002B,E02003390,Reading 002,2.2910184566225804,11.212396782606474,1.0,0,1.1827010635617743,-0.566902634222329,0.1477389186956652,-1.4126871563486794,-0.4333581806308087,0.2637352381242579,-0.4629725509309427,1.1069371394734977
E01016388,Reading 013A,E02003401,Reading 013,4.1929825321191005,11.516314331654115,1.0,0,-0.0751811687654144,-0.566902634222329,-0.5221571625921015,-1.4461809699101622,-0.0613738301224193,-0.9905195623235398,-0.4685552640523047,-0.9501584918439634
E01016389,Reading 013B,E02003401,Reading 013,2.383796348418869,11.3150962841344,1.0,0,-0.0751811687654144,-0.566902634222329,-0.9176625026186822,-1.4461809699101622,-0.4505252512882024,0.2637352381242579,0.5129722889027841,-2.18441587063444
E01016390,Reading 013C,E02003401,Reading 013,3.739382436287043,11.267451701850591,1.0,0,-0.0751811687654144,-0.566902634222329,-0.7545980257465157,-1.4461809699101622,-0.195572883168447,0.7296013068620104,0.1080554405819535,-0.5387393655804712
E01016391,Reading 020E,E02006940,Reading 020,3.676579114151095,10.636684754045715,1.0,0,-2.035379402854087,0.2917407891574409,0.9412446935754636,1.8932714736955387,-0.0664880355872953,-1.8221695921700067,1.0876067971799,-1.3615776181074557
E01016392,Reading 013D,E02003401,Reading 013,3.7890867145309617,11.59026606369489,1.0,0,-0.0751811687654144,-0.566902634222329,-1.35089355036421,-1.4461809699101622,-0.3440874570933246,0.2637352381242579,1.590642082405958,-0.9501584918439634
E01016393,Reading 013E,E02003401,Reading 013,3.810588107772792,11.5516353010417,1.0,0,-0.0751811687654144,-0.566902634222329,-1.0697570454502046,-1.4461809699101622,-0.3004953055047732,0.5834472460815393,0.8909808436958111,-0.5387393655804712
E01016396,Reading 006D,E02003394,Reading 006,2.7593768282675506,11.721978205462284,1.0,0,-0.6547142744056724,-0.566902634222329,-0.7539587105716845,0.6048647008691417,-0.4401679521505849,0.2637352381242579,-0.1020535077685837,-1.3615776181074557
E01016397,Reading 006E,E02003394,Reading 006,3.5300009490464483,11.263692314705017,1.0,0,-0.6547142744056724,-0.566902634222329,-0.9627323742302936,0.6048647008691417,-0.2750191323132709,0.5834472460815393,0.4164161372596086,-2.18441587063444
E01016401,Reading 012A,E02003400,Reading 012,2.9813797673295905,10.69276943919531,1.0,0,-0.4445154194564666,-0.566902634222329,-0.2702742021837657,0.4574654343480365,-0.2023579668916863,0.5834472460815393,-0.7039578618917232,-0.1273202393169789
E01016402,Reading 010B,E02003398,Reading 010,2.8120497911206948,10.78179360704993,1.0,0,0.4974269707133492,1.837299167619176,-0.5603869676095276,-0.6557305616890228,-0.3531055029239108,1.6852240119650943,0.93143864445768,-0.5387393655804712
E01016403,Reading 012B,E02003400,Reading 012,3.3588812158682075,11.086924761010051,1.0,0,-0.4445154194564666,-0.566902634222329,-0.9473243609035438,0.4574654343480365,-0.3047432959566271,0.5834472460815393,0.9755045463949584,0.2840988869465133
E01016404,Reading 010C,E02003398,Reading 010,2.6101433194506165,11.338663343501882,1.0,0,0.4974269707133492,1.837299167619176,-0.7331924292779086,-0.6557305616890228,-0.4488358310631972,1.3507560651790154,1.3601982295621715,-1.3615776181074557
E01016405,Reading 010D,E02003398,Reading 010,2.2113466125597747,11.593346562583722,1.0,0,0.4974269707133492,1.837299167619176,-0.7780885358085124,-0.6557305616890228,-0.4840239455974751,-0.0986050375606613,1.471652278287546,-1.3615776181074557
E01016406,Reading 010E,E02003398,Reading 010,2.306776297612514,10.495957677342496,1.0,0,0.4974269707133492,1.837299167619176,-0.1608265957929322,-0.6557305616890228,-0.3580750613108476,0.4811394035352096,-0.0586901299747688,-0.9501584918439634
E01016407,Reading 001A,E02003389,Reading 001,2.8653957718259875,11.00550464433858,1.0,0,0.8002879359737213,-0.566902634222329,-0.3537668040685637,-1.4843342967465711,-0.3422419833343433,1.7460363659261997,-0.0561529850509724,1.1069371394734977
E01016408,Reading 001B,E02003389,Reading 001,2.614105754925668,11.188790806468509,1.0,0,0.8002879359737213,-0.566902634222329,-0.0778181334159822,-1.4843342967465711,-0.3866198167529747,-0.5127082097719975,-0.7395202925654956,0.2840988869465133
E01016409,Reading 003B,E02003391,Reading 003,2.753087299576931,10.718942559165988,1.0,0,0.6629839238242907,-0.566902634222329,-0.4059699807098822,-1.7502015717666994,-0.3311700059251346,1.6852240119650943,0.3959278261533173,0.2840988869465133
E01016410,Reading 001C,E02003389,Reading 001,3.1899000526316272,11.0364529575759,1.0,0,0.8002879359737213,-0.566902634222329,-0.5480705016524019,-1.4843342967465711,-0.3039936411189851,0.4811394035352096,0.4254906396432834,0.6955180132100055
E01016411,Reading 001D,E02003389,Reading 001,2.418944894110241,11.440756450982434,1.0,0,0.8002879359737213,-0.566902634222329,-0.3196489052248329,-1.4843342967465711,-0.445964604432822,-0.2303651378097228,-0.1406839208145111,1.1069371394734977
E01016412,Reading 001E,E02003389,Reading 001,2.4193898725361302,11.13109387222154,1.0,0,0.8002879359737213,-0.566902634222329,-0.148482640635341,-1.4843342967465711,-0.4098067775528968,1.3507560651790154,-0.5645937520706317,0.6955180132100055
E01016413,Reading 014E,E02003402,Reading 014,2.7541064728608955,11.339060053983811,1.0,0,-0.3508813840700037,-0.566902634222329,-0.7133839741629971,-0.3004674205455368,-0.4125513537356524,-0.5127082097719975,0.2045913151809629,0.6955180132100055
E01016414,Reading 014F,E02003402,Reading 014,6.062326005032723,10.770546022530056,1.0,0,-0.3508813840700037,-0.566902634222329,-0.7877097505244678,-0.3004674205455368,4.455554553825343,-0.0986050375606613,0.3890765173815999,0.2840988869465133
E01016416,Reading 012C,E02003400,Reading 012,4.18839637485688,10.985571574606029,1.0,0,-0.4445154194564666,-0.566902634222329,-0.959311541104658,0.4574654343480365,0.0292559449147988,-0.6256454385569075,1.0052912303979795,-0.5387393655804712
E01016417,Reading 012D,E02003400,Reading 012,3.103330284152009,11.014985510840145,1.0,0,-0.4445154194564666,-0.566902634222329,-0.618438952051801,0.4574654343480365,-0.305407021801313,0.7296013068620104,0.1590083897730082,-0.5387393655804712
E01016418,Reading 012E,E02003400,Reading 012,3.019985765354696,11.36937452004917,1.0,0,-0.4445154194564666,-0.566902634222329,-0.4218486064648082,0.4574654343480365,-0.3646676454394777,-0.0986050375606613,-0.3284243581004718,-0.1273202393169789
E01016419,Reading 015A,E02003403,Reading 015,4.212290547564426,11.15643020413564,1.0,0,0.2736640016199844,-0.566902634222329,-1.157131984766748,-1.0374364174784885,-0.0452943539061386,0.2065236156476915,1.0052912303979795,-0.5387393655804712
E01016420,Reading 015B,E02003403,Reading 015,2.9901668150811096,12.200218437782947,1.0,0,0.2736640016199844,-0.566902634222329,-0.6223711973259184,-1.0374364174784885,-0.4530212253514079,1.12190957527275,-0.3230215050209244,-2.18441587063444
E01016421,Reading 015C,E02003403,Reading 015,4.308729871862411,10.940596708610189,1.0,0,0.2736640016199844,-0.566902634222329,-0.3732547608534332,-1.0374364174784885,0.501226449334022,-0.3215836687513805,-0.9405826830348192,-0.9501584918439634
E01016422,Reading 015D,E02003403,Reading 015,3.029650491757452,11.49731424145601,1.0,0,0.2736640016199844,-0.566902634222329,-0.4947354528958479,-1.0374364174784885,-0.3713885181364975,1.3507560651790154,-0.6395183767108216,-1.3615776181074557
E01016423,Reading 015E,E02003403,Reading 015,2.057962510002712,12.04796163393126,1.0,0,0.2736640016199844,-0.566902634222329,-0.6653623519481943,-1.0374364174784885,-0.4909884694080214,-0.8232855889304995,-0.2163736426323473,-1.7729967443709478
E01016424,Reading 015F,E02003403,Reading 015,2.6985384407296147,11.279599895251076,1.0,0,0.2736640016199844,-0.566902634222329,-0.4947354528958479,-1.0374364174784885,-0.3896457341742781,-0.5127082097719975,-0.6395183767108216,1.1069371394734977
E01016425,Reading 002C,E02003390,Reading 002,2.4443450380318774,11.00430455189968,1.0,0,1.1827010635617743,-0.566902634222329,-0.0491708605768667,-1.4126871563486794,-0.4080305486933943,0.7296013068620104,0.0242509373402008,1.1069371394734977
E01016426,Reading 002D,E02003390,Reading 002,2.9701580224345605,10.949203373081405,1.0,0,1.1827010635617743,-0.566902634222329,0.2911405968181932,-1.4126871563486794,-0.2700027014160563,-0.3215836687513805,-0.8176020255080776,1.1069371394734977
E01016427,Reading 003C,E02003391,Reading 003,3.1793030497483774,10.900237556892362,1.0,0,0.6629839238242907,-0.566902634222329,-0.2387895283415787,-1.7502015717666994,-0.2490651706833675,0.5834472460815393,-0.0182753446446885,1.1069371394734977
E01016428,Reading 003D,E02003391,Reading 003,2.808980919680651,11.861859342197231,1.0,0,0.6629839238242907,-0.566902634222329,-0.4433094599076729,-1.7502015717666994,-0.4557494478093776,-0.2303651378097228,0.4884786348122835,1.1069371394734977
E01016429,Reading 003E,E02003391,Reading 003,2.418410658499636,11.31233809936938,1.0,0,0.6629839238242907,-0.566902634222329,-0.1534683152341197,-1.7502015717666994,-0.4345101913691483,0.4811394035352096,-0.2295600781305151,1.1069371394734977
E01016430,Reading 002E,E02003390,Reading 002,3.2050608358344728,10.987721973258282,1.0,0,1.1827010635617743,-0.566902634222329,0.263175502912901,-1.4126871563486794,-0.2177883809756581,1.3507560651790154,-0.7484573023879596,1.1069371394734977
E01016431,Reading 005D,E02003393,Reading 005,3.1230695220151863,10.678974799818294,1.0,0,0.751919477148355,-0.566902634222329,-0.4349977085503514,-1.3360705374651394,-0.201145626809544,0.4811394035352096,-0.0258240803093916,0.6955180132100055
E01016432,Reading 005E,E02003393,Reading 005,2.701562534966656,11.28284181536034,1.0,0,0.751919477148355,-0.566902634222329,-0.2619373153895139,-1.3360705374651394,-0.3950574822506235,1.97191082349602,-0.454612122767315,0.6955180132100055
E01016437,Reading 018B,E02003406,Reading 018,6.077844057845504,12.128893661497282,1.0,0,-2.292270400173152,1.603557325773472,-0.0162014874395607,1.3817827621677017,1.2344857758532868,-1.7021534916556231,-0.7276332587999365,-1.3615776181074557
E01016438,Reading 017D,E02003405,Reading 017,3.058002599280116,11.121624569110269,1.0,0,-1.9868243834932613,2.5378612820630635,1.2933510070570442,1.2201161140009795,-0.2855835460021334,0.6260755138091773,-0.8817256907608311,-2.18441587063444
E01016439,Reading 018C,E02003406,Reading 018,6.077844057845504,11.066396605179724,1.0,0,-2.292270400173152,1.603557325773472,-0.667803775415029,1.3817827621677017,2.9570731541068027,-1.9742488175767128,0.8869139316977805,-1.3615776181074557
E01016440,Reading 018D,E02003406,Reading 018,2.4402578981191185,10.866299209135672,1.0,0,-2.292270400173152,1.603557325773472,-0.1152239620938792,1.3817827621677017,-0.3766561739113325,1.3507560651790154,-0.482544015955913,-1.7729967443709478
E01016441,Reading 018E,E02003406,Reading 018,2.915281149156364,11.733445005147912,1.0,0,-2.292270400173152,1.603557325773472,-0.1253819471084498,1.3817827621677017,-0.4194714073335537,-2.0655951055645083,-0.4573971164467457,-2.18441587063444
E01016443,Reading 017F,E02003405,Reading 017,2.290714920423558,10.988918908683596,1.0,0,-1.9868243834932613,2.5378612820630635,0.9578526995810948,1.2201161140009795,-0.421936966306206,-0.0986050375606613,-0.0536173445120405,-2.18441587063444
E01016444,Slough 004A,E02003410,Slough 004,1.9632825487460155,10.454112019009596,1.0,0,1.2278305630907975,-0.566902634222329,0.3732038163314632,0.0665342953581664,-0.4091656971426257,-0.5127082097719975,0.0688225264684727,-1.7729967443709478
E01016445,Slough 004B,E02003410,Slough 004,2.279725798847963,11.669823795118129,1.0,0,1.2278305630907975,-0.566902634222329,0.1953922068083869,0.0665342953581664,-0.475577123922991,-0.0986050375606613,0.5085293195227404,-1.7729967443709478
E01016446,Slough 004C,E02003410,Slough 004,2.345261367274482,10.761746548158834,1.0,0,1.2278305630907975,-0.566902634222329,0.2483150637640019,0.0665342953581664,-0.4023229967849622,0.2637352381242579,0.3776332200965585,-1.3615776181074557
E01016447,Slough 004D,E02003410,Slough 004,2.352897906867635,10.903717566392242,1.0,0,1.2278305630907975,-0.566902634222329,0.0815344356475989,0.0665342953581664,-0.4259823934222644,0.7296013068620104,0.7902108409607544,-1.3615776181074557
E01016448,Slough 004E,E02003410,Slough 004,3.867569424673841,10.9773545188914,1.0,0,1.2278305630907975,-0.566902634222329,-0.3207319566136765,0.0665342953581664,-0.1862393654448359,0.2637352381242579,1.7862824626430154,-1.3615776181074557
E01016449,Slough 004F,E02003410,Slough 004,2.974866080872606,10.746529942668444,1.0,0,1.2278305630907975,-0.566902634222329,-0.2611643458258924,0.0665342953581664,-0.3460252000480837,0.8072456516516366,1.6386915502052344,-1.7729967443709478
E01016450,Slough 001A,E02003407,Slough 001,2.09777249836456,12.093469297102764,1.0,0,1.2556025628009702,-0.566902634222329,-0.4352787322352185,-1.2833727173468925,-0.4910697274753964,-0.8232855889304995,-0.2032277434277505,-2.18441587063444
E01016451,Slough 001B,E02003407,Slough 001,2.722478937754331,11.305245659813844,1.0,0,1.2556025628009702,-0.566902634222329,-0.650005234558393,-1.2833727173468925,-0.4155662286530149,0.7296013068620104,0.3292341529366347,-2.18441587063444
E01016452,Slough 001C,E02003407,Slough 001,2.845490610223448,11.07969339830934,1.0,0,1.2556025628009702,-0.566902634222329,-0.819728321435922,-1.2833727173468925,-0.3855636539299586,-0.3884772581085966,0.7504888270634342,-1.3615776181074557
E01016453,Slough 001D,E02003407,Slough 001,2.832330601612547,11.288856485579515,1.0,0,1.2556025628009702,-0.566902634222329,-0.5420323963946307,-1.2833727173468925,-0.3934827010551973,0.2637352381242579,0.0614261147480469,-1.3615776181074557
E01016454,Slough 001E,E02003407,Slough 001,2.1532726898070367,11.240210819640234,1.0,0,1.2556025628009702,-0.566902634222329,-0.5400409968840626,-1.2833727173468925,-0.4553928185184244,-0.8232855889304995,0.0564880568741464,-1.7729967443709478
E01016455,Slough 001F,E02003407,Slough 001,2.5863344424181136,11.495260351562662,1.0,0,1.2556025628009702,-0.566902634222329,-0.921518405206734,-1.2833727173468925,-0.4552922219999534,0.4811394035352096,1.0033118933371346,-1.3615776181074557
E01016456,Slough 016D,E02007069,Slough 016,5.411797826051039,11.062332229244316,1.0,0,-0.6119166943051988,1.0955773351361633,-0.0712529631442664,0.4765867716306712,1.1569454917855204,0.1084465485450064,1.168367750069057,-2.18441587063444
E01016457,Slough 016C,E02007069,Slough 016,2.1583682422336365,11.533652501469842,1.0,0,-0.6119166943051988,1.0955773351361633,-0.0085695487245456,0.4765867716306712,-0.4802399971301267,-0.0986050375606613,1.0131994298659963,-1.3615776181074557
E01016460,Slough 016A,E02007069,Slough 016,3.194009197138073,10.97620066767855,1.0,0,-0.6119166943051988,1.0955773351361633,-0.0181191587132529,0.4765867716306712,-0.3201072201480255,0.2637352381242579,1.0368366580448365,-0.9501584918439634
E01016462,Slough 009A,E02003415,Slough 009,4.262778463730784,11.107575350250071,1.0,0,-0.1381363360396893,0.663594390348052,0.1820936192452724,0.6095476059176737,-0.1019650381185897,-0.9268113819833343,1.9796699414895829,-1.7729967443709478
E01016463,Slough 009B,E02003415,Slough 009,3.028151059809492,10.630755164324649,1.0,0,-0.1381363360396893,0.663594390348052,0.6248859550984008,0.6095476059176737,-0.2746252731362603,-0.7088623439773672,0.8848790243819046,-2.18441587063444
E01016464,Slough 009C,E02003415,Slough 009,2.5483508223445352,10.66567517920891,1.0,0,-0.1381363360396893,0.663594390348052,0.4296323214729741,0.6095476059176737,-0.391874496829677,0.1649151629374614,1.367477137947004,-2.18441587063444
E01016465,Slough 009D,E02003415,Slough 009,5.555193521933751,11.465832692749,1.0,0,-0.1381363360396893,0.663594390348052,-0.1525060128918068,0.6095476059176737,0.3627589215412294,-1.5479661403003384,2.5447299111798842,-1.7729967443709478
E01016467,Slough 006A,E02003412,Slough 006,2.98547989708964,10.96534674763858,1.0,0,0.948848201184346,-0.566902634222329,0.2836599073565226,-0.771159102033206,-0.2960659174527098,-0.3215836687513805,-0.3419614306381524,-1.3615776181074557
E01016468,Slough 006B,E02003412,Slough 006,2.9342291409599413,10.91129526513667,1.0,0,0.948848201184346,-0.566902634222329,-0.1166342951984523,-0.771159102033206,-0.3418572185162526,-0.3215836687513805,0.6484635272245499,-0.1273202393169789
E01016469,Slough 006C,E02003412,Slough 006,3.2933151706830346,11.144076720099788,1.0,0,0.948848201184346,-0.566902634222329,-0.1382180613416265,-0.771159102033206,-0.3173609513924887,0.4811394035352096,0.7019053330085004,-0.9501584918439634
E01016470,Slough 006D,E02003412,Slough 006,2.9342291409599413,10.991336568892574,1.0,0,0.948848201184346,-0.566902634222329,-0.0192229328843655,-0.771159102033206,-0.3459567411637424,1.3507560651790154,0.4073223376739907,-0.5387393655804712
E01016471,Slough 006E,E02003412,Slough 006,2.2623879032426326,11.414104339529349,1.0,0,0.948848201184346,-0.566902634222329,0.2651167573398921,-0.771159102033206,-0.4534256509415123,1.12190957527275,-0.2961091591585236,-0.5387393655804712
E01016472,Slough 006F,E02003412,Slough 006,2.2097019655139896,11.164060317694704,1.0,0,0.948848201184346,-0.566902634222329,0.1155819565705874,-0.771159102033206,-0.4463723869334219,0.0274263626775709,0.0737463700102859,-0.9501584918439634
E01016473,Slough 008A,E02003412,Slough 006,5.775563455750787,12.58490470659185,1.0,0,0.948848201184346,-0.566902634222329,-0.7530153371155386,-0.771159102033206,-0.1065635974047656,-1.4162060400512766,2.226112638663484,-0.5387393655804712
E01016479,Slough 014A,E02003420,Slough 014,6.083095238617433,12.550315419625402,1.0,0,-1.6604574067668016,0.5821643758449052,1.0001125978074734,2.073018856341131,0.4328465400232975,-2.1885837477112746,0.1080554405819535,-0.9501584918439634
E01016480,Slough 014B,E02003420,Slough 014,4.1853880769851335,11.631204223146526,1.0,0,-1.6604574067668016,0.5821643758449052,1.1890172296119814,2.073018856341131,-0.124276517625136,0.4055205633922699,-0.3582626866301978,-2.18441587063444
E01016481,Slough 014C,E02003420,Slough 014,3.679889162275804,11.853086344720444,1.0,0,-1.6604574067668016,0.5821643758449052,1.233706790271172,2.073018856341131,-0.3244925318433748,-0.6256454385569075,-0.4685552640523047,-1.3615776181074557
E01016482,Slough 014D,E02003420,Slough 014,6.083095238617433,10.73729672796834,1.0,0,-1.6604574067668016,0.5821643758449052,0.6578054329741168,2.073018856341131,4.261598214059963,-1.624248303602427,0.9535283550359076,-0.5387393655804712
E01016490,Slough 013B,E02003419,Slough 013,5.8887200511293525,12.675921054396516,1.0,0,0.2349815734522491,1.603557325773472,-0.5404228613734285,-0.5462973466532483,0.0292784438732478,-2.03108650788023,1.1011733181912098,-1.7729967443709478
E01016491,Slough 013C,E02003419,Slough 013,2.819233730062825,10.581800244137618,1.0,0,0.2349815734522491,1.603557325773472,-0.2549539056958975,-0.5462973466532483,-0.2880607116050886,0.8072456516516366,0.393645275982432,-0.1273202393169789
E01016492,Slough 013D,E02003419,Slough 013,4.414191262102954,10.59195367205412,1.0,0,0.2349815734522491,1.603557325773472,-0.2805701432393571,-0.5462973466532483,0.6408299752423487,-1.7247174942929815,0.4571006077569536,-0.5387393655804712
E01016493,Slough 003A,E02003409,Slough 003,2.038489330348406,11.060534204342982,1.0,0,-0.2564285325304682,0.880070631926295,1.204385314490775,0.8197692176862653,-0.4280568320650239,-0.5127082097719975,-1.29484742468299,-0.1273202393169789
E01016494,Slough 003B,E02003409,Slough 003,5.83898330632491,11.4910697887535,1.0,0,-0.2564285325304682,0.880070631926295,0.3822374754728199,0.8197692176862653,1.3352830733715364,-1.7550177264060065,0.7357608895017739,-0.9501584918439634
E01016495,Slough 003C,E02003409,Slough 003,4.05997738491825,11.461168905397194,1.0,0,-0.2564285325304682,0.880070631926295,0.8371552492453243,0.8197692176862653,-0.1042874383483643,-1.5479661403003384,-0.3883106761661532,-0.1273202393169789
E01016496,Slough 003D,E02003409,Slough 003,2.4399092838572645,11.376735302853278,1.0,0,-0.2564285325304682,0.880070631926295,1.0482512112979738,0.8197692176862653,-0.4240963067655186,0.2637352381242579,-0.9095043656994968,-1.3615776181074557
E01016497,Slough 003E,E02003409,Slough 003,2.910827766463547,10.88656379839829,1.0,0,-0.2564285325304682,0.880070631926295,1.0520187301491315,0.8197692176862653,-0.2640726818185628,0.3473522248207774,-0.9188041685171336,1.1069371394734977
E01016498,Slough 003F,E02003409,Slough 003,2.1390067790172265,12.14033874354285,1.0,0,-0.2564285325304682,0.880070631926295,0.702675937029061,0.8197692176862653,-0.4919619904204256,-0.8232855889304995,-0.0561529850509724,-1.3615776181074557
E01016499,Slough 003G,E02003409,Slough 003,6.787215657688635,13.475832461479042,1.0,0,-0.2564285325304682,0.880070631926295,0.9530756621989762,0.8197692176862653,0.9367447675992964,-2.006624717116692,-0.6745467580395623,-1.7729967443709478
E01016500,Slough 012A,E02003418,Slough 012,2.3603821917202623,11.209231785599863,1.0,0,1.3427056520133307,-0.566902634222329,0.0778562274045901,-2.3510639553803414,-0.4441488937352851,-0.9905195623235398,0.4660892766336618,-0.1273202393169789
E01016501,Slough 012B,E02003418,Slough 012,2.6651427000909336,11.110221541281334,1.0,0,1.3427056520133307,-0.566902634222329,0.1472817834033939,-2.3510639553803414,-0.4000570388912848,0.2637352381242579,0.2943249170876258,-1.3615776181074557
E01016502,Slough 012C,E02003418,Slough 012,2.993930651607363,10.831146751147443,1.0,0,1.3427056520133307,-0.566902634222329,0.3294649132636916,-2.3510639553803414,-0.272870539492775,-0.0986050375606613,-0.1562343293813048,-0.5387393655804712
E01016503,Slough 012D,E02003418,Slough 012,2.441128902442105,10.749472646860996,1.0,0,1.3427056520133307,-0.566902634222329,0.231492570488616,-2.3510639553803414,-0.3787878261288472,-0.0986050375606613,0.0860312323617709,-0.9501584918439634
E01016504,Slough 012E,E02003418,Slough 012,2.6160811003388065,10.939611562561437,1.0,0,1.3427056520133307,-0.566902634222329,0.3452898351682734,-2.3510639553803414,-0.3693512322267022,-0.0986050375606613,-0.1953595578711261,-0.5387393655804712
E01016505,Slough 012F,E02003418,Slough 012,3.604954219176175,11.08299672941623,1.0,0,1.3427056520133307,-0.566902634222329,0.0878648264712415,-2.3510639553803414,-0.2055400833844241,-0.6256454385569075,0.4413248304425354,-0.9501584918439634
E01016506,Slough 010A,E02003416,Slough 010,3.881728732794545,12.115732517608247,1.0,0,0.1978161032518757,-0.566902634222329,0.5123436107546868,0.1724869858910233,-0.3690590487855845,-1.8266894292887368,0.4141444996797021,-0.5387393655804712
E01016507,Slough 010B,E02003416,Slough 010,2.959534985242103,11.01804427269851,1.0,0,0.1978161032518757,-0.566902634222329,0.4607210666962147,0.1724869858910233,-0.3512660137728756,-0.8232855889304995,0.5417396156883634,-0.5387393655804712
E01016508,Slough 010C,E02003416,Slough 010,5.163596695583724,11.595620037954117,1.0,0,0.1978161032518757,-0.566902634222329,0.1209546295845814,0.1724869858910233,0.2106753664626557,0.2637352381242579,1.381997890926603,0.2840988869465133
E01016509,Slough 010D,E02003416,Slough 010,3.1270675063840128,10.734448554859624,1.0,0,0.1978161032518757,-0.566902634222329,0.622434132543724,0.1724869858910233,-0.2285374396765826,0.2065236156476915,0.1420914400452554,-0.5387393655804712
E01016510,Slough 010E,E02003416,Slough 010,2.9323663979321712,10.766229817452608,1.0,0,0.1978161032518757,-0.566902634222329,0.2313448277440558,0.1724869858910233,-0.3355340848332013,-0.0986050375606613,1.1089063359288822,0.6955180132100055
E01016511,Slough 011A,E02003417,Slough 011,3.892024358921456,10.88454386310167,1.0,0,-0.1191114228524091,0.2917407891574409,0.6556625154660696,0.2869786591613276,-0.1790322805125255,-1.0648457727204457,2.1977576943560893,-2.18441587063444
E01016514,Slough 011D,E02003417,Slough 011,3.977885649527849,10.866757285604278,1.0,0,-0.1191114228524091,0.2917407891574409,1.0910241042660784,0.2869786591613276,-0.0338767405732023,-0.3884772581085966,1.122405559542406,-1.3615776181074557
E01016515,Slough 011E,E02003417,Slough 011,3.069122130782042,11.13328890939415,1.0,0,-0.1191114228524091,0.2917407891574409,1.1610531421904124,0.2869786591613276,-0.366387479597068,-0.0986050375606613,0.9495205218994182,0.6955180132100055
E01016522,Windsor and Maidenhead 017A,E02003437,Windsor and Maidenhead 017,2.858938422035998,10.998656039331951,1.0,0,0.0515519947213733,-0.566902634222329,0.8556610946050961,0.9684186874984828,-0.3609972886587146,-0.6256454385569075,0.4277562596399167,1.1069371394734977
E01016523,Windsor and Maidenhead 017B,E02003437,Windsor and Maidenhead 017,4.9302636434380185,10.976369873371032,1.0,0,0.0515519947213733,-0.566902634222329,1.1165402856462712,0.9684186874984828,1.036948154116108,-0.7770293835239143,-0.2163736426323473,0.6955180132100055
E01016524,Windsor and Maidenhead 017C,E02003437,Windsor and Maidenhead 017,4.869002602961302,11.268284692255042,1.0,0,0.0515519947213733,-0.566902634222329,0.6242844026732661,0.9684186874984828,0.3037475875832664,-0.8891656390550304,0.999350468650313,1.1069371394734977
E01016525,Windsor and Maidenhead 005A,E02003425,Windsor and Maidenhead 005,4.595412736532111,11.655546232608543,1.0,0,-0.6865164287886338,0.0507776440383612,1.859958741415945,1.0378839924708998,-0.0376903802093658,-0.439631179381762,0.4615973039059028,1.1069371394734977
E01016526,Windsor and Maidenhead 006A,E02003426,Windsor and Maidenhead 006,3.924406018473474,11.667884389508286,1.0,0,1.2278305630907975,-0.566902634222329,0.2461692969974675,-0.728538293642518,-0.2790722502087856,-1.462709604845063,0.4884786348122835,1.1069371394734977
E01016527,Windsor and Maidenhead 006B,E02003426,Windsor and Maidenhead 006,4.100972548512321,11.589878930320085,1.0,0,1.2278305630907975,-0.566902634222329,0.5058976893170197,-0.728538293642518,-0.158953006206912,0.1649151629374614,-0.1536386645710347,1.1069371394734977
E01016528,Windsor and Maidenhead 005B,E02003425,Windsor and Maidenhead 005,4.273034532782005,11.192083917336856,1.0,0,-0.6865164287886338,0.0507776440383612,1.9709644726230504,1.0378839924708998,0.0692612625659165,-1.4364768247049782,0.1878540819026676,0.6955180132100055
E01016529,Windsor and Maidenhead 005C,E02003425,Windsor and Maidenhead 005,4.1560196125374524,11.40466710381734,1.0,0,-0.6865164287886338,0.0507776440383612,1.459171557989809,1.0378839924708998,-0.2039431124733483,-1.7550177264060065,1.450306022764548,-0.9501584918439634
E01016530,Windsor and Maidenhead 002A,E02003422,Windsor and Maidenhead 002,3.173501818979884,11.0883365134257,1.0,0,0.0532271562999407,-0.566902634222329,2.062446702516287,0.3853695127157555,-0.2882006661717962,-0.5127082097719975,-0.1744482318811284,-0.1273202393169789
E01016531,Windsor and Maidenhead 002B,E02003422,Windsor and Maidenhead 002,3.978671798375076,10.644419630249129,0.0,0,0.0532271562999407,-0.566902634222329,2.062446702516287,0.3853695127157555,0.3819541414814141,0.1332927388776869,-0.57603551847796,0.6955180132100055
E01016532,Windsor and Maidenhead 002C,E02003422,Windsor and Maidenhead 002,4.538175317163813,11.435190924760809,1.0,0,0.0532271562999407,-0.566902634222329,1.8088505681284688,0.3853695127157555,0.0359167963558446,0.4811394035352096,0.5461482322062644,1.1069371394734977
E01016533,Windsor and Maidenhead 002D,E02003422,Windsor and Maidenhead 002,3.586265164124135,11.110299892989367,1.0,0,0.0532271562999407,-0.566902634222329,1.803499148441948,0.3853695127157555,-0.227826380515676,-0.0986050375606613,0.5593468773863035,1.1069371394734977
E01016534,Windsor and Maidenhead 006C,E02003426,Windsor and Maidenhead 006,3.637717730018004,11.029650155291243,1.0,0,1.2278305630907975,-0.566902634222329,0.5280894590948031,-0.728538293642518,-0.1213118172795176,0.6260755138091773,-0.2084812547071698,1.1069371394734977
E01016536,Windsor and Maidenhead 005D,E02003425,Windsor and Maidenhead 005,4.659156351341846,10.72450488653819,1.0,0,-0.6865164287886338,0.0507776440383612,1.7394256954089606,1.0378839924708998,0.6934933793334239,-1.8630446408959205,0.758882073415564,-0.1273202393169789
E01016539,Windsor and Maidenhead 009A,E02003429,Windsor and Maidenhead 009,3.653252276470785,11.333278993609246,1.0,0,0.8948751443433243,-0.566902634222329,1.3101436651196043,0.7871275561831257,-0.220710413293979,0.867635697599123,-0.2032277434277505,0.6955180132100055
E01016540,Windsor and Maidenhead 009B,E02003429,Windsor and Maidenhead 009,4.581604687965383,11.142610985259372,1.0,0,0.8948751443433243,-0.566902634222329,1.2837510938236292,0.7871275561831257,0.3917697391814019,0.1084465485450064,-0.1380976748066799,0.6955180132100055
E01016541,Windsor and Maidenhead 009C,E02003429,Windsor and Maidenhead 009,3.667425964894764,11.293760174084388,1.0,0,0.8948751443433243,-0.566902634222329,1.5889093795345663,0.7871275561831257,-0.1495356808289212,-0.7088623439773672,-0.8909652139308698,1.1069371394734977
E01016542,Windsor and Maidenhead 009D,E02003429,Windsor and Maidenhead 009,3.002161561318895,11.350627426107,1.0,0,0.8948751443433243,-0.566902634222329,1.751304966115979,0.7871275561831257,-0.3260492827463197,1.833876432758908,-1.291460210530753,-0.1273202393169789
E01016543,Windsor and Maidenhead 009E,E02003429,Windsor and Maidenhead 009,4.02006990951128,10.961021052019149,1.0,0,0.8948751443433243,-0.566902634222329,0.9879171647155128,0.7871275561831257,0.0026190711902346,0.2065236156476915,0.5921663603747427,0.2840988869465133
E01016544,Windsor and Maidenhead 010A,E02003430,Windsor and Maidenhead 010,6.377561633465294,11.451045380390122,1.0,0,-1.443145931327674,0.4284675773340419,0.6539107676384968,1.2617299976596406,2.4899615948361866,0.1332927388776869,1.1435329027991286,0.2840988869465133
E01016545,Windsor and Maidenhead 012A,E02003432,Windsor and Maidenhead 012,5.143287967426705,10.79244526042836,1.0,0,0.0119887522500086,0.5821643758449052,0.5875012380692716,0.3199636831021379,1.1305077274977688,0.1084465485450064,1.236397852548651,-0.1273202393169789
E01016546,Windsor and Maidenhead 015A,E02003435,Windsor and Maidenhead 015,4.524870778703362,11.77841341707025,1.0,0,0.7151594484410746,-0.566902634222329,0.2075068311861417,-0.6565960665716869,-0.0611821225073221,0.1084465485450064,-0.1536386645710347,1.1069371394734977
E01016547,Windsor and Maidenhead 012B,E02003432,Windsor and Maidenhead 012,4.514785854249515,11.006086329036595,1.0,0,0.0119887522500086,0.5821643758449052,1.0443130868741135,0.3199636831021379,0.4021919343335296,0.4811394035352096,0.1080554405819535,0.2840988869465133
E01016550,Windsor and Maidenhead 012C,E02003432,Windsor and Maidenhead 012,3.966530129926807,12.598137416446615,1.0,0,0.0119887522500086,0.5821643758449052,1.3342965813622196,0.3199636831021379,-0.3905949614767151,-0.5127082097719975,-0.6076591476867292,0.6955180132100055
E01016551,Windsor and Maidenhead 013A,E02003433,Windsor and Maidenhead 013,2.6682693310903653,11.401259929196325,1.0,0,0.751919477148355,-0.566902634222329,-0.8025691352543081,-0.4269393207069575,-0.4185950218129662,-0.0986050375606613,-0.2006034060372446,1.1069371394734977
E01016552,Windsor and Maidenhead 012D,E02003432,Windsor and Maidenhead 012,6.43130692705238,10.803774072088608,1.0,0,0.0119887522500086,0.5821643758449052,1.035437933744195,0.3199636831021379,4.455554553825343,-2.1885837477112746,0.1299668001009973,0.6955180132100055
E01016553,Windsor and Maidenhead 013B,E02003433,Windsor and Maidenhead 013,3.3106889881406527,11.672934190986217,1.0,0,0.751919477148355,-0.566902634222329,-0.7291521256385934,-0.4269393207069575,-0.3627102001992565,0.867635697599123,-0.3828316777951044,0.2840988869465133
E01016557,Windsor and Maidenhead 013C,E02003433,Windsor and Maidenhead 013,3.1500400838927467,11.505664725033636,1.0,0,0.751919477148355,-0.566902634222329,-1.1425212355612628,-0.4269393207069575,-0.3957621314866832,1.833876432758908,0.6441591910346558,0.2840988869465133
E01016558,Windsor and Maidenhead 013D,E02003433,Windsor and Maidenhead 013,4.030410302926009,11.564605327487833,1.0,0,0.751919477148355,-0.566902634222329,-0.6581970296125976,-0.4269393207069575,-0.1412110935106469,-1.7550177264060065,-0.558884328467368,-0.1273202393169789
E01016559,Windsor and Maidenhead 008A,E02003428,Windsor and Maidenhead 008,2.8780179855344348,11.470863118197729,1.0,0,-0.1327901689783127,-0.566902634222329,0.1934512380812937,0.8175682942423586,-0.3915301921299204,-0.5127082097719975,-0.57603551847796,1.1069371394734977
E01016560,Windsor and Maidenhead 008B,E02003428,Windsor and Maidenhead 008,3.173627381395032,10.894314820179684,1.0,0,-0.1327901689783127,-0.566902634222329,0.0385091655855671,0.8175682942423586,-0.2378826258602269,0.5834472460815393,-0.192740043153003,-0.9501584918439634
E01016561,Windsor and Maidenhead 008C,E02003428,Windsor and Maidenhead 008,5.400115544609073,11.204745857162914,1.0,0,-0.1327901689783127,-0.566902634222329,-0.1592057134521137,0.8175682942423586,1.242429660153879,-1.5479661403003384,0.296661086303672,1.1069371394734977
E01016562,Windsor and Maidenhead 008D,E02003428,Windsor and Maidenhead 008,3.173627381395032,11.242616054588511,1.0,0,-0.1327901689783127,-0.566902634222329,0.293593962577539,0.8175682942423586,-0.2887123750563206,-1.5479661403003384,-0.8236677820479549,1.1069371394734977
E01016563,Windsor and Maidenhead 008E,E02003428,Windsor and Maidenhead 008,3.899241671063413,11.64220658798198,1.0,0,-0.1327901689783127,-0.566902634222329,0.3624698110365733,0.8175682942423586,-0.1802342517719744,-0.439631179381762,-0.9939397641963478,1.1069371394734977
E01016567,Windsor and Maidenhead 010B,E02003430,Windsor and Maidenhead 010,5.5313993674567135,11.256544266215576,1.0,0,-1.443145931327674,0.4284675773340419,0.0057620488604836,1.2617299976596406,0.5574009454342926,0.3473522248207774,2.5447299111798842,0.6955180132100055
E01016568,Windsor and Maidenhead 010C,E02003430,Windsor and Maidenhead 010,2.5700134364185585,11.605430888674649,0.0,0,-1.443145931327674,0.4284675773340419,1.5903045936574969,1.2617299976596406,-0.4265396470056712,-0.2303651378097228,-1.1679828591584005,-0.1273202393169789
E01016569,Windsor and Maidenhead 010D,E02003430,Windsor and Maidenhead 010,2.7689571360057315,10.998242410876934,0.0,0,-1.443145931327674,0.4284675773340419,1.837959771022432,1.2617299976596406,-0.2790971560698482,-0.3884772581085966,-1.7691147990180132,-0.5387393655804712
E01016570,Windsor and Maidenhead 001A,E02003421,Windsor and Maidenhead 001,2.4585626744483986,12.01025098643126,1.0,0,0.1276925745719259,-0.566902634222329,-0.3433348079919486,-0.2369184094437597,-0.4749498518639682,-0.9905195623235398,-0.1666327725440992,1.1069371394734977
E01016572,Windsor and Maidenhead 001B,E02003421,Windsor and Maidenhead 001,3.758871825933971,10.748423101050973,1.0,0,0.1276925745719259,-0.566902634222329,0.0771668721233423,-0.2369184094437597,0.2332700493804875,-0.0986050375606613,-1.207640246709483,0.6955180132100055
E01016575,Windsor and Maidenhead 016A,E02003436,Windsor and Maidenhead 016,2.9940809108047604,10.974403137513908,1.0,0,1.0582530497090066,-0.566902634222329,0.5195796560475016,-0.7821987917282858,-0.3350649612939502,-0.3215836687513805,0.4862449666269394,0.6955180132100055
E01016576,Windsor and Maidenhead 016B,E02003436,Windsor and Maidenhead 016,3.5624087900599872,11.134545227670822,1.0,0,1.0582530497090066,-0.566902634222329,0.533193369400225,-0.7821987917282858,-0.2346421623972515,-0.3884772581085966,0.4525991782427646,0.2840988869465133
E01016578,Windsor and Maidenhead 002E,E02003422,Windsor and Maidenhead 002,5.343534488330686,11.291000401767002,0.0,0,0.0532271562999407,-0.566902634222329,1.934814086119308,0.3853695127157555,1.0297617290911338,-0.9905195623235398,0.2355020137726696,0.2840988869465133
E01016579,Windsor and Maidenhead 002F,E02003422,Windsor and Maidenhead 002,5.030947595408134,11.74983515996525,0.0,0,0.0532271562999407,-0.566902634222329,1.8911744073625767,0.3853695127157555,0.1788938420076353,-0.0986050375606613,0.3431184431970007,-0.5387393655804712
E01016580,Windsor and Maidenhead 008F,E02003428,Windsor and Maidenhead 008,2.740646456805198,11.584186823222751,1.0,0,-0.1327901689783127,-0.566902634222329,0.0770369906280494,0.8175682942423586,-0.4266406194810405,-0.7427655276671847,-0.2880683714991109,-0.9501584918439634
E01016581,Windsor and Maidenhead 002G,E02003422,Windsor and Maidenhead 002,3.33797355149512,10.679600855732645,0.0,0,0.0532271562999407,-0.566902634222329,2.062446702516287,0.3853695127157555,-0.0610158454942275,-0.5624005904373575,-0.6395183767108216,-0.1273202393169789
E01016582,Windsor and Maidenhead 001C,E02003421,Windsor and Maidenhead 001,3.0437602425645727,11.512135152755784,1.0,0,0.1276925745719259,-0.566902634222329,-0.3683631607761575,-0.2369184094437597,-0.3885717802897028,0.2637352381242579,-0.1046180401654541,0.2840988869465133
E01016583,Windsor and Maidenhead 004A,E02003424,Windsor and Maidenhead 004,3.4853546896688785,11.27829114694052,1.0,0,0.8399089075647119,-0.566902634222329,0.336156445822917,-0.1642816050789535,-0.2996928381179514,0.2637352381242579,0.616074902489139,1.1069371394734977
E01016584,Windsor and Maidenhead 005E,E02003425,Windsor and Maidenhead 005,3.3635647401886004,11.360036937012037,1.0,0,-0.6865164287886338,0.0507776440383612,1.4541202572610494,1.0378839924708998,-0.3723150490668674,1.016288118392936,1.4627709508094304,0.2840988869465133
E01016585,Windsor and Maidenhead 004B,E02003424,Windsor and Maidenhead 004,3.3766655894728235,11.105343706572803,1.0,0,0.8399089075647119,-0.566902634222329,0.5856866513473948,-0.1642816050789535,-0.2501657374849421,0.5834472460815393,-0.0007132762507826,1.1069371394734977
E01016586,Windsor and Maidenhead 004C,E02003424,Windsor and Maidenhead 004,3.186187330244668,10.649595840455504,1.0,0,0.8399089075647119,-0.566902634222329,1.0084301223289354,-0.1642816050789535,-0.0758319108652012,-1.4162060400512766,-1.0447737374467263,1.1069371394734977
E01016587,Windsor and Maidenhead 016C,E02003436,Windsor and Maidenhead 016,3.0630170203595872,11.309204566810385,1.0,0,1.0582530497090066,-0.566902634222329,0.6442135424828097,-0.7821987917282858,-0.3666703611829137,0.4811394035352096,0.1782604544497101,0.6955180132100055
E01016588,Windsor and Maidenhead 016D,E02003436,Windsor and Maidenhead 016,3.3824561908429147,10.686463132140393,1.0,0,1.0582530497090066,-0.566902634222329,0.5991328725489019,-0.7821987917282858,-0.1355136810506886,0.3473522248207774,0.2896487464263548,-0.5387393655804712
E01016589,Windsor and Maidenhead 016E,E02003436,Windsor and Maidenhead 016,4.095427309173338,11.1489271317021,1.0,0,1.0582530497090066,-0.566902634222329,0.7339743026226289,-0.7821987917282858,0.0224920124773961,-0.439631179381762,-0.0434897905929251,1.1069371394734977
E01016591,Windsor and Maidenhead 004D,E02003424,Windsor and Maidenhead 004,3.7313401053027,11.308002407686212,1.0,0,0.8399089075647119,-0.566902634222329,-0.1427428108255115,-0.1642816050789535,-0.3111579483946418,0.4811394035352096,1.8010937989013565,1.1069371394734977
E01016592,Windsor and Maidenhead 004E,E02003424,Windsor and Maidenhead 004,4.793233560286093,11.692677055561546,1.0,0,0.8399089075647119,-0.566902634222329,0.1660319518840051,-0.1642816050789535,-0.0240986807119506,1.3507560651790154,1.0368366580448365,1.1069371394734977
E01016595,Windsor and Maidenhead 015B,E02003435,Windsor and Maidenhead 015,4.859106729074836,10.904677396677664,1.0,0,0.7151594484410746,-0.566902634222329,-0.0708514826610545,-0.6565960665716869,0.7863171189878841,2.437776892233773,0.535118157368877,0.6955180132100055
E01016596,Windsor and Maidenhead 015C,E02003435,Windsor and Maidenhead 015,4.187303495162183,11.185129480581873,1.0,0,0.7151594484410746,-0.566902634222329,-0.0583138553023089,-0.6565960665716869,-0.0144936838570926,-0.0986050375606613,0.5040817292688751,1.1069371394734977
E01016597,Windsor and Maidenhead 015D,E02003435,Windsor and Maidenhead 015,2.9914732166336075,11.339377309095273,1.0,0,0.7151594484410746,-0.566902634222329,0.1195648144370839,-0.6565960665716869,-0.3780677304665337,-0.0986050375606613,0.0638930070250626,1.1069371394734977
E01016598,Windsor and Maidenhead 006D,E02003426,Windsor and Maidenhead 006,3.008006634429379,11.156108952569596,1.0,0,1.2278305630907975,-0.566902634222329,0.7214847911553165,-0.728538293642518,-0.314406918150632,-0.6256454385569075,-0.6862869373931485,1.1069371394734977
E01016600,Windsor and Maidenhead 001D,E02003421,Windsor and Maidenhead 001,2.890871632937816,11.48447748839049,1.0,0,0.1276925745719259,-0.566902634222329,0.2821909929815711,-0.2369184094437597,-0.3530833828965181,0.7296013068620104,-1.7146440745242162,1.1069371394734977
E01016601,Windsor and Maidenhead 006E,E02003426,Windsor and Maidenhead 006,2.817801065061329,11.561090036672097,1.0,0,1.2278305630907975,-0.566902634222329,0.4613304953187682,-0.728538293642518,-0.4221630247598391,-0.0986050375606613,-0.0434897905929251,1.1069371394734977
E01016602,Windsor and Maidenhead 006F,E02003426,Windsor and Maidenhead 006,3.320095780225114,11.1718754328806,1.0,0,1.2278305630907975,-0.566902634222329,0.5473412098868684,-0.728538293642518,-0.2670907653236539,0.4811394035352096,-0.2560555634073782,1.1069371394734977
E01016603,Windsor and Maidenhead 018A,E02003438,Windsor and Maidenhead 018,3.9394825183242967,11.18427654623784,1.0,0,0.6140693694960596,0.4098043477757876,1.328145803842871,-0.3263108975456576,-0.1025003534983506,0.1084465485450064,0.2520541513882159,1.1069371394734977
E01016604,Windsor and Maidenhead 018B,E02003438,Windsor and Maidenhead 018,4.4405077844239536,11.336414991081003,1.0,0,0.6140693694960596,0.4098043477757876,0.9904514814066006,-0.3263108975456576,-0.0297023559246584,0.4811394035352096,1.0856652045728266,1.1069371394734977
E01016605,Windsor and Maidenhead 018C,E02003438,Windsor and Maidenhead 018,3.8405484857694567,11.196605206379829,1.0,0,0.6140693694960596,0.4098043477757876,1.44075966476285,-0.3263108975456576,-0.1220704719022445,0.1332927388776869,-0.0258240803093916,0.6955180132100055
E01016606,Windsor and Maidenhead 018D,E02003438,Windsor and Maidenhead 018,3.726753106542018,11.465819675562477,1.0,0,0.6140693694960596,0.4098043477757876,1.32623418873588,-0.3263108975456576,-0.2657927280801449,-0.439631179381762,0.2567715899731986,1.1069371394734977
E01016607,Windsor and Maidenhead 018E,E02003438,Windsor and Maidenhead 018,3.8320919581870174,10.455609396820986,1.0,0,0.6140693694960596,0.4098043477757876,1.1424464643464645,-0.3263108975456576,0.1748065283271051,1.016288118392936,0.710394383227713,1.1069371394734977
E01016608,Windsor and Maidenhead 018F,E02003438,Windsor and Maidenhead 018,3.997191017798024,10.991785721965876,1.0,0,0.6140693694960596,0.4098043477757876,1.14072962260588,-0.3263108975456576,-0.0386693025738519,-0.0986050375606613,0.714632597294765,0.6955180132100055
E01016609,Windsor and Maidenhead 017D,E02003437,Windsor and Maidenhead 017,4.263763796430644,11.157364186390248,1.0,0,0.0515519947213733,-0.566902634222329,0.8301714937374346,0.9684186874984828,0.0431408569667401,1.3507560651790154,0.4907111368956786,0.2840988869465133
E01016611,Wokingham 018B,E02003456,Wokingham 018,3.7989662831358495,11.888052778612288,0.0,0,-0.1042022440606338,-0.566902634222329,-0.3721510790391182,0.2149729993318614,-0.4090824204271509,-0.8232855889304995,2.3694513135955333,0.2840988869465133
E01016612,Wokingham 015A,E02003453,Wokingham 015,3.6682174576658406,11.060960817208011,1.0,0,1.2206098431661547,-0.566902634222329,-1.224810812935336,-0.9732188770582711,-0.282367931908487,-0.0986050375606613,2.0220027001577705,1.1069371394734977
E01016619,Wokingham 002A,E02003440,Wokingham 002,3.337831506040336,11.065108700358165,1.0,0,0.3464779840533693,-0.566902634222329,0.3892462813248425,-0.5327620211087675,-0.2452220049207607,-0.439631179381762,-0.0790416622285747,1.1069371394734977
E01016620,Wokingham 002B,E02003440,Wokingham 002,2.586786113609171,11.670100546272993,1.0,0,0.3464779840533693,-0.566902634222329,0.6043112254606899,-0.5327620211087675,-0.4412840492068913,-0.5127082097719975,-0.6105456531244473,1.1069371394734977
E01016622,Wokingham 004A,E02003442,Wokingham 004,3.2267249398116,11.217927465497407,1.0,0,0.6999005686003185,-0.566902634222329,0.2746469717631838,-1.6848118500630935,-0.2135303941025166,1.016288118392936,-1.6959944259355808,1.1069371394734977
E01016625,Wokingham 016A,E02003454,Wokingham 016,3.6543656460820606,11.046743855824865,1.0,0,-1.034138439390072,0.7919940092058129,0.8309971402215218,0.6482841911790811,-0.1453407687883094,2.075436616548854,0.0589577985793063,1.1069371394734977
E01016626,Wokingham 013A,E02003451,Wokingham 013,5.310596666414537,11.317324865344291,1.0,0,-0.8386586880704304,0.5259163677075436,0.4914065680915001,0.0775708079984519,0.621633243558084,-0.5127082097719975,1.2904235642140436,0.2840988869465133
E01016627,Wokingham 010A,E02003448,Wokingham 010,4.192438741887882,10.4698120607314,1.0,0,-0.1111420664138389,0.7919940092058129,0.4762502981110472,0.2846366760778858,0.4171513820740919,2.437776892233773,0.9354634519487752,1.1069371394734977
E01016628,Wokingham 010B,E02003448,Wokingham 010,4.050166247109588,11.297035896928913,1.0,0,-0.1111420664138389,0.7919940092058129,-0.4163232732652795,0.2846366760778858,-0.3065377389688997,0.7296013068620104,2.5447299111798842,1.1069371394734977
E01016629,Wokingham 015B,E02003453,Wokingham 015,2.3791756951557583,11.848996600753091,1.0,0,1.2206098431661547,-0.566902634222329,-0.0755562859130356,-0.9732188770582711,-0.4639990905272879,-0.5127082097719975,-0.8297421547221706,1.1069371394734977
E01016630,Wokingham 015C,E02003453,Wokingham 015,2.410272898410964,12.219684581349991,1.0,0,1.2206098431661547,-0.566902634222329,-0.2135327484971209,-0.9732188770582711,-0.4822025069084803,-1.2580939197524024,-0.4881523546530283,1.1069371394734977
E01016631,Wokingham 016B,E02003454,Wokingham 016,2.3092627477472862,11.845771905560946,1.0,0,-1.034138439390072,0.7919940092058129,1.2575076420974385,0.6482841911790811,-0.4658726467228082,-0.3215836687513805,-0.9939397641963478,0.6955180132100055
E01016632,Wokingham 016C,E02003454,Wokingham 016,2.560091422935765,12.120771553420964,1.0,0,-1.034138439390072,0.7919940092058129,0.662551034686274,0.6482841911790811,-0.4808744017341314,-0.9905195623235398,0.4750590914453958,1.1069371394734977
E01016633,Wokingham 019A,E02003457,Wokingham 019,2.907884182980796,10.963491829200157,1.0,0,1.4564866940378602,-0.566902634222329,0.8993125806272173,-0.8130697785483393,-0.277820285942872,0.6260755138091773,-1.0224594836809129,1.1069371394734977
E01016634,Wokingham 016D,E02003454,Wokingham 016,5.811928108269866,10.844904574056107,1.0,0,-1.034138439390072,0.7919940092058129,0.4084358995727587,0.6482841911790811,2.6399781742127244,1.016288118392936,1.1031078839982904,0.6955180132100055
E01016635,Wokingham 015D,E02003453,Wokingham 015,2.697056659627344,12.268401877022088,1.0,0,1.2206098431661547,-0.566902634222329,-0.0816852397943473,-0.9732188770582711,-0.4679926113842102,-0.3215836687513805,-0.8145723706568676,1.1069371394734977
E01016636,Wokingham 019B,E02003457,Wokingham 019,2.5224432533167263,11.349023008033493,1.0,0,1.4564866940378602,-0.566902634222329,0.738367452216279,-0.8130697785483393,-0.419191479430395,-0.7427655276671847,-0.6250074783500553,1.1069371394734977
E01016637,Wokingham 019C,E02003457,Wokingham 019,2.494526893164991,11.059125838870145,1.0,0,1.4564866940378602,-0.566902634222329,1.2827411272038782,-0.8130697785483393,-0.3430110068577188,-0.5127082097719975,-1.7691147990180132,1.1069371394734977
E01016638,Wokingham 019D,E02003457,Wokingham 019,2.3666860184005696,11.909330681563858,1.0,0,1.4564866940378602,-0.566902634222329,0.9344364957280296,-0.8130697785483393,-0.4644628903139831,-0.9905195623235398,-1.109177931323189,1.1069371394734977
E01016639,Wokingham 019E,E02003457,Wokingham 019,3.123949571354745,11.478390379320938,1.0,0,1.4564866940378602,-0.566902634222329,0.6547971440201343,-0.8130697785483393,-0.3614107372786407,-0.0986050375606613,-0.4185712939643614,0.6955180132100055
E01016640,Wokingham 019F,E02003457,Wokingham 019,3.7199662146460337,11.156587731250484,1.0,0,1.4564866940378602,-0.566902634222329,0.641439152498803,-0.8130697785483393,-0.1217561988506898,0.4055205633922699,-0.3855702994984448,1.1069371394734977
E01016643,Wokingham 019G,E02003457,Wokingham 019,2.3499456643538834,11.68320396101186,1.0,0,1.4564866940378602,-0.566902634222329,0.9252614118308304,-0.8130697785483393,-0.452580729344722,0.2637352381242579,-1.0865259649983363,1.1069371394734977
E01016644,Wokingham 011A,E02003449,Wokingham 011,3.1891174027039253,11.664237834889835,1.0,0,1.2995431924793872,-0.566902634222329,0.4452087175897967,-0.8573950725972723,-0.3720807348583091,1.3507560651790154,-0.6192168780832487,1.1069371394734977
E01016645,Wokingham 011B,E02003449,Wokingham 011,2.9574071592323232,10.861652068463094,1.0,0,1.2995431924793872,-0.566902634222329,0.3955923491780664,-0.8573950725972723,-0.2702531503482656,-0.5127082097719975,-0.4965786778594381,1.1069371394734977
E01016646,Wokingham 011C,E02003449,Wokingham 011,2.581428216778622,11.7130951258446,1.0,0,1.2995431924793872,-0.566902634222329,0.3188482280083518,-0.8573950725972723,-0.4498865043279046,-0.8232855889304995,-0.3068537820060892,1.1069371394734977
E01016648,Wokingham 011D,E02003449,Wokingham 011,2.5948068454878586,12.084233448333023,1.0,0,1.2995431924793872,-0.566902634222329,0.4914804064507868,-0.8573950725972723,-0.4651884570009781,0.1084465485450064,-0.733572645370835,1.1069371394734977
E01016649,Wokingham 011E,E02003449,Wokingham 011,3.499714534837974,11.232477554910576,1.0,0,1.2995431924793872,-0.566902634222329,0.4938871596691724,-0.8573950725972723,-0.199724917201878,-0.439631179381762,-0.7395202925654956,1.1069371394734977
E01016652,Wokingham 008B,E02003446,Wokingham 008,2.267890123197159,11.879772167390437,1.0,0,0.2862096539987102,-0.566902634222329,0.5821755218239354,-0.3115784512359563,-0.4650792070574936,-0.8232855889304995,-1.4012043603435382,1.1069371394734977
E01016653,Wokingham 008C,E02003446,Wokingham 008,3.855198653430385,10.90409456229255,1.0,0,0.2862096539987102,-0.566902634222329,0.4033583830658251,-0.3115784512359563,0.1515388397550069,2.1180648842764915,-0.9593386676790496,1.1069371394734977
E01016656,Wokingham 010C,E02003448,Wokingham 010,4.88419489134869,11.224753748853027,0.0,0,-0.1111420664138389,0.7919940092058129,1.1388084547205717,0.2846366760778858,0.7790806895775608,-0.5127082097719975,-0.7010076322861825,0.2840988869465133
E01016657,Wokingham 004B,E02003442,Wokingham 004,2.6341883525037546,10.959132414172585,0.0,0,0.6999005686003185,-0.566902634222329,-0.0495730704533923,-1.6848118500630935,-0.3430469914352496,-0.0986050375606613,-0.8940494965338207,1.1069371394734977
E01016658,Wokingham 004C,E02003442,Wokingham 004,3.08593854144014,12.0263776363381,1.0,0,0.6999005686003185,-0.566902634222329,-1.3591314264153755,-1.6848118500630935,-0.472157506014278,-1.2580939197524024,2.3564860960533824,0.6955180132100055
E01016659,Wokingham 004D,E02003442,Wokingham 004,3.2459850273468187,10.807199502203424,1.0,0,0.6999005686003185,-0.566902634222329,-0.1047777363514245,-1.6848118500630935,-0.1420880985291273,0.4811394035352096,-0.7574130284750199,0.6955180132100055
E01016660,Wokingham 004E,E02003442,Wokingham 004,2.4556494687208823,12.007064797539766,1.0,0,0.6999005686003185,-0.566902634222329,-0.4203646099996586,-1.6848118500630935,-0.4768061299713921,-0.9905195623235398,0.0242509373402008,1.1069371394734977
E01016661,Wokingham 007A,E02003445,Wokingham 007,2.6233633929350164,11.618625357815713,1.0,0,1.2880032291294992,-0.566902634222329,-0.0325696063626688,-2.3510639553803414,-0.4255896284531394,0.0274263626775709,-1.0224594836809129,1.1069371394734977
E01016663,Wokingham 007B,E02003445,Wokingham 007,2.4424339881104444,11.561820385557278,1.0,0,1.2880032291294992,-0.566902634222329,-0.4052746029539586,-2.3510639553803414,-0.4530862766300738,-0.8232855889304995,-0.0994905124005148,0.6955180132100055
E01016665,Wokingham 008D,E02003446,Wokingham 008,3.19092892281725,11.106517769909384,1.0,0,0.2862096539987102,-0.566902634222329,0.1992153637113045,-0.3115784512359563,-0.2726687180625047,1.3507560651790154,-0.454612122767315,1.1069371394734977
E01016666,Wokingham 008E,E02003446,Wokingham 008,2.36255067416148,11.525279886483794,1.0,0,0.2862096539987102,-0.566902634222329,0.3607936668804573,-0.3115784512359563,-0.4444957397758726,-1.1665553237898971,-0.8541262985870992,1.1069371394734977
E01016670,Wokingham 014A,E02003452,Wokingham 014,3.6621760712793865,11.4602206485382,1.0,0,1.0473125649747,-0.566902634222329,-0.9164107846042606,-1.6439518622076543,-0.3732038140542614,0.2637352381242579,2.376637263267668,1.1069371394734977
E01016671,Wokingham 013B,E02003451,Wokingham 013,3.855960461491606,10.904872825443134,1.0,0,-0.8386586880704304,0.5259163677075436,0.6391062831833779,0.0775708079984519,-0.0870237664537073,1.0949864588131897,0.925394321693646,1.1069371394734977
E01016672,Wokingham 014B,E02003452,Wokingham 014,3.425955032787882,11.35048552394942,1.0,0,1.0473125649747,-0.566902634222329,-0.9164107846042606,-1.6439518622076543,-0.3912341181023215,0.7296013068620104,2.376637263267668,1.1069371394734977
E01016673,Wokingham 013C,E02003451,Wokingham 013,3.1669507520032814,11.32265714338892,1.0,0,-0.8386586880704304,0.5259163677075436,0.9251238123251938,0.0775708079984519,-0.3531617815912674,0.1649151629374614,0.2188855601680549,-1.7729967443709478
E01016674,Wokingham 013D,E02003451,Wokingham 013,2.824647348686024,11.878522038012589,1.0,0,-0.8386586880704304,0.5259163677075436,0.3231571088629496,0.0775708079984519,-0.4710463747953769,-0.2303651378097228,1.7064104260180175,0.2840988869465133
E01016676,Wokingham 001B,E02003439,Wokingham 001,2.9529291512286817,11.19339490427878,0.0,0,-0.3452548490637862,-0.566902634222329,0.8164287346825058,0.9148984195021936,-0.345517306172647,0.4811394035352096,-0.3828316777951044,1.1069371394734977
E01016678,Wokingham 001D,E02003439,Wokingham 001,5.514488668120163,11.858599115988577,0.0,0,-0.3452548490637862,-0.566902634222329,0.8785025489252369,0.9148984195021936,0.7300089529554297,-0.5127082097719975,-0.5361225573973046,0.2840988869465133
E01016686,Wokingham 007C,E02003445,Wokingham 007,2.2057437415444903,12.097874156014104,1.0,0,1.2880032291294992,-0.566902634222329,0.2979083456153248,-2.3510639553803414,-0.4739249904176027,-0.0986050375606613,-1.7691147990180132,1.1069371394734977
E01016687,Wokingham 007D,E02003445,Wokingham 007,2.3383382626998634,11.498516361178012,1.0,0,1.2880032291294992,-0.566902634222329,0.0395894114804903,-2.3510639553803414,-0.4383269223823612,-1.1665553237898971,-1.2010050899964675,1.1069371394734977
E01016688,Wokingham 007E,E02003445,Wokingham 007,3.242826699023987,11.497050115811938,1.0,0,1.2880032291294992,-0.566902634222329,-0.9008539172075174,-2.3510639553803414,-0.3967713023041313,0.4811394035352096,1.130100312214341,1.1069371394734977
E01016689,Wokingham 007F,E02003445,Wokingham 007,2.9496883350525844,11.189975390433116,1.0,0,1.2880032291294992,-0.566902634222329,-0.0351372976898412,-2.3510639553803414,-0.3180546596962648,1.3507560651790154,-1.0161053106788112,1.1069371394734977
E01016690,Wokingham 017C,E02003455,Wokingham 017,6.665239032937496,13.490793076138138,1.0,0,0.4137965715861222,0.4159471314635288,0.9935323580918156,0.8199200506322307,-0.1186282142847763,-0.439631179381762,1.2513697983230243,-0.1273202393169789
E01016691,Wokingham 017D,E02003455,Wokingham 017,3.4182183659964585,11.148334397086742,0.0,0,0.4137965715861222,0.4159471314635288,1.813678669654185,0.8199200506322307,-0.1972723315025057,-0.439631179381762,-0.7723810439090804,0.2840988869465133
E01016692,Wokingham 002C,E02003440,Wokingham 002,2.661098346206418,11.703704339437724,0.0,0,0.3464779840533693,-0.566902634222329,0.5066247468991623,-0.5327620211087675,-0.4420390481139633,-0.2303651378097228,-0.3691648152720634,1.1069371394734977
E01016693,Wokingham 002D,E02003440,Wokingham 002,3.0016149367121465,11.6013640373176,0.0,0,0.3464779840533693,-0.566902634222329,0.7852885175075406,-0.5327620211087675,-0.3765109478425214,1.97191082349602,-1.0575772130099004,1.1069371394734977
E01016694,Wokingham 002E,E02003440,Wokingham 002,3.932354904400064,10.28156657778913,0.0,0,0.3464779840533693,-0.566902634222329,0.4945202622938199,-0.5327620211087675,0.7419196131616209,-0.1769488809519954,-0.3392505857653669,1.1069371394734977
E01016695,Wokingham 002F,E02003440,Wokingham 002,3.382388260675101,11.86503198955396,0.0,0,0.3464779840533693,-0.566902634222329,0.5110475542315316,-0.5327620211087675,-0.3799911500211368,1.3507560651790154,-0.3800948088097661,1.1069371394734977
E01016696,Wokingham 013E,E02003451,Wokingham 013,4.996353797270486,10.798731683699913,1.0,0,-0.8386586880704304,0.5259163677075436,0.7244098349885243,0.0775708079984519,1.0784768997775591,0.6260755138091773,0.714632597294765,0.2840988869465133
E01016699,Wokingham 016E,E02003454,Wokingham 016,4.08567374577447,11.027783832135368,1.0,0,-1.034138439390072,0.7919940092058129,0.8240133561166603,0.6482841911790811,0.0693478202300861,1.57960255508528,0.0762061673997172,1.1069371394734977
E01016700,Wokingham 010D,E02003448,Wokingham 010,5.151897559698808,11.438672742215903,1.0,0,-0.1111420664138389,0.7919940092058129,0.6019753934199252,0.2846366760778858,0.4876245838192398,-1.3521065318220031,0.624735882955748,1.1069371394734977
E01016705,Wokingham 020A,E02003458,Wokingham 020,5.054869061893463,11.145309938135812,1.0,0,0.7151594484410746,1.5167389273736478,0.138452051234642,-0.3583255547934814,0.8715299938133405,-1.0648457727204457,0.0786645507060648,-1.3615776181074557
E01016706,Wokingham 020B,E02003458,Wokingham 020,2.817024180329872,11.40611469184803,1.0,0,0.7151594484410746,1.5167389273736478,0.1766250758435866,-0.3583255547934814,-0.407001359764899,-1.7550177264060065,-0.0157620576821767,1.1069371394734977
E01016707,Wokingham 020C,E02003458,Wokingham 020,2.6629830977329023,11.39557858418448,1.0,0,0.7151594484410746,1.5167389273736478,0.0579097282554116,-0.3583255547934814,-0.429066089835645,-0.0986050375606613,0.2779358997622823,1.1069371394734977
E01016708,Wokingham 020D,E02003458,Wokingham 020,2.848275804086116,11.439320443238811,1.0,0,0.7151594484410746,1.5167389273736478,0.1837503294824668,-0.3583255547934814,-0.4065449754654469,-0.5127082097719975,-0.0333861647620595,1.1069371394734977
E01016709,Wokingham 020E,E02003458,Wokingham 020,3.23072534122535,11.147985850287355,1.0,0,0.7151594484410746,1.5167389273736478,0.1584374319543427,-0.3583255547934814,-0.2988694540841613,0.7296013068620104,0.0292263394647063,1.1069371394734977
E01028422,Cherwell 008A,E02005928,Cherwell 008,5.296771171804792,11.481676657425076,0.0,0,0.0770283251006621,1.0609423357745216,0.4507492896827043,0.0281066269918605,0.6488096206487366,-1.7247174942929815,0.4277562596399167,0.2840988869465133
E01028423,Cherwell 008B,E02005928,Cherwell 008,3.1987547468719786,10.863367646234964,0.0,0,0.0770283251006621,1.0609423357745216,0.7039739484586738,0.0281066269918605,-0.2210745063407825,-0.0986050375606613,-0.1979806781760607,0.6955180132100055
E01028426,Cherwell 007A,E02005927,Cherwell 007,2.731441153892786,11.779136168550774,1.0,0,0.1738383805419572,-0.566902634222329,-1.7251341614693791,-0.6425485756191651,-0.4578361138939485,-0.2303651378097228,0.6355374993165998,0.6955180132100055
E01028427,Cherwell 007B,E02005927,Cherwell 007,4.040961366212455,10.371395236823,1.0,0,0.1738383805419572,-0.566902634222329,-1.2379919660690075,-0.6425485756191651,0.7425588040559746,-0.5127082097719975,-0.5789007498371557,0.2840988869465133
E01028428,Cherwell 007C,E02005927,Cherwell 007,4.040961366212455,12.828102377858905,1.0,0,0.1738383805419572,-0.566902634222329,-1.0532379028098826,-0.6425485756191651,-0.3971858689531374,-0.0986050375606613,-1.0383863462015217,1.1069371394734977
E01028429,Cherwell 007D,E02005927,Cherwell 007,3.6880791339431673,11.081337096382857,1.0,0,0.1738383805419572,-0.566902634222329,-0.8618424630759495,-0.6425485756191651,0.0202120021529933,1.3507560651790154,-1.5138392209755638,0.6955180132100055
E01028430,Cherwell 006A,E02005926,Cherwell 006,4.885117421566486,10.996845150375634,1.0,0,-0.2163134218380011,-0.566902634222329,-0.0424938392411296,0.530355965194347,0.6240489041882743,-0.2303651378097228,0.8213117609078633,-0.5387393655804712
E01028431,Cherwell 006B,E02005926,Cherwell 006,3.588091800301244,10.978649234782567,1.0,0,-0.2163134218380011,-0.566902634222329,0.2907810638181777,0.530355965194347,-0.1398878749188716,-0.0986050375606613,-0.0032177317505472,0.6955180132100055
E01028432,Cherwell 006C,E02005926,Cherwell 006,3.134189016701007,11.047271220565188,1.0,0,-0.2163134218380011,-0.566902634222329,-0.011333782788777,0.530355965194347,-0.3325380249537401,0.1084465485450064,0.7441830638511387,-0.1273202393169789
E01028433,Cherwell 006D,E02005926,Cherwell 006,2.8387860230912647,11.177932799909652,1.0,0,-0.2163134218380011,-0.566902634222329,0.4157739320415236,0.530355965194347,-0.365245258297698,0.867635697599123,-0.3122362341246216,1.1069371394734977
E01028434,Cherwell 006E,E02005926,Cherwell 006,3.8279890098181366,11.358119570536754,1.0,0,-0.2163134218380011,-0.566902634222329,-0.2033042530412176,0.530355965194347,-0.2692735211695714,-0.0986050375606613,1.2194915187374424,0.6955180132100055
E01028435,Cherwell 004A,E02005924,Cherwell 004,5.325626066391274,10.282628241190524,1.0,0,-1.900386391604656,0.7518579157166093,0.9597191692702018,1.7599820234228416,2.4480905022394306,0.7296013068620104,1.687894382888426,-2.18441587063444
E01028437,Cherwell 004C,E02005924,Cherwell 004,5.886537270921715,11.309919823419676,1.0,0,-1.900386391604656,0.7518579157166093,1.5791502286665673,1.7599820234228416,2.148189720431796,-1.2185658896776843,0.1590083897730082,-0.1273202393169789
E01028439,Cherwell 004E,E02005924,Cherwell 004,2.8452581601991564,11.494956809464687,1.0,0,-1.900386391604656,0.7518579157166093,1.9813092803155163,1.7599820234228416,-0.3913739973294559,-0.8891656390550304,-0.8327825797657288,0.6955180132100055
E01028440,Cherwell 004F,E02005924,Cherwell 004,2.385086314505789,11.85550858389574,1.0,0,-1.900386391604656,0.7518579157166093,1.4858955733413508,1.7599820234228416,-0.4772608448074715,0.1084465485450064,0.3890765173815999,-0.5387393655804712
E01028441,Cherwell 002A,E02005922,Cherwell 002,3.055273956262307,11.118761260429697,1.0,0,1.0473125649747,-0.566902634222329,-1.6286991728674174,-0.8986979598653392,-0.3919367799903986,0.6260755138091773,1.741538145745579,-0.9501584918439634
E01028443,Cherwell 002C,E02005922,Cherwell 002,2.8898160479624417,11.232048334440172,1.0,0,1.0473125649747,-0.566902634222329,-0.5838763442889489,-0.8986979598653392,-0.344545052322896,-0.0986050375606613,-0.8571841161243386,0.2840988869465133
E01028444,Cherwell 002D,E02005922,Cherwell 002,2.450315205018381,11.347307621146507,1.0,0,1.0473125649747,-0.566902634222329,-0.7133060045629106,-0.8986979598653392,-0.4283423036476834,0.4811394035352096,-0.5361225573973046,0.6955180132100055
E01028445,Cherwell 003A,E02005923,Cherwell 003,5.071410492810714,10.90818001624759,1.0,0,-1.8120925251843256,-0.566902634222329,-0.79556831886532,1.4752194485004908,1.50807130643201,-0.2985169138006165,-0.4490475707217506,-1.3615776181074557
E01028446,Cherwell 003B,E02005923,Cherwell 003,5.081354674308908,12.206027644517643,1.0,0,-1.8120925251843256,-0.566902634222329,-0.867936875737132,1.4752194485004908,0.018311359560758,-0.8232855889304995,-0.2693651217504423,-0.9501584918439634
E01028447,Cherwell 003C,E02005923,Cherwell 003,2.038098578145453,11.539652030189911,1.0,0,-1.8120925251843256,-0.566902634222329,-0.5189621571655048,1.4752194485004908,-0.4641390810314141,0.3473522248207774,-1.135213674720811,-0.9501584918439634
E01028448,Cherwell 003D,E02005923,Cherwell 003,2.408655356721112,11.57605789934676,1.0,0,-1.8120925251843256,-0.566902634222329,-1.0050567373693584,1.4752194485004908,-0.458699236768787,-1.1665553237898971,0.0712851569100468,-1.7729967443709478
E01028449,Cherwell 005A,E02005925,Cherwell 005,1.9768549529047348,12.935232675185809,1.0,0,1.4411700154098277,-0.566902634222329,-1.8820340755461904,-1.350682594535555,-0.501895655717666,-0.0986050375606613,-0.4741452748399564,-1.7729967443709478
E01028450,Cherwell 005B,E02005925,Cherwell 005,2.4464256629697188,11.426430792410532,1.0,0,1.4411700154098277,-0.566902634222329,-1.887616319377108,-1.350682594535555,-0.4369144166777962,2.437776892233773,-0.4601839250456116,-2.18441587063444
E01028451,Cherwell 005C,E02005925,Cherwell 005,2.3656537844610286,11.908191560024315,1.0,0,1.4411700154098277,-0.566902634222329,-1.620000870163469,-1.350682594535555,-0.4642204037179409,-0.9905195623235398,-1.1286898631678186,-0.5387393655804712
E01028452,Cherwell 005D,E02005925,Cherwell 005,1.9632825487460155,12.629380946155546,1.0,0,1.4411700154098277,-0.566902634222329,-1.8193751676629908,-1.350682594535555,-0.501895655717666,1.3507560651790154,-0.6308059302806471,-1.7729967443709478
E01028453,Cherwell 005E,E02005925,Cherwell 005,1.9632825487460155,11.582274273104217,1.0,0,1.4411700154098277,-0.566902634222329,-1.8216950106380911,-1.350682594535555,-0.481055592190007,0.4811394035352096,-0.6250074783500553,-1.7729967443709478
E01028454,Cherwell 005F,E02005925,Cherwell 005,2.604909442182697,11.333013003973294,1.0,0,1.4411700154098277,-0.566902634222329,-2.1869595122914305,-1.350682594535555,-0.4293079623757859,1.3507560651790154,0.2896487464263548,-2.18441587063444
E01028466,Cherwell 014A,E02005934,Cherwell 014,3.0238337036648657,11.268060196083502,1.0,0,-0.1441062225915613,-0.566902634222329,-1.0596455446103503,-1.500514048269209,-0.3676800211288234,0.4811394035352096,0.2069770098836299,-1.3615776181074557
E01028469,Cherwell 014B,E02005934,Cherwell 014,2.883570906665661,11.343216039827036,1.0,0,-0.1441062225915613,-0.566902634222329,-0.6445988783477993,-1.500514048269209,-0.3649569988504612,0.2637352381242579,-0.8236677820479549,0.6955180132100055
E01028470,Cherwell 014C,E02005934,Cherwell 014,3.538928277350432,11.215730136504524,1.0,0,-0.1441062225915613,-0.566902634222329,-0.9547929540984428,-1.500514048269209,-0.2309184075540006,-0.0986050375606613,-0.0536173445120405,0.2840988869465133
E01028471,Cherwell 014D,E02005934,Cherwell 014,2.016767947151777,11.307449911309426,1.0,0,-0.1441062225915613,-0.566902634222329,-0.6037368890798402,-1.500514048269209,-0.4549866508217685,-2.1885837477112746,-0.9250152918219836,-1.3615776181074557
E01028472,Cherwell 014E,E02005934,Cherwell 014,2.0044485626384057,12.119897542142905,1.0,0,-0.1441062225915613,-0.566902634222329,-0.3165133344919647,-1.500514048269209,-0.4851667350962748,-0.5127082097719975,-1.636856299116586,0.6955180132100055
E01028473,Cherwell 014F,E02005934,Cherwell 014,3.6384016166246993,11.212671361343652,1.0,0,-0.1441062225915613,-0.566902634222329,-0.6857018180022231,-1.500514048269209,-0.1452117446975846,-2.1277105813962085,-0.7217021099384338,1.1069371394734977
E01028474,Cherwell 009A,E02005929,Cherwell 009,3.432017524002042,10.904772628556168,0.0,0,0.8783874658201829,-0.566902634222329,0.4713748003015231,0.0965106245177071,-0.2403752156260607,0.1649151629374614,0.9475151958867646,-0.5387393655804712
E01028476,Cherwell 008D,E02005928,Cherwell 008,3.970122087811792,10.810055937090704,0.0,0,0.0770283251006621,1.0609423357745216,-0.2602936622103631,0.0281066269918605,-0.1216595476421924,0.7296013068620104,2.187263559902937,0.6955180132100055
E01028477,Cherwell 011B,E02005931,Cherwell 011,4.480388970090661,11.281453006221517,0.0,0,0.4701820308516937,-0.566902634222329,0.3913105521804143,0.6264135920179237,-0.0941929370037427,0.1649151629374614,2.099307004141144,-0.1273202393169789
E01028478,Cherwell 011C,E02005931,Cherwell 011,2.254654559236496,10.948716645194592,1.0,0,0.4701820308516937,-0.566902634222329,1.5688622666970486,0.6264135920179237,-0.4034840062029144,-0.0986050375606613,-0.8085194925852913,0.6955180132100055
E01028479,Cherwell 001A,E02005921,Cherwell 001,3.007858453351832,11.251261954917002,0.0,0,0.5508880701554248,-0.566902634222329,1.0085145631506411,0.12225406444679,-0.3232486518255912,-0.3884772581085966,-0.9033157139050556,-0.9501584918439634
E01028480,Cherwell 001B,E02005921,Cherwell 001,3.2686179167630147,10.830738006646618,0.0,0,0.5508880701554248,-0.566902634222329,0.815549350571181,0.12225406444679,-0.1700273781469951,0.4811394035352096,-0.4268614890846922,-0.1273202393169789
E01028481,Cherwell 010A,E02005930,Cherwell 010,3.525624960037208,10.914348796788698,0.0,0,0.331359826683726,-0.566902634222329,1.249038624960335,0.041546072654984,-0.0654360135875849,0.6260755138091773,-0.7723810439090804,0.2840988869465133
E01028482,Cherwell 010B,E02005930,Cherwell 010,2.8137306655709566,11.151300193113736,0.0,0,0.331359826683726,-0.566902634222329,1.3894887745921565,0.041546072654984,-0.3336235918117733,-0.0986050375606613,-1.1189227687576104,0.6955180132100055
E01028483,Cherwell 011D,E02005931,Cherwell 011,4.083822734762519,11.71904021416519,0.0,0,0.4701820308516937,-0.566902634222329,1.7523720939020222,0.6264135920179237,-0.1162471560097793,-0.7088623439773672,-1.2610954132927794,-0.1273202393169789
E01028484,Cherwell 011E,E02005931,Cherwell 011,4.376410895888246,13.014487637728877,0.0,0,0.4701820308516937,-0.566902634222329,2.0234006749249644,0.6264135920179237,-0.3446157468722636,-0.5127082097719975,-1.7691147990180132,-0.5387393655804712
E01028485,Cherwell 009B,E02005929,Cherwell 009,3.080532875246456,11.432930626521312,0.0,0,0.8783874658201829,-0.566902634222329,1.0076957696598388,0.0965106245177071,-0.3629081989788336,0.867635697599123,-0.3773596903003975,0.2840988869465133
E01028486,Cherwell 009C,E02005929,Cherwell 009,3.603539406946921,10.840384510303233,0.0,0,0.8783874658201829,-0.566902634222329,1.3849698161098964,0.0965106245177071,0.0803795388556484,-0.5127082097719975,-1.308423174635654,-0.1273202393169789
E01028487,Cherwell 017A,E02005937,Cherwell 017,3.291903213401678,11.078072739967473,1.0,0,-0.3452548490637862,-0.566902634222329,-0.366782284486148,-0.0280876247390496,-0.1779919213726557,0.2637352381242579,-1.281314636036173,1.1069371394734977
E01028489,Cherwell 017B,E02005937,Cherwell 017,2.826544095149999,11.416236764013505,1.0,0,-0.3452548490637862,-0.566902634222329,-0.4878395994198344,-0.0280876247390496,-0.3790035397115777,1.97191082349602,-0.9813251307315608,1.1069371394734977
E01028490,Cherwell 017C,E02005937,Cherwell 017,2.186612916741625,10.718242192344569,1.0,0,-0.3452548490637862,-0.566902634222329,-0.4270645398699726,-0.0280876247390496,-0.3740365113022826,-0.5127082097719975,-1.1319505248916464,-0.1273202393169789
E01028491,Cherwell 017D,E02005937,Cherwell 017,4.761481387349815,11.19065712371887,1.0,0,-0.3452548490637862,-0.566902634222329,-0.8370913301888855,-0.0280876247390496,0.516030820248621,-1.095040795694189,-0.1148915769831916,1.1069371394734977
E01028492,Cherwell 018A,E02005938,Cherwell 018,3.0485618871985234,10.957568097079989,1.0,0,0.5617813955364294,-0.566902634222329,-1.3666005396529168,-0.3720199821915828,-0.2836357261789261,0.7296013068620104,-0.2587141632092744,0.6955180132100055
E01028493,Cherwell 018B,E02005938,Cherwell 018,2.1516459174287594,11.669148501476776,1.0,0,0.5617813955364294,-0.566902634222329,-1.2054324698687269,-0.3720199821915828,-0.4697503614311027,-0.9905195623235398,-0.6599167141990643,0.2840988869465133
E01028494,Cherwell 017E,E02005937,Cherwell 017,1.9632825487460155,12.085416110325538,1.0,0,-0.3452548490637862,-0.566902634222329,-0.220258614507275,-0.0280876247390496,-0.4897304726946416,-0.0986050375606613,-1.644203994470011,-0.9501584918439634
E01028495,Cherwell 018C,E02005938,Cherwell 018,2.095437914764436,12.560809212028614,1.0,0,0.5617813955364294,-0.566902634222329,-1.033869002134241,-0.3720199821915828,-0.4971757726823372,-1.2580939197524024,-1.0865259649983363,1.1069371394734977
E01028496,Cherwell 018D,E02005938,Cherwell 018,2.243365733334074,11.292766146875527,1.0,0,0.5617813955364294,-0.566902634222329,-1.172236955177978,-0.3720199821915828,-0.4388956873668693,-0.5127082097719975,-0.7424972210836401,0.2840988869465133
E01028499,Cherwell 011F,E02005931,Cherwell 011,4.155878574339373,10.43268154820059,1.0,0,0.4701820308516937,-0.566902634222329,0.8244116686126038,0.6264135920179237,0.3969275844036944,-1.3521065318220031,1.0289720900468249,0.2840988869465133
E01028503,Cherwell 009D,E02005929,Cherwell 009,2.448933989329183,11.386617444671968,0.0,0,0.8783874658201829,-0.566902634222329,1.55877638445342,0.0965106245177071,-0.4041455284417503,0.2637352381242579,-1.7371315460294847,-0.1273202393169789
E01028504,Cherwell 009E,E02005929,Cherwell 009,3.3893609398862,10.955968638860549,0.0,0,0.8783874658201829,-0.566902634222329,1.1532072652388563,0.0965106245177071,-0.1439165654987636,0.4811394035352096,-0.736545434954312,-0.1273202393169789
E01028506,Cherwell 010D,E02005930,Cherwell 010,4.45980909760999,11.260635106078473,0.0,0,0.331359826683726,-0.566902634222329,0.5582693432400598,0.041546072654984,0.0385220837512994,-0.6256454385569075,0.9334515217100068,0.2840988869465133
E01028507,Cherwell 010E,E02005930,Cherwell 010,3.082001708706166,11.233801816023966,0.0,0,0.331359826683726,-0.566902634222329,1.230905473982459,0.041546072654984,-0.3124329246811643,0.1649151629374614,-0.7276332587999365,0.2840988869465133
E01028508,Cherwell 001C,E02005921,Cherwell 001,3.3092282808987514,10.87292086780837,0.0,0,0.5508880701554248,-0.566902634222329,1.417933320703146,0.12225406444679,-0.0254552735450534,-0.3884772581085966,-1.7691147990180132,-0.1273202393169789
E01028511,Cherwell 019C,E02005938,Cherwell 018,5.423089256501981,11.314832555272734,1.0,0,0.5617813955364294,-0.566902634222329,-1.6751662036836894,-0.3720199821915828,1.0169569933269136,-1.4162060400512766,0.5107513812217963,0.6955180132100055
E01028513,Oxford 005A,E02005944,Oxford 005,2.8981745699591857,11.35867811380378,1.0,0,0.751919477148355,-0.566902634222329,-2.937899806447195,-1.5019345209060473,-0.4388573518140085,1.3507560651790154,2.0095032900352345,-1.7729967443709478
E01028514,Oxford 005B,E02005944,Oxford 005,2.018895041811802,12.696188290481068,1.0,0,0.751919477148355,-0.566902634222329,-2.007571546474501,-1.5019345209060473,-0.501895655717666,-0.8232855889304995,-0.3910528100489029,-1.7729967443709478
E01028515,Oxford 007A,E02005946,Oxford 007,3.019448800171307,11.26345077190963,1.0,0,0.4822127447851682,-0.566902634222329,-0.7486875434652084,-0.5214881402569221,-0.36364620302592,1.3507560651790154,0.093385245599095,0.2840988869465133
E01028516,Oxford 005C,E02005944,Oxford 005,2.793248824936084,11.24727881937906,1.0,0,0.751919477148355,-0.566902634222329,-2.937899806447195,-1.5019345209060473,-0.4438919950754748,1.3507560651790154,2.292528501329818,-0.9501584918439634
E01028517,Oxford 017A,E02005956,Oxford 017,2.1247733516779195,12.124189912714858,1.0,0,-1.368851409810024,-0.566902634222329,-1.7446153157006874,0.9751190860973088,-0.4869916562821039,0.2637352381242579,-0.8176020255080776,-1.7729967443709478
E01028518,Oxford 017B,E02005956,Oxford 017,3.145013976269745,11.395053675375332,1.0,0,-1.368851409810024,-0.566902634222329,-2.050040175202658,0.9751190860973088,-0.3582641137249969,0.4811394035352096,-0.0536173445120405,-2.18441587063444
E01028519,Oxford 017C,E02005956,Oxford 017,4.480230351432242,10.845981376885184,1.0,0,-1.368851409810024,-0.566902634222329,-2.1990369542289923,0.9751190860973088,0.4743968596137292,0.5834472460815393,0.3199528521829147,-1.3615776181074557
E01028520,Oxford 018A,E02005957,Oxford 018,3.047280535434568,11.292690180545192,1.0,0,-0.9022818146791808,-0.566902634222329,-2.937899806447195,-0.7938005019896573,-0.3622229521904053,1.3507560651790154,0.0540168879850282,-2.18441587063444
E01028521,Oxford 008A,E02005947,Oxford 008,6.787215657688635,11.058840725448391,1.0,0,-2.511470826456988,1.1441168962853123,-1.2875704336222862,1.9044531251379924,3.4757576554206566,0.0580826492220062,2.5447299111798842,0.6955180132100055
E01028522,Oxford 008B,E02005947,Oxford 008,5.775817824220395,10.975735642898655,1.0,0,-2.511470826456988,1.1441168962853123,0.1502153076994464,1.9044531251379924,0.849942282189846,0.1649151629374614,2.5447299111798842,-0.5387393655804712
E01028523,Oxford 010A,E02005949,Oxford 010,4.991010650959955,10.556968868245896,1.0,0,-1.6604574067668016,3.7145525865165054,-2.538522304005874,-1.0722415482626062,1.6386807892281157,-1.1665553237898971,0.4390663895959474,-0.1273202393169789
E01028524,Oxford 010B,E02005949,Oxford 010,4.991010650959955,13.490793076138138,1.0,0,-1.6604574067668016,3.7145525865165054,-2.421537878914268,-1.0722415482626062,-0.4414606643517001,0.4811394035352096,0.1445122482863051,-1.7729967443709478
E01028525,Oxford 010C,E02005949,Oxford 010,4.991010650959955,13.490793076138138,1.0,0,-1.6604574067668016,3.7145525865165054,-2.7737786373756133,-1.0722415482626062,-0.4804111394480387,-0.0986050375606613,1.032906181992755,-1.7729967443709478
E01028526,Oxford 010D,E02005949,Oxford 010,4.991010650959955,10.28156657778913,1.0,0,-1.6604574067668016,3.7145525865165054,-2.8084001681116337,-1.0722415482626062,2.143384608278808,0.9554757644318302,1.1204797060337848,0.2840988869465133
E01028527,Oxford 015A,E02005954,Oxford 015,3.166107759329545,11.321777065973317,1.0,0,-1.42645259439408,1.3623951079961607,-0.2574746904826103,0.5614686722164283,-0.3516858966206449,1.7460363659261997,0.180660879796835,0.6955180132100055
E01028528,Oxford 015B,E02005954,Oxford 015,3.688654428797639,11.081927141063792,1.0,0,-1.42645259439408,1.3623951079961607,-0.1913034824024033,0.5614686722164283,-0.1416501076914264,2.075436616548854,0.0167769634418604,-0.9501584918439634
E01028529,Oxford 015C,E02005954,Oxford 015,5.599451058922986,11.044900527983945,1.0,0,-1.42645259439408,1.3623951079961607,-0.3406788540276425,0.5614686722164283,1.952406350132924,-1.3794357795166552,0.386790306344195,-1.3615776181074557
E01028530,Oxford 015D,E02005954,Oxford 015,2.6264785474083983,11.356283350762888,1.0,0,-1.42645259439408,1.3623951079961607,-0.5997088593437897,0.5614686722164283,-0.4433078282377912,1.3507560651790154,1.0289720900468249,-0.1273202393169789
E01028531,Oxford 019B,E02007116,Oxford 019,3.448748683520378,11.068658524387072,1.0,0,-0.5454933007555959,-0.566902634222329,-1.805505637124353,0.7745613096702165,-0.2964128507147665,0.2065236156476915,1.2867194863353244,-0.1273202393169789
E01028532,Oxford 019A,E02007116,Oxford 019,3.58900386868668,11.3850466378818,1.0,0,-0.5454933007555959,-0.566902634222329,-2.2244837334029604,0.7745613096702165,-0.3718342690875725,0.8072456516516366,2.336239522213297,-0.9501584918439634
E01028534,Oxford 006A,E02005945,Oxford 006,3.681174849728384,11.161265199216396,1.0,0,-0.6582712792946598,1.2293400912914456,0.8060712247263048,-0.2461588390407195,-0.0179214015471819,-0.6256454385569075,-1.571289054190094,1.1069371394734977
E01028535,Oxford 006B,E02005945,Oxford 006,3.7532851539311465,10.994012464450176,1.0,0,-0.6582712792946598,1.2293400912914456,-0.2149889960199675,-0.2461588390407195,-0.1653061282967323,1.3507560651790154,0.9535283550359076,1.1069371394734977
E01028536,Oxford 006C,E02005945,Oxford 006,4.347797443123222,10.90607917096611,1.0,0,-0.6582712792946598,1.2293400912914456,0.5231735896901687,-0.2461588390407195,0.5622477364851789,-0.5127082097719975,-0.8725060875268383,1.1069371394734977
E01028537,Oxford 006D,E02005945,Oxford 006,5.816908758529035,10.28156657778913,1.0,0,-0.6582712792946598,1.2293400912914456,0.2053049595666709,-0.2461588390407195,4.455554553825343,-0.0986050375606613,-0.0866985266620456,1.1069371394734977
E01028538,Oxford 005D,E02005944,Oxford 005,2.8981745699591857,12.051819460449432,1.0,0,0.751919477148355,-0.566902634222329,-2.28737653046926,-1.5019345209060473,-0.4589754238340855,1.3507560651790154,0.3106513637009375,-0.9501584918439634
E01028539,Oxford 006E,E02005945,Oxford 006,2.761717342351146,11.213656523266527,1.0,0,-0.6582712792946598,1.2293400912914456,-0.1979220303563157,-0.2461588390407195,-0.4158348598599329,2.437776892233773,0.9112575893364976,0.2840988869465133
E01028540,Oxford 006F,E02005945,Oxford 006,5.816908758529035,12.944828744984216,1.0,0,-0.6582712792946598,1.2293400912914456,0.1147722898131449,-0.2461588390407195,-0.0303109983291569,0.2637352381242579,0.1372457084858299,1.1069371394734977
E01028545,Oxford 014A,E02005953,Oxford 014,2.647025499264436,11.224265771946,1.0,0,1.0071974542822344,-0.566902634222329,-1.6809396122504652,-0.6601487997786414,-0.4079667866317712,0.7296013068620104,0.0217610638237975,1.1069371394734977
E01028546,Oxford 014B,E02005953,Oxford 014,3.136927970220768,11.291293270979947,1.0,0,1.0071974542822344,-0.566902634222329,-1.8533676943739128,-0.6601487997786414,-0.3619040002159224,0.1649151629374614,0.4525991782427646,-1.3615776181074557
E01028547,Oxford 014C,E02005953,Oxford 014,2.938526799783212,11.689013746315387,1.0,0,1.0071974542822344,-0.566902634222329,-2.245854863960812,-0.6601487997786414,-0.4500420418965479,1.3507560651790154,1.4360157583599085,0.6955180132100055
E01028552,Oxford 016A,E02005955,Oxford 016,3.8146527050318695,10.363675306174898,1.0,0,-2.05261719577764,1.2293400912914456,-0.5248390117186188,1.5587422155001531,0.0883312723964444,0.7296013068620104,1.5975394349393128,-2.18441587063444
E01028553,Oxford 016B,E02005955,Oxford 016,6.410252181610051,11.567171114257206,1.0,0,-2.05261719577764,1.2293400912914456,-0.5996038561363014,1.5587422155001531,1.86494076335424,-1.106856239466524,1.782984076329382,-1.7729967443709478
E01028554,Oxford 016C,E02005955,Oxford 016,3.8146527050318695,13.490793076138138,1.0,0,-2.05261719577764,1.2293400912914456,0.3118876044558155,1.5587422155001531,-0.4788049925032188,0.9554757644318302,-0.4741452748399564,-0.9501584918439634
E01028555,Oxford 016D,E02005955,Oxford 016,3.23907053215372,10.800004056710833,1.0,0,-2.05261719577764,1.2293400912914456,0.2301509361612054,1.5587422155001531,-0.1823887236480123,-1.2580939197524024,-0.2720320115429133,-0.1273202393169789
E01028556,Oxford 020B,E02007021,Oxford 020,3.851444632542213,11.059321247951535,1.0,0,-2.264800270025049,3.7145525865165054,-1.505333498904713,1.5849797945644224,-0.2494348415866119,-0.2985169138006165,2.270504293109635,-0.1273202393169789
E01028557,Oxford 020D,E02007021,Oxford 020,6.787215657688635,11.810117145779632,1.0,0,-2.264800270025049,3.7145525865165054,-1.0527242480911068,1.5849797945644224,3.2839172649327684,-2.006624717116692,1.1435329027991286,-0.9501584918439634
E01028558,Oxford 020C,E02007021,Oxford 020,4.128359440809378,10.83757235996854,1.0,0,-2.264800270025049,3.7145525865165054,-0.5838215199332953,1.5849797945644224,0.2407816309160538,-0.8232855889304995,-0.0207901095766833,-0.1273202393169789
E01028559,Oxford 020A,E02007021,Oxford 020,2.2009952372324126,12.497999446362185,1.0,0,-2.264800270025049,3.7145525865165054,-0.8202545594559771,1.5849797945644224,-0.500922013942765,-0.0986050375606613,0.5659309551205369,-0.1273202393169789
E01028560,Oxford 004A,E02005943,Oxford 004,2.558931285135974,11.50641431335457,1.0,0,0.5057585706264,-0.566902634222329,-1.6910381785839983,-0.3369891284060563,-0.4485569863460603,0.2637352381242579,0.3890765173815999,0.2840988869465133
E01028561,Oxford 004B,E02005943,Oxford 004,3.381606731897151,11.458761387157658,1.0,0,0.5057585706264,-0.566902634222329,-1.7653480358195923,-0.3369891284060563,-0.3525423596458854,1.3507560651790154,0.5746939861452028,1.1069371394734977
E01028562,Oxford 004C,E02005943,Oxford 004,2.3112474660726985,11.70487551865614,1.0,0,0.5057585706264,-0.566902634222329,-1.769721654976121,-0.3369891284060563,-0.4763255507142799,1.0608838446310802,0.5856225830555856,0.2840988869465133
E01028563,Oxford 004D,E02005943,Oxford 004,2.8059026012697146,11.037611762205596,1.0,0,0.5057585706264,-0.566902634222329,-1.4557122043381394,-0.3369891284060563,-0.3527952797176535,1.3507560651790154,-0.1979806781760607,1.1069371394734977
E01028565,Oxford 003A,E02005942,Oxford 003,2.4338764786752214,11.840123879949545,1.0,0,-0.5773494180702017,-0.566902634222329,0.0849016691018175,0.4813057108202774,-0.4519874472121815,-0.0986050375606613,-1.4012043603435382,1.1069371394734977
E01028567,Oxford 017D,E02005956,Oxford 017,2.514465452029545,11.802965197133336,1.0,0,-1.368851409810024,-0.566902634222329,-2.3238502455389938,0.9751190860973088,-0.4713606070917115,0.5834472460815393,0.6333793576388901,-1.7729967443709478
E01028568,Oxford 018B,E02005957,Oxford 018,3.0707933627758703,11.22205163761701,1.0,0,-0.9022818146791808,-0.566902634222329,-2.937899806447195,-0.7938005019896573,-0.3122904553818192,0.9554757644318302,-0.730601920941799,-2.595834996897932
E01028569,Oxford 018C,E02005957,Oxford 018,2.483655867886348,11.27041158576213,1.0,0,-0.9022818146791808,-0.566902634222329,-2.937899806447195,-0.7938005019896573,-0.4194714073335537,-0.5127082097719975,-0.4573971164467457,-2.595834996897932
E01028570,Oxford 018D,E02005957,Oxford 018,2.2669579153508947,12.28419504906089,1.0,0,-0.9022818146791808,-0.566902634222329,-2.937899806447195,-0.7938005019896573,-0.4968114688698523,-0.8232855889304995,0.8460306600444466,-0.1273202393169789
E01028571,Oxford 007B,E02005946,Oxford 007,3.204655189228229,10.987299183175711,1.0,0,0.4822127447851682,-0.566902634222329,-0.6554019373362653,-0.5214881402569221,-0.2576702505472725,-0.8232855889304995,-0.1380976748066799,0.6955180132100055
E01028572,Oxford 007C,E02005946,Oxford 007,3.204655189228229,11.680437906110477,1.0,0,0.4822127447851682,-0.566902634222329,-0.8751299160654624,-0.5214881402569221,-0.4031199095887424,0.2637352381242579,0.4073223376739907,1.1069371394734977
E01028573,Oxford 007D,E02005946,Oxford 007,2.868807579980324,11.1044307723017,1.0,0,0.4822127447851682,-0.566902634222329,-0.8258599215054204,-0.5214881402569221,-0.3703881231342239,1.3507560651790154,0.2849674568032945,1.1069371394734977
E01028574,Oxford 007E,E02005946,Oxford 007,2.27469988950451,11.733215806893858,1.0,0,0.4822127447851682,-0.566902634222329,-0.4080293985121087,-0.5214881402569221,-0.4649694993148706,-0.5127082097719975,-0.7514404609627977,-0.9501584918439634
E01028575,Oxford 015E,E02005954,Oxford 015,3.166107759329545,10.947089119421747,1.0,0,-1.42645259439408,1.3623951079961607,0.049349172508272,0.5614686722164283,-0.2294450920399497,0.8072456516516366,-0.5789007498371557,-0.1273202393169789
E01028576,Oxford 016E,E02005955,Oxford 016,2.0541237336955462,12.1770902557025,1.0,0,-2.05261719577764,1.2293400912914456,0.0627401697116048,1.5587422155001531,-0.4961582290983726,-0.5127082097719975,0.1420914400452554,-1.7729967443709478
E01028577,Oxford 016F,E02005955,Oxford 016,2.8531889667684487,12.22728848945144,1.0,0,-2.05261719577764,1.2293400912914456,-0.4024595307058746,1.5587422155001531,-0.4802840030383561,0.2637352381242579,1.2941244364862403,-2.18441587063444
E01028578,Oxford 015F,E02005954,Oxford 015,2.7778871606909896,11.552487300306074,1.0,0,-1.42645259439408,1.3623951079961607,-0.0398123386755099,0.5614686722164283,-0.4182990973241682,-0.2985169138006165,-0.3582626866301978,0.2840988869465133
E01028579,Oxford 011A,E02005950,Oxford 011,3.607669398688393,11.13230696456322,1.0,0,-0.9611692393073464,-0.566902634222329,0.6009412068503289,0.6616436439370148,-0.1805662350303221,0.7296013068620104,-0.0866985266620456,-0.5387393655804712
E01028580,Oxford 011B,E02005950,Oxford 011,3.7220240527062383,11.158696595274128,1.0,0,-0.9611692393073464,-0.566902634222329,0.4705635575865924,0.6616436439370148,-0.1752752518504042,0.4055205633922699,0.2355020137726696,-0.5387393655804712
E01028581,Oxford 011C,E02005950,Oxford 011,2.2125509702900645,11.663691238788015,1.0,0,-0.9611692393073464,-0.566902634222329,0.5824312102048907,0.6616436439370148,-0.4730070380360021,-0.5127082097719975,-0.0409616452969328,0.6955180132100055
E01028582,Oxford 011D,E02005950,Oxford 011,3.573300238261778,10.809286292599587,1.0,0,-0.9611692393073464,-0.566902634222329,1.258788046973172,0.6616436439370148,0.1394305124030838,0.1084465485450064,-1.710907632483431,-1.3615776181074557
E01028584,Oxford 003C,E02005942,Oxford 003,3.8841994966935474,11.687475232831051,1.0,0,-0.5773494180702017,-0.566902634222329,-1.120193235590037,0.4813057108202774,-0.3439473691827424,0.2637352381242579,1.5871892298617962,1.1069371394734977
E01028586,Oxford 011E,E02005953,Oxford 014,2.629079141231216,11.35908640325167,1.0,0,1.0071974542822344,-0.566902634222329,-1.6137843121196422,-0.6601487997786414,-0.4198531278846492,-0.0986050375606613,-0.1458611098773825,-0.1273202393169789
E01028587,Oxford 011F,E02005950,Oxford 011,4.04039862989232,10.98171720362935,1.0,0,-0.9611692393073464,-0.566902634222329,0.3637189101097612,0.6616436439370148,0.0140014283243758,1.12190957527275,0.4996295085193751,-0.5387393655804712
E01028588,Oxford 011G,E02005950,Oxford 011,4.497195144322792,10.805981320296008,1.0,0,-0.9611692393073464,-0.566902634222329,0.3201342905828935,0.6616436439370148,0.4644357380321407,0.867635697599123,0.6073963451855839,-0.1273202393169789
E01028591,Oxford 002C,E02005941,Oxford 002,4.477813973347077,11.037689887205635,1.0,0,-0.1160256451068342,-0.566902634222329,1.1238280216419452,0.7712171668763145,0.6324650192308053,-0.5127082097719975,-1.141747453904191,1.1069371394734977
E01028592,Oxford 002D,E02005941,Oxford 002,4.787066652443949,11.126849032946042,1.0,0,-0.1160256451068342,-0.566902634222329,0.5432751498329871,0.7712171668763145,0.5102712208958434,-0.5127082097719975,0.2919874709274266,1.1069371394734977
E01028594,Oxford 001A,E02005940,Oxford 001,4.262200889105471,11.512449637496577,1.0,0,0.4072942080176172,-0.566902634222329,-0.6142667167964719,-0.8027496663695057,-0.051853302129542,0.1084465485450064,-0.2401385810972556,1.1069371394734977
E01028596,Oxford 001C,E02005940,Oxford 001,3.181672275870657,10.791486016617371,1.0,0,0.4072942080176172,-0.566902634222329,-0.3995788066657388,-0.8027496663695057,-0.1596048120982426,0.2065236156476915,-0.7723810439090804,1.1069371394734977
E01028597,Oxford 001D,E02005940,Oxford 001,2.797220357361309,11.251508751434526,1.0,0,0.4072942080176172,-0.566902634222329,-0.5721174998774157,-0.8027496663695057,-0.3811257000233138,-0.8232855889304995,-0.3446739950447512,-0.5387393655804712
E01028598,South Oxfordshire 005A,E02005962,South Oxfordshire 005,4.064108697492137,11.347590810330573,0.0,0,1.3252783319853334,-0.566902634222329,0.239157268554019,-0.6709030315195521,-0.2363644370750837,-0.0986050375606613,1.761482329476464,0.2840988869465133
E01028599,South Oxfordshire 011A,E02005968,South Oxfordshire 011,4.812834550453841,11.874957738639264,0.0,0,-0.5547846683056893,1.0609423357745216,-0.1913271746304308,0.8672111373686915,-0.1604448154652391,0.5834472460815393,1.7248466427291316,0.2840988869465133
E01028601,South Oxfordshire 011B,E02005968,South Oxfordshire 011,4.488096898400948,11.815336796560349,0.0,0,-0.5547846683056893,1.0609423357745216,0.6137969454681284,0.8672111373686915,-0.0824145775085838,-0.9905195623235398,-0.2666998940894631,0.6955180132100055
E01028602,South Oxfordshire 011C,E02005968,South Oxfordshire 011,4.488096898400948,13.490793076138138,0.0,0,-0.5547846683056893,1.0609423357745216,1.2369855188531058,0.8672111373686915,-0.501895655717666,-0.0986050375606613,-1.7691147990180132,1.1069371394734977
E01028604,South Oxfordshire 006A,E02005963,South Oxfordshire 006,3.3438507148096024,11.01419125929813,0.0,0,-0.2892887827785514,1.0955773351361633,0.5490525574745816,0.2931297954227695,-0.2203454245693237,-1.0648457727204457,-0.2084812547071698,-0.9501584918439634
E01028605,South Oxfordshire 006B,E02005963,South Oxfordshire 006,2.8571021903844613,11.315157219987247,0.0,0,-0.2892887827785514,1.0955773351361633,0.6577077693342103,0.2931297954227695,-0.3768405747921804,0.2637352381242579,-0.4769430228256601,-0.9501584918439634
E01028607,South Oxfordshire 006C,E02005963,South Oxfordshire 006,3.1647997146695297,11.153359532962822,0.0,0,-0.2892887827785514,1.0955773351361633,0.3742245281029724,0.2931297954227695,-0.3235077258817733,0.3473522248207774,0.2236397103448911,0.6955180132100055
E01028608,South Oxfordshire 012A,E02005969,South Oxfordshire 012,2.9245584540994662,10.90107889881216,0.0,0,-0.4170494357431049,0.6832823027352604,1.1849422600519488,0.961003703453524,-0.2898562930910663,-0.3215836687513805,-0.4601839250456116,0.6955180132100055
E01028611,South Oxfordshire 018A,E02005975,South Oxfordshire 018,3.0853901454845265,10.69081868085298,0.0,0,0.6723905688874164,-0.566902634222329,1.2736531030143174,0.0855866944230263,-0.117819252759109,0.2065236156476915,-1.244318782738312,0.6955180132100055
E01028613,South Oxfordshire 005B,E02005962,South Oxfordshire 005,3.82811952120544,11.69472188390343,0.0,0,1.3252783319853334,-0.566902634222329,1.2868683689000462,-0.6709030315195521,-0.231325696592927,0.4811394035352096,-0.8267038898386877,0.6955180132100055
E01028614,South Oxfordshire 005C,E02005962,South Oxfordshire 005,3.2348672772862463,11.71190746265729,0.0,0,1.3252783319853334,-0.566902634222329,0.052574733284115,-0.6709030315195521,-0.4426882866272745,-0.8232855889304995,2.2231367459591027,-0.1273202393169789
E01028615,South Oxfordshire 005D,E02005962,South Oxfordshire 005,3.208259672405012,11.365743928995988,0.0,0,1.3252783319853334,-0.566902634222329,0.7236929301166093,-0.6709030315195521,-0.3658963576651734,-0.6256454385569075,0.5637373886997172,0.6955180132100055
E01028616,South Oxfordshire 005E,E02005962,South Oxfordshire 005,2.8554351880152686,11.446918437533467,0.0,0,1.3252783319853334,-0.566902634222329,0.8139413362472089,-0.6709030315195521,-0.4158417293419479,0.7296013068620104,0.3408075230415374,0.6955180132100055
E01028617,South Oxfordshire 012B,E02005969,South Oxfordshire 012,5.080577936630082,11.314280323525349,0.0,0,-0.4170494357431049,0.6832823027352604,0.6003648943327017,0.961003703453524,0.4566684073034272,-0.9905195623235398,0.9834679707513964,1.1069371394734977
E01028619,South Oxfordshire 015B,E02005972,South Oxfordshire 015,3.2476187604004125,11.607395898346802,0.0,0,0.9860045656145132,-0.566902634222329,0.6047362625887659,0.1074609849438039,-0.3888291174824925,-0.0986050375606613,0.4073223376739907,0.2840988869465133
E01028622,South Oxfordshire 010B,E02005967,South Oxfordshire 010,3.1064235553966184,11.354691459705334,1.0,0,-1.0132343403505395,-0.566902634222329,-0.497624361219032,-0.8729877986212999,-0.3886027151111499,-0.3884772581085966,0.850136620651408,1.1069371394734977
E01028623,South Oxfordshire 010C,E02005967,South Oxfordshire 010,5.029326192539745,11.01424248665062,1.0,0,-1.0132343403505395,-0.566902634222329,-0.0692353821154638,-0.8729877986212999,1.1341296043635634,1.3507560651790154,-0.2111104325604293,-0.1273202393169789
E01028624,South Oxfordshire 010D,E02005967,South Oxfordshire 010,3.938918068890791,10.932390443232215,1.0,0,-1.0132343403505395,-0.566902634222329,-0.6929357964439286,-0.8729877986212999,-0.1033134248702257,0.867635697599123,1.3346240367197324,1.1069371394734977
E01028625,South Oxfordshire 009A,E02005966,South Oxfordshire 009,4.9354303101887,11.025058340429334,1.0,0,-1.3028274104990554,-0.566902634222329,-0.7744490402055507,0.6224675358431193,0.7276205998490786,-1.0648457727204457,0.5461482322062644,1.1069371394734977
E01028626,South Oxfordshire 009B,E02005966,South Oxfordshire 009,2.555209773630424,11.502380057093845,1.0,0,-1.3028274104990554,-0.566902634222329,-0.3910334394441241,0.6224675358431193,-0.4344952382491316,0.2637352381242579,-0.4047899167658016,1.1069371394734977
E01028627,South Oxfordshire 009C,E02005966,South Oxfordshire 009,2.685940915514109,12.048839720461636,1.0,0,-1.3028274104990554,-0.566902634222329,-0.2145670225117942,0.6224675358431193,-0.4561895101122452,0.2637352381242579,-0.8419168466283357,0.6955180132100055
E01028628,South Oxfordshire 009D,E02005966,South Oxfordshire 009,3.3222263217911614,11.174085761442834,1.0,0,-1.3028274104990554,-0.566902634222329,-1.0687971934009457,0.6224675358431193,-0.3425671788309828,2.2203727268228213,1.277445230599627,1.1069371394734977
E01028629,South Oxfordshire 009E,E02005966,South Oxfordshire 009,2.6862135064930355,12.049132244713984,1.0,0,-1.3028274104990554,-0.566902634222329,-0.251102349112401,0.6224675358431193,-0.4574728216889379,0.2637352381242579,-0.7514404609627977,0.6955180132100055
E01028634,South Oxfordshire 014A,E02005971,South Oxfordshire 014,2.520756302681697,11.752649901604658,1.0,0,0.6140693694960596,-0.566902634222329,-0.9622584050187116,0.0526602786801057,-0.4413697207403696,-1.5479661403003384,-1.2644586518803087,1.1069371394734977
E01028635,South Oxfordshire 014B,E02005971,South Oxfordshire 014,3.256710963171222,10.923715788066618,1.0,0,0.6140693694960596,-0.566902634222329,-1.4181278729774094,0.0526602786801057,-0.2257276858350741,-0.0986050375606613,-0.1303483081853587,-0.1273202393169789
E01028636,South Oxfordshire 014C,E02005971,South Oxfordshire 014,2.691175283877365,11.138173832018008,1.0,0,0.6140693694960596,-0.566902634222329,-1.049381709647372,0.0526602786801057,-0.3567390154474998,2.437776892233773,-1.0479710143385563,-0.5387393655804712
E01028637,South Oxfordshire 014D,E02005971,South Oxfordshire 014,3.063764683945818,11.309988870964506,1.0,0,0.6140693694960596,-0.566902634222329,-1.9275528073375536,0.0526602786801057,-0.3970959882524756,-0.3884772581085966,1.141616542630994,1.1069371394734977
E01028638,South Oxfordshire 002A,E02005959,South Oxfordshire 002,3.5249183086519142,11.38361752196549,0.0,0,0.6354264284281053,-0.566902634222329,0.2770924208964776,0.6226574469274838,-0.2629761998944552,0.4811394035352096,-0.3257220782989413,-0.1273202393169789
E01028639,South Oxfordshire 002B,E02005959,South Oxfordshire 002,3.889040929036222,11.246135622060873,0.0,0,0.6354264284281053,-0.566902634222329,0.4480953590056126,0.6226574469274838,-0.0492308316526733,0.1332927388776869,-0.7484573023879596,0.6955180132100055
E01028640,South Oxfordshire 002C,E02005959,South Oxfordshire 002,3.0896323687470426,11.154787546644238,0.0,0,0.6354264284281053,-0.566902634222329,0.4241307338414543,0.6226574469274838,-0.2957963559318946,-0.0986050375606613,-0.6892270252666921,0.2840988869465133
E01028641,South Oxfordshire 006D,E02005963,South Oxfordshire 006,2.99807951662234,11.145663507019131,0.0,0,-0.2892887827785514,1.0955773351361633,0.9930402094533862,0.2931297954227695,-0.2827728097687008,0.1649151629374614,-1.3050251946049645,0.2840988869465133
E01028642,South Oxfordshire 018B,E02005975,South Oxfordshire 018,3.309191735866131,11.160560268333766,0.0,0,0.6723905688874164,-0.566902634222329,1.0250668688227031,0.0855866944230263,-0.2441457619628006,-1.2580939197524024,-0.6308059302806471,0.6955180132100055
E01028643,South Oxfordshire 018C,E02005975,South Oxfordshire 018,4.465252731521554,11.831450466276255,0.0,0,0.6723905688874164,-0.566902634222329,1.0787789098911842,0.0855866944230263,-0.0475914219370358,-1.2580939197524024,-0.7633939492312364,0.2840988869465133
E01028644,South Oxfordshire 015C,E02005972,South Oxfordshire 015,3.1872200254641894,11.102649517595406,0.0,0,0.9860045656145132,-0.566902634222329,0.8016111610302356,0.1074609849438039,-0.2932615769533457,-0.5127082097719975,-0.0790416622285747,0.6955180132100055
E01028645,South Oxfordshire 018D,E02005975,South Oxfordshire 018,3.223743956265061,11.007186880252794,0.0,0,0.6723905688874164,-0.566902634222329,0.8971287191935952,0.0855866944230263,-0.2466961069629544,0.2637352381242579,-0.3149300028080983,1.1069371394734977
E01028646,South Oxfordshire 004A,E02005961,South Oxfordshire 004,4.687367493919466,11.585878484708818,0.0,0,0.0333391287480942,-0.566902634222329,1.1204271976934983,0.414835429533699,0.369031295280084,-1.2580939197524024,-1.4677229305335693,-0.5387393655804712
E01028647,South Oxfordshire 004B,E02005961,South Oxfordshire 004,4.696390194251753,11.455224039275896,0.0,0,0.0333391287480942,-0.566902634222329,0.6179273267583937,0.414835429533699,0.245094178808153,-1.106856239466524,-0.2269195361240433,-0.1273202393169789
E01028649,South Oxfordshire 015E,E02005972,South Oxfordshire 015,3.376392262743184,11.230222089324812,0.0,0,0.9860045656145132,-0.566902634222329,0.9357512139132989,0.1074609849438039,-0.2578900803310298,-0.0986050375606613,-0.4102971392186644,0.2840988869465133
E01028653,South Oxfordshire 017A,E02005974,South Oxfordshire 017,4.835964396232824,11.093910283651082,1.0,0,0.1978161032518757,-0.566902634222329,0.7156443481831772,0.1286800834464855,0.6767552616062503,-1.1665553237898971,0.0017897133691757,0.2840988869465133
E01028654,South Oxfordshire 017B,E02005974,South Oxfordshire 017,2.625248134341072,11.35495695092421,1.0,0,0.1978161032518757,-0.566902634222329,0.8438746543061967,0.1286800834464855,-0.415914943699414,-0.0986050375606613,-0.3149300028080983,1.1069371394734977
E01028655,South Oxfordshire 017C,E02005974,South Oxfordshire 017,5.032259790192918,12.03883606946899,1.0,0,0.1978161032518757,-0.566902634222329,0.6647435197838323,0.1286800834464855,0.0318271319594013,-0.0986050375606613,0.1275377414480024,0.6955180132100055
E01028656,South Oxfordshire 017D,E02005974,South Oxfordshire 017,3.1200715478095984,11.592115501530744,1.0,0,0.1978161032518757,-0.566902634222329,1.0846993301257548,0.1286800834464855,-0.3618630141167859,1.3507560651790154,-0.9095043656994968,1.1069371394734977
E01028657,South Oxfordshire 006E,E02005963,South Oxfordshire 006,4.176078147248771,12.1922908030328,1.0,0,-0.2892887827785514,1.0955773351361633,1.0761954389876789,0.2931297954227695,-0.2264575904904628,-0.3215836687513805,-1.5102741039340464,0.2840988869465133
E01028658,South Oxfordshire 006F,E02005963,South Oxfordshire 006,4.389573088429283,10.28156657778913,0.0,0,-0.2892887827785514,1.0955773351361633,0.9255764399695016,0.2931297954227695,2.847576415937515,-1.7247174942929815,-1.1384793164553917,0.2840988869465133
E01028659,South Oxfordshire 020A,E02005977,South Oxfordshire 020,3.435727624558978,10.908606343566468,0.0,0,0.7307117682787683,-0.566902634222329,0.0663536736582373,-0.5144902328875527,-0.1437510776654357,0.1649151629374614,-0.3311283465836163,0.6955180132100055
E01028663,South Oxfordshire 020B,E02005977,South Oxfordshire 020,3.213702466094204,11.284404983843194,0.0,0,0.7307117682787683,-0.566902634222329,0.0072541393491679,-0.5144902328875527,-0.3204693101045223,0.6260755138091773,-0.1848911128792912,0.2840988869465133
E01028664,South Oxfordshire 020C,E02005977,South Oxfordshire 020,3.229974011534234,11.14720359830882,0.0,0,0.7307117682787683,-0.566902634222329,0.1072868152406484,-0.5144902328875527,-0.2739378173671126,0.7296013068620104,-0.4323972279077126,1.1069371394734977
E01028665,South Oxfordshire 020D,E02005977,South Oxfordshire 020,2.469793011977952,10.580161149289548,0.0,0,0.7307117682787683,-0.566902634222329,0.2728709038795512,-0.5144902328875527,-0.3068762155322428,-0.6256454385569075,-0.8419168466283357,1.1069371394734977
E01028670,South Oxfordshire 003A,E02005960,South Oxfordshire 003,3.4097936608875123,11.893387245554468,1.0,0,-1.0011742832123496,-0.566902634222329,0.6716415487512878,1.3157663033252132,-0.3703881231342239,0.2637352381242579,-0.6686887329541585,1.1069371394734977
E01028671,South Oxfordshire 003B,E02005960,South Oxfordshire 003,3.941426455797388,11.117267113052447,1.0,0,-1.0011742832123496,-0.566902634222329,0.4621492103141387,1.3157663033252132,-0.0288884629034727,1.0608838446310802,-0.1510445743224756,0.2840988869465133
E01028672,South Oxfordshire 003C,E02005960,South Oxfordshire 003,5.031450480476841,11.057202053002776,1.0,0,-1.0011742832123496,-0.566902634222329,-0.4120589074183944,1.3157663033252132,0.4249306106393839,-1.5479661403003384,2.012631569358073,0.6955180132100055
E01028673,South Oxfordshire 003D,E02005960,South Oxfordshire 003,4.757702413971294,11.251383195905264,1.0,0,-1.0011742832123496,-0.566902634222329,-0.084283434448894,1.3157663033252132,0.1947547507006863,-1.5479661403003384,1.2006279784739542,0.2840988869465133
E01028674,South Oxfordshire 012C,E02005969,South Oxfordshire 012,4.748863520737904,11.810445893456436,0.0,0,-0.4170494357431049,0.6832823027352604,1.347062585019236,0.961003703453524,0.1362039380657519,-1.462709604845063,-0.860244121724401,1.1069371394734977
E01028675,South Oxfordshire 012D,E02005969,South Oxfordshire 012,2.2248397443691927,11.751586760124953,0.0,0,-0.4170494357431049,0.6832823027352604,1.3285520830660449,0.961003703453524,-0.4679926113842102,-0.9905195623235398,-0.8145723706568676,-0.1273202393169789
E01028676,South Oxfordshire 012E,E02005969,South Oxfordshire 012,3.884918987736087,10.771931674953064,0.0,0,-0.4170494357431049,0.6832823027352604,0.4701903707075798,0.961003703453524,-0.0541211264467273,-1.2580939197524024,1.3052078750282277,-0.1273202393169789
E01028677,South Oxfordshire 012F,E02005969,South Oxfordshire 012,4.143245831330262,10.852700356552464,0.0,0,-0.4170494357431049,0.6832823027352604,1.2670598601700238,0.961003703453524,0.3636954523477135,0.6260755138091773,-0.6628387215854661,-0.1273202393169789
E01028678,South Oxfordshire 008A,E02005965,South Oxfordshire 008,3.353861160005861,10.73688930773122,0.0,0,0.6140693694960596,-0.566902634222329,0.6222062332664419,-0.118537740014991,-0.1186136880406622,-0.0986050375606613,-0.237491501072395,-0.5387393655804712
E01028679,South Oxfordshire 008B,E02005965,South Oxfordshire 008,3.835401106776704,10.944488383578978,0.0,0,0.6140693694960596,-0.566902634222329,0.1052051364333333,-0.118537740014991,-0.12313061631147,0.2637352381242579,1.04076352484384,-0.1273202393169789
E01028680,South Oxfordshire 008C,E02005965,South Oxfordshire 008,3.5406984204397127,11.274710824955674,0.0,0,0.6140693694960596,-0.566902634222329,0.2655331127983397,-0.118537740014991,-0.2875984737515196,-0.439631179381762,0.6441591910346558,0.6955180132100055
E01028681,South Oxfordshire 004C,E02005961,South Oxfordshire 004,2.771087596113514,11.105874099420692,0.0,0,0.0333391287480942,-0.566902634222329,1.0083397948606538,0.414835429533699,-0.3304934846896422,0.867635697599123,-1.19107161829734,1.1069371394734977
E01028682,South Oxfordshire 004D,E02005961,South Oxfordshire 004,3.6290232869605705,11.063278785059143,0.0,0,0.0333391287480942,-0.566902634222329,1.0738800182547488,0.414835429533699,-0.0212432928717311,0.4055205633922699,-1.3528443885787542,0.2840988869465133
E01028683,South Oxfordshire 002D,E02005959,South Oxfordshire 002,3.487803120836334,11.28081684727037,0.0,0,0.6354264284281053,-0.566902634222329,0.3461963309900425,0.6226574469274838,-0.2349398509067689,0.2637352381242579,-0.4965786778594381,0.6955180132100055
E01028684,South Oxfordshire 004E,E02005961,South Oxfordshire 004,2.8601988782587955,10.999993078081904,0.0,0,0.0333391287480942,-0.566902634222329,0.8743385048734102,0.414835429533699,-0.3059711867461117,0.1649151629374614,-0.860244121724401,1.1069371394734977
E01028685,South Oxfordshire 018E,E02005975,South Oxfordshire 018,2.6329673949778543,11.363276304750231,0.0,0,0.6723905688874164,-0.566902634222329,1.2736531030143174,0.0855866944230263,-0.3912482484346476,-0.0986050375606613,-1.244318782738312,0.6955180132100055
E01028686,South Oxfordshire 018F,E02005975,South Oxfordshire 018,4.465252731521554,11.91483149343842,0.0,0,0.6723905688874164,-0.566902634222329,1.0168598657335723,0.0855866944230263,-0.100367547629714,0.4055205633922699,-0.6105456531244473,0.6955180132100055
E01028690,Vale of White Horse 008A,E02005985,Vale of White Horse 008,2.376021411067228,12.181989971889216,1.0,0,0.2924191183073718,-0.566902634222329,-1.5022317701121128,-1.1947556086227025,-0.4827268312074162,-0.3884772581085966,-0.4240963046083766,-0.1273202393169789
E01028691,Vale of White Horse 008B,E02005985,Vale of White Horse 008,2.6040221306781626,11.788808863909182,1.0,0,0.2924191183073718,-0.566902634222329,-1.787247607345336,-1.1947556086227025,-0.4615947629847212,1.12190957527275,0.2873087421854121,-0.5387393655804712
E01028692,Vale of White Horse 008C,E02005985,Vale of White Horse 008,2.084055879230581,11.854676600795852,1.0,0,0.2924191183073718,-0.566902634222329,-1.3660665952989204,-1.1947556086227025,-0.4798578600516016,0.4811394035352096,-0.7633939492312364,-2.18441587063444
E01028693,Vale of White Horse 004A,E02005981,Vale of White Horse 004,2.743867693967604,11.70541185106306,1.0,0,1.211419835989337,-0.566902634222329,-1.0764467361336398,-0.8042311759395286,-0.4320199091317975,0.2637352381242579,-0.530450994704401,1.1069371394734977
E01028694,Vale of White Horse 004B,E02005981,Vale of White Horse 004,2.462064407539368,11.745817579550348,1.0,0,1.211419835989337,-0.566902634222329,-0.9412721802975732,-0.8042311759395286,-0.4519874472121815,0.5834472460815393,-0.866370709654293,1.1069371394734977
E01028696,Vale of White Horse 006B,E02005983,Vale of White Horse 006,3.696971624011272,11.177466714598282,1.0,0,-1.6178632723798574,1.1889750862237116,1.6149442746796108,1.3785695640447042,-0.1102473728788634,0.9554757644318302,-0.6980594366205524,1.1069371394734977
E01028697,Vale of White Horse 006C,E02005983,Vale of White Horse 006,3.1102210000386887,11.26335743292922,1.0,0,-1.6178632723798574,1.1889750862237116,1.4303897148319542,1.3785695640447042,-0.334421334268307,0.1649151629374614,-0.2427873006886655,-0.5387393655804712
E01028698,Vale of White Horse 006D,E02005983,Vale of White Horse 006,5.974892994264215,11.0083176499914,1.0,0,-1.6178632723798574,1.1889750862237116,1.69190994250445,1.3785695640447042,4.455554553825343,-0.9905195623235398,-0.887883154234487,1.1069371394734977
E01028700,Vale of White Horse 006E,E02005983,Vale of White Horse 006,3.746511366946653,10.987075636184905,1.0,0,-1.6178632723798574,1.1889750862237116,1.3455237556225932,1.3785695640447042,-0.0738411625455609,0.7296013068620104,-0.0333861647620595,-0.5387393655804712
E01028701,Vale of White Horse 004C,E02005981,Vale of White Horse 004,2.273259263612217,12.291222290571854,1.0,0,1.211419835989337,-0.566902634222329,-1.1696010603739064,-0.8042311759395286,-0.4904732741520647,0.2637352381242579,-0.2987927850034941,0.6955180132100055
E01028702,Vale of White Horse 008D,E02005985,Vale of White Horse 008,3.98935434836447,11.040959440898442,1.0,0,0.2924191183073718,-0.566902634222329,-1.085825031402914,-1.1947556086227025,0.2348172799984167,2.1180648842764915,-1.460672050710959,0.6955180132100055
E01028703,Vale of White Horse 006F,E02005983,Vale of White Horse 006,4.085875467130721,10.75355728202792,1.0,0,-1.6178632723798574,1.1889750862237116,1.3292420993329428,1.3785695640447042,0.2672937411500726,-0.5624005904373575,0.0067913018266065,-0.5387393655804712
E01028704,Vale of White Horse 008E,E02005985,Vale of White Horse 008,3.455874942952851,11.247865570554728,1.0,0,0.2924191183073718,-0.566902634222329,-1.8279619170171235,-1.1947556086227025,-0.2878153794822719,0.2637352381242579,0.3890765173815999,-0.1273202393169789
E01028705,Vale of White Horse 004D,E02005981,Vale of White Horse 004,2.027885054765434,12.483405094922263,1.0,0,1.211419835989337,-0.566902634222329,-0.6054904078929354,-0.8042311759395286,-0.4940477219613774,0.4811394035352096,-1.6997178546807148,1.1069371394734977
E01028706,Vale of White Horse 004E,E02005981,Vale of White Horse 004,2.2975725511705014,11.564522330922328,1.0,0,1.211419835989337,-0.566902634222329,-0.9189133023606104,-0.8042311759395286,-0.4511311548459736,2.1180648842764915,-0.9219086025145408,1.1069371394734977
E01028707,Vale of White Horse 004F,E02005981,Vale of White Horse 004,2.3570732782781154,10.551663517451033,1.0,0,1.211419835989337,-0.566902634222329,-0.9400376840748272,-0.8042311759395286,-0.3247821575978415,-0.3884772581085966,-0.8694372982716297,1.1069371394734977
E01028712,Vale of White Horse 015A,E02005992,Vale of White Horse 015,3.877886943498464,11.45788832904032,0.0,0,-1.3460919173646173,0.9577132111629288,1.317974879123886,1.503735902685417,-0.2719008889315376,0.4811394035352096,1.056435031685971,-0.1273202393169789
E01028713,Vale of White Horse 016E,E02006886,Vale of White Horse 016,3.574281964214713,11.503433414804707,0.0,0,-0.2548509719976187,0.3110362997475614,0.9335341968335072,0.700423074152778,-0.3731553454949924,0.1084465485450064,1.8043782519380984,-0.1273202393169789
E01028715,Vale of White Horse 016F,E02006886,Vale of White Horse 016,3.960984583476808,11.137208461573117,0.0,0,-0.2548509719976187,0.3110362997475614,1.0138045816368435,0.700423074152778,-0.1935752781096496,0.4811394035352096,1.6061455107833744,0.6955180132100055
E01028716,Vale of White Horse 009A,E02005986,Vale of White Horse 009,3.733398605718426,10.973644025687223,0.0,0,-0.2548509719976187,-0.566902634222329,-0.5120306706257343,1.155152977482781,-0.2547873816659183,1.3507560651790154,2.206732215265092,-0.1273202393169789
E01028717,Vale of White Horse 009B,E02005986,Vale of White Horse 009,3.555290916999556,10.987459129140056,0.0,0,-0.2548509719976187,-0.566902634222329,0.4839619621633423,1.155152977482781,-0.1333289631547586,0.4055205633922699,-0.2587141632092744,-0.5387393655804712
E01028718,Vale of White Horse 009C,E02005986,Vale of White Horse 009,3.4584594938289506,10.887634394086254,0.0,0,-0.2548509719976187,-0.566902634222329,0.6251779233074217,1.155152977482781,-0.1006491672777958,0.4055205633922699,-0.6076591476867292,-0.9501584918439634
E01028719,Vale of White Horse 009D,E02005986,Vale of White Horse 009,3.032257048236364,11.633583095176643,0.0,0,-0.2548509719976187,-0.566902634222329,0.151340068248628,1.155152977482781,-0.421005408077589,0.7296013068620104,0.5637373886997172,0.6955180132100055
E01028720,Vale of White Horse 016G,E02006886,Vale of White Horse 016,5.314845029153641,11.11907267219023,0.0,0,-0.2548509719976187,0.3110362997475614,0.738296790992738,0.700423074152778,0.5873815096725772,-0.0986050375606613,2.286666461147145,-0.1273202393169789
E01028721,Vale of White Horse 011A,E02005988,Vale of White Horse 011,2.589641970051908,11.5396582713719,1.0,0,0.3464779840533693,-0.566902634222329,0.0060339994385284,-0.3908214647660723,-0.4107164065561297,-1.5479661403003384,-1.4818596628907177,1.1069371394734977
E01028722,Vale of White Horse 011B,E02005988,Vale of White Horse 011,4.227257013341842,11.764677205023808,1.0,0,0.3464779840533693,-0.566902634222329,-0.64067898817067,-0.3908214647660723,-0.196489379077531,0.7296013068620104,0.1202422759703956,0.2840988869465133
E01028723,Vale of White Horse 011C,E02005988,Vale of White Horse 011,4.227257013341842,10.766161702327656,1.0,0,0.3464779840533693,-0.566902634222329,-1.2366092825704789,-0.3908214647660723,0.0986520748684006,-1.92937695681078,1.6009839439001106,-0.1273202393169789
E01028724,Vale of White Horse 011D,E02005988,Vale of White Horse 011,2.2515023027647296,12.149154790988812,1.0,0,0.3464779840533693,-0.566902634222329,0.0160789791522993,-0.3908214647660723,-0.477189085075436,-0.0986050375606613,-1.5067119565863651,0.6955180132100055
E01028725,Vale of White Horse 011E,E02005988,Vale of White Horse 011,3.505947711194287,11.587206993490744,1.0,0,0.3464779840533693,-0.566902634222329,-2.1054406139064223,-0.3908214647660723,-0.4393717513807629,0.6260755138091773,2.5447299111798842,-0.5387393655804712
E01028726,Vale of White Horse 007A,E02005984,Vale of White Horse 007,4.292115603201173,10.923754303633537,0.0,0,0.6799976818515028,-0.566902634222329,-0.157993831596697,0.0556075681321112,-0.0833617693227397,0.3473522248207774,2.5447299111798842,0.6955180132100055
E01028728,Vale of White Horse 015C,E02005992,Vale of White Horse 015,2.74238721350666,11.193009415184726,1.0,0,-1.3460919173646173,0.9577132111629288,2.062446702516287,1.503735902685417,-0.352034181258234,0.2637352381242579,-1.171273630881868,-0.1273202393169789
E01028729,Vale of White Horse 015D,E02005992,Vale of White Horse 015,5.871545794931808,10.859575188999456,0.0,0,-1.3460919173646173,0.9577132111629288,1.5463338163097624,1.503735902685417,3.29255649914904,-1.9742488175767128,0.4929424740940316,0.6955180132100055
E01028730,Vale of White Horse 015E,E02005992,Vale of White Horse 015,4.792893792071041,10.796258544959716,0.0,0,-1.3460919173646173,0.9577132111629288,1.8095180934019768,1.503735902685417,1.08044837227491,-1.4000721502248603,-0.1562343293813048,0.2840988869465133
E01028731,Vale of White Horse 010B,E02005987,Vale of White Horse 010,3.6191273659234775,11.19287170448714,0.0,0,-0.5383575304771243,0.6832823027352604,0.5109066534777086,0.8995717595345102,-0.2737957010412164,-0.3884772581085966,1.089547508646663,-0.1273202393169789
E01028732,Vale of White Horse 010C,E02005987,Vale of White Horse 010,5.446125115310116,12.349562413529965,1.0,0,-0.5383575304771243,0.6832823027352604,0.5643203667132455,0.8995717595345102,-0.0148599622526473,-0.3884772581085966,0.9575324355190962,0.2840988869465133
E01028733,Vale of White Horse 002A,E02005979,Vale of White Horse 002,3.5598237449445747,11.036575924774557,1.0,0,-0.4473764594266097,-0.566902634222329,0.7509688380467139,0.011009130919991,-0.0992887629671953,-0.6256454385569075,-0.8115448606942237,0.2840988869465133
E01028734,Vale of White Horse 002B,E02005979,Vale of White Horse 002,2.741291534882012,11.074056956950256,1.0,0,-0.4473764594266097,-0.566902634222329,0.5586916095250977,0.011009130919991,-0.3643771918254108,0.867635697599123,-0.336541458247697,1.1069371394734977
E01028735,Vale of White Horse 002C,E02005979,Vale of White Horse 002,2.7125069218191515,11.448717555841151,1.0,0,-0.4473764594266097,-0.566902634222329,0.4710843114595958,0.011009130919991,-0.4204410381015774,1.3507560651790154,-0.120037615683153,0.6955180132100055
E01028737,Vale of White Horse 007C,E02005984,Vale of White Horse 007,4.1249707557638615,11.23958670036721,0.0,0,0.6799976818515028,-0.566902634222329,0.3405609996636135,0.0556075681321112,-0.1609417044763658,1.894266478706394,1.471652278287546,0.2840988869465133
E01028738,Vale of White Horse 003A,E02005980,Vale of White Horse 003,4.376423466203447,12.015975356990731,1.0,0,-0.058127547200182,-0.566902634222329,0.050872724582598,0.352303761699679,-0.2982183685646185,0.2065236156476915,1.3217793570326024,1.1069371394734977
E01028739,Vale of White Horse 003B,E02005980,Vale of White Horse 003,4.291664194593491,11.408797522714949,0.0,0,-0.058127547200182,-0.566902634222329,-0.1625301976930187,0.352303761699679,-0.1911470659541111,-0.8232855889304995,1.8500976694800608,0.2840988869465133
E01028740,Vale of White Horse 002D,E02005979,Vale of White Horse 002,2.7570943012811324,11.431861819650498,1.0,0,-0.4473764594266097,-0.566902634222329,0.4617347503726842,0.011009130919991,-0.4145319931924354,-1.095040795694189,-0.0969290522199408,1.1069371394734977
E01028741,Vale of White Horse 002E,E02005979,Vale of White Horse 002,3.4059858983939524,11.403945586802092,1.0,0,-0.4473764594266097,-0.566902634222329,0.0232900958526431,0.011009130919991,-0.3552447594643177,1.016288118392936,0.9874441287725086,1.1069371394734977
E01028742,Vale of White Horse 002F,E02005979,Vale of White Horse 002,5.272840571567009,11.239373418636507,1.0,0,-0.4473764594266097,-0.566902634222329,-0.0093181424208655,0.011009130919991,0.7314072995032384,-0.2691181084712114,1.0681510873531426,0.6955180132100055
E01028743,Vale of White Horse 003C,E02005980,Vale of White Horse 003,4.376423466203447,11.559220455288823,0.0,0,-0.058127547200182,-0.566902634222329,0.512291961655943,0.352303761699679,-0.0653725646497899,0.4811394035352096,0.180660879796835,0.6955180132100055
E01028744,Vale of White Horse 003D,E02005980,Vale of White Horse 003,3.0504571732432377,11.033664347877092,0.0,0,-0.058127547200182,-0.566902634222329,0.5635381305033766,0.352303761699679,-0.3156559639159041,-0.9905195623235398,0.0540168879850282,0.2840988869465133
E01028745,Vale of White Horse 016A,E02006886,Vale of White Horse 016,4.788366360192707,12.604054826240096,0.0,0,-0.2548509719976187,0.3110362997475614,1.1327007464170409,0.700423074152778,-0.3324355953363728,0.8072456516516366,1.3125809072747132,0.6955180132100055
E01028746,Vale of White Horse 016B,E02006886,Vale of White Horse 016,3.3887536114378136,11.386116917798796,0.0,0,-0.2548509719976187,0.3110362997475614,1.5509917849703356,0.700423074152778,-0.3260609483136808,-0.3215836687513805,0.2802810369987991,0.2840988869465133
E01028747,Vale of White Horse 016C,E02006886,Vale of White Horse 016,4.592652161429119,10.594166894567609,0.0,0,-0.2548509719976187,0.3110362997475614,1.7363975684678978,0.700423074152778,1.0882524973968324,-1.4000721502248603,-0.1770565623332128,0.2840988869465133
E01028748,Vale of White Horse 016D,E02006886,Vale of White Horse 016,3.305677179804743,12.255514977944038,0.0,0,-0.2548509719976187,0.3110362997475614,1.851203950803264,0.700423074152778,-0.4299116491058712,0.4811394035352096,-0.4601839250456116,-0.1273202393169789
E01028749,Vale of White Horse 009E,E02005986,Vale of White Horse 009,3.948219920739964,10.999033379707368,0.0,0,-0.2548509719976187,-0.566902634222329,-0.6491772287683906,1.155152977482781,-0.2229027804709327,-1.462709604845063,2.5447299111798842,-0.1273202393169789
E01028750,Vale of White Horse 003E,E02005980,Vale of White Horse 003,2.966457930849996,11.861583047896062,1.0,0,-0.058127547200182,-0.566902634222329,0.9814527943485924,0.352303761699679,-0.4146788244789812,-0.9905195623235398,-0.9781772780729584,-0.1273202393169789
E01028751,Vale of White Horse 003F,E02005980,Vale of White Horse 003,3.2565568918358894,11.248972939884329,1.0,0,-0.058127547200182,-0.566902634222329,0.3868603796716219,0.352303761699679,-0.3352554378319605,-0.3215836687513805,0.4907111368956786,0.6955180132100055
E01028752,Vale of White Horse 003G,E02005980,Vale of White Horse 003,3.873801792607949,11.230575816507567,1.0,0,-0.058127547200182,-0.566902634222329,0.6581151401242927,0.352303761699679,-0.1075789957433014,-0.5624005904373575,-0.1796664846868022,1.1069371394734977
E01028753,Vale of White Horse 010D,E02005987,Vale of White Horse 010,6.524462048103176,11.949151065475274,0.0,0,-0.5383575304771243,0.6832823027352604,0.8924427572545183,0.8995717595345102,2.155732549992833,-2.1885837477112746,0.1469316869045196,-0.5387393655804712
E01028754,Vale of White Horse 010E,E02005987,Vale of White Horse 010,3.5387539955362985,11.333332183047432,0.0,0,-0.5383575304771243,0.6832823027352604,0.8242668170615982,0.8995717595345102,-0.2838174536157827,-0.8232855889304995,0.315304636895246,0.6955180132100055
E01028757,Vale of White Horse 015F,E02005992,Vale of White Horse 015,3.436178350557401,11.515199543958117,1.0,0,-1.3460919173646173,0.9577132111629288,1.1613005367425528,1.503735902685417,-0.3828631746015297,0.6260755138091773,1.4431668597648402,-0.5387393655804712
E01028762,West Oxfordshire 012A,E02006004,West Oxfordshire 012,3.760222894182072,10.93212434424182,0.0,0,-0.0357954237219017,0.828392987372216,0.6675770303818996,0.7836059517659978,-0.0728613611454656,0.4811394035352096,0.2520541513882159,-0.5387393655804712
E01028763,West Oxfordshire 003A,E02005995,West Oxfordshire 003,3.924998458950536,11.035973753609069,0.0,0,0.5987526910211939,-0.566902634222329,0.2832981564119596,0.5235881601549311,-0.129892346430981,0.2637352381242579,1.114696936195685,0.6955180132100055
E01028764,West Oxfordshire 015A,E02006007,West Oxfordshire 015,3.254783363206619,11.104029478122603,0.0,0,0.5435414074413975,1.2502266346113629,0.3978144224484251,-0.0411317844023415,-0.293297241075122,-0.0986050375606613,0.2165065016123331,0.2840988869465133
E01028765,West Oxfordshire 015B,E02006007,West Oxfordshire 015,3.534124425037787,11.210782296034113,0.0,0,0.5435414074413975,1.2502266346113629,-0.4098348283185585,-0.0411317844023415,-0.3489474894245551,-0.0986050375606613,2.215687941352156,-0.5387393655804712
E01028767,West Oxfordshire 012C,E02006004,West Oxfordshire 012,4.425074150882573,10.79017619887909,0.0,0,-0.0357954237219017,0.828392987372216,0.3572251079121684,0.7836059517659978,0.324727872221409,0.5834472460815393,1.0191209969007486,-0.5387393655804712
E01028772,West Oxfordshire 013D,E02006005,West Oxfordshire 013,3.159338112152005,12.377594649141624,1.0,0,0.5172809960380645,-0.566902634222329,-1.532124907819222,0.528794467806848,-0.4785504383582531,-1.1665553237898971,1.8338253604863783,0.2840988869465133
E01028776,West Oxfordshire 003B,E02005995,West Oxfordshire 003,3.776478158593005,10.82360272660525,0.0,0,0.5987526910211939,-0.566902634222329,0.559335780496438,0.5235881601549311,-0.0343887252273744,-0.439631179381762,0.4322839018242383,-0.9501584918439634
E01028777,West Oxfordshire 005A,E02005997,West Oxfordshire 005,3.2887003504350094,11.074746031189092,0.0,0,0.7151594484410746,-0.566902634222329,0.7051418650611392,0.1267596918107018,-0.1747409621541456,0.2637352381242579,-1.322042159533744,0.6955180132100055
E01028778,West Oxfordshire 005B,E02005997,West Oxfordshire 005,2.549679518464042,11.678702580809489,0.0,0,0.7151594484410746,-0.566902634222329,0.4101802154149451,0.1267596918107018,-0.4452036957744619,1.3507560651790154,-0.593255773869506,-0.1273202393169789
E01028779,West Oxfordshire 005C,E02005997,West Oxfordshire 005,2.573756613318837,11.3683240454791,0.0,0,0.7151594484410746,-0.566902634222329,0.8475572529038945,0.1267596918107018,-0.3872093292610907,-0.5127082097719975,-1.673721679526068,0.2840988869465133
E01028784,West Oxfordshire 007A,E02005999,West Oxfordshire 007,4.553834785450931,11.18865707296787,1.0,0,0.0859021030979418,-0.566902634222329,-0.5297955202661144,0.4444517688214975,-0.057919873726214,-0.9905195623235398,2.4619397786956845,0.2840988869465133
E01028785,West Oxfordshire 011A,E02006003,West Oxfordshire 011,3.248667609675937,11.240766387556032,0.0,0,-0.3968314199541006,-0.566902634222329,0.1635647946276607,1.2030666464293556,-0.294794428645515,1.016288118392936,-0.3664366763319334,0.6955180132100055
E01028786,West Oxfordshire 011B,E02006003,West Oxfordshire 011,3.1257512548777258,11.112554666496376,0.0,0,-0.3968314199541006,-0.566902634222329,0.2093767023596161,1.2030666464293556,-0.2888123024793798,1.016288118392936,-0.4797426023977437,0.6955180132100055
E01028787,West Oxfordshire 011C,E02006003,West Oxfordshire 011,5.680479729086366,11.751916004257945,0.0,0,-0.3968314199541006,-0.566902634222329,0.0598067795299245,1.2030666464293556,0.9663914320164542,-1.8630446408959205,-0.1097517234273894,-0.9501584918439634
E01028788,West Oxfordshire 006A,E02005998,West Oxfordshire 006,4.021307810978127,10.648630376932342,0.0,0,-0.3380581182418818,-0.566902634222329,0.16288742042785,0.74354652022516,0.1690178922370807,-0.9905195623235398,0.7462860182301878,0.6955180132100055
E01028789,West Oxfordshire 006B,E02005998,West Oxfordshire 006,3.304906721343869,12.338096407685576,0.0,0,-0.3380581182418818,-0.566902634222329,0.1151146958597242,0.74354652022516,-0.4583767278506586,0.0274263626775709,0.8644765160073077,1.1069371394734977
E01028790,West Oxfordshire 006C,E02005998,West Oxfordshire 006,4.23636482224253,10.69132228509033,0.0,0,-0.3380581182418818,-0.566902634222329,0.4802451670493753,0.74354652022516,0.4659832273693682,-1.3141982205036158,-0.0384349937353262,0.2840988869465133
E01028791,West Oxfordshire 006D,E02005998,West Oxfordshire 006,3.1364937162622333,10.916151535317873,0.0,0,-0.3380581182418818,-0.566902634222329,0.5163913657891654,0.74354652022516,-0.2582973501149043,0.2637352381242579,-0.1277683034955629,1.1069371394734977
E01028792,West Oxfordshire 007B,E02005999,West Oxfordshire 007,3.922012939457494,11.002156910282835,0.0,0,0.0859021030979418,-0.566902634222329,1.1681224723398276,0.4444517688214975,0.2614961897905773,-0.6256454385569075,-1.7371315460294847,0.6955180132100055
E01028793,West Oxfordshire 007C,E02005999,West Oxfordshire 007,3.3122933055561488,11.232771177986743,0.0,0,0.0859021030979418,-0.566902634222329,0.5543789734407457,0.4444517688214975,-0.2856550646015977,0.1084465485450064,-0.2216433384854162,0.2840988869465133
E01028794,West Oxfordshire 007D,E02005999,West Oxfordshire 007,3.1808000560159706,10.844642156047724,0.0,0,0.0859021030979418,-0.566902634222329,0.5395063132667026,0.4444517688214975,-0.2219808419374123,-0.0986050375606613,-0.1848911128792912,-0.1273202393169789
E01028795,West Oxfordshire 002A,E02005994,West Oxfordshire 002,4.518620520575084,10.977174015938033,0.0,0,0.5568485700932203,-0.566902634222329,0.8982524202572751,0.9993598360081318,0.5015143596135069,-1.3141982205036158,-0.1901221320558658,-0.5387393655804712
E01028796,West Oxfordshire 002B,E02005994,West Oxfordshire 002,3.5340368683082666,11.2106921083083,0.0,0,0.5568485700932203,-0.566902634222329,1.163515211570065,0.9993598360081318,-0.1726311598151345,0.867635697599123,-0.8449659431166024,-0.5387393655804712
E01028797,West Oxfordshire 002C,E02005994,West Oxfordshire 002,4.88252158026383,11.281907430527214,0.0,0,0.5568485700932203,-0.566902634222329,1.4476684606140169,0.9993598360081318,0.9723057299998388,-2.1885837477112746,-1.5460597323762697,-0.5387393655804712
E01028798,West Oxfordshire 003C,E02005995,West Oxfordshire 003,3.5034831752029056,11.430516984872153,0.0,0,0.5987526910211939,-0.566902634222329,0.1774316116551205,0.5235881601549311,-0.3579668296061766,0.1084465485450064,1.3765583850285337,0.2840988869465133
E01028799,West Oxfordshire 005D,E02005997,West Oxfordshire 005,3.852357923106411,11.20867217857783,0.0,0,0.7151594484410746,-0.566902634222329,-0.3539569003834691,0.1267596918107018,-0.2273672626996862,-0.5624005904373575,1.297822108695544,0.2840988869465133
E01028800,West Oxfordshire 011D,E02006003,West Oxfordshire 011,4.026476058396859,11.51408025249184,0.0,0,-0.3968314199541006,-0.566902634222329,0.0187796020626772,1.2030666464293556,-0.1709448575526951,-1.4162060400512766,-0.0082310472644877,-0.1273202393169789
E01028801,West Oxfordshire 015C,E02006007,West Oxfordshire 015,4.632639427977637,12.2237701173642,0.0,0,0.5435414074413975,1.2502266346113629,0.641439152498803,-0.0411317844023415,-0.1733679441882619,-0.3884772581085966,-0.3855702994984448,0.2840988869465133
E01028802,West Oxfordshire 015D,E02006007,West Oxfordshire 015,3.3609307884336004,10.877742563929434,0.0,0,0.5435414074413975,1.2502266346113629,0.561277014433899,-0.0411317844023415,-0.1725256468353934,-0.0986050375606613,-0.1875058226175008,0.2840988869465133
E01028804,West Oxfordshire 004B,E02005996,West Oxfordshire 004,2.930820349376848,11.526725518978145,0.0,0,0.6862765687424993,-0.566902634222329,1.002538956294432,0.0052713094750924,-0.3862543797985451,-0.5127082097719975,-0.7514404609627977,0.6955180132100055
E01028806,West Oxfordshire 002D,E02005994,West Oxfordshire 002,3.3228393652102275,11.110184143983656,0.0,0,0.5568485700932203,-0.566902634222329,0.6190170198892846,0.9993598360081318,-0.2936788044332189,0.2637352381242579,0.4996295085193751,0.2840988869465133
E01028809,West Oxfordshire 009A,E02006001,West Oxfordshire 009,2.496752872071682,11.249601326177636,1.0,0,-1.2392487444959013,-0.566902634222329,-0.0644687320604517,1.5673795704049462,-0.4060210324529747,-0.2985169138006165,-0.8571841161243386,-2.18441587063444
E01028820,West Oxfordshire 009B,E02006001,West Oxfordshire 009,5.395598330353919,11.04605976441542,1.0,0,-1.2392487444959013,-0.566902634222329,-1.9214909943250784,1.5673795704049462,0.3956363927479376,-1.7550177264060065,2.5447299111798842,0.6955180132100055
E01028821,West Oxfordshire 009C,E02006001,West Oxfordshire 009,2.590692075158907,11.723113454244212,1.0,0,-1.2392487444959013,-0.566902634222329,-0.052064671199174,1.5673795704049462,-0.4400472343427101,1.3507560651790154,-0.887883154234487,0.6955180132100055
E01028822,West Oxfordshire 009D,E02006001,West Oxfordshire 009,3.785121018227024,12.056208598284751,1.0,0,-1.2392487444959013,-0.566902634222329,-0.1641033755927838,1.5673795704049462,-0.3361076817391647,2.2203727268228213,-0.6105456531244473,1.1069371394734977
E01028823,West Oxfordshire 004D,E02005996,West Oxfordshire 004,3.663048694079415,10.49605246594424,0.0,0,0.6862765687424993,-0.566902634222329,1.1174950263726409,0.0052713094750924,0.3237481701079545,0.7296013068620104,-1.035196224723018,0.6955180132100055
E01028824,West Oxfordshire 004E,E02005996,West Oxfordshire 004,3.711374531941307,11.02518140064756,0.0,0,0.6862765687424993,-0.566902634222329,0.5105348579542063,0.0052713094750924,-0.150766899636864,-0.3215836687513805,0.4638438800771517,0.6955180132100055
E01028825,West Oxfordshire 004F,E02005996,West Oxfordshire 004,4.536559384360298,11.53891696264132,0.0,0,0.6862765687424993,-0.566902634222329,0.6944923163436582,0.0052713094750924,0.0472363209016135,0.867635697599123,0.0092899040850208,1.1069371394734977
E01032554,Oxford 002F,E02005941,Oxford 002,5.0533307326238734,12.242364393963896,1.0,0,-0.1160256451068342,-0.566902634222329,0.0908011572396329,0.7712171668763145,-0.1784385718003742,-0.0986050375606613,1.410892309258013,1.1069371394734977
E01032555,Oxford 002G,E02005941,Oxford 002,2.8947510436998773,11.488584469126872,1.0,0,-0.1160256451068342,-0.566902634222329,0.4664869651371439,0.7712171668763145,-0.4191381596253126,0.7296013068620104,0.4817741270732184,-0.9501584918439634
E01032700,Swindon 026B,E02006847,Swindon 026,2.2302294308019053,12.019990024793984,1.0,1,1.4564866940378602,-0.566902634222329,-0.7267936508064061,-1.6256600569457047,-0.4877087311195872,-0.3884772581085966,0.2378705309440574,1.1069371394734977
E01032701,Swindon 027A,E02006848,Swindon 027,2.408115594203509,11.52417198510996,1.0,1,1.4083485612069004,-0.566902634222329,-0.2479253564132053,-1.4202928561037906,-0.4331821720272311,1.3507560651790154,-1.2510215390378574,0.2840988869465133
E01032702,Swindon 027B,E02006848,Swindon 027,2.6116861328191265,11.374229626518073,1.0,1,1.4083485612069004,-0.566902634222329,-0.4338573231982097,-1.4202928561037906,-0.4077485552238123,-0.2985169138006165,-0.7904120937159752,0.6955180132100055
E01032703,Swindon 026C,E02006847,Swindon 026,2.1652751420294387,10.56064479536292,1.0,1,1.4564866940378602,-0.566902634222329,-0.5731616216216384,-1.6256600569457047,-0.3874009038558835,2.437776892233773,-0.1432717318729795,0.6955180132100055
E01032704,Swindon 027C,E02006848,Swindon 027,2.696180028531723,11.277071115502164,1.0,1,1.4083485612069004,-0.566902634222329,-1.01017113346106,-1.4202928561037906,-0.4227075914330327,0.7296013068620104,0.6398505179813653,0.2840988869465133
E01032705,Swindon 026D,E02006847,Swindon 026,2.180982271234797,11.70228183472607,1.0,1,1.4564866940378602,-0.566902634222329,-0.561641080449187,-1.6256600569457047,-0.4748980271116706,-0.3215836687513805,-0.1718414913897913,0.2840988869465133
E01032706,Swindon 021E,E02003232,Swindon 021,2.2726412166209737,11.661928633349085,1.0,1,0.5461730478165714,-0.566902634222329,-0.0597909445860784,-0.6335561899847745,-0.4684715975312567,-0.0986050375606613,-0.1614303903408985,0.2840988869465133
E01032707,Swindon 021F,E02003232,Swindon 021,3.735953861499865,10.976261751376672,1.0,1,0.5461730478165714,-0.566902634222329,-0.4846282789676217,-0.6335561899847745,-0.1601152849004402,0.7296013068620104,0.8909808436958111,1.1069371394734977
E01032708,Swindon 012F,E02003223,Swindon 012,4.3186740766706055,11.03071699203273,1.0,1,-1.7072583692413463,1.3623951079961607,0.833349403701166,0.9412784144549982,0.18078094251833,-0.8232855889304995,0.331551334051914,0.2840988869465133
E01032709,Swindon 026E,E02006847,Swindon 026,2.24855120450156,11.452714160504186,1.0,1,1.4564866940378602,-0.566902634222329,-0.3916390597876839,-1.6256600569457047,-0.4524279507335375,-1.5479661403003384,-0.593255773869506,-0.1273202393169789
E01032710,Swindon 028E,E02006849,Swindon 028,4.514041252576989,10.940796082576597,1.0,1,-0.2225381803937283,-0.566902634222329,-0.1411111849217633,-0.4921560351939623,0.7076884788354361,2.437776892233773,-0.8419168466283357,1.1069371394734977
E01032711,Swindon 027D,E02006848,Swindon 027,2.408115594203509,11.747313558789244,1.0,1,1.4083485612069004,-0.566902634222329,-0.7753146639999609,-1.4202928561037906,-0.467803504102488,0.8072456516516366,0.0564880568741464,0.2840988869465133
E01032712,Swindon 027E,E02006848,Swindon 027,3.0396056079979608,11.38999043053045,1.0,1,1.4083485612069004,-0.566902634222329,-1.36571488157921,-1.4202928561037906,-0.4184126386220773,-0.0986050375606613,1.5245563465488,0.2840988869465133
E01032713,Swindon 026F,E02006847,Swindon 026,3.153504957426533,10.762081149634872,1.0,1,1.4564866940378602,-0.566902634222329,-1.019761892901823,-1.6256600569457047,-0.2791639829176152,1.57960255508528,0.9655293665893696,0.2840988869465133
E01032714,Swindon 019E,E02003230,Swindon 019,4.824538620507287,10.71265257535124,1.0,1,-0.9478863615716704,-0.566902634222329,0.0962338220828653,0.5914629858391934,0.7162319120690394,0.9554757644318302,1.4431668597648402,-1.7729967443709478
E01032715,Swindon 019F,E02003230,Swindon 019,4.061029045690827,10.481427284017158,1.0,1,-0.9478863615716704,-0.566902634222329,0.8719135464585107,0.5914629858391934,0.6066629713848166,0.2637352381242579,-0.4741452748399564,-1.3615776181074557
E01032716,Swindon 012G,E02003223,Swindon 012,4.934488321516387,10.8604830192257,1.0,1,-1.7072583692413463,1.3623951079961607,0.9497419965253012,0.9412784144549982,1.1317360161739949,-0.0439121657591646,0.0441179075379349,-0.9501584918439634
E01032724,Bracknell Forest 006F,E02003357,Bracknell Forest 006,4.33284952064901,11.780780646788,1.0,0,-0.585432313508235,-0.566902634222329,-0.4845697234548829,1.1046310786632405,-0.2081894958188215,-1.106856239466524,0.6677796046297209,-0.9501584918439634
E01032726,Bracknell Forest 009H,E02003360,Bracknell Forest 009,4.501619143357185,10.28156657778913,1.0,0,-0.3336501206134658,1.3865113297739045,-0.0624710574343442,0.95263446279925,1.3467221959635294,-2.1885837477112746,0.259128359194393,-0.5387393655804712
E01032728,Bracknell Forest 006G,E02003357,Bracknell Forest 006,5.1151934879800285,11.401751386559551,1.0,0,-0.585432313508235,-0.566902634222329,-0.5272193543690942,1.1046310786632405,0.4532379962737565,-1.3521065318220031,0.773530731490623,-0.5387393655804712
E01032729,Slough 009F,E02003415,Slough 009,4.005440486116094,10.972790246646618,1.0,0,-0.1381363360396893,0.663594390348052,0.6240624542181343,0.6095476059176737,-0.0448094162174731,-1.8221695921700067,0.8869139316977805,-1.7729967443709478
E01032730,Slough 009G,E02003415,Slough 009,5.081037838194396,10.952958365332076,1.0,0,-0.1381363360396893,0.663594390348052,0.4796247868451166,0.6095476059176737,0.7986080654965453,-0.5127082097719975,1.243890377713045,-1.7729967443709478
E01032731,Slough 013E,E02003419,Slough 013,2.7170099424736818,10.6062561555508,1.0,0,0.2349815734522491,1.603557325773472,0.0843400051810644,-0.5462973466532483,-0.2731461774806639,0.7296013068620104,-0.4462680076446118,-0.9501584918439634
E01032732,Slough 013F,E02003419,Slough 013,2.3513752571634776,11.125174670694983,1.0,0,0.2349815734522491,1.603557325773472,-0.187271040588027,-0.5462973466532483,-0.4339499115207313,-0.5127082097719975,0.2260148049039268,-1.3615776181074557
E01032733,Windsor and Maidenhead 005G,E02003425,Windsor and Maidenhead 005,5.674710620502856,11.43163673000426,1.0,0,-0.6865164287886338,0.0507776440383612,2.042370096677001,1.0378839924708998,1.4577883064337582,-0.5127082097719975,0.011787047305536,-0.9501584918439634
E01032734,Windsor and Maidenhead 005H,E02003425,Windsor and Maidenhead 005,6.649389908270528,11.723276175725683,1.0,0,-0.6865164287886338,0.0507776440383612,1.792935515118475,1.0378839924708998,2.876345809142627,-0.5624005904373575,0.6268983900276786,-0.9501584918439634
E01032941,Cherwell 004G,E02005924,Cherwell 004,5.621204890228884,11.24441255850868,1.0,0,-1.900386391604656,0.7518579157166093,1.8088505681284688,1.7599820234228416,1.9726874461369,-1.5479661403003384,-0.4075426414463824,-1.7729967443709478
E01032942,Cherwell 004H,E02005924,Cherwell 004,4.388952594744615,10.753609572488369,1.0,0,-1.900386391604656,0.7518579157166093,1.676688757017055,1.7599820234228416,0.5721008073741222,-0.6954007857475869,-0.0815924273764491,-1.3615776181074557
E01032943,Cherwell 002E,E02005922,Cherwell 002,2.6764219256440334,12.1031591335154,1.0,0,1.0473125649747,-0.566902634222329,-1.5606075930680712,-0.8986979598653392,-0.4847964805317623,-0.0986050375606613,1.5716167996279242,0.2840988869465133
E01032944,Cherwell 002F,E02005922,Cherwell 002,2.1456973374569013,11.924776804291822,1.0,0,1.0473125649747,-0.566902634222329,-0.5627767643940936,-0.8986979598653392,-0.4785504383582531,-1.2580939197524024,-0.9095043656994968,0.2840988869465133
E01032949,West Oxfordshire 013E,E02006005,West Oxfordshire 013,3.3111632589581745,11.791208504576163,1.0,0,0.5172809960380645,-0.566902634222329,-0.4666842210692675,0.528794467806848,-0.3652812141181896,0.2637352381242579,-0.8145723706568676,0.6955180132100055
E01032950,West Oxfordshire 013F,E02006005,West Oxfordshire 013,3.3139677990492284,12.304941636761436,1.0,0,0.5172809960380645,-0.566902634222329,-0.8464380203186519,0.528794467806848,-0.4442097958425198,-1.5479661403003384,0.1275377414480024,0.6955180132100055
E01032951,West Oxfordshire 013G,E02006005,West Oxfordshire 013,4.698551233485398,12.027945204201798,1.0,0,0.5172809960380645,-0.566902634222329,-1.0543609825053788,0.528794467806848,-0.1659143592240029,-0.3215836687513805,0.6441591910346558,0.6955180132100055
E01032953,West Oxfordshire 013H,E02006005,West Oxfordshire 013,4.482663511495295,12.988491355343616,1.0,0,0.5172809960380645,-0.566902634222329,-1.4675059869566052,0.528794467806848,-0.4324146182534352,-0.8232855889304995,1.6726850332093508,0.6955180132100055
E01033305,Vale of White Horse 006G,E02005983,Vale of White Horse 006,4.793051259987278,11.077314697318318,1.0,0,-1.6178632723798574,1.1889750862237116,1.8283251503726936,1.3785695640447042,1.031711289122703,-0.1769488809519954,-1.2242733195794575,-0.9501584918439634
E01033306,Vale of White Horse 006H,E02005983,Vale of White Horse 006,4.522071145818377,10.701083186610182,1.0,0,-1.6178632723798574,1.1889750862237116,1.2356079710023136,1.3785695640447042,0.7017918816466164,0.3962987536187407,0.2378705309440574,-0.9501584918439634
E01033415,Reading 019B,E02006939,Reading 019,6.787215657688635,11.77242159311491,1.0,0,-2.0010870206032694,1.697925150121129,1.373151402143261,0.6555019163530732,4.455554553825343,-1.462709604845063,2.5372837546554194,-0.9501584918439634
E01033417,Reading 010F,E02006939,Reading 019,3.664612375970938,11.144271263167372,1.0,0,-2.0010870206032694,1.697925150121129,2.062446702516287,0.6555019163530732,-0.0058012146693971,-1.4162060400512766,-1.673721679526068,-0.5387393655804712
E01033418,Reading 019A,E02003398,Reading 010,5.404536013905513,11.474886279624938,1.0,0,0.4974269707133492,1.837299167619176,-0.5611985568514521,-0.6557305616890228,0.6450329894131631,0.0274263626775709,0.9334515217100068,-0.1273202393169789
E01033420,Reading 020B,E02006940,Reading 020,6.38494816295056,11.276124913249973,1.0,0,-2.035379402854087,0.2917407891574409,1.7108229852278252,1.8932714736955387,4.455554553825343,-0.0986050375606613,-0.8115448606942237,-0.9501584918439634
E01033421,Reading 010G,E02003398,Reading 010,5.251739253987455,10.930484837452298,1.0,0,0.4974269707133492,1.837299167619176,-0.7837965390147767,-0.6557305616890228,0.9926830999713095,-1.9742488175767128,1.4858241475747742,-1.7729967443709478
E01033422,Reading 019D,E02006939,Reading 019,3.6686767467964168,11.406268030244949,1.0,0,-2.0010870206032694,1.697925150121129,2.062446702516287,0.6555019163530732,-0.2126714777118638,0.5834472460815393,-0.5617380874278753,-1.3615776181074557
E01033423,Reading 020A,E02006939,Reading 019,3.7680602519883775,10.703763552803387,1.0,0,-2.0010870206032694,1.697925150121129,2.062446702516287,0.6555019163530732,-0.0189867704512429,0.2065236156476915,0.773530731490623,-0.5387393655804712
