LSOA21CD,MSOA21CD,log_voa_rv_2023,rv_per_working_age,sme_density,qualification_index,firm_size_diversity,rv_per_employee,sme_qual_interaction,employment_quality,modern_sector_leverage,asset_growth_diversity,log_total_GVA_2023,is_swindon
E01015471,E02006849,11.833714368540948,90.67135618421052,127.41652021089632,19.683655536028123,0.8961111111111111,2579.5266875230677,2508.0228934306488,0.021089630999999998,9.02167545401289,8.157646108300952,2.7765807435093186,Swindon
E01015473,E02003219,16.268274056597637,8704.430254681649,408.8194763435921,13.321084060633895,0.9216639313218028,1848.7356721701842,5445.91860999732,1.3242133670188334,5.398086351367983,2.7482907034227164,6.207099982931871,Swindon
E01015475,E02003226,14.70764454868331,1371.742970207982,170.40898155573376,-0.12028868923817093,0.9058956916099772,1954.9269097777108,-20.498273025750862,0.11694734028334665,-0.03492252268204963,11.903836124932717,4.612086215029821,Swindon
E01015477,E02003226,13.53689131440145,587.1427583397983,234.93642896627972,3.593145384190162,0.9058956916099772,4248.534256952898,844.1607453183079,0.1381978993919292,1.0431712405713374,14.288139966478166,3.035241406648704,Swindon
E01015478,E02003232,14.753777684945355,2255.5588146513683,205.90043023970497,11.370620774431474,0.9048442906574394,8155.068718091049,2341.215709547968,0.13829133374308544,4.625337264175515,4.415879695029412,5.274070779473495,Swindon
E01015479,E02003228,15.175216106792922,2275.143242990654,100.96930533117933,8.844911147011304,0.912,2503.6659869190557,893.064534229736,0.7269789983844911,3.235943102565111,-22.125664318080002,4.859223083459394,Swindon
E01015480,E02003226,14.531360109457898,905.2756911504424,141.8084751418085,-5.138471805138474,0.9058956916099772,12058.111604135436,-728.6788512458631,0.060060060000000005,-1.4918143950402023,9.711791915393624,2.6520440643124705,Swindon
E01015481,E02003224,13.226807918525536,488.1670306068601,97.36540664375715,7.101947312943873,0.8494809688581314,2841.115582839234,691.4839880873186,0.0859106529209622,1.8938526167850323,13.21572976510556,2.8244100022184053,Swindon
E01015482,E02003224,11.096896852541963,83.60600705956908,133.75295043273013,2.911093627065304,0.8494809688581314,253.00693666879954,389.36736160590215,0.016522423288749016,0.7762916338840808,15.207011303397877,4.36655760376995,Swindon
E01015483,E02003224,11.982625538147483,204.01841632653063,124.35991221653255,-0.658376005852233,0.8494809688581314,3718.5079027022607,-81.87558229325502,0.0274323335,-0.17556693489392877,14.852631883077658,2.110213200346589,Swindon
E01015484,E02003224,12.74035301594897,406.24165571428574,116.27906976744187,-1.6415868673050618,0.8494809688581314,5939.166158947599,-190.88219387268163,0.068399453,-0.43775649794801635,-10.0550634467128,4.36655760376995,Swindon
E01015485,E02003224,13.590347208294045,711.5836737994453,128.8855193328279,8.112206218347236,0.8494809688581314,3133.519388429997,1045.5459113866793,0.015163002274450332,2.1632549915592625,7.987196902711418,2.4238288002794097,Swindon
E01015486,E02003224,11.843523360672156,164.90403210900473,115.64625850340136,2.448979592585033,0.8494809688581314,2424.053634293054,283.2153270336433,0.068027211,0.653061224689342,7.988748245836427,2.567714760975316,Swindon
E01015487,E02003234,11.148958219140242,75.2060558116883,163.55140186915887,3.271028037383175,0.9072,1609.375152454367,534.9812210673417,0.018691588800000002,1.1812045690550355,8.091724926014361,2.184589534756338,Swindon
E01015488,E02003234,12.662481196251559,349.58805481727575,163.77005347593584,-3.1417112299465195,0.9072,222.5461264160168,-514.5182161342897,0.5385790679908325,-1.1345068330362431,-2.5568947682208,4.070034793004519,Swindon
E01015489,E02003234,12.667808068420221,379.62210765550236,168.6166551961459,9.359944941500347,0.9072,2206.350866382544,1578.2426088558739,0.258086717136958,3.379980117764014,-3.4095856290048,2.802632843588158,Swindon
E01015490,E02003234,13.590347208294045,711.5836737994453,196.31410256410257,7.371794871794876,0.9072,3133.519388429997,1447.1872945430646,0.04507211538461537,2.6620370370370385,7.987196902711418,1.812542008410584,Swindon
E01015491,E02003234,14.561379968172327,2382.2289186440676,176.51296829971182,-4.106628242074928,0.9072,1537.921676484967,-724.873140712073,0.3540551667352819,-1.482949087415946,-7.2417638378736,5.167570664499794,Swindon
E01015492,E02003234,14.772218549920751,2915.0189070548713,180.1470588235294,-3.0882352941176485,0.9072,3523.929707600198,-556.3365051903116,0.20680147058823528,-1.115196078431373,7.2755397092970995,4.416379751045544,Swindon
E01015493,E02003228,13.358090017988124,407.5422526722473,111.95700850873264,10.47917599641737,0.912,466.6875938993492,1173.2171961954064,0.2619793999104344,3.8338448767380613,-3.9253839162719997,4.324463727272736,Swindon
E01015494,E02003230,16.042667570105944,4690.674365705615,253.04414003044138,9.322678843668188,0.8989349112426035,10272.554354242335,2359.0492507760064,0.456621005,2.7769681661990346,-9.848160027947928,3.846267744362679,Swindon
E01015496,E02003230,14.048955717832357,822.2282330729167,325.3424657534247,15.94911937377691,0.8989349112426035,2318.1100278402,5188.925823660296,0.15961350293542076,4.750801515593122,10.717441033742048,3.098063204651453,Swindon
E01015497,E02003230,13.544790923155093,627.8430761316872,387.30343622597553,16.482236458940015,0.8989349112426035,4791.10371285792,6383.626817236523,0.06552125800815375,4.909602349471494,12.436981698564887,2.539236994333048,Swindon
E01015498,E02003232,11.553879701626107,83.01150820717132,190.2328222600795,18.114707552526973,0.9048442906574394,2436.3162599982493,3446.0119421331833,0.0170357751277683,7.368694597638091,-25.02422220434256,2.2979744804363627,Swindon
E01015499,E02003229,10.348950644721173,35.28052009039548,91.64222873900293,18.035190615835774,0.8854166666666667,192.4894673906637,1652.7850637679412,0.12218963831867054,6.273109779421137,16.737207375368143,3.018667244836487,Swindon
E01015500,E02003229,13.590347208294045,711.5836737994453,88.2768361581921,6.779661016949156,0.8854166666666667,3133.519388429997,598.4870248013026,0.0105932205,2.358142962417097,7.987196902711418,2.02762179295004,Swindon
E01015501,E02003233,14.65969623309441,2762.5675249406177,268.9756816507001,9.506263817243918,0.9290123456790124,1629.9138780657765,2556.953790194569,0.2542372881355932,2.816670760664864,1.2608586847335124,6.019570838655752,Swindon
E01015502,E02003233,10.403061157504673,32.795391323383086,232.92916400765796,0.7657945118059981,0.9290123456790124,1712.9231167789658,178.3758754366237,0.0095724315,0.2269020775721476,12.143075192133198,2.0090190773832903,Swindon
E01015503,E02003233,14.858038029810274,3364.621381969158,281.4186584425598,-5.5512721665381655,0.9290123456790124,928.4920698212305,-1562.2315657566928,0.6341557440246722,-1.644821382677975,-4.019679633126543,8.135360719687952,Swindon
E01015504,E02003229,11.969181479823735,177.12057508417507,99.60159362549801,20.239043824701195,0.8854166666666667,1778.2727133007706,2015.8410183965334,0.06640106266666666,7.0396674172873706,16.378755217622622,3.018667244836487,Swindon
E01015505,E02003229,10.402977841858117,31.3573951284491,87.22958827634334,7.885554780181435,0.8854166666666667,898.6771882931355,687.8536968057776,0.008722958827634325,2.742801662671803,13.42715362055155,2.08281085914944,Swindon
E01015506,E02003218,13.930066744048132,1129.2796022155085,83.500334001336,-10.153640614562462,0.8582230623818525,8452.59455491284,-847.8323826454962,0.1336005344021376,-1.9340267837261826,13.437670382662274,2.800143089759132,Swindon
E01015507,E02003218,10.401743891164084,31.0821334088763,76.21951219512195,-11.036585365853663,0.8582230623818525,1699.063744200561,-841.2031528851877,0.0036585365853658404,-2.102206736353078,12.421973164666822,1.9714386491281808,Swindon
E01015508,E02003221,10.355369893542676,30.838411462217863,292.7781392322707,-10.474951203643462,0.918646694,412.15656477630483,-3066.836721951567,0.039904576,-2.0324532186173876,16.280456194816523,2.0286744246261827,Swindon
E01015509,E02003221,16.324022768740477,9258.956691785983,236.84210526315792,1.2631578947368407,0.918646694,3998.184117691714,299.16897506925176,0.5954887218045113,0.24509033778476008,4.466340977341604,6.561576485792391,Swindon
E01015510,E02003221,15.39510574892958,3075.4055,199.64507542147294,-3.1055900621117996,0.918646694,8155.23013542503,-620.0157621784871,0.5387248066928634,-0.6025771762306475,7.489132239865013,3.66047997959224,Swindon
E01015511,E02003221,12.705692820495898,247.46098558558558,233.6448598130841,-1.66147455867082,0.918646694,5016.844162260012,-388.1949903436495,0.0443925234,-0.3223756606376217,13.84532851667759,2.3192455338871527,Swindon
E01015512,E02006849,11.852346016037854,122.73808837412587,175.33252720677146,21.76541717049577,0.8961111111111111,1624.0488997191858,3816.1855982126804,0.05038291,9.975816203143895,8.751820394222221,2.4970822257181338,Swindon
E01015513,E02003215,12.275038027239285,200.63560271535582,90.3010033444816,10.367892976588633,0.8834019204389575,3999.256635342638,936.2311383541575,0.043896321,3.155445688526975,-26.084440733497942,2.204531152518657,Swindon
E01015514,E02003215,12.928522018711202,639.5858546583851,111.5702479338843,-1.3223140495867778,0.8834019204389575,8146.20025494993,-147.5309063588554,0.0706611573,-0.4024434063959758,1.205809799593305,2.033790196260747,Swindon
E01015515,E02003215,11.09552358477576,73.52077295758929,93.94572025052192,10.299234516353517,0.8834019204389575,7042.615366784918,967.5690046678668,0.00521920668058455,3.1345496354119393,13.495251635612943,1.8330613485851608,Swindon
E01015516,E02003215,12.721663988594536,483.29682222222226,103.92609699769054,-1.6936104695919916,0.8834019204389575,1195.8114642049045,-176.01032593912154,0.5388760585065434,-0.5154466646584321,2.30089783760329,3.27143032360309,Swindon
E01015517,E02003215,11.069217557886809,87.53653693042291,101.73323285606632,-5.275056518462698,0.8834019204389575,1787.055585906289,-536.6485531216762,0.05714644561667919,-1.6054519838799512,16.91687290719459,2.106326870461218,Swindon
E01015518,E02006849,10.575290616455437,37.57608664107485,199.44979367262724,16.574965612104542,0.8961111111111111,607.0527480158584,3305.8734714651423,0.0495185694635488,7.596859238881248,-4.606116139813889,2.252238718557307,Swindon
E01015519,E02003212,13.589928459308833,923.6696050925925,204.21607378129116,1.3175230523451908,0.9120685311161502,9347.441830981259,269.0593848662774,0.098814229,0.4879715008685891,-17.862374626555805,2.8408896877483216,Swindon
E01015520,E02003212,15.011893763308514,4301.858817945384,236.28048780487805,17.530487804878046,0.9120685311161502,9406.71071256648,4142.11220999405,0.4573170731707317,6.492773261065942,8.695654764190781,3.874985507325583,Swindon
E01015521,E02003212,14.573606192971399,2358.239819889503,200.38784744667097,12.92824822236587,0.9120685311161502,9728.485203739872,2590.6638325361473,0.06060116354234,4.788240082357729,-6.636029185487528,4.555486122409602,Swindon
E01015522,E02003212,11.500840493477014,122.27447506188119,236.64122137404578,10.458015267175572,0.9120685311161502,4576.38763609319,2474.797505972845,0.03562340966921106,3.8733389878428035,14.67873488873822,2.0563008492381933,Swindon
E01015523,E02003212,14.29094910127184,1758.1623344262296,187.53781004234725,17.967332123411985,0.9120685311161502,10568.090435465705,3369.5541187282006,0.06238656987295822,6.654567453115549,7.4851981735701685,3.094943923624939,Swindon
E01015524,E02003212,13.590347208294045,711.5836737994453,280.0361336946703,1.1743450767840997,0.9120685311161502,3133.519388429997,328.85905492599,0.009033424,0.43494262103114795,7.987196902711418,1.7879187698421173,Swindon
E01015525,E02006847,11.516260615168708,97.9815154296875,146.57980456026058,14.592833876221498,0.8730864197530864,3759.896368591114,2139.014737556897,0.008686210640608032,6.633106307373407,10.12640726659839,2.131322163556825,Swindon
E01015526,E02003217,11.880045148907922,136.70082206439395,96.52509652509652,7.979407979407975,0.8666666666666667,3034.6908827266398,770.2131254254801,0.018018018,1.9948519948519938,-17.601125169333333,2.3102555992982654,Swindon
E01015527,E02003218,11.100801363445985,61.147930350877196,71.51029748283753,-6.578947368421051,0.8582230623818525,285.02955739111206,-470.4624834397205,0.05363272311212815,-1.2531328320801998,11.210601452053492,3.370119426091294,Swindon
E01015528,E02003217,12.339842405367975,163.18695146324055,68.36827711941659,-1.276207839562442,0.8666666666666667,4773.62264243031,-87.25213123717698,0.0170920692798541,-0.3190519598906105,13.456185880255399,2.337855707075965,Swindon
E01015529,E02003217,13.952897857889074,1056.4193379373849,86.80555555555556,-3.2986111111111125,0.8666666666666667,7301.919992952214,-286.3377700617285,0.21701388888888884,-0.8246527777777781,13.901330485026731,2.740065530534221,Swindon
E01015530,E02003217,13.09808642897364,355.9494407002188,68.64988558352402,-3.5697940503432513,0.8666666666666667,2222.1276359459825,-245.065953112809,0.120137299771167,-0.8924485125858128,13.88866241529991,3.0792458737818085,Swindon
E01015532,E02003232,14.904733514826486,2533.6426521739127,197.75678866587958,24.91145218417946,0.9048442906574394,7464.309579551619,4926.4087849469415,0.2182071175577669,10.133472074920459,3.0061864704877292,3.26472834505029,Swindon
E01015533,E02003235,12.850456786065324,432.41965278093073,290.8496732026144,20.653594771241828,0.9056937255397046,5292.751793008694,6007.0912896749105,0.05446623066666667,8.261437908496731,-18.66326957456382,2.4986451758985138,Swindon
E01015534,E02003235,15.746889153862565,4532.8604743758215,191.23334765792868,20.627417275461966,0.9056937255397046,8789.95489137292,3944.650059123582,0.3683467370618209,8.250966910184786,8.579311091944472,4.415400964058979,Swindon
E01015535,E02003235,13.286831408928043,430.8347535087719,197.2517730496454,20.035460992907794,0.9056937255397046,2777.0198255973223,3952.030204718071,0.08618991331757289,8.014184397163119,9.337311484919269,5.873736197456291,Swindon
E01015537,E02003231,11.070408489752943,52.441423322448976,62.432138979370244,-6.731813246471232,0.875,482.9810605441876,-420.28150018685756,0.06514657980456023,-1.602812677731245,13.776870812379787,2.9120788885567377,Swindon
E01015538,E02003231,12.352500015807575,188.24160081300812,60.65400843881857,-8.491561181434603,0.875,5098.5201501290185,-515.0472235574787,0.02768987325,-2.0218002812939524,-2.509536383375,2.479223866652502,Swindon
E01015539,E02003231,11.143692969268345,61.88493068039391,68.16834617664493,-8.891523414344991,0.875,6959.20951572393,-606.1204461468133,0.0044457615,-2.117029384367854,10.201230998209434,1.9686496360248027,Swindon
E01015540,E02003231,12.528905076498681,214.44548338509315,61.333333333333336,-8.799999999999999,0.875,4232.39311168385,-539.7333333333332,0.056296296296296226,-2.095238095238094,-15.61692993,2.6688241546013733,Swindon
E01015541,E02003231,13.606820626518683,672.4489335542668,60.75013206550449,-9.87849973586899,0.875,4628.862068299391,-600.1201635630923,0.08301260282242845,-2.352023746635473,-1.86201141525,2.766507770673779,Swindon
E01015542,E02003231,11.573354294444123,105.80497918326694,72.32704402515724,-8.176100628930818,0.875,3738.3104834240735,-591.353190142795,0.008086253428571428,-1.9466906259359085,7.52325840525,1.8503427933269525,Swindon
E01015543,E02003214,11.75228150556401,132.75034284221525,52.459016393442624,-6.295081967213115,0.8533333333333333,1012.2136460428405,-330.2338081160978,0.0786885245901639,-1.5737704918032787,14.389317598908267,2.6393430030924194,Swindon
E01015544,E02003214,12.711868237269416,296.6546205724508,44.370493621741545,-10.593455352055463,0.8533333333333333,35653.597919305845,-470.03684313058073,0.004159734,-2.6483638380138657,12.498812815229599,2.0483377966285023,Swindon
E01015545,E02003214,12.585646795109865,273.2069172897196,45.01969611705121,-7.653348339898706,0.8533333333333333,13870.401266308047,-344.5514165401781,0.014772087788407426,-1.9133370849746765,13.29293221130482,2.1229798436943192,Swindon
E01015546,E02003214,11.98402733717633,138.79966672443675,42.89544235924933,-11.528150133796247,0.8533333333333333,17255.280771869446,-494.5050995730294,0.0040214475,-2.8820375334490618,13.995620436282803,2.057962510002712,Swindon
E01015547,E02003219,13.982324987527836,942.212110845295,444.3334997503744,25.31203195207189,0.9216639313218028,235.9062981878513,11246.983743057404,2.396405391912132,10.257163274695797,5.884393291072439,5.758930164641452,Swindon
E01015548,E02003219,14.328582881608934,1678.8084180904523,563.6478784040532,29.76567447751742,0.9216639313218028,7068.872881105453,16777.35926851837,0.1583280557314756,12.0619073046149,0.4958094309252104,5.758930164641452,Swindon
E01015549,E02003220,15.151673925542157,3065.607019339243,232.5581395348837,2.7906976744186043,0.9091358024691358,3389.681727649881,648.9994591671173,0.3617571059431525,0.8746962860118013,2.1454931358881697,6.128614385255216,Swindon
E01015550,E02003220,14.22375199317389,1094.7374650655022,200.62416406598308,0.044583147570220305,0.9091358024691358,3637.7599624390023,8.944456712705813,0.10532768613464108,0.013973822372755617,12.561250267943404,3.886787245359885,Swindon
E01015551,E02003220,12.655312762277372,314.36627963891675,273.5562310030395,3.221884498480243,0.9091358024691358,795.5864942557462,881.3665801313734,0.24696048632218845,1.0098443950460463,-2.5653785854701234,6.128614385255216,Swindon
E01015552,E02003220,15.18110454892242,2581.059714756258,193.71502367628068,7.748600947051223,0.9091358024691358,2447.2636866878543,1501.0204159160785,0.23730090400344386,2.4286659684787413,6.796575525309482,5.225268064574461,Swindon
E01015553,E02003220,12.687436285449568,331.27423725690886,307.1672354948805,12.28668941979522,0.9091358024691358,2773.21539897607,3774.0684224626953,0.04778156996587028,3.8510519076970087,14.477818392911894,2.4840729690394228,Swindon
E01015554,E02003220,12.562058189937648,349.46925618115057,328.4671532846715,3.7226277372262775,0.9091358024691358,3191.7900547720087,1222.7609355852735,0.1094890510948905,1.1667937683843554,-18.010315936217285,2.5073202446249003,Swindon
E01015555,E02003216,12.906276241924429,467.32198190255224,167.92323509252913,-5.003427004797807,0.895427795,3896.097641082091,-840.191649194971,0.08995887594242624,-1.2799464430878111,2.9308332307038287,2.547646679609186,Swindon
E01015556,E02003216,13.7208583999761,957.5666395789473,165.20566419420092,5.731625084288602,0.895427795,4733.547688814521,946.8969289620413,0.1011463250168577,1.4662296727249913,7.825097779873483,3.243021946696279,Swindon
E01015557,E02003216,13.93762378258332,1004.3386888888888,133.44226579520696,6.318082788671031,0.895427795,5268.446171236656,843.0992828019622,0.14297385620915032,1.6162537366367755,4.229805580366182,3.2295783480013363,Swindon
E01015558,E02003216,11.48613641986255,107.69431399336283,158.88456549935148,-12.38651102464332,0.895427795,1953.6660991187016,-1968.025422203381,0.07874745285714287,-3.1686423551413148,14.490360862492432,2.204531152518657,Swindon
E01015559,E02003216,13.193415002469724,588.6154884868422,166.10169491525423,-0.40677966101694807,0.895427795,4961.145873302455,-67.56679115196764,0.08898305084745758,-0.10405991328340533,-1.4070312196234533,2.5406566648924924,Swindon
E01015560,E02003216,13.871883461316068,716.3108591740013,112.43689765947683,8.168884809545661,0.895427795,4459.518985280801,918.4840653229403,0.08923563306307683,2.089714718720983,0.402820720638398,3.0795677794662235,Swindon
E01015561,E02003225,15.553568183700499,5304.372005597015,261.68224299065423,19.065420560747654,0.9183673469387756,4864.862434788001,4989.082015896583,0.43613707165109034,8.212796549245144,9.737869020590242,5.53287947727086,Swindon
E01015562,E02003222,12.337385292933927,221.42121262135922,107.34072022160665,17.659279778393355,0.8888888888888888,1421.0230180800208,1895.559810007597,0.19477146814404428,5.045508508112387,14.22078798957146,2.9886573048820275,Swindon
E01015563,E02003222,12.697325532281189,330.17325434343434,106.45604395604396,22.596153846153847,0.8888888888888888,5341.383125224557,2405.497147083686,0.04945054945054944,6.456043956043956,13.737369408338353,2.287775977340337,Swindon
E01015564,E02003225,13.303909258606406,589.5120699115043,274.15143603133157,16.514360313315926,0.9183673469387756,132.81357171088715,4527.435595034392,0.5918189730200173,7.113878288813015,12.752774792524331,5.53287947727086,Swindon
E01015565,E02003222,13.10024008449348,502.11377433264886,108.16468946266573,16.46894626657362,0.8888888888888888,4111.560838582883,1781.358458701264,0.09159106769016045,4.705413219021034,13.116290693319202,2.791901033272154,Swindon
E01015566,E02003222,11.77440057348647,119.26855932047751,98.60050890585241,19.40203562346056,0.8888888888888888,1249.9214068019905,1913.0505862826885,0.095419847,5.54343874956016,13.150905747881449,2.5645646680934537,Swindon
E01015567,E02003225,12.6301843257052,278.6193723792161,249.1103202846975,9.667852906287077,0.9183673469387756,1174.3757045848008,2408.3619339505176,0.18452616317385,4.1646135596313565,11.265856362899436,3.612808017162641,Swindon
E01015568,E02003225,15.261384525650552,3497.1663962108732,244.75524475524475,11.013986013986013,0.9183673469387756,2034.282727141932,2695.730842583989,0.5348355348355348,4.744486282947821,-4.934926259081633,6.257569881960145,Swindon
E01015569,E02003233,14.258167376036381,1701.46116284153,252.0718232044199,-4.005524859834253,0.9290123456790124,3284.9480095864233,-1009.6799543090486,1.0359116022099448,-1.1868221806916304,12.862739495815038,3.2548605385877107,Swindon
E01015570,E02003233,12.579320577433082,309.029660106383,261.461318051576,-6.088825214899714,0.9290123456790124,2876.009270663794,-1591.9922660733496,0.1074498567335243,-1.8040963599702855,15.019353898542178,3.2548605385877107,Swindon
E01015571,E02003233,11.175125569379755,77.95934597814207,227.8401997503121,-0.7490636704119851,0.9290123456790124,1135.3550275655339,-170.66681629236862,0.032043279333333334,-0.22194479123318075,7.291315716504798,2.3332112865358066,Swindon
E01015572,E02003227,13.388121739860633,704.3292785097192,58.351568198395334,-11.597374179431073,0.8984375,6229.850965878395,-676.7249703533814,0.027133479212253814,-2.8993435448577682,5.818124639765625,2.5253285642869154,Swindon
E01015573,E02003227,13.29803006811633,370.42842579241767,33.25020781379884,-3.449709060681629,0.8984375,2228.113579038214,-114.70354316480895,0.09975062344139651,-0.8624272651704072,12.992864935978446,3.634212052771628,Swindon
E01015574,E02003228,13.153647372586132,495.5698762728146,153.4683855125844,8.96255371393494,0.912,4036.3837658963025,1375.4686485474124,0.0736648250460405,3.278983066073758,-3.5244730537440003,2.916634952195289,Swindon
E01015575,E02003227,12.694994224095195,378.3182932714617,59.30318754633062,-13.936249073387694,0.8984375,1200.822959324776,-826.4639924914867,0.2205337286879169,-3.4840622683469236,14.545249729176636,3.460032167383048,Swindon
E01015576,E02003228,11.996215021617965,164.2745009118541,151.14873035066506,8.82708585247884,0.912,1207.5912317880418,1334.2028192984947,0.06801692865779925,3.2294216533459164,15.086593564949988,4.324463727272736,Swindon
E01015578,E02003223,15.378163861647524,2508.6559458464776,320.2846975088968,7.552392249901146,0.9096174363664076,1510.5683488464886,2418.915667228125,0.3321470938,1.9731475247489476,3.5000496053308945,5.31776699036935,Swindon
E01015579,E02003223,12.891027690490441,333.39120285714284,465.7849338700402,4.657849338700402,0.9096174363664076,1783.8898448742498,2169.556046203177,0.11680563542265669,1.2169155929937983,23.89899705980469,3.307948409442525,Swindon
E01015580,E02003218,11.095719009781924,61.75022265229615,73.92075694855114,-2.897693672383202,0.8582230623818525,2088.32188747554,-214.19970966759325,0.019712201999999998,-0.5519416518825144,12.358557711958214,2.4532439692791588,Swindon
E01015581,E02003223,16.767356059423886,18747.54686581783,510.718789407314,4.539722572509458,0.9096174363664076,7824.63076824281,2318.5216164770873,0.638923917612442,1.1860536450700383,-11.753821665209573,5.411422812653309,Swindon
E01015582,E02003223,13.923095940070196,749.8888464646465,361.7686467172845,12.862885216614563,0.9096174363664076,399.7619600398369,4653.388577694415,0.3751674854845914,3.360573615151552,-0.7805912838920896,4.656442980165514,Swindon
E01015584,E02003236,12.177669794973971,264.4875424489796,375.0884642604388,5.803255484784142,0.9049483802064792,1245.730457544239,2176.734187498652,0.15165301789505609,2.1278603444208515,14.043352075321993,2.6381998192011293,Swindon
E01015585,E02003236,14.846809710742221,1570.3842172452407,187.743535246192,10.520722635494154,0.9049483802064792,2770.7417646745707,1975.197660932307,0.4408233951273271,3.857598299681189,3.9061158715723954,4.249865731071543,Swindon
E01015586,E02003236,11.049821157692781,93.09422865384616,390.85545722713863,5.014749262536867,0.9049483802064792,1485.1030566503537,1960.0421158883034,0.0895490942857143,1.8387413962635175,16.005168400054004,2.2582151452581054,Swindon
E01015587,E02003236,14.332156814930006,1559.4372186046512,284.3347639484978,4.667381974248926,0.9049483802064792,6839.478180451158,1327.098951905542,0.2565048283261802,1.7113733905579391,13.147693847945769,3.3274073076914,Swindon
E01015588,E02003236,13.973355073743136,1128.1147504816956,301.8223234624146,13.667425968109349,0.9049483802064792,7923.822350455243,4125.134261445305,0.09491268033409259,5.011389521640093,14.324073061081513,2.7833431851376416,Swindon
E01016180,E02003356,13.011027656599602,533.7925714797136,231.6176470588235,20.367647058823533,0.8899408284023669,1708.130762716643,4717.506487889274,0.13020833333333334,10.183823529411766,16.511857049156973,3.455559296348166,Others
E01016181,E02003356,13.612837400278906,687.9057112889637,159.33232169954476,21.750126454223572,0.8899408284023669,1554.2703067724399,3465.498145210129,0.11064744562468387,10.875063227111786,10.00478225740965,4.120109770108127,Others
E01016182,E02003356,13.520301224632759,728.3510259295499,202.57234726688102,27.395498392282956,0.8899408284023669,3484.8628503345167,5549.570413870824,0.13062700964630225,13.697749196141478,11.059957935799282,3.253895417969241,Others
E01016183,E02003356,12.221554031560055,233.73920448791714,233.85300668151447,24.79584261321455,0.8899408284023669,2998.5016226769535,5798.582348301843,0.031180400800000004,12.397921306607275,10.27729137716271,2.348036355897963,Others
E01016185,E02003353,15.28853159373743,4670.656534261242,523.7084217975938,26.256192498230714,0.9068444444444445,2399.867014808403,13750.589135662229,0.43249193999999996,11.522501743827865,7.801320424551565,6.1341634766586735,Others
E01016187,E02003353,13.420531413865886,690.259313114754,460.772104607721,34.30884184308842,0.9068444444444445,2111.5296490393885,15808.557262693295,0.4358655043586549,15.056398218909306,1.741854913400839,3.3714252233284854,Others
E01016188,E02003353,11.17878235901709,40.38022098138748,278.5095972901769,18.291305984192697,0.9068444444444445,214.5793540204058,5094.304263568911,0.08064949728480024,8.027119892343556,4.0398174412154875,3.307802034062602,Others
E01016190,E02003354,12.887537802181646,407.5808024742268,215.35580524344567,16.541822721598002,0.8638895076854534,1088.237837011161,3562.377552404064,0.0749063670411985,9.977607355884508,5.0684578801466715,5.212160170096862,Others
E01016191,E02003357,11.482767313606876,86.86500164726947,194.65427077280648,11.737361998837878,0.900423257,1993.2165162295403,2284.7276406802375,0.021789657,5.030297999501947,15.07737192322817,2.4854065248296515,Others
E01016192,E02003365,13.590347208294045,711.5836737994453,201.90895741556534,10.279001468428783,0.8979591836734694,3133.519388429997,2075.422469763521,0.2284222548539729,3.8831783325175397,7.987196902711418,3.0523016250418853,Others
E01016193,E02003366,13.590347208294045,711.5836737994453,204.75020475020474,9.664209664209665,0.8872,3133.519388429997,1978.7489074958362,0.004914005,3.964803964803964,7.987196902711418,2.223758312448074,Others
E01016194,E02003365,13.590347208294045,711.5836737994453,227.27272727272728,25.537190082644628,0.8979591836734694,3133.519388429997,5803.906836964688,0.1239669421487603,9.647382920110191,7.987196902711418,2.530278279006827,Others
E01016195,E02003365,13.590347208294045,711.5836737994453,231.28679562657695,11.606391925988223,0.8979591836734694,3133.519388429997,2684.405197347991,0.02523128679562655,4.384636949817772,7.987196902711418,2.308964699958085,Others
E01016196,E02003366,13.590347208294045,711.5836737994453,108.36584308625922,19.852622453402688,0.8872,3133.519388429997,2151.3461696361824,0.9752925877763329,8.144665621908795,7.987196902711418,5.270565830217193,Others
E01016197,E02003366,13.590347208294045,711.5836737994453,176.3046544428773,6.064880112834983,0.8872,3133.519388429997,1069.2665925308504,0.09255994358251057,2.488155943727172,7.987196902711418,2.6472380617054525,Others
E01016198,E02003366,13.590347208294045,711.5836737994453,217.20243266724586,11.902693310165077,0.8872,3133.519388429997,2585.293942260008,0.14480162177816386,4.883156229811313,7.987196902711418,4.63704668863535,Others
E01016199,E02003366,13.590347208294045,711.5836737994453,215.51724137931035,24.224137931034488,0.8872,3133.519388429997,5220.719381688467,0.07183908045977005,9.938107869142351,7.987196902711418,2.7247106419953173,Others
E01016200,E02003359,11.041916139141172,64.9024693970894,124.06015037593984,21.50375939849624,0.8631772268135904,863.1913616729873,2667.759624625473,0.02506265666666667,8.324035896192091,15.828038624271102,2.789691630139444,Others
E01016201,E02003359,13.094160554738803,517.6726115015974,127.80790085205268,19.054996127033306,0.8631772268135904,5569.234573601947,2435.3790557401207,0.0557707206,7.376127533045151,14.685222213984305,2.460443177609626,Others
E01016202,E02003359,13.590347208294045,711.5836737994453,135.91433278418452,24.876441515650743,0.8631772268135904,3133.519388429997,3381.064950644459,0.010590727142857142,9.629590264122868,7.987196902711418,2.2057437415444903,Others
E01016203,E02003359,12.672462238883398,368.18082655889145,126.92307692307692,4.23076923076923,0.8631772268135904,2735.0372513036127,536.98224852071,0.10096153846153846,1.637717121588089,16.181052632561943,2.8024508765236944,Others
E01016204,E02003359,10.34893588045137,39.07734578222778,138.65546218487395,9.915966386554624,0.8631772268135904,1328.5845847198664,1374.902902337406,0.01176470588235292,3.838438601246951,15.883287393666157,1.9701845557428863,Others
E01016205,E02003361,12.021307405773634,190.01015245714285,131.97586726998492,8.220211160060332,0.8788927335640139,3149.3660782027505,1084.869496991371,0.04692475277777778,2.5688159875188536,12.55147974160915,3.065491517968844,Others
E01016206,E02003363,15.109697622194862,3191.625682414698,186.0009789525208,29.76015663240333,0.8925619834710744,7671.147761198063,5535.418267407374,0.17335617555881871,14.44242895396044,13.109668699626368,3.744361463572941,Others
E01016207,E02003364,14.809823734523503,1393.948587416194,87.65522279035793,13.476990504017529,0.8967999999999999,318.052530126476,1181.3286051731945,0.8765522279035793,6.268367676287222,5.2066212019144,5.0476548685715255,Others
E01016208,E02003363,14.63754141610952,1606.7193403954802,168.66400355082112,22.991566799822458,0.8925619834710744,4258.740092905398,3877.849704364196,0.26409232134931193,11.157672123443252,15.198304690072463,4.099232596294876,Others
E01016209,E02003358,14.980185218619264,3359.411991614256,420.5298013245033,9.139072847682115,0.9038378076756154,975.521275827,3843.2524889259225,0.5356880058866812,4.174638214373312,4.9976433563604985,6.449635950847081,Others
E01016210,E02003360,13.911372787179461,1342.2029536585367,308.8803088803089,6.486486486486488,0.8972921006248998,8690.707852605681,2003.547949493896,0.09266409266409265,2.694386694386695,15.687513130347217,2.803784533365404,Others
E01016212,E02003362,10.348935848424517,37.527401778846155,95.27439024390243,6.32621951219512,0.8609467455621301,1094.1003638753996,602.7267065734679,0.009799651428571428,2.8995172764227632,15.976109855246058,2.1111824274638984,Others
E01016213,E02003360,13.27816052043828,784.2866594630872,341.58838599487615,9.30828351836038,0.8972921006248998,2040.882863016539,3179.601543419429,0.3074295473953886,3.866517769165081,14.564450842444508,3.603130915771458,Others
E01016214,E02003360,11.19157022579542,92.02482208121828,288.8086642599278,21.15523465703249,0.8972921006248998,1019.6237264979547,6109.815063402885,0.060168472,8.787559011382728,7.458530048261483,2.5200324517633743,Others
E01016215,E02003360,11.10603381323237,81.08481310596832,325.46786004882017,2.441008950366152,0.8972921006248998,3985.9335133828977,794.4699594356882,0.00508543525,1.0139575639982479,12.998781683887902,2.0010745126057308,Others
E01016216,E02003362,11.070028975834807,75.81625449822904,95.34706331045004,7.01754385964912,0.8609467455621301,993.9380613617438,669.1021986698246,0.025425883666666666,3.2163742690058466,16.154379452208687,2.397531570303,Others
E01016217,E02003361,13.140301283266085,550.9186993506494,127.83053323593865,16.14317019722425,0.8788927335640139,942.7580109691526,2063.5900544296887,0.9739469198928657,5.044740686632578,-14.840146977439447,3.3828636749736507,Others
E01016218,E02003361,14.032054071265467,1352.6972962962964,129.2466765140325,4.431314623338256,0.8788927335640139,5635.521565196881,572.7326876545013,0.20573960751213333,1.384785819793205,11.882761875312942,3.1063787936410545,Others
E01016219,E02003362,12.31299245835205,293.23847562582347,97.42790335151989,14.10756040719408,0.8609467455621301,1881.112753801342,1374.4700318778334,0.1558846453624318,6.46596518663062,15.960034885349883,2.569860355668164,Others
E01016220,E02003362,13.590347208294045,711.5836737994453,87.59635599159074,14.505956552207433,0.8609467455621301,3133.519388429997,1270.6689341457106,0.014453398874999999,6.64856341976174,7.987196902711418,2.120103523398725,Others
E01016221,E02003362,13.590347208294045,711.5836737994453,100.64412238325282,13.285024154589369,0.8609467455621301,3133.519388429997,1337.0595968789623,0.0096618358,6.088969404186794,7.987196902711418,2.195445217436142,Others
E01016222,E02003356,11.07154467480759,82.4535584102564,266.9491525423729,35.16949152542372,0.8899408284023669,926.6105272084816,9388.465958058028,0.0355932204,17.58474576271186,16.457769122346377,2.184139337787564,Others
E01016223,E02003357,14.682090253756579,2737.353093210587,268.644747393745,11.627906976744185,0.900423257,22756.3395338547,3123.7761324854064,0.1202886928628708,4.983388704318935,12.36918696076299,2.366967351923314,Others
E01016224,E02003357,11.977935317291735,105.22272795769995,152.34197362437473,14.32469304605276,0.900423257,1156.9111738416602,2182.2520101990335,0.090950432,6.139154162594039,16.77659489928258,2.9480639798524897,Others
E01016226,E02003357,13.360683895772048,617.273298929961,213.9208173690932,11.813537675606637,0.900423257,2577.722531762225,2527.1616355863493,0.3591954022988505,5.062944718117129,7.199382776176944,3.2713544165133315,Others
E01016227,E02003365,13.590347208294045,711.5836737994453,212.0277563608327,27.67925983037779,0.8979591836734694,3133.519388429997,5868.771359563526,0.09252120277563605,10.45660926925383,7.987196902711418,2.852496805467238,Others
E01016228,E02003365,13.590347208294045,711.5836737994453,151.93370165745856,22.154696132596683,0.8979591836734694,3133.519388429997,3366.0449925215953,0.6156274664561957,8.3695518723143,7.987196902711418,4.197713095199134,Others
E01016229,E02003363,13.590347208294045,711.5836737994453,322.58064516129036,21.137521222410864,0.8925619834710744,3133.519388429997,6818.555233035763,0.084889643,10.25791471087586,7.987196902711418,2.506341930508065,Others
E01016230,E02003363,11.822935246807496,108.98708641087131,190.95477386934672,15.075376884422111,0.8925619834710744,271.1047030740935,2878.715183960001,0.24120603015075376,7.315991723322495,9.870213702507908,3.744361463572941,Others
E01016231,E02003361,12.67304772710159,234.40950095518002,88.60759493670885,12.455696202531646,0.8788927335640139,4208.640440260169,1103.6692837686267,0.0259915614,3.8924050632911396,16.54220081917763,2.645536295712968,Others
E01016232,E02003361,11.127509212076955,72.05057792372881,120.27491408934708,10.034364261168383,0.8788927335640139,1164.798845518948,1206.882299453242,0.01237113402061854,3.13573883161512,8.003977984885273,2.388946258642089,Others
E01016233,E02003358,13.695264093858038,473.9181558524853,237.38317757009347,12.523364485981313,0.9038378076756154,1491.443620345546,2972.8360555507043,0.35747663551401865,5.720549209645784,6.51418228868567,3.864805603819031,Others
E01016234,E02003364,13.590347208294045,711.5836737994453,239.52095808383234,19.36127744510978,0.8967999999999999,3133.519388429997,4637.431723379588,0.01247505,9.005245323306873,7.987196902711418,1.984856099189968,Others
E01016235,E02003364,13.590347208294045,711.5836737994453,194.48946515397083,23.824959481361432,0.8967999999999999,3133.519388429997,4633.703626845011,0.00486223662884926,11.081376502958804,7.987196902711418,2.070274653855019,Others
E01016236,E02003364,13.590347208294045,711.5836737994453,166.89847009735746,6.39777468706537,0.8967999999999999,3133.519388429997,1067.77880729881,0.19558414464534074,2.9757091567745904,7.987196902711418,2.9420677489682983,Others
E01016237,E02003364,13.590347208294045,711.5836737994453,216.80216802168022,17.25383920505872,0.8967999999999999,3133.519388429997,3740.669746354194,0.11856368563685633,8.025041490724986,7.987196902711418,2.724972868298118,Others
E01016238,E02003354,12.981815743624498,362.33539441201,187.70402611534274,15.99564744287269,0.8638895076854534,1664.923486999763,3002.4474253487906,0.1692661105065893,9.64816829887559,3.8902477812526275,5.212160170096862,Others
E01016239,E02003355,11.975180214041092,160.2058228052472,333.7612323491656,5.905006418485238,0.9022528042228296,2170.4112279237397,1970.8622192633657,0.03936670933333333,2.876797998749218,16.92775447641915,2.381026519300608,Others
E01016240,E02003355,11.749841641566979,108.78325158798283,301.6241299303944,5.916473317865426,0.9022528042228296,267.9169483555192,1784.551116757553,0.06767208043310129,2.882384436908797,17.231833768961007,4.320270904645676,Others
E01016241,E02003355,13.146409526448016,440.00669630584196,291.8069584736251,3.6475869809203143,0.9022528042228296,3484.825434924826,1064.3912626703498,0.15782828282828273,1.7770295548073323,16.91667222171541,4.320270904645676,Others
E01016242,E02003355,16.706316481596854,10179.658383267382,219.3167439898777,15.225643188528052,0.9022528042228296,2540.6277897787863,3339.238489259632,0.7512652889076339,7.417621040564947,8.87530912713614,7.134228480852407,Others
E01016243,E02003354,11.09893716584422,66.43202870351759,246.42857142857144,26.571428571428573,0.8638895076854534,232.51128667280824,6547.95918367347,0.47619047619047616,16.027210884353742,13.267501598157894,3.2416153118376902,Others
E01016245,E02003354,11.046374772431186,39.66804652751423,147.37291755659973,28.363947031183255,0.8638895076854534,371.4481094435466,4180.077627406332,0.07119464616260852,17.108412494999424,15.79830522456018,2.976447512142124,Others
E01016246,E02003354,11.070105961389991,60.87328109952607,225.63767168083717,30.019620667102686,0.8638895076854534,689.4384637761245,6773.55731206699,0.030902550699999996,18.107072783331777,16.207869228346844,2.5628702745888754,Others
E01016247,E02003354,10.348920731635607,25.03795210906175,192.8451648965903,26.774734488541085,0.8638895076854534,179.17030314975656,5163.378087505129,0.059889802762916215,16.14983985023113,15.956784431554524,3.074682076532392,Others
E01016248,E02003358,13.215579150560357,527.2317788664745,399.37106918238993,4.7798742138364805,0.9038378076756154,4191.459319886882,1908.9434753372107,0.07547169811320749,2.1833993322462932,16.216792864106925,2.699278508715086,Others
E01016250,E02003358,11.465021733623109,76.74843384863124,335.26927138331575,12.67159450897571,0.9038378076756154,646.0458226600864,4248.396258289111,0.05939809926082365,5.788259220149398,17.17445877042834,2.655492950363534,Others
E01016252,E02003352,14.175987148777589,1574.1072327113063,249.15824915824913,17.912457913804715,0.8924444444444444,5843.851406142381,4463.036651924407,0.16161616161616157,8.83008488708683,3.290713631286627,3.4134552790576573,Others
E01016253,E02003352,12.168557830944192,198.79776026831786,271.06227106227107,29.89010989010989,0.8924444444444444,2584.337284519096,8102.081069114036,0.030769230800000005,14.734561213434452,16.746840304940367,2.537024604050107,Others
E01016254,E02003377,16.155972698335386,11476.280950276243,649.7361477572559,11.279683377308707,0.91929394959698,1420.2481442875592,7328.8180254941135,0.9182357879587428,4.511873350923483,7.802795400959872,6.826583183790542,Others
E01016255,E02003377,14.74176724868829,2709.268734978541,641.6938110749186,25.798045602605864,0.91929394959698,4892.611762391771,16554.446201020703,0.23072747014115094,10.319218241042346,2.337776904891341,3.843122986773094,Others
E01016256,E02003369,13.590347208294045,711.5836737994453,279.57622130665095,40.72984108298999,0.9006663890045814,3133.519388429997,11387.095064402734,0.16308612891666668,22.30443678354214,7.987196902711418,3.3248201700643905,Others
E01016257,E02003369,13.590347208294045,711.5836737994453,361.76694592536177,41.43183549124143,0.9006663890045814,3133.519388429997,14988.668589748422,0.2665651180502665,22.68886229282269,7.987196902711418,2.973333278610512,Others
E01016258,E02003371,12.336222333506575,258.86224204545454,110.74918566775244,3.7785016286645003,0.84765625,635.7641050269945,418.4659784188697,0.22903094462540713,1.385450597176983,14.353576414546987,3.6312238578757694,Others
E01016259,E02003372,14.122407086243893,1357.8414805194805,169.65428937259924,9.282970550576183,0.8921324314702741,883.7279217451727,1574.8957720247686,0.9218950064020488,3.885894649078402,6.064960487010918,5.930647094200827,Others
E01016260,E02003372,12.202657585846286,204.6377340862423,162.37745098039215,18.19852941176471,0.8921324314702741,2226.434316128367,2955.030817474049,0.0459558825,7.617989056087554,12.612663322485457,2.4482426654164087,Others
E01016261,E02003371,11.47290901924174,87.98201816849817,104.74430067775724,21.873074553296362,0.84765625,984.7808087311562,2291.0798977574746,0.040203327149999996,8.020127336208665,15.694039821720247,2.4343148636719403,Others
E01016262,E02003372,13.0962932335633,594.7892236874237,188.6120996441281,10.0355871886121,0.8921324314702741,3342.696651168142,1892.8331708058408,0.2669039145907473,4.20094347430274,15.315388782717184,2.85347722597312,Others
E01016263,E02003373,13.988908872452324,778.3630510471205,175.4015215553677,27.726120033812343,0.8996875,3877.048011961875,4863.203640757448,0.18068469991546915,13.863060016906172,10.77522943505224,3.300787554063117,Others
E01016264,E02003377,14.672503179915934,2206.051921348315,560.9339407744875,20.842824601366743,0.91929394959698,3689.3530432225684,11691.447740516083,0.4484624145785877,8.337129840546698,10.795181244477448,4.168508485191499,Others
E01016265,E02003377,13.36335646518961,665.5388281380754,628.5896617740906,27.12188895979579,0.91929394959698,3476.3129876997077,17048.539007912477,0.13674901996535693,10.848755583918317,-4.1011474865136215,3.09874002362822,Others
E01016266,E02003377,13.339884307527884,739.8746697619048,711.1913357400722,26.787003610108304,0.91929394959698,4098.8829626693405,19050.68487794706,0.12033694344163653,10.714801444043323,8.892293981629694,2.9156062290747062,Others
E01016267,E02003381,13.4550051287895,757.9595534782609,212.48339973439576,28.61885790172643,0.9040060468631896,2174.254882115064,6081.032223474407,0.26145418326693226,13.528914644452493,7.916652004729239,3.6013042818579835,Others
E01016268,E02003381,12.35758217616293,217.49240962616824,184.43804034582132,12.968299709942364,0.9040060468631896,2515.633119177452,2391.847785119053,0.0432276655,6.130468953790936,12.849397290889069,2.7463730754213693,Others
E01016269,E02003381,15.63840371195609,6801.911474725274,223.6198462613557,24.94758909823899,0.9040060468631896,3415.2738361666693,5578.776038739676,0.5310971348707196,11.793405755531158,-5.84227682667876,5.278186085251047,Others
E01016270,E02003381,12.733136936754967,365.8632941684665,214.47721179624665,25.0,0.9040060468631896,4198.936707050165,5361.930294906167,0.0261394101,11.818181818181818,4.0740666406387565,3.4012973766624888,Others
E01016271,E02003374,11.07109752361295,68.6072823479189,97.9020979020979,3.4265734265734267,0.8587105624142661,981.0701072916358,335.46872707711873,0.06993007,1.6447552447552447,15.92393966381697,3.013080911888604,Others
E01016272,E02003372,10.509823780020229,38.08205221183801,171.85473411154345,26.459143968871594,0.8921324314702741,260.9872091927896,4547.129151589476,0.07295719844357974,11.075920731155552,3.4701364848150047,2.519871524823857,Others
E01016273,E02003372,13.179689803984902,480.926176294278,154.8801870251315,-0.9351256575102305,0.8921324314702741,4114.288240461654,-144.83243672718356,0.07013442431326704,-0.3914479496554453,12.87538226014812,2.9465945489924428,Others
E01016274,E02003374,11.899479567209664,164.09030412486064,97.42519137091162,18.16283924843424,0.8587105624142661,2143.58805098985,1769.5180896178103,0.03572257033333333,8.718162839248434,-18.59392942589849,3.013080911888604,Others
E01016275,E02003374,13.590347208294045,711.5836737994453,97.02009702009701,19.404019404428283,0.8587105624142661,3133.519388429997,1882.579845197477,0.033264033,9.313929314125575,7.987196902711418,2.3564101796889534,Others
E01016276,E02003374,12.552638759278382,221.14120234558249,71.72131147540983,10.450819672131146,0.8587105624142661,4111.043830676383,749.5464928782584,0.02151639344262292,5.01639344262295,7.1909249891595595,2.5681749189710104,Others
E01016277,E02003367,14.471789481215643,2106.6723519125685,288.58625162127106,18.2230869001297,0.9072830578512396,1665.8903578698714,5258.932341477118,0.708171206225681,7.517023346303501,7.473929604631827,4.49815274282818,Others
E01016279,E02003379,14.456512008284864,1084.1690816676185,95.0262838657501,9.421754953497782,0.8865784499054821,1600.6842868488234,895.3143607246174,0.07902008356921414,4.106918825883649,-2.0677869917372402,5.372886660847761,Others
E01016280,E02003379,13.460146859966708,589.5016603868797,125.66844919786095,5.080213903743317,0.8865784499054821,1102.3660434989636,638.4226028768339,0.35650623885918004,2.214452214452215,16.557902239824088,4.978642264860038,Others
E01016281,E02003379,12.011003916048681,170.8770731048806,159.10629654705482,12.457684495599187,0.8865784499054821,764.8009314088879,1982.0960436464513,0.022342586323628972,5.430272728850928,14.02101708553387,4.978642264860038,Others
E01016282,E02003379,14.04644870037171,1235.0787352941177,156.8758344459279,17.62349799732977,0.8865784499054821,6727.774062781971,2764.700954187247,0.06884178905206943,7.682037588579644,2.707494690239578,3.239932567393811,Others
E01016284,E02003373,13.532509124079578,869.1092357554786,308.5501858736059,23.3457249070632,0.8996875,6679.673931026756,7203.327759428422,0.09758364312267652,11.6728624535316,-3.8453773532578124,2.5915163848462583,Others
E01016285,E02003373,14.35909335014914,1797.6669989561587,270.88772845953,26.697127938955617,0.8996875,5508.034808183018,7231.924343777142,0.2175805047867711,13.348563969477809,5.343874281051391,3.3799396962822152,Others
E01016286,E02003367,13.884728863372423,970.7147961956522,245.44953116381689,20.62879205736349,0.9072830578512396,1599.9118407841363,5063.327338955738,0.22752344180915612,8.50937672366244,5.921577255675462,4.428576195326862,Others
E01016287,E02003367,14.315312350365552,1715.2898168574402,312.9395218002813,25.879043600562582,0.9072830578512396,5420.298693125642,8098.575529008684,0.1582278481012658,10.675105485232065,9.8295421169357,3.608238650950279,Others
E01016288,E02003367,14.597012979623845,1998.8574748398903,260.3861907548274,25.570509069631363,0.9072830578512396,9760.08784146072,6658.207452303076,0.08191925102399064,10.547834991222937,10.301003538365187,3.4170707308184456,Others
E01016289,E02003387,11.750721156288753,171.64276197564274,237.76223776223776,32.37762237762238,0.8680795847750865,3272.592958822633,7698.1759499242025,0.026223776,16.69471153846154,16.124289341073023,2.3496595003799743,Others
E01016290,E02003387,13.48678012773512,780.7332287418654,219.3548387096774,24.70967741935484,0.8680795847750865,3227.0173404613706,5420.187304890739,0.12096774193548385,12.74092741935484,0.6655659686003461,3.309995418235685,Others
E01016291,E02003387,13.585868804870538,650.9560136773136,174.00204708290687,26.20266120777891,0.8680795847750865,3179.9045929797403,4559.316689173404,0.15921755942226773,13.510747185261,4.969922663185856,3.316292874571712,Others
E01016292,E02003387,12.879792783173295,383.85829589041094,208.2057562767912,11.63502755664421,0.8680795847750865,2785.937990010239,2422.4797117324138,0.1102265768524188,5.999311083894671,14.174318346261174,3.056827372913802,Others
E01016294,E02003386,11.819711649489692,138.536223343527,230.15343562374915,20.680453635757168,0.8772555134773892,3461.0102184160096,4759.677454527166,0.013342228,9.006004002668442,10.115262623743858,2.4571071324302167,Others
E01016295,E02003386,13.888720248426633,1012.1873292568204,223.01228183581125,-3.2320620555914683,0.8772555134773892,2982.5698749041994,-720.789534052396,0.6787330316742082,-1.4075108951769295,6.014284139349075,4.012682488527323,Others
E01016296,E02003376,15.336903847794296,4620.180696266398,318.4713375796178,13.82165605095541,0.9134948096885812,13816.499049970927,4401.801290113187,0.16719745222929935,6.075453209211168,11.262628437912703,4.174248798770492,Others
E01016297,E02003376,13.802844647809986,981.5238219681909,275.4820936639118,1.1570247933884303,0.9134948096885812,8907.247851087086,318.7396125036998,0.1101928374655647,0.5085823267641452,-8.605220107266435,2.9934296244913154,Others
E01016298,E02003376,15.74367076632288,9591.137560669456,405.18638573743925,21.150729335494326,0.9134948096885812,5379.753232386646,8569.987575159776,0.8319827120475419,9.297023883733768,0.49605615607126613,5.40062121535596,Others
E01016299,E02003376,14.842886439944255,2956.3218444444447,325.94524119947846,16.036505867014345,0.9134948096885812,9069.967592094985,5227.022772820842,0.21729682746631898,7.049013567918393,9.171934938043519,3.4957800241481034,Others
E01016300,E02003384,13.495026829695048,813.6736134529149,307.6402974983096,20.35158891142664,0.8873324477720081,6876.646307068418,6260.968867274591,0.08874239350912777,10.412440838404327,8.699552344958612,2.8512265974442617,Others
E01016301,E02003384,14.869498396864095,2410.9821201680675,225.58254833911752,27.36737729300942,0.8873324477720081,6483.91714442415,6173.602711115164,0.18591968269707485,14.001913963865285,6.825927113818669,4.295024348552021,Others
E01016302,E02003384,13.944092211441363,1208.515701381509,298.752462245568,21.470781352593562,0.8873324477720081,4601.406017516517,6414.448795423553,0.15758371619999997,10.985050924582753,-5.711608824334259,3.480716875560156,Others
E01016303,E02003368,14.779841429190506,3025.4105224913496,337.07865168539325,20.365168534606738,0.8910803324099723,8616.344616574084,6864.663550991036,0.1504815411428571,6.016981612497444,-1.1381811617136843,3.677869061593884,Others
E01016304,E02003368,15.37803636268638,4898.208717659138,304.95552731893264,16.264294790343072,0.8910803324099723,7008.881354196573,4959.88659425964,0.2620711562897078,4.8053598244195435,3.662619802993966,4.688610193221929,Others
E01016305,E02003368,14.860136211614948,3539.64297260274,393.44262295081967,13.606557377049185,0.8910803324099723,7851.55426850752,5353.399623757056,0.3756830601092896,4.020119225037258,3.233287966078647,3.626525212366961,Others
E01016306,E02003368,13.004982860326471,547.5645044334975,352.94117647058823,-0.4411764705882284,0.8910803324099723,4255.325364497494,-155.7093425605512,0.0965073529411764,-0.13034759358288564,3.008619548088865,2.8980643163758324,Others
E01016307,E02003388,14.455295241655138,1812.6879349904398,190.61583577712608,12.84457478005865,0.901367188,13736.04226314063,2448.379356902675,0.10557184750733135,5.660321089517371,-12.261927923042084,3.0415179287031244,Others
E01016308,E02003388,14.676647879411568,1986.4390394626366,160.65249629263468,32.03163618388532,0.901367188,9455.40482011521,5145.962313278659,0.08753501400560221,14.115636284424038,7.3482453912139425,3.6783492051407554,Others
E01016309,E02003375,14.825650532812222,1710.8936803738318,267.78413736713,22.853638593622236,0.914485767,3099.880266583156,6119.84189649328,0.19317252657399836,11.21121893272034,7.643653872738275,4.607766811835357,Others
E01016310,E02003378,15.575256079594741,4842.464535833334,229.2409577177789,11.512990319077943,0.8911967153725395,5431.855557032839,2639.248926940945,0.3565970452,6.845561811343642,-15.332538733462144,4.782713679328946,Others
E01016311,E02003378,13.795069302196335,894.7627857534246,267.06231454005933,28.01186943620177,0.8911967153725395,591.2448226458802,7480.914686225991,0.691818567189487,16.655706151255107,14.432451508074331,6.812797137205154,Others
E01016312,E02003386,14.409523546245088,1297.450820200573,170.87667161961366,21.64437840515106,0.8772555134773892,7484.394557120989,3698.519341147655,0.09630730284519289,9.425777692565783,-11.906104003795946,2.9236453346590903,Others
E01016313,E02003369,13.590347208294045,711.5836737994453,264.47661469933183,21.993318485523382,0.9006663890045814,3133.519388429997,5816.71841905546,0.155902004454343,12.04396012302471,7.987196902711418,4.005677269505934,Others
E01016314,E02003369,13.590347208294045,711.5836737994453,298.93014474512273,38.074260541220895,0.9006663890045814,3133.519388429997,11381.544214650678,0.23599748269351795,20.850190296382873,7.987196902711418,4.154215959259491,Others
E01016315,E02003370,12.882389305889747,381.86711524271846,140.8450704225352,24.237089202314557,0.8646446355817112,1859.138275434203,3413.6745355372614,0.15404929577464785,10.772039645473136,3.9843916561386616,3.234434163784053,Others
E01016316,E02003370,13.590347208294045,711.5836737994453,115.66265060240963,25.06024096385542,0.8646446355817112,3133.519388429997,2898.5338946146026,0.0578313252,11.13788487282463,7.987196902711418,2.936194560837795,Others
E01016317,E02003370,10.38012324346238,35.5932942320442,157.68725361366623,23.718791064388967,0.8646446355817112,196.99161454521442,3740.1510219798633,0.15056942619360483,10.541684917506206,15.801806323600747,2.3854545708163406,Others
E01016318,E02003370,10.348745430654665,34.04236998909487,157.37704918032787,14.49180327868853,0.8646446355817112,346.09390867814255,2280.677237301801,0.098360656,6.440801457194901,16.45198769649523,2.635407821110098,Others
E01016319,E02003386,13.862536501096265,958.0879351005484,183.90191897654586,16.4179104477612,0.8772555134773892,10270.59257338526,3019.285236928366,0.06996268650000001,7.149735194992781,-4.843935056886166,3.307472611098843,Others
E01016320,E02003386,12.633935870845683,320.2445213987474,231.07836570663093,26.523777633114538,0.8772555134773892,2390.607506356615,6129.071187826199,0.08037508372404552,11.55067735635633,10.001411218644217,2.922462411626216,Others
E01016321,E02003387,12.640823765277851,294.4849563393708,201.30254588513912,21.49200710479574,0.8680795847750865,3014.424253678927,4326.39574637688,0.03126110112,11.081816163410304,-0.49516786901600346,2.7754595973314644,Others
E01016322,E02003387,12.821721570260014,423.535990160183,233.9986235375086,30.488644180165174,0.8680795847750865,3516.529623915444,7134.300771683523,0.0481761871988988,15.720707155397667,1.9924814823714838,2.4580491956181176,Others
E01016323,E02003378,13.011804827790149,493.5677547960309,280.54862842892766,15.274314214463839,0.8911967153725395,1507.9623998497984,4285.187903060304,0.16365336658354115,9.08202466805958,1.201790195613869,3.18370450185676,Others
E01016324,E02003378,14.190267257780338,1267.1049285714287,247.25274725274724,12.252747252747255,0.8911967153725395,419.29640125100906,3029.5254196353103,0.30219780219780223,7.285417285417288,8.558611456924169,6.812797137205154,Others
E01016325,E02003378,12.578004670276766,298.46283487654324,281.9548872180451,6.516290726817044,0.8911967153725395,3810.724820613081,1837.3000169596926,0.052213868,3.8745512429722964,14.435261957456467,2.625248134341072,Others
E01016326,E02003384,14.48109974987453,2251.892982638889,331.39111434814276,28.040786598689003,0.8873324477720081,4946.947636806543,9292.467518138017,0.1770251679210164,14.346448957468793,8.544774632551048,3.969914483843924,Others
E01016327,E02003375,14.874493802069845,3581.9090012422357,529.0791599353796,21.728594507269786,0.914485767,7095.0312958226295,11496.146528482803,0.12621163166397414,10.659310513000271,6.708956843262708,5.055258056538531,Others
E01016328,E02003375,14.677627443061635,1742.580965415747,317.9611650485437,16.01941747572816,0.914485767,5982.84077350741,5093.552643981528,0.05825242718446602,7.85858215790438,11.317927719082794,4.144895080820002,Others
E01016329,E02003380,10.379798259038978,33.613219498956155,150.4035216434336,16.507703595011,0.874479477,1527.0912250579213,2482.816754935624,0.00440205429200292,4.9076956633816495,15.992283009340108,2.2022121188472585,Others
E01016330,E02003382,11.192910300649105,79.79428852747252,173.28519855595667,8.231046931407942,0.9149305555555556,1105.1355909721815,1426.3186018324232,0.072202166,2.675090252707581,3.863807614912131,2.7998390367299417,Others
E01016331,E02003382,12.268737820706665,200.12505667293235,150.56461731493098,6.022584692597242,0.9149305555555556,3752.8630126333446,906.788159487665,0.047399972444444445,1.9573400250941038,-9.25800160203125,2.4946094252493856,Others
E01016332,E02003382,15.651030990230591,6903.518251101321,146.96876913655848,2.816901408450711,0.9149305555555556,15031.227677404882,413.996532779039,0.40186772810777704,0.9154929577464811,2.871522268787879,3.8703673301593136,Others
E01016333,E02003383,13.710645084752715,1033.8055665901263,167.8376268540203,25.13661202197971,0.8934240362811792,7567.4013540618125,4218.869308919311,0.10245901639344263,10.869886279775008,-2.6612412182267575,2.9410120613537583,Others
E01016334,E02003382,13.040940422744685,401.4815887630662,142.68727705112963,12.841854934601663,0.9149305555555556,3858.7745248041538,1832.3693129039236,0.04161712247324612,4.173602853745541,14.138881125264303,3.2528133758958977,Others
E01016335,E02003383,11.822430023429442,139.62497786885245,144.29530201342283,17.718120805369125,0.8934240362811792,1541.0290410139435,2556.6415927210483,0.03171140945,7.661890077997459,10.001185739359986,2.465299003481792,Others
E01016336,E02003382,12.044616273083365,211.40339217391303,182.50950570342206,-6.311787072243346,0.9149305555555556,3088.7933053146926,-1151.9611386603826,0.068441065,-2.0513307984790874,10.112089832151016,2.545060572607748,Others
E01016337,E02003383,14.224829604103745,1009.9202287055667,92.5925925925926,9.776055124892334,0.8934240362811792,4078.3048717050688,905.1902893418828,0.15919158361018823,4.227483297250739,14.382533835808664,3.7753094121122976,Others
E01016338,E02003383,13.222667544831888,489.16156026548674,124.63768115942028,20.463768115942024,0.8934240362811792,3375.191477010668,2550.5566057550927,0.144927536231884,8.849197023110063,8.7353800607829,3.101622648811423,Others
E01016339,E02003377,15.682018706656422,3314.0331845207584,331.98517020559484,14.930906639703403,0.91929394959698,2092.070266234173,4956.83958210578,0.27721604314122,5.972362655881362,5.626674873130967,5.674885619945707,Others
E01016340,E02003380,13.83989630786735,786.4040782808902,100.63819342169857,4.860088365243012,0.874479477,7119.513800038058,489.1105129478731,0.0552282768777614,1.4448911356127874,4.020335073538238,2.875991071941442,Others
E01016341,E02003380,13.17698709346581,627.1621913301663,158.179012345679,7.021604938271606,0.874479477,8127.9166436327205,1110.6705342173452,0.077160494,2.0875041708375046,27.206835579414726,2.551630281830908,Others
E01016342,E02003380,13.646700680826505,573.434133808554,98.60509860509859,14.526214526224143,0.874479477,3668.1905785223726,1432.358815717147,0.06947784725562502,4.318604318607178,3.4544347937938644,3.7658173468339937,Others
E01016343,E02003380,11.559869451716667,130.8431088639201,150.84621044885947,8.094186902133924,0.874479477,1778.1336916829948,1220.9774208516958,0.024527839,2.406379889823599,7.210226980125199,2.489147644045255,Others
E01016344,E02003375,16.694829874812438,16874.076236966823,411.4321608040201,7.91457286432161,0.914485767,2149.0820758330015,3256.3098154087024,3.053461753210497,3.8826206504219214,2.207553175387875,6.7015733132202975,Others
E01016345,E02003375,15.354003254254836,4733.296354674797,434.3501326259947,16.976127320954905,0.914485767,1502.6965551122503,7373.583153332535,1.124952633573323,8.32791151594014,1.5130135831625644,6.342272815710753,Others
E01016346,E02003385,16.404057723307634,11504.251261884185,861.5567439096851,14.676173499702918,0.9244470868014268,4840.411681834556,12644.356253457654,0.7922360863537334,6.416559576614299,2.020354400373648,5.602425047050412,Others
E01016348,E02003385,15.46858832283327,2927.707048206278,577.9194898365884,22.200079713033084,0.9244470868014268,3970.5983901179407,12829.858742087674,0.3539258668792348,9.706081362907488,2.0355771928427036,4.58024204566324,Others
E01016349,E02003371,12.938685777679613,546.7819076215505,139.91769547325103,14.403292181069958,0.84765625,1898.1077473122027,2015.275449203204,0.2160493827160494,5.281207133058984,15.546888497896157,3.3564091988720213,Others
E01016350,E02003371,11.060496721642552,65.98250991701245,112.80690112806901,11.745189116894494,0.84765625,1529.7436480193878,1324.9383874399894,0.03697032894113186,4.306569342861313,15.777384620331059,2.31560003007154,Others
E01016353,E02006939,15.525725402789643,2859.435612202689,704.656862745098,12.58169934640523,0.8878638941398865,6086.85519830492,8865.78078943996,0.07046568627450979,5.5478359322731725,-36.78553443942533,4.023939980455218,Others
E01016355,E02003395,15.941038892997234,5028.404172869147,310.7210626185958,38.04554079696395,0.925207101,3365.0377469551086,11821.550864331775,0.5977229601518027,12.240739212936226,1.3945304462174377,5.224493200271463,Others
E01016356,E02003396,12.201020503425061,157.55433072050673,138.38748495788207,11.010830324909747,0.9102079395085066,1309.2656082902067,1523.7611159622393,0.1203369434416365,4.129061371841155,-4.800443363906427,2.825596171623838,Others
E01016357,E02003396,13.157643221099027,366.56318506723284,123.7224314147391,24.90586336740183,0.9102079395085066,2096.7294252922597,3081.4139722982363,0.1498501498501498,9.339698762775686,15.863464418808844,2.9472245694889474,Others
E01016358,E02003395,14.154283609964338,888.6788157061432,312.20209723546236,14.156339370829361,0.925207101,12429.480607025478,4419.6388407498725,0.071496663,4.554648319310316,5.4544409310037665,2.6535940153061515,Others
E01016359,E02003395,15.535613887710644,2402.195501935484,200.06108735491753,11.820403176542458,0.925207101,2808.849598479254,2364.8027124726054,0.34208918760000007,3.8030862394093123,6.536152936401397,5.063828449271508,Others
E01016360,E02003395,15.190542920170438,1868.3059612659424,235.35752784764642,8.515989938914839,0.925207101,9903.748434421383,2004.302339198426,0.14148401006108513,2.7399271977378175,13.539967568715953,3.1362765185463,Others
E01016361,E02003395,14.237563785965971,954.9710081402629,296.38009049773757,13.665158373076924,0.925207101,9379.845326808041,4050.080875278455,0.0509049773755656,4.396616172207358,14.228928537726848,2.7980737037497985,Others
E01016362,E02003392,15.313508674639749,3435.272831029186,182.8940290478752,38.676707907477144,0.9044995408631772,6722.273364396919,7073.738939506309,0.45992469069392145,16.759906759906762,2.0145310766528928,4.01551778167613,Others
E01016363,E02003392,13.305711240865381,453.2944151698114,177.73131207527445,11.343439619905903,0.9044995408631772,2890.488955714924,2016.0844070925284,0.052273915316257163,4.915490501959224,7.494437804409126,2.869942267495692,Others
E01016364,E02003391,14.442967995518302,2022.50723650108,211.45975443383355,45.225102319236015,0.8728836334318731,5156.500955269883,9563.289030670643,0.6101258147642868,24.668237628674188,8.70513815857801,3.391180715275501,Others
E01016365,E02003392,14.063948303223965,1082.787168918919,207.44356314826112,44.966442952590604,0.9044995408631772,5460.551446197811,9327.99914818841,0.08812961833096057,19.48545861278926,-1.6168081918181818,2.968361076757859,Others
E01016366,E02003392,14.047091917836392,1185.880417685795,221.49837133550488,30.358306188925084,0.9044995408631772,6619.331928993398,6724.315377351484,0.06718241042345277,13.15526601520087,-5.562582794568411,2.949740689702998,Others
E01016367,E02003392,12.64566965772531,275.67968428063944,212.63289555972483,23.577235772357724,0.9044995408631772,3148.6198501182985,5013.295911570748,0.035021888800000005,10.21680216802168,-1.2537802740358126,2.5582345558645145,Others
E01016368,E02003405,12.591447837578693,258.3762412126538,457.8532443905397,-7.155852031534261,0.9134687075128284,5325.670503336235,-3276.330069016596,0.037733306333333334,-3.085550875982663,14.905648001196617,2.299781165661311,Others
E01016369,E02003406,11.477774617801526,80.7232247826087,194.8051948051948,0.05411255411255311,0.910136878,1570.2486185225348,10.541406645302553,0.013708513599999996,0.021440823327615384,16.603934269766313,2.377135824258342,Others
E01016370,E02003404,13.538081542552666,226.66118749626082,47.77892561983471,15.625000000000002,0.912037037,1350.1952154302273,746.5457128099174,0.14389020070838252,5.371093750000001,14.189844633051438,3.0881291228199585,Others
E01016371,E02003404,12.666782419764067,307.80460563106794,106.32183908045977,20.51724137931034,0.912037037,1785.2563581733166,2181.4308363059845,0.08620689655172414,7.05280172413793,-15.061393072443927,2.778322254087542,Others
E01016372,E02003405,11.064449414592783,64.37405298387097,517.1232876712329,-8.424657534246576,0.9134687075128284,939.8474474684848,-4356.586601613812,0.068493151,-3.6326504964182478,16.390094034972098,2.2787021525307134,Others
E01016373,E02003404,13.942140015059941,1025.2894083107499,116.79292929292929,0.31565656565657463,0.912037037,6496.1925311810355,36.86645495357721,0.1578282828282828,0.10850694444444753,9.614601795410092,2.927132182061734,Others
E01016374,E02003402,12.175060562041814,135.30479532449408,148.97074756229685,25.027085590465873,0.9044628099173554,1665.1305304017517,3728.3036497172884,0.081256771,9.669555796316358,15.86014340471327,2.617833693163632,Others
E01016375,E02003402,10.379717702952956,30.29056470366886,195.45131485429994,8.38663823738451,0.9044628099173554,2130.7913257333425,1639.1794707041508,0.004738213693437566,3.2402920462621965,16.40652540279761,1.810744769139136,Others
E01016376,E02003402,14.736438247315002,1687.9155322580646,141.53371075656202,20.84405558414823,0.9044628099173554,4099.5148922749795,2950.136534040537,0.1372448104306056,8.053385112057269,14.996924454432637,4.048963580181759,Others
E01016377,E02003405,15.620402385072898,4479.965214443626,396.3254593175853,3.7795275590551185,0.9134687075128284,3879.239247074701,1497.9229958459919,0.296962879640045,1.6297045438127573,6.134227306503373,4.662438593778484,Others
E01016379,E02003402,13.510179278773055,431.4275299765808,126.55315232397606,27.74965485503911,0.9044628099173554,12499.531514093866,3511.806297807527,0.017257248,10.721457557628746,-15.598974377573553,2.377692565480851,Others
E01016380,E02003393,13.371105677531258,572.5042469642857,160.8187134502924,18.3625730994152,0.8786776859504133,7251.628646260118,2953.0453814849006,0.0276315788,7.869674185463656,16.027325927834358,2.811148159105777,Others
E01016381,E02003394,11.128627531563357,63.22363283194058,155.2598225602028,3.485424588086186,0.9096,2216.9643164246945,541.1464030932292,0.008147745790331314,1.0456273764258557,9.774057351046636,1.886311786169278,Others
E01016382,E02003394,15.113157753740156,2668.1287747813412,122.31652521218172,-1.647528706939589,0.9096,5938.055602179617,-201.51998662016936,0.22466300549176235,-0.49425861208187666,4.79752595218182,3.765423741753722,Others
E01016383,E02003393,11.990072713947827,159.39275113748764,177.41935483870967,9.93548387096774,0.8786776859504133,1647.0414013066988,1762.747138397502,0.096774194,4.258064516129031,14.691218744697542,2.843629495344033,Others
E01016384,E02003393,12.911234664726317,385.18926993339676,153.45982142857142,27.455357142857146,0.8786776859504133,3451.264935269417,4213.29420440051,0.03720238095238093,11.766581632653061,-5.533794085184132,2.5553651134365616,Others
E01016385,E02003394,13.590347208294045,711.5836737994453,137.79527559055117,8.548931383577056,0.9096,3133.519388429997,1178.0023560047123,0.06026032457142856,2.5646794150731167,7.987196902711418,2.604983349281507,Others
E01016386,E02003390,12.017198570199195,206.971438,215.7788267026298,45.85300067430884,0.8355029585798817,1753.9202370873634,9894.106686297255,0.08850303438975045,31.801274661214197,11.108579435920731,2.661796816584748,Others
E01016387,E02003390,11.514988822782636,109.39470393013102,208.87728459530027,37.07571801566579,0.8355029585798817,1396.5878854680575,7744.275303533325,0.0469973892,25.713804430219824,11.634769181354905,2.2910184566225804,Others
E01016388,E02003401,13.527528417563275,709.3415163670767,179.73856209150327,14.18300654045752,0.8720661157024794,1669.676869901564,2549.2332017162207,0.12745098039215683,8.779956429807036,14.765953497065125,4.1929825321191005,Others
E01016389,E02003401,12.02271675239477,131.92818256735342,142.85714285714286,1.1948051948051948,0.8720661157024794,2116.3139909443903,170.68645640074212,0.0374025972,0.7396413110698825,-9.040529758426448,2.383796348418869,Others
E01016390,E02003401,13.334040256677737,489.59846458003165,157.0531125071388,32.15305539691605,0.8720661157024794,1632.9220042537258,5049.737426700123,0.2248715019988578,19.90427238856708,-1.422092686813223,3.739382436287043,Others
E01016391,E02006940,13.724421141682317,542.7675837693223,413.260672116258,28.29246139872842,0.891975214,1292.0771614120417,11692.16161346179,0.06563635331516801,17.256394895678326,0.07130074071558341,3.676579114151095,Others
E01016392,E02003401,13.013387530750498,258.13185860679334,111.02139685102948,24.263221642329434,0.8720661157024794,1598.4716358869632,2693.736758837543,0.09689140088817114,15.020089588108698,-21.285521329401654,3.7890867145309617,Others
E01016393,E02003401,12.481681178498238,186.5902366855524,130.76557299096527,26.86638135996196,0.8720661157024794,923.2878260598085,3513.1977527292142,0.14146457441749877,16.631569413309784,12.883109304776196,3.810588107772792,Others
E01016394,E02003397,12.7951394917615,375.87086590198123,131.08614232209737,-3.433208489388269,0.8804759329367225,3440.7978000965627,-450.04605666138355,0.1456512692467748,-0.9809167112537911,14.252345393537002,2.699480250419143,Others
E01016395,E02003396,14.154266395183742,1467.7821066945605,148.6748545572075,7.045895281189399,0.9102079395085066,6986.60957160455,1047.5474561561487,0.09337068160597568,2.6422107304460245,15.039076166779212,3.4610059843510164,Others
E01016396,E02003394,12.16573905619985,176.39375270890727,146.97060587882424,7.858428315332937,0.9096,2450.3691708984697,1154.9579707597898,0.043191361799999994,2.357528494599881,36.14273605872,2.7593768282675506,Others
E01016397,E02003394,13.726742264136085,755.6206222130471,130.1806588735388,4.4102019128586605,0.9096,3346.051091145415,574.1229907812815,0.1580765143464399,1.323060573857598,15.250852632103083,3.5300009490464483,Others
E01016398,E02003396,12.178468547513939,148.40097841342487,124.79652740097667,13.944655453065657,0.9102079395085066,3646.617100008357,1740.244576345687,0.02034725990233315,5.229245794899621,15.79215830288991,2.2352693857091785,Others
E01016399,E02003396,13.590347208294045,711.5836737994453,144.29109159347553,19.008782936010036,0.9102079395085066,3133.519388429997,2742.798039700319,0.012547051442910899,7.128293601003763,7.987196902711418,2.0690123461892966,Others
E01016400,E02003396,13.531339870444956,580.7385554012346,125.68306010928961,13.661202185792352,0.9102079395085066,4723.301834408457,1716.9816954820988,0.15368852459016388,5.122950819672132,5.161206718015773,2.879872387459456,Others
E01016401,E02003400,13.463323789225077,678.7140767374517,183.0110497237569,36.671270718392265,0.903846153846154,2312.410905281975,6711.247748877037,0.20545580110497239,16.741232284483424,1.874293329103557,2.9813797673295905,Others
E01016402,E02003398,14.233626783479712,917.8829135951662,153.0852567121997,16.957136128120585,0.9140828402366864,5995.854450349354,2595.887537277056,0.17859946616423297,6.2473659419391625,16.14895793140527,2.8120497911206948,Others
E01016403,E02003400,14.365042778902417,1207.276256445993,123.54312354312354,31.934731936130532,0.903846153846154,6093.16352997855,3945.316532901907,0.13869463869463866,14.578899362146545,10.566330837330927,3.3588812158682075,Others
E01016404,E02003398,13.771527388336617,564.9168025383708,138.47464848743076,15.67959096719216,0.9140828402366864,8838.926635091313,2171.225847608629,0.063911376,5.776691408965532,10.118432637799225,2.6101433194506165,Others
E01016405,E02003398,12.459067252298127,146.849638654504,134.91075134910753,7.638024076380244,0.9140828402366864,4716.658894498977,1030.4515669670318,0.01556662515566625,2.814008870245353,16.6362149060659,2.2113466125597747,Others
E01016406,E02003398,14.203297228606736,1098.9667143922447,192.99287410926365,19.35866983372921,0.9140828402366864,7402.589924300435,3736.0853301437014,0.09897070467141719,7.132141517689708,12.226732649767019,2.306776297612514,Others
E01016407,E02003389,13.952778585290798,1177.7562330595483,169.13946587537092,24.09495548999407,0.871811224,7216.389429415092,4075.4079018684333,0.19584569732937684,12.283702798820507,11.100878699751659,2.8653957718259875,Others
E01016408,E02003389,12.960964744140322,464.49278679039304,198.46796657381617,11.699164345403895,0.871811224,3811.463820394049,2321.9093582452024,0.04874651810584957,5.96427986236277,6.408147586127869,2.614105754925668,Others
E01016409,E02003391,12.881025934953733,357.07931581818184,165.50987720234917,17.084890549919912,0.8728836334318731,2057.8637050730313,2827.7181369328205,0.20243815625556147,9.319031209047225,13.273808363888827,2.753087299576931,Others
E01016410,E02003389,12.569461777030527,244.17494015280135,151.1134676564157,28.89713679745493,0.871811224,1228.0309894979662,4366.746546805226,0.13255567338282073,14.73187366144761,15.998268012007895,3.1899000526316272,Others
E01016411,E02003389,12.565997526996265,315.6865085903084,172.51815980629542,32.324455205811134,0.871811224,4740.966212516283,5576.5555288475625,0.031073446133333335,16.47913402649195,-4.876595314706051,2.418944894110241,Others
E01016412,E02003389,11.753990574302147,131.19524649484535,190.50802139037432,20.721925133689837,0.871811224,1308.440875524927,3947.6929566187187,0.1002673796791443,10.564118695606583,15.862556682969009,2.4193898725361302,Others
E01016413,E02003402,11.977614404991696,111.68484589473684,153.54550530429927,36.96259073143495,0.9044628099173554,1143.0029262259734,5675.439671214188,0.0390843104,14.281000964418046,16.938862156020527,2.7541064728608955,Others
E01016414,E02003402,14.41675231520274,1205.804253139458,147.05882352941177,45.45454545454545,0.9044628099173554,250.53927607493733,6684.491978609625,2.4064171125,17.561983471074377,3.899530374410936,6.062326005032723,Others
E01016415,E02003404,12.576789869786664,249.7876443965517,103.93258426966293,0.7303370786516865,0.912037037,6351.581396873166,75.90581997222584,0.02949438225,0.25105337078651724,16.57483874985281,3.0881291228199585,Others
E01016416,E02003400,13.63294186539479,446.9562297746781,122.68518518518518,27.731481481481485,0.903846153846154,877.6577823386316,3402.241941015089,0.19097222222222224,12.66002415458937,4.590534231012992,4.18839637485688,Others
E01016417,E02003400,14.392686736330626,1241.1157428571428,149.54853273137698,21.896162528216706,0.903846153846154,6283.5598910706585,3274.5389785425664,0.14813769751692998,9.996074197664147,4.636768644058267,3.103330284152009,Others
E01016418,E02003400,12.70213363798743,247.5108845516202,167.61543327008224,27.514231499051228,0.903846153846154,1739.1642615885073,4611.809833806816,0.07115749525616695,12.560844814784254,3.413030983793368,3.019985765354696,Others
E01016419,E02003403,13.678061244300723,597.7897983539094,113.42592592592592,22.083333333333332,0.8962932111620159,1359.1821353800337,2504.8225308641972,0.25655864197530864,10.772357723577235,-0.12331512026988754,4.212290547564426,Others
E01016420,E02003403,13.051136054746816,439.682801605288,154.7694251421352,-3.1585596967782674,0.8962932111620159,7326.381895242137,-488.8484685474893,0.054011370600000004,-1.5407608276967157,5.4210692991426646,2.9901668150811096,Others
E01016421,E02003403,13.805353907065589,1165.9525956419318,178.83211678832114,1.9708029197080315,0.8962932111620159,1228.7333642215299,352.44285790399096,0.421735604,0.9613672779063568,10.071987740208627,4.308729871862411,Others
E01016422,E02003403,12.741917428856953,383.5883895622896,166.66666666666666,8.911564625850339,0.8962932111620159,2819.3539410313615,1485.2607709750564,0.1360544217687075,4.347104695536751,-9.418552718067472,3.029650491757452,Others
E01016423,E02003403,12.205710613504488,189.8638240265907,150.95502156500308,0.3080714725816378,0.8962932111620159,7703.412093933211,46.50493578712339,0.0082152392688437,0.15027876711299404,-4.315628575343608,2.057962510002712,Others
E01016424,E02003403,12.220895155839223,208.19034020512822,166.66666666666666,24.35374149659864,0.8962932111620159,1748.7841679360672,4058.956916099773,0.0476190476190476,11.879873900779824,28.200476321032905,2.6985384407296147,Others
E01016425,E02003390,11.88744048293119,134.77997599629285,186.37157833430402,38.322655795331976,0.8355029585798817,1322.3711329965683,7142.253846538283,0.07644146767617938,26.578616116117338,-16.555280569159763,2.4443450380318774,Others
E01016426,E02003390,13.57102298207874,880.8826970753656,226.9503546099291,50.35460992907801,0.8355029585798817,3821.659121036631,11427.99657964891,0.10244286840031519,34.92335849919927,13.919902002583633,2.9701580224345605,Others
E01016427,E02003391,12.471293519079,259.44555243781093,182.35294117647058,36.647058823529406,0.8728836334318731,1037.7780586390093,6682.698961937715,0.175,19.98930481283422,14.125433233714615,3.1793030497483774,Others
E01016428,E02003391,13.751883509415995,808.2290224806201,161.9644723092999,31.765935214211073,0.8728836334318731,14062.94038600289,5144.952934381104,0.0268199232,17.326873753206037,8.581676402472453,2.808980919680651,Others
E01016429,E02003391,13.184161630246365,532.9387349699399,191.59456118665017,29.6044499381953,0.8728836334318731,6898.269734091869,5672.051595080681,0.051503914,16.14788178447016,6.054953269957751,2.418410658499636,Others
E01016430,E02003390,11.803420994188238,140.30219213011543,223.30774598743892,38.66015352407537,0.8355029585798817,502.63080263128813,8633.111742989615,0.2791346824842987,26.812687121536143,10.630156346112472,3.2050608358344728,Others
E01016431,E02003393,14.21906115256045,1439.5480548076923,162.05067766647022,16.91219799646435,0.8786776859504133,4885.809515579813,2740.633146156568,0.19642506383814573,7.248084855627577,8.078083262707999,3.1230695220151863,Others
E01016432,E02003393,12.202025280989226,219.85779580573953,179.15309446254074,12.833876221498373,0.8786776859504133,1928.4500365200245,2299.2286390306535,0.1520086862106405,5.500232666356445,-3.646923228597025,2.701562534966656,Others
E01016433,E02003397,14.579235480240603,2327.8253644251627,141.03425117528542,9.53660174356615,0.8804759329367225,8665.29766250212,1344.9874856607732,0.2686366689053056,2.7247433553046143,13.282135697758898,3.189076193629681,Others
E01016434,E02003397,12.480854607572438,203.9099384198296,98.82352941176471,4.800000000000001,0.8804759329367225,866.6135551766664,474.35294117647067,0.2352941176470588,1.3714285714285717,-0.3650595194699838,3.751736875494804,Others
E01016435,E02003397,13.590347208294045,711.5836737994453,137.524557956778,1.309757692946956,0.8804759329367225,3133.519388429997,180.12384775301953,0.0196463655,0.3742164836991303,7.987196902711418,2.158599242465664,Others
E01016436,E02003397,13.35282630588389,628.3337258483034,132.6595072646873,6.506632975363237,0.8804759329367225,5683.675947193372,863.1667244638534,0.04421983575489576,1.8590379929609249,7.825473122866068,2.7450890485371966,Others
E01016437,E02003406,15.446486863714062,5103.755338661338,250.0,3.4722222222222214,0.910136878,3127.4056103013822,868.0555555555553,0.28559027777777773,1.375786163522012,5.2350758702816425,6.077844057845504,Others
E01016438,E02003405,12.348821648282101,253.78113421342135,543.5565154787616,-6.479481641468681,0.9134687075128284,1175.0012111525332,-3521.964463145323,0.154273372415921,-2.7939049279727337,12.83047408502498,3.058002599280116,Others
E01016439,E02003406,15.922030751304712,5821.237876062323,171.34697762970015,8.138981437410756,0.910136878,1798.5907351129126,1394.5898702845654,0.43154053625257804,3.224879437464639,-6.978838358394855,6.077844057845504,Others
E01016440,E02003406,12.96891071820398,410.40161215311,236.06557377049182,-3.278688524590166,0.910136878,3129.2884318431725,-773.9854877721048,0.1311475409836065,-1.299103000309311,5.644523734388624,2.4402578981191185,Others
E01016441,E02003406,10.592991569828506,37.88359182509506,234.6805736636245,-6.714471968709258,0.910136878,415.09137724270056,-1575.756133465015,0.010951760159999999,-2.6604511574131022,0.603712434178876,2.915281149156364,Others
E01016443,E02003405,11.469552530400595,83.84800511383537,447.8054567022539,-8.481613285883743,0.9134687075128284,942.4409794668119,-3798.1127110570737,0.044483986,-3.657209398500329,16.838324918761135,2.290714920423558,Others
E01016444,E02003410,11.479923148585414,77.402105472,242.07492795389047,-1.5561959654178672,0.8939967550027041,767.3789805222219,-376.71602621066523,0.0403458213256484,-0.3890489913544668,16.133261382546568,1.955860479908481,Others
E01016445,E02003410,11.79725280484389,102.37733828967643,218.40873634945396,1.7160686427457108,0.8939967550027041,2624.887655827629,374.80438375101323,0.01950078,0.4290171606864277,12.08533174570619,2.279725798847963,Others
E01016446,E02003410,12.080023751347676,141.39001475541298,225.201072386059,2.305630026809652,0.8939967550027041,1318.4495930517712,519.2303545630316,0.06434316353887398,0.576407506702413,-11.192323223607355,2.345261367274482,Others
E01016447,E02003410,14.085845531760256,990.4779501133787,204.47906523855892,0.8763388510223926,0.8939967550027041,11625.244684141746,179.19294908929157,0.06389970824999999,0.21908471275559815,9.541797259059827,2.352897906867635,Others
E01016448,E02003410,14.299298988141656,937.692138150289,161.97454685692247,1.1183956806787485,0.8939967550027041,3039.2847916977935,181.15163358467964,0.18511376783648284,0.2795989201696871,13.650686776807282,3.867569424673841,Others
E01016449,E02003410,13.349955071128294,374.35019755515805,167.66467065868264,-4.9500998003992045,0.8939967550027041,2344.3534306758174,-829.9568527615432,0.12419605233976491,-1.2375249500998011,8.350089248103206,2.974866080872606,Others
E01016450,E02003407,11.181616029963791,63.99046039215686,159.70515970515973,5.712530712530716,0.8878604485582058,2604.305697143561,912.3206297653479,0.008190008333333332,2.066234513043025,-41.71531009066572,2.09777249836456,Others
E01016451,E02003407,12.75883096266602,292.35247754415474,140.99783080260303,4.7180043383947865,0.8878604485582058,3080.5273643677447,665.2283774309352,0.0711767895,1.7065122075044974,-0.6853535563816304,2.722478937754331,Others
E01016452,E02003407,12.430819383054343,183.71248569332354,127.76412776412775,5.454545454545455,0.8878604485582058,1495.4074609269223,696.8952423497877,0.05265005265005262,1.972920696324952,-6.936762226968316,2.845490610223448,Others
E01016453,E02003407,12.076522986131373,161.4863900735294,150.11547344110855,6.928406466512705,0.8878604485582058,1398.460027372928,1040.0610169129927,0.069284064665127,2.5060193602279996,-11.435634950708438,2.832330601612547,Others
E01016454,E02003407,13.590347208294045,711.5836737994453,150.28901734104048,3.0635838150288937,0.8878604485582058,3133.519388429997,460.42300110260834,0.0192678227360308,1.1081047841593872,7.987196902711418,2.1532726898070367,Others
E01016455,E02003407,13.292972640785356,419.9806070113315,120.4261232051876,11.764705882352942,0.8878604485582058,7253.779709141634,1416.7779200610307,0.03859811666666667,4.255319148936171,2.257468981337299,2.5863344424181136,Others
E01016456,E02007069,14.90595814834472,1876.169373896595,209.44741532976826,-1.3368983957219243,0.9143253555324315,1202.891821638489,-280.00991354247077,0.866508219449396,-0.5514705882352937,10.255844889609232,5.411797826051039,Others
E01016457,E02007069,11.481111358994033,70.14313094858798,217.19038817005543,7.902033271719031,0.9143253555324315,2023.8047252544575,1716.2456736173494,0.0173290205,3.2595887245841,15.345223416766242,2.1583682422336365,Others
E01016458,E02007068,12.724330821718517,273.2457939788446,143.24324324324323,3.2432432432432385,0.9106443574225704,1685.0053386699537,464.57268078889626,0.08108108108108104,1.2162162162162145,12.36640009781565,2.676490732194444,Others
E01016460,E02007069,14.339218533175321,1171.5996835530882,215.9926470588235,6.341911764705884,0.9143253555324315,6373.467606865019,1369.8063094723186,0.1102941176470588,2.616038602941177,13.443465664185101,3.194009197138073,Others
E01016462,E02003415,14.28779809897183,833.0687974025974,234.05823811279026,9.251750829340214,0.9210738421476844,2152.485531104763,2165.4484985739164,0.12094544784371544,3.634616397240798,13.765264377297335,4.262778463730784,Others
E01016463,E02003415,13.978905838204541,874.8150378900446,302.38095238095235,0.3333333333333286,0.9210738421476844,3867.586226606353,100.79365079364935,0.08078231292517006,0.13095238095237907,11.801977377871506,3.028151059809492,Others
E01016464,E02003415,14.220238298283617,995.9424292358804,270.09783071033604,-1.658868566567417,0.9210738421476844,8514.329577980789,-448.056801263424,0.06684085799355897,-0.6516983654371994,13.121661888423962,2.5483508223445352,Others
E01016465,E02003415,15.108878428159814,1630.890798657718,192.83328272092317,7.531126632250228,0.9210738421476844,1989.0803147919958,1452.2518710837821,0.16398420892802917,2.9586568912411604,-11.059544852531467,5.555193521933751,Others
E01016467,E02003412,13.694143565312151,802.2716044384058,244.28934010152284,12.119289340101526,0.9046679815910584,3890.3812841662275,2960.613195392822,0.0916525662718556,3.86412123887295,-0.5887621264115712,2.98547989708964,Others
E01016468,E02003412,13.41043977674904,505.2489417424242,193.7594363361852,15.400100654252643,0.9046679815910584,3088.9954135640323,2983.9148222885087,0.07269473801934795,4.910177020196494,7.451048354653687,2.9342291409599413,Others
E01016469,E02003412,14.329898155363288,1326.4178231562253,191.35188866799206,10.437375745526847,0.9046679815910584,7116.635577385449,1997.2115616440537,0.12425447316103379,3.3278589333563855,10.369690352639749,3.2933151706830346,Others
E01016470,E02003412,12.946139348127609,327.7670560594214,205.00532481363155,13.631522896698614,0.9046679815910584,2051.8089266080974,2794.534779142155,0.1597444089456869,4.3462826627155,16.27649035109887,2.9342291409599413,Others
E01016471,E02003412,12.570281128221424,273.9047131303521,241.68236032642812,8.035153797865659,0.9046679815910584,4592.872550052807,1941.9549354540356,0.0536723163,2.561933094971659,16.556342893362817,2.2623879032426326,Others
E01016472,E02003412,12.326784636494969,197.254354020979,221.64651698330454,7.541738629821532,0.9046679815910584,2979.3533935525375,1671.6000992983822,0.035309921066666666,2.404612316754691,16.284951122253677,2.2097019655139896,Others
E01016473,E02003412,13.808146071984638,487.55479636542236,133.95963813500347,18.71955462756437,0.9046679815910584,1273.8443852049645,2507.664763956953,0.08505373849841491,5.968553649368349,6.5307541433138985,5.775563455750787,Others
E01016474,E02003414,13.28546253720594,428.6785907501821,202.36471123237837,3.910868576625738,0.901401338214872,1109.0138615743163,791.4217901766501,0.16105805669243597,1.64159915562068,14.740583915039977,5.775563455750787,Others
E01016475,E02003414,13.832513653559188,622.4892723378213,176.37732857709076,4.320253666270315,0.901401338214872,2094.0468677707677,761.9948004321403,0.19817677368212444,1.8134398105332181,10.885268604207932,3.4105204531230067,Others
E01016476,E02003414,11.059656460490613,51.502199805510536,241.71645844649646,15.860945138511676,0.901401338214872,421.39899576174986,3833.8514864952176,0.06110809342748505,6.657680675424653,16.49316841884715,2.649855956857484,Others
E01016477,E02003414,12.588071920288172,146.30115052421368,147.4486414844268,17.892644136999998,0.901401338214872,802.7899081129714,2638.2460705649437,0.15186657830793018,7.510492600716047,14.167757285859084,3.7759970754594345,Others
E01016478,E02003414,11.61631488148788,85.89567451587916,229.85537190082644,13.326446280991735,0.901401338214872,739.0782000326525,3063.1552660337406,0.0581095041322314,5.59381695745332,-27.307696795076385,2.709648922465907,Others
E01016479,E02003420,12.363560738564697,202.69468744588744,388.3495145631068,14.33466590519703,0.8352076124567474,228.97935283895663,5566.860545707585,0.029506948104930514,3.5836664762992574,-2.1421391890220587,6.083095238617433,Others
E01016480,E02003420,13.68751393403853,846.0147592307692,433.1210191082802,9.426751592356691,0.8352076124567474,2309.981817949311,4082.9242565621335,0.2354413102820746,2.356687898089173,7.008743193898172,4.1853880769851335,Others
E01016481,E02003420,13.885221853456223,960.7505268817205,444.44444444444446,11.633986928104584,0.8352076124567474,5345.236828787944,5170.66085693537,0.06740196078431371,2.908496732026146,14.056822668411366,3.679889162275804,Others
E01016482,E02003420,16.15539385862779,6658.1296664528545,318.65042174320524,8.762886597938145,0.8352076124567474,1495.625843846825,2792.297510120871,0.8347000937207123,2.1907216494845363,-0.40380865954282,6.083095238617433,Others
E01016483,E02003408,15.4789525640972,3532.4254451137886,374.89102005231035,-1.0462074978204008,0.9138538353681476,5402.247718889843,-392.21379604426534,0.4359197907585004,-0.33078619416380317,10.205307771542968,4.119069694608902,Others
E01016484,E02003408,13.32398495694198,480.51177007069913,453.5864978902954,4.11392405421941,0.9138538353681476,3312.887401464002,1866.0204043400279,0.12086849500000002,1.300725987731137,16.261276414730176,3.04932043272392,Others
E01016485,E02003408,12.173071998435308,142.17971102130787,439.4481349003577,3.5769034236075647,0.9138538353681476,2649.90962316147,1571.8635382230484,0.0214614204,1.1309327001112153,16.443107058828804,2.2651947037754865,Others
E01016486,E02003408,16.62663050571535,13845.570258118236,482.3331463825014,1.0095344924284895,0.9138538353681476,1974.9318599137043,486.9319481146949,1.7526640493550198,0.3191910527531253,-30.865421605629084,8.183162212499079,Others
E01016487,E02003408,12.6084683026899,234.94075137470543,468.15459989112685,3.81056069678824,0.9138538353681476,2466.180753158375,1783.931518365752,0.07144801275000001,1.2048096320727524,12.650310960634918,2.308666563309913,Others
E01016488,E02003408,10.35381627775372,23.29291483296214,427.860696517413,6.965174129353237,0.9138538353681476,312.12087496863626,2980.124254350141,0.037313433,2.2022241732513907,18.30123040095641,2.635407821110098,Others
E01016490,E02003419,13.924054231196196,818.3939706314244,162.96966953372566,4.934359438660028,0.8982344772862527,1606.958872313482,804.1509270790449,0.0636600271616116,2.138222423419345,-2.65767474221464,5.8887200511293525,Others
E01016491,E02003419,14.132137717188314,1158.2192033755275,192.3076923076923,15.598290598290596,0.8982344772862527,5420.440504135911,2999.6712689020374,0.16619183285849948,6.759259259259258,2.4351125294195577,2.819233730062825,Others
E01016492,E02003419,12.93026161651043,336.0019905537459,189.47368421052633,17.05263157894737,0.8982344772862527,311.41619042017334,3231.024930747923,0.1849624060150376,7.389473684210526,1.740021556484693,4.414191262102954,Others
E01016493,E02003409,13.590347208294045,711.5836737994453,428.2315622521808,16.73275178429818,0.9106472180976504,3133.519388429997,7165.492437367976,0.033306899200000004,7.120319909992071,7.987196902711418,2.038489330348406,Others
E01016494,E02003409,15.94074757193472,5910.290202540579,266.2721893491124,16.02564102564103,0.9106472180976504,3424.589024481644,4267.182521620392,0.2876397107166337,6.819421714743591,3.9268540970904637,5.83898330632491,Others
E01016495,E02003409,13.896483515590356,1027.8109696682466,346.3758819756254,14.753046824887752,0.9106472180976504,2670.5885637753763,5110.099605798196,0.07697241821680564,6.277892267479155,1.5614440457217516,4.05997738491825,Others
E01016496,E02003409,12.817128629048351,411.70299229050283,391.304347826087,8.695652173913043,0.9106472180976504,4734.529950042767,3402.6465028355387,0.0521739132,3.70027752173913,2.9089291072783423,2.4399092838572645,Others
E01016497,E02003409,13.197362188143504,584.5340938177874,392.15686274509807,25.272331154684096,0.9106472180976504,2476.615498115546,9910.718099876116,0.14751270878721856,10.754183472766885,5.652506229078748,2.910827766463547,Others
E01016498,E02003409,10.43762901562375,28.816435202702703,320.4747774480712,7.359050445103859,0.9106472180976504,1213.8412204877388,2358.390053623789,0.007912957333333333,3.1315108284866477,10.59003423736468,2.1390067790172265,Others
E01016499,E02003409,13.387918237733965,657.3348783266129,370.3703703703704,5.555555555555557,0.9106472180976504,485.26255447463143,2057.6131687242805,0.17416225749559075,2.364066194444445,-5.921586598178879,7.249355061527955,Others
E01016500,E02003418,11.479982462429158,78.41034914100487,202.2058823529412,19.747899159663866,0.8739612188365651,1148.3932158340133,3993.141374196738,0.020483193299999997,9.607086077674314,15.723268738371761,2.3603821917202623,Others
E01016501,E02003418,12.903150885342148,331.60571296449217,210.49753963914708,10.060142154182614,0.8739612188365651,3032.5065127882235,2117.6351718755095,0.06560962274466918,4.894123210142894,3.929724943909972,2.6651427000909336,Others
E01016502,E02003418,11.792293202180437,116.80949743816254,233.9003645200486,16.038882138517614,0.8739612188365651,512.713570284477,3751.5003786933667,0.11391251518833535,7.8026994187383,12.77597530316119,2.993930651607363,Others
E01016503,E02003418,12.240109390783457,173.8853148739496,221.01033295063147,11.366245694603904,0.8739612188365651,1346.2483259814956,2512.0577453630904,0.06458094144661305,5.529524932510008,-7.540477239623269,2.441128902442105,Others
E01016504,E02003418,12.163668732206725,179.99578563380283,236.05150214592274,21.765787860208462,0.8739612188365651,1304.7599924674878,5137.846919791697,0.068976088289393,10.588761661723037,15.999027510464863,2.6160811003388065,Others
E01016505,E02003418,13.976036447176064,946.1137550362611,203.38087691494982,11.463285789751719,0.8739612188365651,3256.3403164207703,2331.4131162463877,0.10895404120443739,5.5767336274467825,11.804921536769378,3.604954219176175,Others
E01016506,E02003416,13.664632674857117,679.2667511848342,271.13237639553427,21.318447634237103,0.8992695117262591,4914.198136046076,5780.121368134462,0.021501565361214472,9.071679846624134,2.1051027113715945,3.881728732794545,Others
E01016507,E02003416,13.972241320798709,962.6993004115226,263.15789473684214,15.428276573787409,0.8992695117262591,6218.99730593584,4060.0727825756344,0.05159958720330236,6.565224075593394,12.378858212587623,2.959534985242103,Others
E01016508,E02003416,14.749832673329614,1668.0775399737877,216.19330224671472,22.55192878338279,0.8992695117262591,2459.368196967868,4875.575955712261,0.4069520983467571,9.5965654421365,-6.075134572587851,5.163596695583724,Others
E01016509,E02003416,14.924328982058501,2570.6312018659883,288.95184135977337,20.566572238305948,0.8992695117262591,9551.888867809725,5942.7489187173,0.1569877242681775,8.751732869552166,-1.7576533529123415,3.1270675063840128,Others
E01016510,E02003416,11.059023340898463,43.26531986376022,230.45639403524626,29.688206054991866,0.8992695117262591,255.32156755165968,6841.83691280879,0.08472661545413465,12.633279175495284,16.71968319713929,2.9323663979321712,Others
E01016511,E02003417,14.636624601643703,1152.6519690669372,318.73905429071806,10.087565674255691,0.9044760966287436,3656.4565916694864,3215.3011431077684,0.09006755066299722,4.620755889497768,0.4083521855992249,3.892024358921456,Others
E01016514,E02003417,13.084747006461567,320.59931304926766,409.90990990990986,21.126126128828826,0.9044760966287436,711.7288949312276,8659.808458213616,0.193050193050193,9.67712874288288,2.7646719187376942,3.977885649527849,Others
E01016515,E02003417,12.595073371496458,223.7301929492039,426.8292682926829,28.095684803001888,0.9044760966287436,1589.964605210549,11992.060586647147,0.07035647279549714,12.869636264600864,1.785228089008205,3.069122130782042,Others
E01016516,E02003411,12.601430973430942,209.14242007042253,150.8820798514392,-1.2999071494893215,0.8865932047750229,4095.308640134225,-196.1326943287045,0.023831631133333333,-0.3409592523250679,13.702808575912668,2.263324379040743,Others
E01016517,E02003411,11.991255021042965,129.58771839357428,180.15521064301552,1.4966740576496633,0.8865932047750229,3896.153530501423,269.63363011981187,0.011086474666666667,0.3925702446294198,15.937470402863948,2.046014015567317,Others
E01016518,E02003411,12.192157277832525,144.3888731332357,158.76893014167072,6.9858329262335115,0.8865932047750229,4546.995628729342,1109.1332198465516,0.0095261358,1.8323496199956748,-5.048710748828742,2.312337384436724,Others
E01016519,E02003411,13.117342031923942,248.25080848303392,102.36220472440945,13.07086614173228,0.8865932047750229,157.63916328585785,1337.9626759253515,0.3937007874015748,3.4284239060281383,5.458373693297369,5.063094908068618,Others
E01016520,E02003411,12.533898680890719,221.36243979266345,177.3049645390071,0.8728859792689576,0.8865932047750229,1159.3006489767504,154.76701760087903,0.0763775231860338,0.2289536994803823,-3.6970477064664826,5.063094908068618,Others
E01016521,E02003411,12.683992281606297,228.1062056577086,150.25427646786872,2.4503005085529352,0.8865932047750229,2466.9419377881272,368.16813004147207,0.055478502,0.642701772735196,15.956580523761213,2.888536741950435,Others
E01016522,E02003437,10.381759910177387,28.45211312169312,328.5638579756227,39.10969793322735,0.8971123829344433,195.23188748386636,12850.033237202415,0.054650238473767876,20.064975461394905,16.6420598654805,2.858938422035998,Others
E01016523,E02003437,15.858607562946997,7361.128791984734,382.0086260012323,31.792975970425132,0.8971123829344433,5083.8739481973635,12145.1910669523,0.4964351729601267,16.311178976131156,-1.1650369473172477,4.9302636434380185,Others
E01016524,E02003437,13.946157785505411,851.0565369678865,287.43625405656,33.101529902642554,0.8971123829344433,1112.5615457239255,9514.579758756783,0.24478442280945759,16.98252403700792,-7.481610750108481,4.869002602961302,Others
E01016525,E02003425,14.329848855860401,1374.3060131470831,665.0893796004207,41.640378548895896,0.8988111046884032,3075.2049270188013,27694.573535411837,0.1862075008762706,22.127737393133085,-16.596650402360293,4.595412736532111,Others
E01016526,E02003426,13.230213279945884,420.0145332579186,219.43573667711598,33.542319749216304,0.8520408163265305,1891.5392852928567,7360.383644028656,0.047581728616211356,18.816423273950612,7.014177556785714,3.924406018473474,Others
E01016527,E02003426,13.331595000728361,544.4913845406361,255.00910746812386,31.572556162720097,0.8520408163265305,1630.4993180110018,8051.289367542466,0.19082314164281375,17.711433944940545,14.96932752126637,4.100972548512321,Others
E01016528,E02003425,14.874852685936593,2440.3314306260577,709.0807174887892,26.90582959641256,0.8988111046884032,4465.172619278968,19078.404954855316,0.11955227025,14.29778384350426,9.217396120631527,4.273034532782005,Others
E01016529,E02003425,13.454331672634684,417.77777595923266,527.7430120984565,15.519399249061328,0.8988111046884032,1430.5855712295236,8190.254505658148,0.0486719510499235,8.247023755539837,3.5070042365050575,4.1560196125374524,Others
E01016530,E02003422,14.335448708258033,1688.6773293172691,668.0902989627822,15.558267236119587,0.90494360000834,7907.797662487531,10394.327409121994,0.08541793776693105,7.7411866248009655,6.183262852428184,3.173501818979884,Others
E01016531,E02003422,13.912941492831564,1357.554564039409,733.9142091152816,36.394101876230565,0.90494360000834,1620.3751935576074,26710.148494954738,0.47126340482573725,18.108284835978136,15.648056666351456,3.978671798375076,Others
E01016532,E02003422,14.92033633553355,2564.73874086661,564.4329896907217,36.03092783505155,0.90494360000834,4975.583504649225,20337.04431926879,0.34364261168384874,17.927583605732966,11.261106315605113,4.538175317163813,Others
E01016533,E02003422,14.28284880886797,1345.4806686340642,562.6927029804727,39.825282631038036,0.90494360000834,4987.229859071587,22409.395930620067,0.13489208633093525,19.81550647983356,13.535406260285331,3.586265164124135,Others
E01016534,E02003426,12.185381511298585,193.19851252465483,258.3025830258303,35.79335793357934,0.8520408163265305,523.566550076464,9245.516809411638,0.26357406431207164,20.079200792007924,14.170494606669708,3.637717730018004,Others
E01016535,E02003427,12.7907650860314,390.5188256800871,235.71428571428572,21.285714285714285,0.9077134986225894,6074.642820911443,5017.34693877551,0.051428571199999995,11.18401937046005,-33.31398509783747,2.3841650799864684,Others
E01016536,E02003425,14.48721218572473,1362.257853862213,620.4021579205493,32.957332025502694,0.8988111046884032,1207.6701311241982,20446.7999079259,0.16920058852378614,17.513558081185007,5.12475125223278,4.659156351341846,Others
E01016537,E02003427,12.41572867699976,173.81942022551092,165.99597585513078,17.40442656052314,0.9077134986225894,3455.46137025048,2889.0647711129964,0.016767270333333334,9.144698701291821,-20.872839586225894,2.886921367695811,Others
E01016538,E02003427,13.328281472009158,572.5305529356943,204.3343653250774,25.20123839009288,0.9077134986225894,3698.5234795029082,5149.479051845604,0.1547987616099071,13.241328645642023,15.959159666576644,3.024368320090323,Others
E01016539,E02003429,14.237853235240433,1476.7959341723135,414.6191646191646,30.34398034398035,0.8979238754325259,5342.700184259171,12581.195781441484,0.22113022113022113,16.230501114222044,6.823673339600797,3.653252276470785,Others
E01016540,E02003429,14.740951446776435,2493.062617588933,408.3484573502722,25.28735632200121,0.8979238754325259,2943.591172227356,10326.052944555848,0.4705249714324125,13.525795242000646,10.56903297413164,4.581604687965383,Others
E01016541,E02003429,14.10126298910519,1659.3041882793018,487.012987012987,25.252525252525253,0.8979238754325259,4841.660830343582,12298.307752853209,0.12239744382601524,13.507164669955367,-3.5405944734965398,3.667425964894764,Others
E01016542,E02003429,12.31582266271474,274.537282902829,534.86529318542,19.09667194880666,0.8979238754325259,1539.840478865271,10214.14704076426,0.22286053882725826,10.214498949361701,16.50428840454489,3.002161561318895,Others
E01016543,E02003429,14.930281905953889,2612.5706675235647,344.21213666496686,24.885262621390105,0.8979238754325259,5392.884740596563,8565.809418377523,0.2825939146693864,13.310721867255172,5.926841317729858,4.02006990951128,Others
E01016544,E02003430,16.702354444678804,10489.24514619883,351.8601523980278,32.406992380098615,0.9011997993904556,3744.2396108433627,11402.729277623224,1.5758068130883012,14.730451081863004,6.468947237257821,6.377561633465294,Others
E01016545,E02003432,15.805646013367296,4564.269343730505,298.2456140350877,31.842105263157897,0.908641975,2973.2935213132355,9496.768236380425,0.8528265107212475,15.519681556833259,8.618845283859704,5.143287967426705,Others
E01016546,E02003435,14.09952790776548,1153.172724826389,227.68670309653916,48.87674559805707,0.8673822714681441,2713.244298679576,11128.585063309898,0.23611954395196652,27.62598664238008,-1.872468888578601,4.524870778703362,Others
E01016547,E02003432,15.38418036880087,3776.756642800944,388.3495145631068,42.66133638066248,0.908641975,4408.728774573579,16567.509274043685,0.5711022272986864,20.792920252759863,7.66555330158873,4.514785854249515,Others
E01016548,E02003434,14.199727789626651,1104.107822556391,193.67991845056065,33.23139653414883,0.9024194840570422,4560.527579159008,6436.254170732189,0.21788990825688073,15.191495558468034,8.5248582223923,3.773565212280579,Others
E01016549,E02003434,12.802206219803347,284.27287635082223,185.63751831949193,26.380068392769907,0.9024194840570422,1939.6753579155857,4897.130429532273,0.07327796775769416,12.059459836694813,4.856727864409759,3.1130263007763483,Others
E01016550,E02003432,12.568380324041913,267.28109720930235,459.1492234976367,22.61985145125861,0.908641975,2261.942600171349,10385.887229477281,0.04726536124240376,11.024801547672263,17.08108945575467,3.966530129926807,Others
E01016551,E02003433,13.533105164788003,745.0266493083004,135.05217925107428,20.994475138121544,0.9028925619834712,8090.90157132069,2835.3496196358133,0.0460405155,8.839779005524859,10.275346787757261,2.6682693310903653,Others
E01016552,E02003432,14.180835829801552,1372.3634695238095,386.3636363636364,30.625,0.908641975,191.69518801415666,11832.386363636364,0.35795454545454547,14.926470588235292,0.767789976460532,6.43130692705238,Others
E01016553,E02003433,13.571567783314482,868.6601672949001,140.93529788597053,9.224855861627162,0.9028925619834712,6026.529394377575,1300.1078088135655,0.11531069827033953,3.884149836474594,6.944321020816971,3.3106889881406527,Others
E01016554,E02003434,12.917814903267507,345.34459059322035,206.18556701030928,11.72002170374389,0.9024194840570422,3636.9335687983635,2416.499320359565,0.07121541,5.357724207425778,2.4255796376640095,3.00057055019424,Others
E01016555,E02003434,13.409261231237055,576.2483211072664,227.00119474313024,6.093189964157707,0.9024194840570422,2756.1002166337184,1383.1614016606504,0.11615558210540289,2.7854582693292373,2.9963420042835365,3.252581357333372,Others
E01016556,E02003434,13.91232883728737,911.2151869313483,198.8487702773417,10.518053375196226,0.9024194840570422,4097.233864498568,2091.501979369213,0.15567765567765565,4.808252971518274,15.927331195551908,3.296355250138572,Others
E01016557,E02003433,12.48621083758536,215.87400831973898,110.83123425692695,11.284634760705288,0.9028925619834712,1904.4716717262836,1250.6899986675885,0.14168765743073036,4.751425162402225,14.07100672598228,3.1500400838927467,Others
E01016558,E02003433,14.360199366229935,1845.9001948608136,146.86248331108143,11.08144192256342,0.9028925619834712,5266.953527628791,1627.4480794151884,0.05841121495327099,4.665870283184597,-11.83424634334711,4.030410302926009,Others
E01016559,E02003428,11.82009656702216,156.993484295612,224.53083109919572,26.407506702412867,0.8966262975778546,1338.4701804088236,5929.299427150342,0.04691689008042892,14.055608418900801,-14.747026714061418,2.8780179855344348,Others
E01016560,E02003428,13.269243533943387,546.3269576415095,205.26960784313727,7.598039215686283,0.8966262975778546,2097.8874614555443,1559.6465301807016,0.18229166666666666,4.0441176507352985,15.999720111276059,3.173627381395032,Others
E01016561,E02003428,14.203080003642423,1287.9320550699301,183.0601092896175,20.163934426229513,0.8966262975778546,785.638074353432,3691.212039774255,0.3278688524590164,10.732416720491806,0.9179029361144155,5.400115544609073,Others
E01016562,E02003428,12.674168461682285,379.3219498812351,237.92613636363637,24.218750000000007,0.8966262975778546,1780.2759960139224,5762.27361505682,0.04261363636363636,12.890625011718752,16.702064069208184,3.173627381395032,Others
E01016563,E02003428,13.214496174306069,681.0611339130435,247.5979305247598,29.046563192904657,0.8966262975778546,2168.171248585056,7191.868935419852,0.13088199063808817,15.460267519955652,16.65235335817675,3.899241671063413,Others
E01016564,E02003431,14.399058250549178,1570.8895696757231,341.16331096196865,20.917225950783003,0.9047299113141628,234.06251100636862,7136.190061508742,6.711409395973154,10.190443411919922,4.103026804670384,4.5633164093637015,Others
E01016565,E02003431,14.720022093093085,2117.158325621251,347.5783475783476,35.21367521367521,0.9047299113141628,6461.9156883535015,12239.511042929846,0.21062271062271062,17.155380232303305,3.551060992840519,3.592065644424576,Others
E01016566,E02003431,13.926882851319652,906.5774395782644,335.3490929081913,14.403518416712476,0.9047299113141628,3664.5726594115454,4830.206835730957,0.12369433754810336,7.017098715834282,14.95627672941339,3.686075526781202,Others
E01016567,E02003430,15.857262200457017,3668.614858095238,241.83610597658657,17.036352432230437,0.9011997993904556,3664.095980222028,4120.005132255358,0.6257701786814541,7.743796560104743,8.699283194654528,5.5313993674567135,Others
E01016568,E02003430,13.388570867057979,759.6064061699651,604.3110084680524,15.858352578906853,0.9011997993904556,8970.155227014106,9583.377039601139,0.0395175774,7.2083420813212955,10.137270511250675,2.5700134364185585,Others
E01016569,E02003430,13.835834413123097,1411.5225325034578,697.1580817051511,15.0088809946714,0.9011997993904556,6357.468852355863,10463.562682786014,0.0951535143364628,6.822218633941545,11.022389390026085,2.7689571360057315,Others
E01016570,E02003421,11.291774421792619,82.12967168032786,161.38855054811208,31.18148599269184,0.8727810650887574,2074.669444835078,5032.334828296795,0.0118757613,18.085261875761265,-46.54921250946746,2.4585626744483986,Others
E01016571,E02003423,13.084374553579716,398.8076637945319,95.85492227979275,31.398963730569942,0.8947368421052632,1710.4344221889153,3009.745228059813,0.116580310880829,15.699481865284971,-11.624033220000001,4.526397504822696,Others
E01016572,E02003421,14.527352707004574,2667.1997735602095,205.90520590520592,22.37762237762238,0.8727810650887574,3814.090222042082,4607.6689433332795,0.34965034965034963,12.97902097902098,14.548078427208893,3.758871825933971,Others
E01016573,E02003423,12.946255031457897,409.43609736328125,118.89460154241645,1.6066838046272487,0.8947368421052632,2498.3477649731117,191.0260307558104,0.02185089974293058,0.8033419023136243,16.60178327190284,3.0423295589307733,Others
E01016574,E02003423,13.20945655978114,454.960941117598,102.43632336655592,11.018826135105204,0.8947368421052632,9666.376447591865,1128.7280370954943,0.0329457366,5.509413067552602,-1.132471404105263,2.6472380617054525,Others
E01016575,E02003436,13.590347208294045,711.5836737994453,258.75588081547306,25.45739675901725,0.905997693,3133.519388429997,6587.251121648478,0.07550676656792701,12.198335947029099,7.987196902711418,2.9940809108047604,Others
E01016576,E02003436,13.590347208294045,711.5836737994453,260.8008429926238,17.70284510010537,0.905997693,3133.519388429997,4616.916925475321,0.11290079783230464,8.482613277133824,7.987196902711418,3.5624087900599872,Others
E01016577,E02003431,13.765676603590332,786.9200869313482,330.62330623306235,13.17073170731707,0.9047299113141628,2765.452301197794,4354.550862581796,0.08892276422764228,6.416510318949341,10.992311411770649,4.071127111045916,Others
E01016578,E02003422,15.458675763465239,4824.171207089552,606.9844789356985,23.44789356984479,0.90494360000834,3347.230315071563,14232.507460631954,0.4323725055432372,11.6667568006057,-2.1473499015993407,5.343534488330686,Others
E01016579,E02003422,14.360772334801153,1537.4856541889485,591.8918918918919,24.918918918918912,0.90494360000834,2370.286729349254,14749.306062819573,0.32432432432432434,12.398681608437702,1.1868724973782139,5.030947595408134,Others
E01016580,E02003428,12.571599630541405,282.3248457394711,209.89974937343356,-0.06265664160400419,0.8966262975778546,3337.6676130654046,-13.151613369261531,0.029605263099999998,-0.03334950281954577,16.415763211473287,2.740646456805198,Others
E01016581,E02003422,14.999097233866353,3367.078913402062,744.8979591836735,32.517006802721085,0.90494360000834,7919.350978008151,24221.852006108566,0.16534391534391532,16.17919362867098,3.693086629073152,3.33797355149512,Others
E01016582,E02003421,12.475622570422262,238.71832288058343,159.06362545018007,10.204081632653068,0.8727810650887574,1988.507065331407,1623.0982188793896,0.0720288115246098,5.918367346938779,14.109225761371716,3.0437602425645727,Others
E01016583,E02003424,12.263970904783664,167.7913198733175,238.3367139959432,40.66937119675457,0.8730194658216388,827.2071288443101,9693.004291315743,0.12170385395537525,23.761879800350982,-8.837234439995473,3.4853546896688785,Others
E01016584,E02003425,12.735289260703068,205.52020726392252,526.2063227953411,24.209650582362734,0.8988111046884032,1520.2059190382788,12739.271209105182,0.11587829807463745,12.865031710434303,1.2216319265693159,3.3635647401886004,Others
E01016585,E02003424,13.916404581781602,987.6414366071429,275.3368482718219,36.08670181327475,0.8730194658216388,3966.816849251839,9935.998741792111,0.17428236672524894,21.084365104385245,11.766983448345487,3.3766655894728235,Others
E01016586,E02003424,13.34954126415258,796.3522242385786,351.53328347045624,38.7434554973822,0.8730194658216388,1935.8551555793395,13619.614123986263,0.09141527466134795,22.636625683863755,13.63863784321527,3.186187330244668,Others
E01016587,E02003436,12.316530441453642,201.58559837545127,278.08988764044943,18.370786516853933,0.905997693,1435.2792412450153,5108.729958338594,0.09363295880149813,8.802668539325843,16.67247204652521,3.0630170203595872,Others
E01016588,E02003436,14.39630467130708,1591.6797070347284,270.93596059113304,14.176245210727968,0.905997693,4473.831770864314,3840.854613744031,0.22235905856595506,6.792784163473819,15.532701489016906,3.3824561908429147,Others
E01016589,E02003436,14.383775640673338,1689.1874775119618,292.89940828402365,32.18934911242604,0.905997693,3358.4954836915854,9428.241308077448,0.20956607495069035,15.42406311637081,-0.598794642582819,4.095427309173338,Others
E01016591,E02003424,13.661068765451162,505.2431416863207,180.630284396618,40.199846272098384,0.8730194658216388,2629.2716266060684,7261.309664829455,0.12810658467845246,23.487550630888943,-2.128263047418063,3.7313401053027,Others
E01016592,E02003424,13.640088374026302,616.0805361967695,215.9926470588235,32.169117647058826,0.8730194658216388,1340.5883296439654,6948.292874134948,0.4595588235294117,18.79543952412426,11.875304013499282,4.793233560286093,Others
E01016593,E02003427,12.16882368044342,152.80432093576528,177.13365539452496,2.469135802469136,0.9077134986225894,2587.905714863494,437.3670503568518,0.027554124172481622,1.2973425402803938,16.85660222438779,2.7420006404717574,Others
E01016594,E02003427,14.569856420007458,1456.314539041096,158.4253480556889,7.681228996639462,0.9077134986225894,722.2623048452909,1216.9013772880567,0.4032645223235718,4.035899981285141,-13.768727344380164,7.218737531625464,Others
E01016595,E02003435,13.893115237291266,819.9501919575113,193.7984496124031,27.596899224806204,0.8673822714681441,675.1499212862497,5348.236283877171,3.5422049956933677,15.59824738793394,10.75651347248694,4.859106729074836,Others
E01016596,E02003435,13.116479395082264,411.4781847682119,195.2108276939094,38.99010931806351,0.8673822714681441,878.2754508584378,7611.291511855187,0.2342529932326913,22.0378878754272,-1.0193626658881578,4.187303495162183,Others
E01016597,E02003435,13.590347208294045,711.5836737994453,216.3877668782458,40.16156953260243,0.8673822714681441,3133.519388429997,8690.472345485234,0.06491633006347375,22.700017561905717,7.987196902711418,2.9914732166336075,Others
E01016598,E02003426,12.887939361210782,467.50847328605204,288.8583218707015,31.224209078404407,0.8520408163265305,2471.831731325754,9019.37263612782,0.07092503438789546,17.51601972690979,4.645164378724489,3.008006634429379,Others
E01016599,E02003423,12.453099772789434,221.10688100172712,108.75955320399764,7.877718988830104,0.8947368421052632,3760.9640718405203,856.7771974918102,0.0587889476778365,3.938859494415052,16.69256267211114,2.8076541796476566,Others
E01016600,E02003421,12.943061374844453,610.1105338686132,231.84601924759406,34.120734908136484,0.8727810650887574,3984.867345762566,7910.756562253866,0.11482939632545924,19.790026246719158,15.691370439284254,2.890871632937816,Others
E01016601,E02003426,13.333959154364429,561.1472782016349,248.5207100591716,26.272189349112427,0.8520408163265305,6322.188136451169,6529.183151850426,0.044378698,14.738057439745997,14.783548879581812,2.817801065061329,Others
E01016602,E02003426,12.4649896797364,270.7463565308255,261.19402985074623,27.611940298507463,0.8520408163265305,1160.9553986274304,7212.073958565381,0.15547263681592038,15.489625045504187,15.06249769075098,3.320095780225114,Others
E01016603,E02003438,14.977385463838104,2908.024304822566,441.7448923246825,33.62782992821646,0.8812942526007674,7523.454844367064,14854.922110752714,0.21473710043560956,18.785201546107125,9.914674747212974,3.9394825183242967,Others
E01016604,E02003438,13.664320301456454,700.6382417277914,363.4711494775102,36.937755565651976,0.8812942526007674,1542.101375877741,13425.808474566824,0.30289262456459176,20.63419448839869,9.549077263217967,4.4405077844239536,Others
E01016605,E02003438,13.534462030024986,726.6512958614052,471.4201532115498,24.101355332940486,0.8812942526007674,1972.9982414380627,11361.864623660807,0.20716705951679432,13.463515737711582,-3.359475683428662,3.8405484857694567,Others
E01016606,E02003438,14.007960380275135,1049.536516017316,441.25758411472697,33.425261996690566,0.8812942526007674,4477.180203321613,14749.150357061473,0.09767420481706196,18.67204290849611,11.784855409153822,3.726753106542018,Others
E01016607,E02003438,12.11985983523763,147.96677072580644,396.8253968253968,31.845238095238102,0.8812942526007674,229.46195937531974,12636.999244142104,0.5527210884353742,17.78940886699508,2.064407239840179,3.8320919581870174,Others
E01016608,E02003438,15.384094893712742,3706.4458749034748,396.43211100099114,25.37165510406343,0.8812942526007674,8310.656671833389,10058.138792492937,0.22299306243805744,14.173131471925087,8.541909217764335,3.997191017798024,Others
E01016609,E02003437,14.72433977907356,1947.7351985871273,323.7597911227154,20.000000000000004,0.8971123829344433,3729.905762524813,6475.19582245431,0.5221932114882507,10.260869565217394,11.231940495045782,4.263763796430644,Others
E01016611,E02003456,14.098610388462554,629.9177285239678,159.8250336473755,17.63122476446837,0.9079861111111112,6240.323143109503,2817.911091225598,0.03364737550471063,7.131731365402937,-24.781826379565974,3.7989662831358495,Others
E01016612,E02003453,14.564450722755966,1234.5338785755985,91.24087591240875,34.48905109489051,0.8888888888888888,5637.678966761285,3146.8112312856306,0.1094890510948905,17.934306569343068,2.720912589333333,3.6682174576658406,Others
E01016613,E02003444,15.879560121705103,7335.014883612664,389.10505836575874,14.721141374837876,0.8807813846595806,923.3135940229522,5728.070573866878,1.7874513618677044,8.65949492637522,6.511962231934673,7.208667693204736,Others
E01016614,E02003444,12.841065321286834,354.6998722744361,364.741641337386,23.64741641337386,0.8807813846595806,3432.2096700384714,8625.197476002624,0.037203647416413375,13.910244949043449,1.8903978097858858,2.526608257335263,Others
E01016615,E02003443,12.96469532148955,451.92130126984125,181.64435946462714,-0.44614404079030834,0.8978512396694215,787.8480950652441,-81.03954851831604,0.5736137667304015,-0.1825134712323989,13.467675786217189,3.799145418361031,Others
E01016616,E02003443,14.989597377286223,3241.669623246493,167.05744431418523,12.719812426729192,0.8978512396694215,6144.753215899478,2124.939356165193,0.6594372801875732,5.203559629116488,13.425904198609805,3.991259234138776,Others
E01016617,E02003443,14.221427601267676,1158.8239814671815,131.7614424410541,17.845584835876103,0.8978512396694215,5570.053830860174,2351.359999179237,0.10402219140083215,7.300466523767497,3.9524975601036347,3.8588120840950766,Others
E01016618,E02003444,11.465235752401766,101.86106606837608,414.0786749482401,25.05175983436853,0.8807813846595806,2270.6676142850665,10373.399517336864,0.013457556899999999,14.736329314334428,16.412939064673175,2.221917189926591,Others
E01016619,E02003440,13.911630435329583,1045.479608736942,253.5799522673031,32.33890214797136,0.8877508650519031,4122.863327821594,8200.497263059564,0.10565831344470963,18.657058931521938,3.239815321878869,3.337831506040336,Others
E01016620,E02003440,11.768790927898289,139.4782884449244,287.1621621621622,28.783783783972975,0.8877508650519031,1965.951972688499,8265.613586613861,0.0283783784,16.606029106138255,16.376451939666563,2.586786113609171,Others
E01016621,E02003441,13.665424583849969,886.3367466529352,235.96938775510202,18.494897959183675,0.8924751360480391,2316.2873113554974,4364.2297480216575,0.07653061224489796,8.30930198166223,-2.2164789823921938,4.096525515546817,Others
E01016622,E02003442,12.560044921800655,420.8894202363368,230.83623693379792,31.18466898954704,0.8550295857988166,1486.7056852098096,7198.551639573141,0.24265803882528617,18.71080139372822,15.598359301869722,3.2267249398116,Others
E01016623,E02003441,13.985761343576302,1342.6966545866364,244.06332453825857,16.88654353562005,0.8924751360480391,3700.950032205622,4121.3859552634685,0.20731247644176404,7.586707965278573,14.806283889266401,3.3631493140246254,Others
E01016624,E02003441,11.760534895660582,151.41247411347518,269.2867540029112,29.112081513828237,0.8924751360480391,2080.378803756464,7839.497933126963,0.024260068,13.079340969980802,16.42531433484697,2.5060156129982354,Others
E01016625,E02003454,13.861548947090283,1065.2223886063073,332.17793183131135,37.666088965915655,0.8855954631379962,3073.15772506916,12511.843532872039,0.4852686308492201,21.00608807714527,1.966373964646326,3.6543656460820606,Others
E01016626,E02003451,14.769228812725085,1740.6712830315223,309.65786054569077,25.03248159376353,0.9038881174370164,1640.4923284175507,7751.504694474199,0.4244261585101776,13.39457348438224,-1.202588718382662,5.310596666414537,Others
E01016627,E02003448,14.643546965436881,1764.702401696222,270.5882352941176,30.870588235294115,0.9054741953167827,2027.0207006408016,8353.217993079583,1.8137254901960782,15.435294117647057,9.338646381109639,4.192438741887882,Others
E01016628,E02003448,14.272026709352891,725.1097441433164,161.38085882683131,21.723266909907377,0.9054741953167827,3690.789811569341,3505.7194704453386,0.14734774066797637,10.861633454953688,-26.818001511443338,4.050166247109588,Others
E01016629,E02003453,11.760006269321135,162.05981784810126,177.80938833570414,36.91322902125178,0.8888888888888888,3255.0218190536148,6563.518673764542,0.01991465149359884,19.194879091050925,16.38567474839853,2.3791756951557583,Others
E01016630,E02003453,11.075586869755234,65.02948092648539,164.14970453053186,35.128036769533814,0.8888888888888888,1980.7376500870134,5766.2568564566345,0.00820748525,18.266579120157584,16.44856470378962,2.410272898410964,Others
E01016631,E02003454,10.350471381354478,36.44613086247086,424.98152254249817,25.203252032348118,0.8855954631379962,758.6244327659564,10710.916421729615,0.02135172888888889,14.055659787271066,16.15976831936144,2.3092627477472862,Others
E01016632,E02003454,11.066227270980333,57.22065792486583,301.36268343815516,34.119496855345915,0.8855954631379962,1679.59708691388,10282.343129886742,0.010220125786163518,19.0281809385583,16.185201046549583,2.560091422935765,Others
E01016633,E02003457,12.368372711579092,284.7961573849879,334.82142857142856,42.18749999999999,0.8511551571771241,1275.881069137556,14125.27901785714,0.15943877551020408,24.609374999999996,11.426182944678702,2.907884182980796,Others
E01016634,E02003454,16.272699460678147,8167.91699090273,260.18099547511315,27.511312217194572,0.8855954631379962,2777.090832696045,7157.920599496326,2.5210084033613445,15.34284719805082,4.27577466557495,5.811928108269866,Others
E01016635,E02003453,10.349710406060618,33.81709121212121,177.1793054571226,36.35719347980155,0.8888888888888888,734.0750823723104,6441.742289121466,0.02047405288888889,18.905740609496807,17.2202230838378,2.697056659627344,Others
E01016636,E02003457,12.486280852600292,310.29315967174676,305.08474576271186,33.016949152542374,0.8511551571771241,3390.2030267428213,10072.967538063775,0.0320338984,19.25988700564972,0.594023288488395,2.5224432533167263,Others
E01016637,E02003457,12.358194621786348,357.69500614439323,417.8272980501393,41.22562674094707,0.8511551571771241,2201.3437186875813,17225.192231593483,0.06499535747446608,24.04828226555246,-1.6889425123539956,2.494526893164991,Others
E01016638,E02003457,13.590347208294045,711.5836737994453,341.6856492027335,27.334851936218676,0.8511551571771241,3133.519388429997,9339.926629687476,0.0148063782,15.945330296127562,7.987196902711418,2.3666860184005696,Others
E01016639,E02003457,13.172937512208605,526.4628833833834,290.69767441860466,31.65374677002584,0.8511551571771241,3622.0397180444184,9201.670572681931,0.07267441860465115,18.464685615848406,13.755651861648081,3.123949571354745,Others
E01016640,E02003457,14.034361878822677,1318.4800953389831,288.46153846153845,33.71794871792308,0.8511551571771241,3577.084119091457,9726.33136093935,0.23695054945054947,19.668803418788464,6.013060117117176,3.7199662146460337,Others
E01016643,E02003457,11.815839914221055,160.59177236061686,339.87915407854985,39.048338368580055,0.8511551571771241,2657.749834715683,13271.71621288597,0.036253776599999996,22.7781973816717,35.83659746952846,2.3499456643538834,Others
E01016644,E02003449,10.350385005822684,31.362165777332,247.12254570074475,30.12863913337847,0.8638117283950617,231.60788384137476,7445.466001139568,0.1354096140825998,18.246922292046115,16.1800880661989,3.1891174027039253,Others
E01016645,E02003449,13.485588614335596,637.3925994680851,240.1315789473684,32.10526315473684,0.8638117283950617,2768.0929819718767,7709.4875338677275,0.09210526315789473,19.44403261484062,14.777082557827931,2.9574071592323232,Others
E01016646,E02003449,12.360651276630366,211.63391659111514,229.70421648835747,31.655129011957207,0.8638117283950617,3362.809502347331,7271.316607529504,0.020977554,19.171416162171266,12.670400957025088,2.581428216778622,Others
E01016647,E02003447,13.590347208294045,711.5836737994453,396.73913043478257,29.673913043478258,0.8755611087972603,3133.519388429997,11772.802457466916,0.06114130434782605,18.75391304347826,7.987196902711418,2.9124593543601693,Others
E01016648,E02003449,11.543066746081703,103.68109939637827,253.82475660639778,32.68428372739916,0.8638117283950617,2129.8622598580364,8296.08036196154,0.02704373358059028,19.79470704617132,8.693696227070772,2.5948068454878586,Others
E01016649,E02003449,13.721447909598906,909.3154208791209,254.1782729805014,33.56545960975488,0.8638117283950617,3072.405958605791,8531.61055540427,0.12331708449396471,20.328376946752957,-13.699648357719907,3.499714534837974,Others
E01016651,E02003450,11.821457800315153,139.63236215384615,391.0614525139665,37.43016759776537,0.8651892890120036,2104.742410353797,14637.49570862333,0.017690875199999997,22.606338846175124,11.37480310178833,2.463512757100328,Others
E01016652,E02003446,13.590347208294045,711.5836737994453,300.8130081300813,35.609756097560975,0.8515668981047101,3133.519388429997,10711.877850485822,0.016260162666666664,22.8125,7.987196902711418,2.267890123197159,Others
E01016653,E02003446,14.322918585997185,1977.3564238095237,271.26099706744867,40.17595307917889,0.8515668981047101,3173.070392950793,10898.1690903931,0.8902387934645999,25.737719941348974,8.80957937218338,3.855198653430385,Others
E01016654,E02003450,14.042420818314536,1604.4965025575445,440.251572327044,34.27672955974843,0.8651892890120036,4535.363960600532,15090.384082908115,0.28301886792452824,20.701787159848063,10.900785378745631,3.32862668882732,Others
E01016655,E02003450,11.466334998510877,114.30756986826347,447.2843450479233,37.69968051118211,0.8651892890120036,954.0792197858852,16862.476905960048,0.1198083067092651,22.769113972100087,15.220405691349942,2.610216840753447,Others
E01016656,E02003448,15.804485199614755,8285.754606575963,396.8253968253968,27.74327122153209,0.9054741953167827,6860.599133668814,11009.234611719083,0.4830917874396137,13.871635610766045,11.127983247755639,4.88419489134869,Others
E01016657,E02003442,12.625255067950645,323.55590265957443,191.33574007220216,42.88808664259928,0.8550295857988166,1991.6540744116335,8206.023798042463,0.0812274368231047,25.73285198555957,-0.1756482336035503,2.6341883525037546,Others
E01016658,E02003442,12.228543561247017,103.8822029964449,89.43638204522443,31.690853864326694,0.8550295857988166,2462.3653719189547,2834.3153135492994,0.010546743165710425,19.014512318596015,25.503689035025662,3.08593854144014,Others
E01016659,E02003442,13.103180315785691,502.5603290983607,185.31468531468533,20.279720279720287,0.8550295857988166,1437.3184304906008,3758.1299819062074,0.23310023310023303,12.167832167832172,14.095893714014585,3.2459850273468187,Others
E01016660,E02003442,11.547433804812728,96.28843358139534,154.33896330809552,23.529411764705884,0.8550295857988166,2543.428811280596,3631.5050190140123,0.0113570181,14.11764705882353,7.642288349507287,2.4556494687208823,Others
E01016661,E02003445,11.986325385284653,182.02191655328798,200.89285714285714,16.666666666666664,0.8559670781893004,2127.25736833299,3348.2142857142853,0.04563492053333333,8.503401360544217,15.656240804201833,2.6233633929350164,Others
E01016662,E02003443,12.800441348714156,312.1243316968131,158.24541921154915,6.385341476957251,0.8978512396694215,3747.52780235522,1010.4510388299926,0.0416435315,2.61218514966433,14.647804886126151,3.086669268546093,Others
E01016663,E02003445,12.174660074976392,185.4680724401914,161.8705035971223,17.925659472422062,0.8559670781893004,3093.555866846838,2901.635526111485,0.019984012666666665,9.145744628786767,15.703978181218636,2.4424339881104444,Others
E01016664,E02003444,13.039962161418666,562.2102587301587,437.956204379562,35.766423357664245,0.8807813846595806,1925.5635405661371,15664.127017955141,0.291970803,21.03907256333191,14.169074282060095,3.392257540092681,Others
E01016665,E02003446,12.485759984595965,262.7033140019861,241.04234527687296,28.33876221498372,0.8515668981047101,1152.1366241809444,6830.841706543307,0.2280130293159609,18.154519543973947,12.579074119413914,3.19092892281725,Others
E01016666,E02003446,13.590347208294045,711.5836737994453,264.66380543633767,29.756795422031466,0.8515668981047101,3133.519388429997,7875.546713985439,0.018121125333333328,19.06294706723891,7.987196902711418,2.36255067416148,Others
E01016668,E02003444,12.626817509658325,277.93624680656933,349.44670937682,32.0326150255795,0.8807813846595806,1908.8530274758036,11193.69191342324,0.145602796,18.84271472092912,0.3116620289669701,3.028925240909755,Others
E01016669,E02003444,13.260255311185398,463.5902663974152,300.3003003003003,28.078078078078075,0.8807813846595806,4631.220495417428,8431.855278702125,0.06006006006006006,16.516516516516514,-0.2692577239029015,2.849723359418356,Others
E01016670,E02003452,13.34796270379302,306.22470459433043,117.5680214981525,30.534094726234464,0.8657142857142857,2279.0604020362625,3589.8331052005583,0.0806180718844474,16.441435621818556,8.215785016150408,3.6621760712793865,Others
E01016671,E02003451,13.86730558206442,987.9538911819888,337.2641509433962,28.396226415094333,0.9038881174370164,2464.067088804221,9577.02919188323,0.35639412997903563,15.194472029129424,5.089208457981542,3.855960461491606,Others
E01016672,E02003452,13.561901643734041,419.91029404761906,117.5680214981525,27.376553577426943,0.8657142857142857,3571.6066077339733,3218.607239536255,0.08817601612361438,14.741221157076046,-14.307038304599997,3.425955032787882,Others
E01016673,E02003451,13.764988679748217,797.5940671979865,397.88536449638286,7.512520868113526,0.9038881174370164,5211.88062911015,2989.122103896033,0.08744733285634788,4.019857657499343,14.81990317021869,3.1669507520032814,Others
E01016674,E02003451,13.784659128312775,625.5603994193549,280.9430255402751,17.83889980353635,0.9038881174370164,14472.858028168905,5011.714483115321,0.0201702685003274,9.545376210664188,-15.795942984953381,2.824647348686024,Others
E01016676,E02003439,13.041410514281619,521.0368145762712,313.90134529147986,41.89622037134721,0.905213753698602,3253.333556399511,13151.279937194193,0.10676916506512919,19.821867702572874,5.9123875184889805,2.9529291512286817,Others
E01016678,E02003439,15.356982733513739,5179.003796008868,325.3652058432935,19.721115537848608,0.905213753698602,4456.898859828385,6416.564816431486,0.46480743691899074,9.330420254466008,10.216534771698056,5.514488668120163,Others
E01016679,E02003450,12.028724495221987,101.45162471229558,239.52095808383234,21.642429426860566,0.8651892890120036,231.40815370252074,5183.815431583369,0.060890124512879,13.071170247905886,12.138901431087097,4.259067727273434,Others
E01016680,E02003450,12.490379439131706,269.8143244670051,392.15686274509807,11.834733893557424,0.8651892890120036,1027.4490350444303,4641.072115120559,0.17507002801120444,7.147710569376265,12.375469767623454,3.2524266483792825,Others
E01016684,E02003441,13.751150787676485,935.7950038922155,224.7873633049818,23.693803159173754,0.8924751360480391,6845.81025867956,5326.067538817916,0.170868772782503,10.645041999049077,8.983691114577539,7.239062054694165,Others
E01016685,E02003441,14.995009027405526,3456.685912858661,231.3946216385241,34.146341463414636,0.8924751360480391,1201.5736637705893,7901.279763266676,0.43151969981238275,15.34110993283846,2.081455680033931,7.239062054694165,Others
E01016686,E02003445,10.435185034120497,47.73544639551192,243.24324324324323,21.981981981711712,0.8559670781893004,1177.4452874278243,5346.968590146092,0.0202702705,11.21529692944475,7.55560781975747,2.2057437415444903,Others
E01016687,E02003445,11.061811663173073,82.3943538939198,209.46470131885184,16.369278510473237,0.8559670781893004,1117.9461180876472,3428.7860340013763,0.019653478133333326,8.35167270942512,15.878908313066685,2.3383382626998634,Others
E01016688,E02003445,11.494024214879529,72.57886526627219,121.40287769784172,27.113309352517987,0.8559670781893004,645.6558416543903,3291.633779307489,0.07494004796163066,13.833321098223463,14.472372182428076,3.242826699023987,Others
E01016689,E02003445,12.534921876446282,371.98483694779117,200.59435364041605,13.670133729569091,0.8559670781893004,2002.7555792908693,2742.151639660962,0.1857355126300148,6.974558025290353,-4.237014844378601,2.9496883350525844,Others
E01016690,E02003455,15.893765060767148,5635.0552348378,347.465034965035,19.71153846153846,0.896953125,15168.201967603276,6849.070400753093,0.15479312354312355,10.312659195109525,-20.440108484266407,6.665239032937496,Others
E01016691,E02003455,15.318135372920882,5286.4319141176475,557.8947368421052,26.105263157894736,0.896953125,17725.035810450867,14563.988919667589,0.12426900584795321,13.657720460090625,6.626832565962734,3.4182183659964585,Others
E01016692,E02003440,12.753736564436352,355.8032353909465,271.3920817369093,26.372924648786718,0.8877508650519031,5065.272163381509,7157.402921924875,0.032779906133333335,15.21514883583849,0.37935833282574394,2.661098346206418,Others
E01016693,E02003440,11.760618712126112,139.24531532608697,318.8297074268567,41.56039009752438,0.8877508650519031,1060.6433799545625,13250.687015339732,0.17504376094023505,23.977148133187143,16.47722701319118,3.0016149367121465,Others
E01016694,E02003440,15.513389964882318,5786.3884279661015,269.4990488268865,33.29105897309829,0.8877508650519031,4932.500958026233,8971.908727689774,0.5630944831959417,19.206380176787473,5.958800721571544,3.932354904400064,Others
E01016695,E02003440,12.573376717362475,321.2084276974416,272.08706786171575,35.531370038412305,0.8877508650519031,2508.618228008659,9667.626290861223,0.1280409731113956,20.49886732985325,16.069469907476783,3.382388260675101,Others
E01016696,E02003451,16.340017879160992,8562.923031550068,354.3111992071358,30.57482656095144,0.9038881174370164,5759.989018003399,10833.003464360892,1.0618717258955122,16.36021421243893,4.824724326662953,4.996353797270486,Others
E01016699,E02003454,13.86352991466175,918.7302661996497,330.84004602991945,36.133486766398164,0.8855954631379962,1680.7897699393377,11954.404425016653,0.6073392149341517,20.151367619722052,-11.381909771324008,4.08567374577447,Others
E01016700,E02003448,14.225676031360624,1202.7662761372706,290.9919028340081,31.98380566793117,0.9054741953167827,1284.6830395208435,9307.028471184423,0.21845479082321184,15.991902833965584,7.825469867015459,5.151897559698808,Others
E01016701,E02003447,14.375575659229057,1384.020138339921,365.7314629258517,32.565130260521045,0.8755611087972603,5261.892749311534,11910.092730551283,0.1315130260521042,20.581162324649302,6.521466352527226,3.286945603769589,Others
E01016702,E02003447,16.49761041397876,11805.937859450727,368.31483350151365,23.9656912209889,0.8755611087972603,2127.2149655719345,8826.919571807215,2.0812310797174574,15.146316851664986,1.535311801732281,6.617906861698935,Others
E01016703,E02003447,13.619642355129269,405.58440093734583,239.4227615611676,24.040669071531646,0.8755611087972603,1374.0251656169307,5755.883378884258,0.2951787471302066,15.193702853208,5.981655635553734,3.5884788400052905,Others
E01016704,E02003447,13.480752718803561,438.15697134109007,293.05499799277396,19.47009233209353,0.8755611087972603,2728.605546635598,5705.807869300793,0.1248940630715018,12.30509835388311,10.328304680669481,3.5251833614431467,Others
E01016705,E02003458,15.266450611431821,3776.2150044247787,215.6411730879816,9.71822886514664,0.8807556080283353,2918.5923632278095,2095.6502728177056,0.36967058243653983,4.997946273503986,10.046395069008788,5.054869061893463,Others
E01016706,E02003458,11.06203063115932,60.903234760994266,220.4585537918871,32.8042328042328,0.8807556080283353,591.9736904025619,7231.973722273544,0.017146776333333325,16.87074829931972,15.954170924666931,2.817024180329872,Others
E01016707,E02003458,12.51047481828738,246.06337894736845,205.8177826564215,25.027442371020857,0.8807556080283353,2988.813541097055,5151.092694364886,0.0411635565,12.871256076525011,-1.336007980025974,2.6629830977329023,Others
E01016708,E02003458,11.980502097691081,166.78281233019854,221.36953955135775,33.94332939787485,0.8807556080283353,1614.4419955578055,7514.019199647621,0.041322314049586764,17.456569404621348,16.054899548310182,2.848275804086116,Others
E01016709,E02003458,13.294094883869905,612.039686701031,218.1500872600349,32.57707969749855,0.8807556080283353,3005.974440482883,7106.692778686419,0.15270506108202442,16.75392670157068,13.433686396656258,3.23072534122535,Others
E01028422,E02005928,14.186543383929083,1277.9802865961199,254.37201907790143,18.97191308956015,0.9030470914127424,1176.364185857395,4825.923838361882,0.1862366568248921,8.547785018373254,6.5408065510545,5.296771171804792,Others
E01028423,E02005928,14.11577689437039,1437.9311735889244,294.47852760736197,26.871165644171775,0.9030470914127424,5208.487384701134,7912.9812939892345,0.1380368098159509,12.106788916604865,16.091314450391504,3.1987547468719786,Others
E01028426,E02005927,12.914203786993731,315.2466718167702,78.24331145885915,12.518929833417463,0.892578125,5677.203766849973,979.5225260876863,0.025912838466666668,5.100304746947855,4.307111540006066,2.731441153892786,Others
E01028427,E02005927,13.620152837621065,747.0838928247049,103.9570757880617,19.85244802146211,0.892578125,636.5149343759244,2063.802443545692,0.46948356807511743,8.088034379114193,5.198597863725931,4.040961366212455,Others
E01028428,E02005927,12.436145943391885,328.2104996088657,115.75802837938761,9.33532487274085,0.892578125,2929.7995731642854,1080.6388015495384,0.0560119492158327,3.803280503709235,18.187301123984117,4.040961366212455,Others
E01028429,E02005927,13.271961842693154,831.9239395415473,129.38230383973288,10.18363939899833,0.892578125,1661.0714826785622,1317.5827269154768,0.5008347245409015,4.1488901255178385,-7.140924440324219,3.6880791339431673,Others
E01028430,E02005926,15.216479435754636,2905.6047702219043,202.99661672305461,13.001449975833731,0.9068512110726644,2732.5866435760704,2639.2503575882874,0.4962139519896891,5.547285323022392,-2.6317632625461593,4.885117421566486,Others
E01028431,E02005926,14.80795992246427,2591.578641690682,246.18991793669403,8.2063305978898,0.9068512110726644,7368.7009862007035,2020.315856455871,0.17584994138335286,3.501367721766315,8.379551333076025,3.588091800301244,Others
E01028432,E02005926,13.160619679123904,431.476534717608,206.69291338582676,5.80708661417323,0.9068512110726644,2505.0149381595015,1200.2836505673013,0.09569116360454939,2.4776902887139114,15.504371744235026,3.134189016701007,Others
E01028433,E02005926,12.557906924079791,335.29903360849056,264.6502835538752,2.016383112791427,0.9068512110726644,2364.9591695398785,533.6363625534967,0.11342155009451792,0.8603234614576756,18.284309985483745,2.8387860230912647,Others
E01028434,E02005926,13.39725198399877,474.2010195244956,184.94055482166448,12.989872302950243,0.9068512110726644,2051.2492513391994,2402.35419077019,0.1155878467635403,5.542345515925438,3.5085640107164777,3.8279890098181366,Others
E01028435,E02005924,16.959667702141942,12294.706878643348,467.6400947119179,5.209155486795581,0.9215972222222222,4450.682278921907,2436.009965214192,2.0718232044198897,1.5246308741840724,11.023244627982562,5.325626066391274,Others
E01028437,E02005924,14.698053538748624,1961.8809902597402,668.7358916478555,4.514672686230249,0.9215972222222222,790.1026624268959,3019.123664324404,0.638503708481135,1.321367615482024,-0.4701302705110416,5.886537270921715,Others
E01028439,E02005924,13.265937290370061,548.6645115019012,843.4163701067615,13.736654804270463,0.9215972222222222,4671.921664304443,11585.719532427402,0.037580071174377214,4.020484332957208,16.123727116594342,2.8452581601991564,Others
E01028440,E02005924,11.776713331788711,90.34295634975712,633.6898395721925,6.951871657754012,0.9215972222222222,2413.3830815670103,4405.330435528612,0.020796197222222226,2.0346941437328816,16.706507167167782,2.385086314505789,Others
E01028441,E02005922,13.405822808893294,376.33588883219954,81.8394388152767,4.442712392829302,0.8851873884592505,3218.898770163934,363.58908904682517,0.08350963144415986,1.6810263108002765,18.322021922284353,3.055273956262307,Others
E01028443,E02005922,12.058562306260438,178.8287081865285,150.32211882605583,4.795991410164639,0.8851873884592505,1110.320685415924,720.9435906475119,0.08052970651395845,1.8146994524947284,-9.573663674384296,2.8898160479624417,Others
E01028444,E02005922,12.192343368846885,200.0729290060852,139.4422310756972,2.921646742589644,0.8851873884592505,2410.44960818551,407.4009402017432,0.055334218666666664,1.1054879566555411,14.200604250471304,2.450315205018381,Others
E01028445,E02005923,16.039442909692085,9071.253789008832,162.65452179570593,-7.221860767729346,0.9152,4807.761960060842,-1174.6683096501865,0.8490566037735849,-2.006072435480374,3.136192923116011,5.071410492810714,Others
E01028446,E02005923,13.415768015051642,649.0722622458858,155.95757953836556,-3.742981908920772,0.9152,1300.575939446155,-583.7463987711747,0.16635475150758994,-1.0397171969224366,8.3292958887424,5.081354674308908,Others
E01028447,E02005923,12.215504429584948,214.32513874734607,190.98548510313216,5.271199388846448,0.9152,4316.091654965706,1006.7225723541726,0.03103514125,1.4642220524573466,12.608814184359932,2.038098578145453,Others
E01028448,E02005923,11.4530473721067,81.47658723183392,144.00921658986175,1.3248847926267295,0.9152,1488.8502188471991,190.79562105799675,0.014592933947772637,0.3680235535074249,17.296893575267237,2.408655356721112,Others
E01028449,E02005925,11.970046629193284,154.85394647058826,71.98952879581152,-10.078534031413616,0.870748299,15772.848501865932,-725.5489158740169,0.004908377,-2.121796638192339,14.890297936827292,1.9768549529047348,Others
E01028450,E02005925,12.153928492949644,187.40119022704837,71.75472928897587,-6.5231572080887155,0.870748299,2498.1060401027503,-468.0673795758374,0.14065557750000002,-1.3732962543344658,16.70291167215267,2.4464256629697188,Others
E01028451,E02005925,10.346065393310639,36.97541600950119,83.90541571319604,-5.034324942791761,0.870748299,745.7506558851366,-422.40712716025456,0.014874141899999999,-1.0598578826930019,16.905770509010882,2.3656537844610286,Others
E01028452,E02005925,12.854271834986452,385.5018965725807,74.6775288526816,-5.363204344874404,0.870748299,28390.123749956554,-400.51084720718563,0.0135777325186693,-1.1290956515525057,26.417746776081998,1.9612209102924048,Others
E01028453,E02005925,11.491870883073837,105.6262695145631,74.57627118644068,-4.881355930169491,0.870748299,3115.8830399196418,-364.03332360586035,0.022598869999999997,-1.0276538800356818,14.608396473007533,1.8498711322852708,Others
E01028454,E02005925,12.45384735271706,225.35906086191733,60.207991242474,-10.727969348659004,0.870748299,2744.839937162651,-645.9094845935908,0.082101806,-2.2585198628755787,17.19606629617024,2.604909442182697,Others
E01028455,E02005933,15.79806609808461,6856.727833805477,386.15179760319575,10.452729693741672,0.9200756143667296,2168.168831533945,4036.3403610986484,1.1294464523492485,4.071063143878336,4.316831880278425,5.666347100170309,Others
E01028456,E02005933,15.211710654140974,4234.610940251572,388.4795713328868,2.6121902210314794,0.9200756143667296,4863.28220813166,1014.782537306268,0.2612190222,1.0173793492438392,0.2765734399244051,3.9376127764271422,Others
E01028457,E02005933,12.152753050634306,211.38728283166108,424.90842490842493,10.47619047619048,0.9200756143667296,769.4469087204988,4451.421594278739,0.13736263736263735,4.080200501253134,18.11714969285325,3.153035122927768,Others
E01028458,E02005933,12.337413069735328,200.06156491228072,368.0203045685279,4.568527918781722,0.9200756143667296,3503.2389457010913,1681.3110360998721,0.045685279200000005,1.7793213999465656,15.259307215801524,2.344494496071256,Others
E01028459,E02005932,12.153696795390534,167.81027913351016,114.75409836065575,17.57377049180328,0.8979591836734694,2047.2604317177218,2016.662187583983,0.1229508195,7.615300546448087,18.53478213591175,2.582108977744363,Others
E01028460,E02005932,13.590347208294045,711.5836737994453,85.70029382957885,25.318315377081298,0.8979591836734694,3133.519388429997,2169.787067085812,0.016323865333333333,10.971269996735227,7.987196902711418,2.573146438637409,Others
E01028461,E02005932,12.43972858832574,197.83943633516054,103.91923990498813,20.30878859857482,0.8979591836734694,1480.7071879000264,2110.4738745549844,0.06680522565320665,8.800475059382421,18.711262843540908,3.034087227430455,Others
E01028462,E02005932,13.07555281674627,429.84962,109.8556183301946,16.698053986189585,0.8979591836734694,2282.4893621814876,1834.3750455638276,0.26365348399246696,7.235823394015486,16.92496682178987,3.0741736998605536,Others
E01028463,E02005935,13.298144574431271,298.79077147869674,259.2165898617511,25.345622119815673,0.8604224058769513,598.4997003363899,6570.005733823186,0.14976958525345618,9.46643717728055,5.712336512006493,4.408254653290762,Others
E01028464,E02005935,12.671068104173967,260.1310390522876,406.38169777242626,25.105358217941003,0.8604224058769513,2468.99174211752,10202.358095791798,0.07901866345574954,9.376700057303264,16.423473518344757,2.760263072549144,Others
E01028465,E02005935,13.590347208294045,711.5836737994453,478.04532577903683,27.762039660056654,0.8604224058769513,3133.519388429997,13271.513293582324,0.03399433427762034,10.368954571828388,7.987196902711418,2.075684492802124,Others
E01028466,E02005934,13.009417090621689,373.40996463210706,111.60714285714286,-1.0602678571428577,0.8954635108481263,2676.5834407328416,-118.33346619897965,0.09300595238095233,-0.3828745039682541,2.8649040796037903,3.0238337036648657,Others
E01028467,E02005933,14.057854209209149,957.3486168294515,296.220633299285,12.461695607763025,0.9200756143667296,1086.6588197530996,3691.4113649144815,0.13215015321756896,4.853502499865599,-1.0423911961606047,4.158038977202288,Others
E01028469,E02005934,12.442448025609915,322.3014493638677,142.04545454545456,5.04261363636364,0.8954635108481263,2268.986229858571,716.2803460743808,0.0852272727272727,1.8209438131313145,18.117739912207078,2.883570906665661,Others
E01028470,E02005934,13.46967316250015,636.9275798379838,118.62396204033215,8.718861209964416,0.8954635108481263,2386.346391615166,1034.2658612057432,0.13345195729537365,3.148477659153817,15.099506245845628,3.538928277350432,Others
E01028471,E02005934,13.590347208294045,711.5836737994453,145.45454545454547,-4.000000000000002,0.8954635108481263,3133.519388429997,-581.8181818181821,0.0038787878860606063,-1.444444444444445,7.987196902711418,2.016767947151777,Others
E01028472,E02005934,13.590347208294045,711.5836737994453,171.8213058419244,7.3883161512027495,0.8954635108481263,3133.519388429997,1269.4701290726375,0.0120274916,2.6680030546009927,7.987196902711418,2.0044485626384057,Others
E01028473,E02005934,13.007141275530968,453.2890090539166,138.69625520110958,15.325936199722607,0.8954635108481263,1307.2817319109809,2125.64995835265,0.03852673755586376,5.53436584989983,16.525931955364367,3.6384016166246993,Others
E01028474,E02005929,14.99515707274286,2420.5528519345235,255.7484748944158,14.406381980290943,0.8847933884297521,9378.505712503267,3684.4102202058025,0.14748273781591473,6.095007760892322,-2.0148490222867768,3.432017524002042,Others
E01028476,E02005928,14.512776647659486,1156.8282298387096,168.53932584269663,27.31741573033708,0.9030470914127424,3137.7503450168215,4604.058830955687,0.2765098314606742,12.307846647734287,-11.820071661385041,3.970122087811792,Others
E01028477,E02005931,15.0781485472635,1826.735291472868,245.51971326164875,23.44086021529032,0.91725717939155,4633.253214938939,5755.193278664469,0.22529441884280593,9.556658395464515,7.693483284652992,4.480388970090661,Others
E01028478,E02005931,13.590347208294045,711.5836737994453,484.78414720452935,14.29582448690729,0.91725717939155,3133.519388429997,6930.389082470979,0.0530785562632696,5.8282976754314335,7.987196902711418,2.254654559236496,Others
E01028479,E02005921,14.566059605310429,2576.8390133819953,347.32272069464545,24.52966714905933,0.9078768673607968,14244.687321344158,8519.710731945353,0.07752739301219763,9.59856541041968,4.597539448820819,3.007858453351832,Others
E01028480,E02005921,14.281453837008604,1812.8732775881683,310.67961165048547,19.676375404530752,0.9078768673607968,5601.761118305586,6113.048669368778,0.21574973031283706,7.699451248673142,16.836862962521607,3.2686179167630147,Others
E01028481,E02005930,15.0177523684845,4128.495465260547,414.03508771929825,26.73684210526316,0.9070669347888536,9805.153442754374,11069.99076638966,0.30075187969924805,11.52873008208595,-6.273656032428899,3.525624960037208,Others
E01028482,E02005930,12.971279035354533,553.2645948519948,449.0106544901065,37.44292237531202,0.9070669347888536,3231.046364624882,16812.271081761104,0.08561643835616435,16.14511331779509,13.091299109576207,2.8137306655709566,Others
E01028483,E02005931,13.974884140941867,1402.8409019138755,538.9457120377656,30.527143981117234,0.91725717939155,3753.6968744922287,16452.473349382617,0.13347195683938404,12.445681776917025,5.9992067942228156,4.083822734762519,Others
E01028484,E02005931,13.25448771802029,811.6985876244667,630.1747930082797,26.310947562097518,0.91725717939155,5041.776481924339,16580.495933796505,0.06439742410303588,10.726770929162834,17.41218658330207,4.376410895888246,Others
E01028485,E02005929,13.394179275966877,690.7070391578948,348.6884197056942,23.288547664747277,0.8847933884297521,4798.0782347000395,8120.446882461462,0.11516314779270631,9.85284708893154,9.120528810802528,3.080532875246456,Others
E01028486,E02005929,14.509991276966455,2560.956337595908,433.57199681782026,29.35560859188544,0.8847933884297521,4598.737622492664,12727.769834986131,0.22275258552108196,12.419680558105378,8.493438719336487,3.603539406946921,Others
E01028487,E02005937,14.877711996886186,3224.89538238573,193.67588932806325,20.55335968379447,0.9112426035502958,10198.699393408042,3980.6902154384547,0.18972332015810273,7.572290409819014,-0.8817631043431953,3.291903213401678,Others
E01028488,E02005939,15.876678176434197,7671.03052734375,394.27773900907187,19.609211444521982,0.9210526315789472,1911.7537401983448,7731.475552096943,1.114600294642165,7.801514230616272,2.81004582618421,6.518751929560581,Others
E01028489,E02005937,12.943446679175059,630.5984550527903,180.54532056005897,33.087693441414885,0.9112426035502958,4889.802674539472,5973.828218973211,0.1719479243429132,12.190202846837062,16.438012895130285,2.826544095149999,Others
E01028490,E02005937,12.47005754682532,341.31154285714285,187.02290076335876,12.061068702290079,0.9112426035502958,2554.9415666823147,2255.6960550084495,0.053435114503816765,4.443551627159502,15.149512004865848,2.186612916741625,Others
E01028491,E02005937,14.377469128582836,1703.013277669903,147.41275571600482,22.382671480144403,0.9112426035502958,1769.0032046275328,3299.491283174115,0.269554753309266,8.246247387421622,11.94419674631292,4.761481387349815,Others
E01028492,E02005938,13.645231837364769,853.6727759109311,90.23024268823896,13.254511512134407,0.8751486325802615,3919.5595775903575,1195.9577904539447,0.16334785314250155,4.418170504044802,15.225575158973657,3.0485618871985234,Others
E01028493,E02005938,12.151970983472376,209.58645873893806,99.11141490088858,8.133971291866025,0.8751486325802615,4717.201347121191,806.1694035000503,0.0133287765,2.711323763955342,17.931769192507726,2.1516459174287594,Others
E01028494,E02005937,11.50804683217042,131.97921066312998,210.84337349397592,2.9259896729776216,0.9112426035502958,5111.796762757303,616.9255334591371,0.0129087779690189,1.0779961953075448,14.32820108899033,1.843402702379893,Others
E01028495,E02005938,11.49223656641968,107.87595246696034,109.5166163141994,18.429003021148034,0.8751486325802615,5712.807960894305,2018.2820529202909,0.00472054375,6.143001007049344,12.9234556206228,2.095437914764436,Others
E01028496,E02005938,13.28820172799298,602.8499888661901,101.04529616724739,11.777003484320556,0.8751486325802615,8238.83721744061,1190.010805035875,0.0292682928,3.9256678281068518,9.699664592439323,2.243365733334074,Others
E01028497,E02005936,15.190148501494829,4706.719072619047,595.5777460770329,33.9514978601341,0.9074611699811294,5998.919753933099,20220.756571477872,0.2942225392296719,14.109713396419366,8.16820661952787,4.532362906028944,Others
E01028498,E02005936,14.425370614251786,1791.7944109055502,509.1463414634147,20.121951219512198,0.9074611699811294,9795.089233129205,10245.017846519931,0.06097560975609753,8.362369337979096,10.08573579829965,3.580319380882035,Others
E01028499,E02005931,15.34154872455572,3430.2129537658466,315.37753222836096,15.055248618784532,0.91725717939155,4027.2506964275167,4748.087156476706,0.19874155923879677,6.137909052273693,4.838403100010747,4.155878574339373,Others
E01028500,E02005936,13.503451104658044,684.6931812909262,519.6017423771002,7.529558182949597,0.9074611699811294,1000.2730317234148,3912.371551190363,0.15211228652423425,3.1291670370699625,12.848327123340729,4.794425978634944,Others
E01028501,E02005936,13.841165006378816,1508.8019941176472,724.1977450130096,32.957502168256724,0.9074611699811294,7731.732375689859,23867.748751512892,0.09757155247181265,13.696624277717081,9.788797417239545,3.060020763436353,Others
E01028502,E02005936,13.630819911051132,1252.0488378012049,743.5440783615317,37.22172751558326,0.9074611699811294,2812.0953737352966,27675.99508059842,0.19081541788576514,15.468769876606032,15.86198639723737,3.321035222410119,Others
E01028503,E02005929,13.460422398987557,1097.1997358372455,479.3315743183817,22.867194371152152,0.8847933884297521,10395.868996199164,10960.968278168797,0.06332453825857517,9.674582233948987,11.673042089670012,2.448933989329183,Others
E01028504,E02005929,13.95469365893002,1358.5502659574468,379.26235212247735,30.688935281837168,0.8847933884297521,3904.462242937217,11639.157779124047,0.23196474135931333,12.983780311546495,7.838886337802975,3.3893609398862,Others
E01028506,E02005930,14.323980650844392,1212.7967921225384,277.77777777777777,24.340866290018838,0.9070669347888536,2341.7958295399358,6761.351747227454,0.1942090395480226,10.495602895696194,8.500705675392528,4.45980909760999,Others
E01028507,E02005930,14.180598048496567,1679.066486013986,409.72222222222223,33.333333333333336,0.9070669347888536,8792.156651471134,13657.407407407409,0.10912698412698411,14.37308868501529,0.6355660973712094,3.082001708706166,Others
E01028508,E02005921,14.860075058599207,4392.827658423494,439.9633363886343,32.905591200534374,0.9078768673607968,9585.129037423785,14477.25369042759,0.19641220371428567,12.876100910279641,14.988894616909466,3.3092282808987514,Others
E01028510,E02005939,14.875963681411003,2899.2752690763054,330.4093567251462,20.8187134502924,0.9210526315789472,4957.752232364165,6878.697718956261,0.25062656641604003,8.282713953342137,8.491393461710524,4.0575768380298864,Others
E01028511,E02005938,14.414314228294275,1710.4692189849625,75.36382536382537,15.540540540540542,0.8751486325802615,1196.7056272237967,1171.1945833567456,0.31762531762531765,5.18018018018018,9.78953622318223,5.423089256501981,Others
E01028512,E02005939,12.43905050591778,206.77289615069614,294.11764705882354,17.959396147839673,0.9210526315789472,1588.830725446655,5282.175337599904,0.08676036786395974,7.145136101828687,19.549805732644863,3.0267463270831603,Others
E01028513,E02005944,13.1823443374326,274.79666909937885,40.26354319180088,8.23572474377745,0.8771266540642721,3753.6712333068385,331.59945893686654,0.073206442,2.287701317715958,12.714144683539221,2.8981745699591857,Others
E01028514,E02005944,13.590347208294045,711.5836737994453,70.60333761232349,-2.1822849807445444,0.8771266540642721,3133.519388429997,-154.07660326180994,0.004278990158322633,-0.6061902724290401,7.987196902711418,2.018895041811802,Others
E01028515,E02005946,12.358148721998143,196.00064057239058,131.8051575931232,28.194842406876788,0.9017283950617284,1368.0749220323307,3716.225646751668,0.1432664756446991,11.412198117069174,12.004524800237037,3.019448800171307,Others
E01028516,E02005944,13.501120393924838,390.08176362179483,37.68413840356286,20.520726276121962,0.8771266540642721,5693.16027158556,773.3058891310092,0.068516615,5.700201743367212,3.187585847927457,2.793248824936084,Others
E01028517,E02005956,12.149928794082996,187.57899375,92.1985815602837,-4.184397163120568,0.8998628257887518,6611.926459279818,-385.79548312459144,0.01702127659574466,-0.6606942889137737,18.170351413754325,2.1247733516779195,Others
E01028518,E02005956,13.415607577753308,617.8655147465437,77.1055753262159,-10.557532621589564,0.8998628257887518,4166.856930167556,-814.0446268129557,0.09885330170027673,-1.6669788349878252,7.952612827009928,3.145013976269745,Others
E01028519,E02005956,14.902125847561953,2356.298119236884,70.65217391304347,-5.380434782608695,0.8998628257887518,2550.343439272905,-380.1394139886578,0.6467391304347825,-0.8495423340961095,-3.291017635182442,4.480230351432242,Others
E01028520,E02005957,12.204283529516166,173.60130147826086,43.37767495662232,-3.06535569693464,0.8875739644970414,1200.6182975475067,-132.9680030480613,0.1445922498554077,-0.6811901548743644,11.703648214122497,3.047280535434568,Others
E01028521,E02005947,17.363732063196586,3563.5209403199347,137.72996883482458,34.120840454408366,0.8850231765144654,958.0090071364,4699.462292403686,2.0148453470057968,14.428241106435538,3.2014281040676673,7.762413130918424,Others
E01028522,E02005947,16.02363719881099,2278.0807130696044,317.27651690597503,28.369615562760536,0.8850231765144654,1788.4990538719337,9001.012811714205,0.7278501951961888,11.996294580824456,4.75771304707414,5.775817824220395,Others
E01028523,E02005949,12.825237532846165,254.43442130136987,73.99577167019028,36.4693446088795,0.8905325443786982,126.68149616336868,2698.5772966401323,0.5355884425651867,13.676004228329813,11.037476548919287,4.991010650959955,Others
E01028524,E02005949,11.455755016422568,77.66637157894736,79.27519818799547,11.721404303510761,0.8905325443786982,1097.2549949290008,929.2166492024386,0.047187617999999994,4.395526613816536,16.969147835649746,4.991010650959955,Others
E01028525,E02005949,12.695920411014502,213.06302140992167,64.39742410303587,9.475620975161,0.8905325443786982,6175.807774402201,610.2055825770652,0.01724931,3.553357865685375,15.009494399752949,4.991010650959955,Others
E01028526,E02005949,13.794739514174173,495.920095443038,63.09148264984228,24.470482199188833,0.8905325443786982,200.08113596510188,1543.8790031033966,2.06549496770317,9.176430824695812,3.4764204831394903,4.991010650959955,Others
E01028527,E02005954,12.824043130631958,321.23881307359306,227.400336889388,28.467153284671532,0.9071980963712076,2080.4458960028187,6473.440247216155,0.18528916319999997,12.485593545908564,2.2275825551038135,3.166107759329545,Others
E01028528,E02005954,14.139075813861924,1072.1841272304111,236.28938156359393,20.945157526254384,0.9071980963712076,3062.86390720698,4949.1183186307035,0.49008168028004667,9.186472599234378,-2.799949298958953,3.688654428797639,Others
E01028529,E02005954,15.925788067879322,6445.72622734375,216.69341894060994,4.226859281246657,0.9071980963712076,2801.64118200886,915.9325890341873,0.5258732706565771,1.8538856496695861,3.93685840957036,5.599451058922986,Others
E01028530,E02005954,13.949113795257906,716.5757078369905,186.46408839779005,10.81952117863721,0.9071980963712076,10375.866079154825,2017.4521534751702,0.069060773,4.745404025718074,18.045760339893096,2.6264785474083983,Others
E01028531,E02007116,13.699551994870177,496.6598564417178,73.68877329865627,36.801040312093626,0.9152249134948096,2412.1867871497366,2711.823516712578,0.12010547608727064,14.72041612483745,10.524985129906046,3.448748683520378,Others
E01028532,E02007116,14.258035818689693,659.869505722764,57.646659884706686,26.924381146151248,0.9152249134948096,4864.85206481923,1552.1006425383903,0.10549715534456125,10.7697524584605,-3.530696970925605,3.58900386868668,Others
E01028534,E02005945,13.55691977848861,1009.3306320261438,368.02030456852793,51.43824027072758,0.9031576165940018,2169.13862387827,18930.316850902283,0.17449238578680204,22.77979211989364,3.6421173984364175,3.681174849728384,Others
E01028535,E02005945,14.920636004892678,1824.533078549849,203.84254920337395,44.84536082474227,0.9031576165940018,5562.202456979049,9141.392670460586,0.3280224929709466,19.860088365243,4.207611374808825,3.7532851539311465,Others
E01028536,E02005945,13.436674573807181,756.5269593370166,312.5,46.04885057471263,0.9031576165940018,752.2032002359089,14390.265804597697,0.4022988505747127,20.393062397372734,9.717600943906618,4.347797443123222,Others
E01028537,E02005945,14.702923727800076,2092.0219853574504,260.011954572624,58.69695158398088,0.9031576165940018,291.6626911292777,15261.909108805548,3.5863717872086074,25.994364272905816,10.050230364079521,5.816908758529035,Others
E01028538,E02005944,13.436371682825216,561.0242236885246,59.91285403050109,17.15686274509804,0.8771266540642721,10300.215634962267,1027.916613268401,0.0544662309368191,4.765795206971678,9.586425549162982,2.8981745699591857,Others
E01028539,E02005945,13.55172581752832,494.29721435006434,205.8684335068623,35.683861807856125,0.9031576165940018,5222.194915684048,7346.180731858692,0.15775358833333333,15.802853086336281,12.613108602208674,2.761717342351146,Others
E01028540,E02005945,13.691749573812668,661.8651744569288,246.73851389676688,49.12081678956325,0.9031576165940018,1458.5821638590135,12119.99733605219,0.2722631877481565,21.753504578235148,-5.338627675059321,5.816908758529035,Others
E01028541,E02005951,13.58625552641584,831.7204241631798,124.99999999999999,55.66176470588235,0.8886576482830385,4113.215210506322,6957.720588235293,0.16850490196078424,23.549208144796378,8.996828342128811,3.139313002031515,Others
E01028542,E02005951,13.987207470923822,911.9177557603687,94.7603121516165,34.61538461538462,0.8886576482830385,7270.966265424983,3280.1646514021104,0.10033444816053512,14.644970414201186,-0.2670507107221644,2.9856314313745616,Others
E01028543,E02005951,12.89490136594921,478.69632259615383,146.42549526270457,42.204995693367785,0.8886576482830385,1170.0317316317999,6179.887396961692,0.4545889555555556,17.85595971642483,12.221633317966752,3.397691242332868,Others
E01028544,E02005951,13.787307107438494,1249.600969151671,155.25114155251143,63.652968036529685,0.8886576482830385,11402.504795652738,9882.195950876756,0.06575342465753424,26.930101861608712,1.5782472856475631,2.322191622632964,Others
E01028545,E02005953,13.376985633718204,495.76181752498076,78.67132867132867,70.33799533729604,0.8735999999999999,4861.251068377339,5533.583549262799,0.07648601398601393,29.307498057206683,0.6151170476060493,2.647025499264436,Others
E01028546,E02005953,13.847859972531461,805.0485931410756,71.12750263435196,16.016859852476294,0.8735999999999999,5556.260669087316,1139.2392413510536,0.08279391841035673,6.6736916051984565,5.992310625225239,3.136927970220768,Others
E01028547,E02005953,13.549611352147101,394.70411122554066,56.50899958141482,42.15152783552114,0.8735999999999999,6286.220724215422,2381.940668813459,0.062787777,17.56313659813381,-4.6967932441248,2.938526799783212,Others
E01028548,E02005948,15.428903520466557,3661.424805251641,244.89795918367346,44.183673469387756,0.8914868742693166,5520.2936911673705,10820.491461890879,0.5685131195335277,25.921088435374152,-9.124279018373898,4.580908230651572,Others
E01028549,E02005948,15.318603432034855,4377.381526777021,360.36036036036035,66.81681681681681,0.8914868742693166,2379.86490762732,24078.13218624029,0.4138513513513514,39.19919919919919,-8.71787546348985,4.637918072447894,Others
E01028550,E02005948,14.485470511035402,1746.343218051832,343.3476394849786,57.43919885550787,0.8914868742693166,938.9948100468142,19721.613340946908,0.5579399141630901,33.697663328564616,-2.231372831465618,4.580908230651572,Others
E01028551,E02005948,14.323912079968263,1142.701298969072,275.5453501722158,49.024110218140066,0.8914868742693166,2488.2266603916014,13508.365616938709,0.15308075009567546,28.760811327975507,-10.452096636934849,4.2077774087708,Others
E01028552,E02005955,15.168827287617901,2290.082727218935,175.33252720677146,4.514308746473198,0.8899458316818601,4058.34655533741,791.5051611107783,0.4232164449818621,2.4563150532280633,11.261878023157616,3.8146527050318695,Others
E01028553,E02005955,15.506540844042194,3054.6543907657656,167.8888460054033,20.301042068450407,0.8899458316818601,1376.4532104493617,3408.3185255792846,0.6164501050645397,11.046155243127426,-10.248888663464129,6.410252181610051,Others
E01028554,E02005955,12.325901094568305,208.37309519408504,284.68586387434556,11.910994764397902,0.8899458316818601,5788.822684638255,3390.8918341054236,0.029995636666666665,6.480982445334152,16.733318594994536,3.8146527050318695,Others
E01028555,E02005955,13.495610317392702,659.0022512704174,271.53558052434454,14.481897623882649,0.8899458316818601,2111.4364480280383,3932.3504783951007,0.0780274656679151,7.879856060053793,5.049075291741079,3.23907053215372,Others
E01028556,E02007021,13.657251860659045,366.3639149785408,118.80165289256199,16.563360881542707,0.9178743961352656,1467.4711000849763,1967.7546501832762,0.11234504132231404,6.993419038873587,-1.4631059447342993,3.851444632542213,Others
E01028557,E02007021,15.440286787671102,3269.3379040566642,154.63917525773198,11.429852084267143,0.9178743961352656,923.2773169770535,1767.5028996289398,0.4552730998271113,4.825937546690572,4.076965670216386,6.970157144095103,Others
E01028558,E02007021,14.40201395649887,1452.0925702746365,203.06062389640965,12.065921128622719,0.9178743961352656,2055.918153243054,2450.1134722630004,0.23543260741612715,5.094500032085148,-3.2717196630434775,4.128359440809378,Others
E01028559,E02007021,11.675887516674855,79.25804875420874,177.01385325808107,25.19240636223705,0.9178743961352656,5148.796726867718,4459.4049230229775,0.0076962545,10.636793797388977,-29.763878513043473,2.2009952372324126,Others
E01028560,E02005943,14.389645878609969,1572.7135013286095,74.8663101604278,23.155080213903737,0.8587105624142661,24507.736814763157,1733.5354170837022,0.0385026738,10.686960098724802,0.8687987636570644,2.558931285135974,Others
E01028561,E02005943,12.79957450891676,280.668497751938,71.68458781362007,26.164874551971327,0.8587105624142661,1827.14002568355,1875.6182474531417,0.1536098310291858,12.076095947063688,12.965200931790278,3.381606731897151,Others
E01028562,E02005943,12.886781030540366,283.59964005743,71.50153217568948,28.753830439223698,0.8587105624142661,7403.648030998613,2055.9429323244726,0.033516343,13.27099866425709,-3.523100535860082,2.3112474660726985,Others
E01028563,E02005943,13.173712017880256,469.11222798573976,85.88957055214725,47.23926380368098,0.8587105624142661,3058.59178444859,4057.360081297753,0.1533742331288343,21.80273714016045,0.7999075707637832,2.8059026012697146,Others
E01028565,E02005942,12.307545822267075,277.04511389236546,227.64227642276424,65.9349593487805,0.878188776,4543.465336829408,15009.584241998813,0.030487805,38.462059620121956,17.255044499872433,2.4338764786752214,Others
E01028567,E02005956,10.362910632157558,23.22979257520176,65.65656565656566,-2.121212121212121,0.8998628257887518,541.1049157107258,-139.27150290786653,0.0300505051,-0.33492822966507163,16.362463967956103,2.514465452029545,Others
E01028568,E02005957,13.361850860991492,693.5566491266376,52.11952744961779,-6.115357887421819,0.8875739644970414,3629.173802589562,-318.72956327771817,0.15925411165160994,-1.3589684194270708,17.695603840157776,3.0707933627758703,Others
E01028569,E02005957,11.748311862661176,114.72235911151405,48.89178617992177,-2.6727509778357295,0.8875739644970414,1257.015498002097,-130.67556932052133,0.0365058672,-0.5939446617412731,17.707061281261314,2.483655867886348,Others
E01028570,E02005957,10.362770522827175,19.873051650973007,36.04036520903412,23.834694858241228,0.8875739644970414,1033.8417265260516,859.0111073369017,0.006407176037161599,5.29659885738694,18.753145184967536,2.2669579153508947,Others
E01028571,E02005946,12.979843761741021,386.4387450980392,139.14095583787054,38.05202661865397,0.9017283950617284,1596.9515147155125,5294.595355287606,0.08066142367412783,15.40201077421708,11.955908242868835,3.204655189228229,Others
E01028572,E02005946,13.070272408116624,357.93382767722477,122.47071352502662,34.82428115015975,0.9017283950617284,3360.9670824082377,4264.954560456199,0.06389776357827473,14.095542370302754,-3.166666599751111,3.204655189228229,Others
E01028573,E02005946,13.721386721366486,788.0251453679654,126.02739726027397,43.67123287671233,0.9017283950617284,5752.541583164452,5503.771814599362,0.136986301,17.676451402478797,11.765983731236151,2.868807579980324,Others
E01028574,E02005946,13.496558941821558,773.3082119148937,160.6145251396648,23.743016759776527,0.9017283950617284,15819.352803966234,3813.47336225461,0.0195530728,9.610268688480973,4.948164430564939,2.27469988950451,Others
E01028575,E02005954,13.391259591242417,752.8868399309551,271.62977867203216,36.284372904091214,0.9071980963712076,2806.375235078947,9855.916181191777,0.20865936358894108,15.914198642145266,4.83998288066924,3.166107759329545,Others
E01028576,E02005955,11.531667728318427,80.99435627980922,246.4589235127479,-6.515580736543914,0.8899458316818601,4084.223719399978,-1605.82301438901,0.00793201133144472,-3.5452424595900704,10.011573042266933,2.0541237336955462,Others
E01028577,E02005955,11.055518571618185,40.72797655083655,188.23020337516226,-0.9519688446559869,0.8899458316818601,1176.4954330856876,-179.18928923641465,0.020770229399999996,-0.5179830478275222,19.09918563873506,2.8531889667684487,Others
E01028578,E02005954,13.881000290619193,967.9789437896644,257.96178343949043,29.554140127388536,0.9071980963712076,10480.761967424567,7623.8386952817555,0.041560509600000003,12.96234216113532,6.996026543401845,2.7778871606909896,Others
E01028579,E02005950,14.074716784150949,888.8203196159122,307.8302450687388,30.304841601912734,0.8833210059171598,2832.365059372718,9328.746817086108,0.23535564853556484,12.053062000760747,4.886714220402251,3.607669398688393,Others
E01028580,E02005950,14.515874700988713,1296.3224806949806,285.47671840354764,32.48337028824834,0.8833210059171598,4067.05811861026,9273.245952576437,0.20490180551156162,12.919522273735133,-5.866538549544564,3.7220240527062383,Others
E01028581,E02005950,11.805513456945349,103.54564381761978,304.55351862803076,44.82554701360142,0.8833210059171598,2501.306478944268,13651.778067418529,0.0165582496,17.82834256222784,13.10646471937702,2.2125509702900645,Others
E01028582,E02005950,15.291461155659551,4482.778529713114,450.17482517482523,48.51398601398601,0.8833210059171598,7326.128938428996,21839.77517238007,0.33993783993783994,19.29533534647171,-6.689066178829512,3.573300238261778,Others
E01028584,E02005942,14.449434581509559,1166.4553477722773,113.13131313131312,56.484848484848484,0.878188776,7217.397806692037,6390.205081114172,0.09696969696969696,32.94949494949495,1.8173840240879662,3.8841994966935474,Others
E01028586,E02005953,13.578191885655707,585.1178771513353,81.81818181818183,34.78787878787879,0.8735999999999999,6436.2258437441815,2846.2809917355376,0.0454545455,14.494949494949497,14.500836960344621,2.629079141231216,Others
E01028587,E02005950,15.136104647108676,2327.9334766935985,268.3689421573736,37.25898905680042,0.8833210059171598,4702.416124040499,9999.155479026687,0.4455445544554455,14.818916102136528,3.9849116227598915,4.04039862989232,Others
E01028588,E02005950,15.427756647575437,2774.7977969009407,261.6869918699187,33.485772357723576,0.8833210059171598,3033.775607683697,8762.791038733558,0.7317073170731708,13.318204915003694,-3.5865560438337645,4.497195144322792,Others
E01028591,E02005941,15.473768145941865,7373.811709269663,413.15990818668706,56.77123182861515,0.8846187439951088,6883.973504758626,23455.596929955762,0.42846212700841635,32.35349770878068,8.8683394596847,4.477813973347077,Others
E01028592,E02005941,15.137649152153521,3090.143824546952,295.40481400437636,32.87746170678337,0.8846187439951088,3227.872577554718,9712.160460428348,0.38293216630196936,18.73661796193031,5.150227585961946,4.787066652443949,Others
E01028594,E02005940,13.660584502327538,912.1166207667732,136.3073110285006,50.12391573729864,0.8685776095186588,2103.075473648225,6832.256172370322,0.2409472669695718,27.448810998996876,-1.469564076641428,4.262200889105471,Others
E01028595,E02005948,13.083626325795944,424.16297760141094,250.13027618551328,30.693069306930695,0.8914868742693166,4651.199012059313,7677.265902723676,0.0683949975,18.00660066006601,-4.312355482338186,2.75848979786028,Others
E01028596,E02005940,13.415975189001312,797.4204160523186,154.38596491228068,54.73684210480701,0.8685776095186588,2392.254071394742,8450.600184601783,0.19444444444444445,29.974937343108603,1.9990649923864487,3.181672275870657,Others
E01028597,E02005940,12.706651656908956,328.94739292123626,139.6825396825397,31.682539682539684,0.8685776095186588,2590.440319537221,4425.497606449988,0.0423280423280423,17.349962207105065,3.3064994012245914,2.797220357361309,Others
E01028598,E02005962,13.765773406999354,576.6536285454546,219.1621411947246,26.687354538401866,0.8995075407817791,2202.3812987425094,5848.857763458904,0.1309154383242824,11.888003385288101,3.9516033929381145,4.064108697492137,Others
E01028599,E02005968,14.462766627087618,1344.3285869106264,187.79342723004694,21.478873239436616,0.8999893718779892,4042.4629830684435,4033.5912186735427,0.23278560250391234,10.107705053852523,13.858580659925396,4.812834550453841,Others
E01028600,E02005964,12.993778524739561,501.90464897260273,308.2851637764933,19.974309569685296,0.8982204861111112,5581.834631541079,6157.783297012808,0.0359666024,8.779916294367162,11.891258690766364,2.861228980215512,Others
E01028601,E02005968,14.571446944877474,1792.5957272727271,299.2518703241895,30.54862842892768,0.8999893718779892,4423.563770998717,9141.734193195316,0.12157107231920197,14.37582514302479,-14.30490484003401,4.488096898400948,Others
E01028602,E02005968,10.363411214176216,40.92772775193799,428.9544235924933,32.439678282886504,0.8999893718779892,3052.980737931528,13915.143499361504,0.0067024128686327,15.26573095665247,18.126883895912826,4.488096898400948,Others
E01028603,E02005964,14.343632922502007,1749.994144478844,322.79757901815736,26.429051782030932,0.8982204861111112,6939.282597671518,8531.233930985103,0.1260928043039677,11.617165618475132,5.318373971514757,3.7644042792001824,Others
E01028604,E02005963,13.786165363962866,917.845175047259,289.0528905289053,-2.5215252152521543,0.9101403349932096,3316.4685823309514,-728.8541520101554,0.07907221929362152,-1.0936735873382837,1.740066459614015,3.3438507148096024,Others
E01028605,E02005963,13.892032293360506,1149.6535186368478,307.7930582842174,2.3575638506876224,0.9101403349932096,8777.53759829277,725.6417877034594,0.07858546168958741,1.022557814756077,8.264777485331825,2.8571021903844613,Others
E01028606,E02005964,13.940928681349183,1101.6728357628765,268.1564245810056,36.089385474860336,0.8982204861111112,4639.967224645217,9677.600574264225,0.1662011173184357,15.86346614279575,3.1346889902265183,3.2880660102208243,Others
E01028607,E02005963,14.499443172005078,1747.4907539682538,261.25625347415235,20.01111728738188,0.9101403349932096,9672.979891378662,5228.029530333232,0.11290994997220674,8.679520751153586,10.397261881136638,3.1647997146695297,Others
E01028608,E02005969,14.386887640776251,2093.029289598109,407.6973255055447,27.201565557729936,0.9037540942302849,9872.611588431804,11090.005527450236,0.09422338189461475,12.758256412032624,0.535802530266165,2.9245584540994662,Others
E01028609,E02005964,11.920603099635358,154.8210570545829,315.5818540433925,16.56804733727811,0.8982204861111112,2478.7269224881234,5228.575096576918,0.05621301775147923,7.282658170232135,1.594155624029314,2.6727683869575705,Others
E01028610,E02005964,15.443850832381239,5152.0826218402435,304.1825095057034,8.808618504435994,0.8982204861111112,5245.14716305132,2679.427681957717,0.2357414448,3.871920221730107,16.976315597670556,4.505316700985164,Others
E01028611,E02005975,13.590347208294045,711.5836737994453,407.52351097178683,33.93416927899686,0.8998020548590819,3133.519388429997,13828.971806487749,0.21714994775339605,16.45293055951363,7.987196902711418,3.0853901454845265,Others
E01028612,E02005976,13.590347208294045,711.5836737994453,431.37254901960785,34.352941176568635,0.8856823979591837,3133.519388429997,14818.915801657058,0.22657952069716772,18.130718954300114,7.987196902711418,5.9141244341332015,Others
E01028613,E02005962,14.168524288031467,1634.155781859931,401.56361051883437,19.971570717839374,0.8995075407817791,6131.329488790221,8019.8560451878075,0.17768301350390897,8.896426956128447,13.572829836379425,3.82811952120544,Others
E01028614,E02005962,12.731027945496225,185.6538480505217,196.72701949860726,17.026462395543177,0.8995075407817791,2665.950975269401,3349.565199680326,0.023212627666666666,7.584515067105596,11.384130275463992,3.2348672772862463,Others
E01028615,E02005962,14.283508420128443,1565.4833225490197,290.04106776180697,20.2258726899384,0.8995075407817791,11089.236038158871,5866.333711404104,0.052938911704312086,9.009706925518012,10.735423808804489,3.208259672405012,Others
E01028616,E02005962,13.767496958860125,848.7264696349065,305.57057869118444,19.6322336398053,0.8995075407817791,8967.30668264552,5999.032994315844,0.0709843155,8.745267712276904,14.470336325961696,2.8554351880152686,Others
E01028617,E02005969,15.141056449286385,2929.368607003891,290.8329455560726,35.0860865518846,0.9037540942302849,3228.3108711852824,10204.189899919906,0.2722196370404839,16.456306081857377,10.649175739502347,5.080577936630082,Others
E01028619,E02005972,12.826183527565949,340.4998489010989,282.21512247071354,22.417465388711392,0.8969384122463511,2842.0150174758282,6326.5477401581675,0.05990415335463255,9.963317950538396,12.048994799009368,3.2476187604004125,Others
E01028622,E02005967,12.559274481957333,210.7495858623242,196.8314930388862,19.10705712914066,0.9083878643664486,1755.9509188218296,3760.870582308051,0.051436801316782105,6.588640389358849,20.034715957103852,3.1064235553966184,Others
E01028623,E02005967,15.870165405465706,6721.914546080964,252.30769230769232,17.6,0.9083878643664486,4369.241614945578,4440.615384615385,1.5384615384615383,6.06896551724138,7.228399382610254,5.029326192539745,Others
E01028624,E02005967,13.935912569995018,770.4571106557377,175.7393913416202,19.631375910844405,0.9083878643664486,1997.190866348383,3450.0060537703407,0.3086155165023575,6.769439969256692,16.897511945371804,3.938918068890791,Others
E01028625,E02005966,15.17186753109808,2615.9192641509435,136.5979381443299,30.61855670103093,0.8927514792899408,2255.501776346393,4182.431714316081,0.33136966126656847,11.315553563424473,15.656262015247433,4.9354303101887,Others
E01028626,E02005966,13.590347208294045,711.5836737994453,170.6374758531874,29.877656149092083,0.8927514792899408,3133.519388429997,5098.2478296905365,0.04636188,11.041742489881855,7.987196902711418,2.555209773630424,Others
E01028627,E02005966,13.590347208294045,711.5836737994453,189.01569186875892,21.82596290994722,0.8927514792899408,3133.519388429997,4125.449480125544,0.0342368046,8.066116727589188,7.987196902711418,2.685940915514109,Others
E01028628,E02005966,13.038270617831511,270.2363239271017,115.11728931364031,21.198957428323197,0.8927514792899408,1658.8805304992186,2440.366515423826,0.24435273675065158,7.834397310467268,-13.075547539778105,3.3222263217911614,Others
E01028629,E02005966,13.590347208294045,711.5836737994453,185.05586592178773,25.62849162011173,0.8927514792899408,3133.519388429997,4742.702709029057,0.033519553072625635,9.471399076997812,7.987196902711418,2.6862135064930355,Others
E01028630,E02005970,13.590347208294045,711.5836737994453,82.8363154406892,20.941020543406236,0.9053254437869822,3133.519388429997,1734.6769833835517,0.008520306857142857,7.283833232489124,7.987196902711418,2.411439497906128,Others
E01028631,E02005970,13.748220423675765,1162.8394384328358,104.42773600668338,12.865497077117796,0.9053254437869822,3275.0938529806185,1343.5147323640138,0.14793929267613476,4.47495550508445,2.5004700252912855,3.1645041128008624,Others
E01028632,E02005970,12.688030449932956,305.51631301886795,82.50825082508251,4.75247524752475,0.9053254437869822,5785.605612888518,392.11841976276816,0.03168316831683168,1.6530348687042604,15.816601911495097,2.3383382626998634,Others
E01028633,E02005970,10.363408499445624,30.5477100096432,85.44087491455912,13.465481886534517,0.9053254437869822,893.7998414050006,1150.5025535316572,0.014647007142857141,4.683645873577222,136.59826133979814,2.428688969789772,Others
E01028634,E02005971,11.054163760783906,78.03158587654322,118.11023622047244,13.385826771653546,0.8511966701352758,1101.0968366206052,1581.0031620063244,0.0141732284,3.4703995333916593,15.095114521423703,2.520756302681697,Others
E01028635,E02005971,13.03172848974937,423.6313199443414,90.57971014492755,2.2946859903381664,0.8511966701352758,1558.9575204315013,207.85199187845714,0.1358695652173913,0.5949185900876727,16.240525368218307,3.256710963171222,Others
E01028636,E02005971,13.83967053702327,1185.7097175925926,112.2754491017964,3.817365267964071,0.8511966701352758,7920.488004658648,428.5963998462654,0.249500998003992,0.9896872916943885,1.8451927088253897,2.691175283877365,Others
E01028637,E02005971,12.661061985139805,211.99079764626765,67.26457399103138,16.905829596412552,0.8511966701352758,1890.9410478105617,1137.1634257676603,0.04804612427930811,4.382992858329179,8.328635123434752,3.063764683945818,Others
E01028638,E02005959,14.28074940866046,1571.9580335636722,224.39949431099873,35.08217446270544,0.8981047100769375,6631.538981341496,7872.422208761334,0.1580278128950695,13.21937008739625,15.398491390041652,3.5249183086519142,Others
E01028639,E02005959,13.710762619309504,959.0527030883919,247.73203070481506,31.19330076762038,0.8981047100769375,2198.9109959779335,7727.579743548663,0.24533321702721564,11.753997390697533,19.46264463635686,3.889040929036222,Others
E01028640,E02005959,13.511382564464999,814.310630353201,244.32209222298692,21.541637990364762,0.8981047100769375,3943.958717770614,5263.098063716098,0.1032346868547832,8.117138952891068,12.84268863099892,3.0896323687470426,Others
E01028641,E02005963,14.689523817457303,3145.0241391076115,373.6089030206677,21.224165341812398,0.9101403349932096,14386.990066050446,7929.537130883805,0.12491483079718371,9.205662075966822,-2.7799648290466275,2.99807951662234,Others
E01028642,E02005975,13.590347208294045,711.5836737994453,353.02104548540393,34.758995245105226,0.8998020548590819,3133.519388429997,12270.65684144923,0.06364562118126273,16.852846179444956,7.987196902711418,3.309191735866131,Others
E01028643,E02005975,13.590347208294045,711.5836737994453,364.14565826330534,37.60504201680672,0.8998020548590819,3133.519388429997,13693.712779229338,0.1094187675070028,18.232747644512347,7.987196902711418,4.465252731521554,Others
E01028644,E02005972,13.478050390980526,757.5152847133759,316.2291169451074,35.739856801909305,0.8969384122463511,3627.3986790269487,11301.983356212371,0.08353221957040573,15.884380800848579,1.2979819063756546,3.1872200254641894,Others
E01028645,E02005975,13.590347208294045,711.5836737994453,327.86885245901635,39.281210592686,0.8998020548590819,3133.519388429997,12879.085440224917,0.15132408575031522,19.04543543887806,7.987196902711418,3.223743956265061,Others
E01028646,E02005961,14.391592922323984,2359.4881578249338,388.1090008257638,20.066061106523534,0.9124754306856284,2857.3366988912526,7787.818926561569,0.20644095788604458,7.933093925834886,8.424678572276942,4.687367493919466,Others
E01028647,E02005961,13.483949621022392,714.9416476095618,290.30265596046945,30.142063001852996,0.9124754306856284,1006.5120851624474,8750.320945565725,0.19730972479582734,11.916629558872113,19.87923475689815,4.696390194251753,Others
E01028649,E02005972,14.57676552443847,2227.8463787721125,341.7150225660864,32.75306254009542,0.8969384122463511,9214.334512113917,11192.213504997146,0.120889748549323,14.556916684486852,7.985645559586409,3.376392262743184,Others
E01028650,E02005973,13.590347208294045,711.5836737994453,271.9174871073605,27.89498359118611,0.8975425330812854,3133.519388429997,7585.133841016383,0.140646976090014,13.662849105887075,7.987196902711418,3.025727873589372,Others
E01028651,E02005973,13.590347208294045,711.5836737994453,354.7400611620795,14.00611620795107,0.8975425330812854,3133.519388429997,4968.530520251756,0.19222367846221056,6.860138550833177,7.987196902711418,3.468326294835422,Others
E01028652,E02005973,13.590347208294045,711.5836737994453,259.85663082437276,38.306451612903224,0.8975425330812854,3133.519388429997,9954.185454965891,0.7040450588837684,18.762343647136273,7.987196902711418,5.079725938581049,Others
E01028653,E02005974,13.590347208294045,711.5836737994453,298.59484777517565,24.941451990632324,0.8722,3133.519388429997,7447.389060434711,0.2966432474629195,14.808987119437942,7.987196902711418,4.835964396232824,Others
E01028654,E02005974,13.590347208294045,711.5836737994453,321.5636822194199,36.31778057975914,0.8722,3133.519388429997,11678.479253264286,0.047288777,21.56368221923199,7.987196902711418,2.625248134341072,Others
E01028655,E02005974,13.590347208294045,711.5836737994453,289.937464468448,38.26037521318931,0.8722,3133.519388429997,11093.116178923565,0.2558271745,22.717097782831154,7.987196902711418,5.032259790192918,Others
E01028656,E02005974,13.590347208294045,711.5836737994453,369.5652173913044,44.4927536231884,0.8722,3133.519388429997,16442.974165091367,0.144927536231884,26.417572463768114,7.987196902711418,3.1200715478095984,Others
E01028657,E02005963,12.803647060413141,454.42486299999996,391.99332777314424,29.52460383653044,0.9101403349932096,1676.472001990984,11573.447709065309,0.12047076267259749,12.805852266446935,12.834659641439906,4.176078147248771,Others
E01028658,E02005963,15.47823940175991,6700.9927344345615,359.3272171253823,35.70336391469725,0.9101403349932096,2137.779439128024,12829.190397482957,0.5373525557011796,15.485796396736154,-5.835125469172929,4.389573088429283,Others
E01028659,E02005977,14.334998504447064,1736.741303719008,205.69620253164555,32.27848101265823,0.876464844,4989.16977634143,6639.560967793624,0.1989150090415913,14.287196513799545,5.691425340511667,3.435727624558978,Others
E01028660,E02005976,13.953276530585997,816.2915533428165,245.09803921568624,29.01069518716578,0.8856823979591837,2035.281865031973,7110.464506658279,0.20053475935828874,15.311200237670828,11.77181777676085,3.767644422749591,Others
E01028661,E02005976,13.590347208294045,711.5836737994453,310.91011871113625,36.63086489542114,0.8856823979591837,3133.519388429997,11388.90655312698,0.12113381248485826,19.33295647258338,7.987196902711418,3.1351028350017995,Others
E01028662,E02005976,12.685867932150018,381.97130118203313,397.68618944323936,43.02241503976862,0.8856823979591837,880.4418198061919,17109.42029781109,0.14461315979754155,22.706274604322328,52.403250171152244,5.9141244341332015,Others
E01028663,E02005977,13.953714868730497,1142.4966348258706,198.77675840978594,17.85932721712538,0.876464844,6226.572724979644,3550.0191715998462,0.1310615989515072,7.9049481124981185,16.737526061857526,3.213702466094204,Others
E01028664,E02005977,13.583138410601162,979.7899695920889,210.62864549578742,23.071937783538562,0.876464844,4319.455023318551,4859.611004309807,0.17012313674659746,10.212169182877725,-6.358002237519103,3.229974011534234,Others
E01028665,E02005977,12.169909110083251,244.79125723350256,231.81169757489303,29.457917260990016,0.876464844,1247.9839744285036,6828.689807290839,0.07355563480741796,13.038750263061154,15.565933070876136,2.469793011977952,Others
E01028666,E02005958,13.590347208294045,711.5836737994453,267.61517615176155,20.3929539295393,0.8819855358316897,3133.519388429997,5457.4639581084175,0.6504065040650405,9.867558353002886,7.987196902711418,4.820305758860765,Others
E01028667,E02005958,13.590347208294045,711.5836737994453,299.46929492039425,25.92873388931008,0.8819855358316897,3133.519388429997,7764.859656010221,0.045109932,12.546161559343588,7.987196902711418,2.4000747142713026,Others
E01028668,E02005958,13.590347208294045,711.5836737994453,305.019305019305,20.772200771428572,0.8819855358316897,3133.519388429997,6335.922243022615,0.009928295714285712,10.051064889400923,7.987196902711418,2.413768621954661,Others
E01028669,E02005958,13.590347208294045,711.5836737994453,293.46210995542344,19.019316493313525,0.8819855358316897,3133.519388429997,5581.448748037772,1.5091010401188707,9.20289507740977,7.987196902711418,4.966209591791911,Others
E01028670,E02005960,13.590347208294045,711.5836737994453,315.06849315068496,30.547945205479454,0.9071368192247312,3133.519388429997,9624.695064740103,0.0821917806,13.36472602739726,7.987196902711418,3.4097936608875123,Others
E01028671,E02005960,13.590347208294045,711.5836737994453,279.126213592233,14.077669902912614,0.9071368192247312,3133.519388429997,3929.446696201336,0.3982099514563107,6.1589805825242685,7.987196902711418,3.941426455797388,Others
E01028672,E02005960,13.590347208294045,711.5836737994453,168.25164594001464,27.87125091441112,0.9071368192247312,3133.519388429997,4689.383840756809,0.17556693489392833,12.193672275054865,7.987196902711418,5.031450480476841,Others
E01028673,E02005960,13.590347208294045,711.5836737994453,203.44980097302079,19.239274657231316,0.9071368192247312,3133.519388429997,3914.226599878994,0.13268465280849182,8.417182662538702,7.987196902711418,4.757702413971294,Others
E01028674,E02005969,14.270885764151553,1861.5866399055492,447.70773638968484,25.7163323782235,0.9037540942302849,3057.377272011147,11513.400957299204,0.13047482603356522,12.061642619874739,7.684269257502151,4.748863520737904,Others
E01028675,E02005969,10.364652525689273,34.21511249190939,442.9482636428065,11.552090715804399,0.9037540942302849,742.7150183713507,5116.978524009744,0.0138199857,5.418237238386134,19.909417002487892,2.2248397443691927,Others
E01028676,E02005969,14.400166350128668,1200.2489913043478,269.74536037980147,14.630988347000436,0.9037540942302849,2780.970469343597,3946.6412243743084,0.10789814415192057,6.862321968062151,13.099090227496818,3.884918987736087,Others
E01028677,E02005969,15.67864210908999,7120.313328176795,427.4965800273598,31.874145006839946,0.9037540942302849,8674.904502570076,13626.087981720224,0.586281024037522,14.949820224447054,12.50533620045913,4.143245831330262,Others
E01028678,E02005965,13.077855484130923,472.09578005923,278.6377708978328,33.25077399380804,0.9092286327483904,1270.721054301923,9264.921546262301,0.18575851393188855,14.30556555547555,16.60508274187385,3.353861160005861,Others
E01028679,E02005965,14.316979551873777,1227.6163657992565,206.61157024793388,25.114784205693297,0.9092286327483904,3342.1764568130725,5189.005001176301,0.22038567493112945,10.805197855937813,2.8796921312786266,3.835401106776704,Others
E01028680,E02005965,15.224260579366158,3493.4566575576428,226.70025188916875,24.13098236775819,0.9092286327483904,16316.421358013002,5470.499781103871,0.08921074727120067,10.381934274500615,-5.060455507305391,3.5406984204397127,Others
E01028681,E02005961,13.418766266106475,880.2421058900524,363.7770897832817,26.470588235294123,0.9124754306856284,5054.516757219099,9629.393553086871,0.1393188854489164,10.465116279069768,16.818779177536452,2.771087596113514,Others
E01028682,E02005961,14.83897860635365,3656.8042496714847,377.8135048231511,12.620578778135048,0.9124754306856284,7911.3993822791235,4768.225101063885,0.29714056040422604,4.989531144844088,-4.903192206204186,3.6290232869605705,Others
E01028683,E02005959,13.761269355499037,1037.46178652793,233.55263157894737,15.986842105263161,0.8981047100769375,3942.339807914864,3733.7690443213305,0.15789473684210525,6.024027459954234,14.914978083703135,3.487803120836334,Others
E01028684,E02005961,14.228315872059309,1677.0808179800222,336.676217765043,34.59885386840974,0.9124754306856284,8513.42886237607,11648.61125942162,0.1125665165779779,13.678616645650362,16.690891364643175,2.8601988782587955,Others
E01028685,E02005975,13.590347208294045,711.5836737994453,407.52351097178683,26.175548589341695,0.8998020548590819,3133.519388429997,10667.151462741129,0.0587774294670846,12.691175073620215,7.987196902711418,2.6329673949778543,Others
E01028686,E02005975,13.590347208294045,711.5836737994453,351.35135135135135,20.675675675864866,0.8998020548590819,3133.519388429997,7264.426588817386,0.24975868725868727,10.024570024661752,7.987196902711418,4.465252731521554,Others
E01028688,E02005982,11.457292228115158,131.92133729428173,179.69451931716083,27.672955974842772,0.9024943310657596,839.0143690602447,4972.678521984326,0.3930817610062892,9.993011879804333,16.728436155283447,2.773775517719346,Others
E01028689,E02005982,14.432601712838037,1959.3314640591966,143.26647564469914,23.49570200539255,0.9024943310657596,2544.393648235447,3366.14641911068,0.14973336517032787,8.484559057502864,-39.740659120544215,4.794500457592604,Others
E01028690,E02005985,12.50190955621937,277.7367574380165,106.72703751617075,19.59896507115137,0.8778696051423324,8587.354891533878,2091.7394804268924,0.013860654428571427,8.16623544631307,11.6002695955493,2.376021411067228,Others
E01028691,E02005985,12.508948425062623,239.38838037135278,90.36144578313252,9.145673603504925,0.8778696051423324,4601.208218440877,826.4162894733365,0.0468236582694414,3.8106973347937187,-0.9042638038751148,2.6040221306781626,Others
E01028692,E02005985,12.156704426994505,198.71097776617955,115.54621848739497,-10.084033613445376,0.8778696051423324,5675.023381866036,-1165.1719511333945,0.023342670666666666,-4.201680672268907,17.46199421350363,2.084055879230581,Others
E01028693,E02005981,11.550860140955168,115.40593122222222,109.41644562334217,40.38461538461538,0.87890625,1450.2496408865313,4418.741073250357,0.0477453582,18.846153846153843,10.366163688153197,2.743867693967604,Others
E01028694,E02005981,11.460974478982543,99.51419270440252,118.36441893830704,37.66140602916786,0.87890625,1632.005988925959,4457.7704410421065,0.042682926999999996,17.575322813611667,16.96082410195115,2.462064407539368,Others
E01028695,E02005982,11.630521073285427,118.39780673684211,124.37810945273631,20.771144278606968,0.9024943310657596,2928.9071005405594,2583.4756565431553,0.012126865799999999,7.5006909894969604,-29.060066927891153,2.533776175887556,Others
E01028696,E02005983,12.57561977205779,345.3637523866348,613.7931034482759,39.241379310344826,0.9256790123456792,910.5020376957561,24086.087990487515,0.3160919540229885,14.321671281147744,4.436122601780664,3.696971624011272,Others
E01028697,E02005983,13.713686005524721,839.3931225836432,551.7668939863609,9.113453189497829,0.9256790123456792,4923.393328341739,5028.50175985931,0.09742272606500749,3.3260778063860683,13.311955406215983,3.1102210000386887,Others
E01028698,E02005983,15.85150202061849,7698.333477386935,641.6726748377794,43.40302811824081,0.9256790123456792,1642.7055776466216,27850.53714869093,1.40591204037491,15.84052121103679,10.739156188235867,5.974892994264215,Others
E01028699,E02005982,14.684959527400965,2548.712558760684,124.84394506866417,38.07740324594257,0.9024943310657596,7423.682957080942,4753.733239193829,0.28610070744902205,13.75017339436815,14.147005558527715,3.404923763402969,Others
E01028700,E02005983,12.01986009904442,147.8347536954586,525.383707201889,12.16056670602125,0.9256790123456792,357.75923816565347,6388.963617685308,0.30991735537190085,4.438163031394616,12.167033365280906,3.746511366946653,Others
E01028701,E02005981,11.457582041344484,96.64455141981612,103.643216080402,24.811557788944725,0.87890625,3846.300085304567,2571.549645210979,0.0150753768,11.578726968174205,16.743725583229725,2.273259263612217,Others
E01028702,E02005985,13.44688551415652,975.5764644569816,136.02638087386643,15.74608408903545,0.8778696051423324,1392.2030148753665,2141.8828315670644,1.0010599458249911,6.560868370431438,0.0951993515746458,3.98935434836447,Others
E01028703,E02005983,14.980822795513651,2873.5869614695343,520.46783625731,19.356725146198833,0.9256790123456792,3931.0615855980736,10074.552853869569,0.2842755035737492,7.064498228539719,4.581883288431211,4.085875467130721,Others
E01028704,E02005985,12.55823289179085,245.83083794295592,88.23529411764706,21.176470588235293,0.8778696051423324,1149.2537946218292,1868.5121107266434,0.1283422459893048,8.823529411764707,17.012917583322565,3.455874942952851,Others
E01028705,E02005981,11.624481998801116,167.6172335832084,143.85353095030513,32.432432432432435,0.87890625,7689.925862999014,4665.5199227125995,0.01453065969195,15.135135135135137,2.689666748050204,2.027885054765434,Others
E01028706,E02005981,11.05460496239966,74.47995001177856,119.91279069767442,28.706395348837205,0.87890625,1205.6794340312015,3442.26397714981,0.08824750857142857,13.396317829457363,17.346574485645476,2.2975725511705014,Others
E01028707,E02005981,13.002707505860135,476.48963684210526,118.44938980617373,22.397702799712853,0.87890625,2654.985462905212,2652.9942296860163,0.07691518818582706,10.452261306532664,17.54623273237761,2.3570732782781154,Others
E01028708,E02005978,14.169997404162208,1218.3316170940172,193.54838709677418,24.462365591397855,0.8779591836734695,3021.4549171849685,4734.651404786681,0.10080645161290322,11.151960784313726,11.127387353236797,3.873199013570564,Others
E01028709,E02005978,12.705168788406766,268.0596803091945,176.9041769041769,38.52579852579853,0.8779591836734695,1983.6269554485698,6815.37467778254,0.05067567567567566,17.563231680878737,13.05570814436078,3.125882958019036,Others
E01028710,E02005978,13.247623155806627,426.4262072234763,167.67582673497907,41.313460642757335,0.8779591836734695,1017.260980943864,6927.268668557356,0.11976844766784217,18.8340776459629,6.615214825310928,3.929548532293965,Others
E01028711,E02005978,13.65800364799226,844.1402278656126,215.43985637342908,31.777378814596048,0.8779591836734695,4030.147389677573,6846.113927740621,0.08378216636744465,14.486746224301138,2.2222981852985995,3.137275237663595,Others
E01028712,E02005992,14.879893244257403,2236.9196057098766,468.8929551692589,30.100640439217752,0.8891507210858705,9779.769759010196,14113.978248032112,0.15248551387618173,14.87732803317659,14.711235571782739,3.877886943498464,Others
E01028713,E02006886,13.774954985346385,601.6634079573935,341.78187403993854,26.843317972350228,0.913517056271652,4476.342451215171,9174.559522039825,0.07467144563918755,10.187524290711231,10.646808584484983,3.574281964214713,Others
E01028715,E02006886,13.496546801329835,452.61574981320047,358.00482703137567,28.03700724054706,0.913517056271652,1500.265365834556,10037.383927629477,0.2011263073209976,10.640550940689547,5.374729293763928,3.960984583476808,Others
E01028716,E02005986,13.590347208294045,711.5836737994453,155.54002097168822,18.769660957707096,0.9183183941421538,3133.519388429997,2919.433458993239,0.2446696959105208,6.652538060959476,7.987196902711418,3.733398605718426,Others
E01028717,E02005986,13.590347208294045,711.5836737994453,276.91350342252645,20.659614190796514,0.9183183941421538,3133.519388429997,5720.926144931206,0.23002044626188992,7.322394903067118,7.987196902711418,3.555290916999556,Others
E01028718,E02005986,13.590347208294045,711.5836737994453,300.47265361242404,4.6590141796083735,0.9183183941421538,3133.519388429997,1399.9063537648387,0.2495900453361628,1.6512961649244866,7.987196902711418,3.4584594938289506,Others
E01028719,E02005986,13.590347208294045,711.5836737994453,228.4394250513347,18.326488706365502,0.9183183941421538,3133.519388429997,4186.4925432919135,0.06737679675,6.495464351623215,7.987196902711418,3.032257048236364,Others
E01028720,E02006886,15.80228446784476,4173.995546078992,305.3173241852487,21.097770154373933,0.913517056271652,4055.728398123995,6441.5147298088505,0.5145797598627787,8.006985058587697,9.98558003738982,5.314845029153641,Others
E01028721,E02005988,13.590347208294045,711.5836737994453,211.26760563380282,20.961060480530243,0.9060650887573964,3133.519388429997,4428.393059266953,0.01988401,7.45282150418853,7.987196902711418,2.589641970051908,Others
E01028722,E02005988,14.393407064980574,1700.653110687023,145.21640091116174,14.692482915717543,0.9060650887573964,5688.260711963052,2133.5894894692333,0.22423120728929385,5.223993925588459,16.32422442427587,4.227257013341842,Others
E01028723,E02005988,13.884226441760344,701.4609299279634,102.6983487716472,15.344341522351996,0.9060650887573964,1222.262774829939,1575.8385373337733,0.08034635521546518,5.455765874614042,0.7757977307137573,4.227257013341842,Others
E01028724,E02005988,13.590347208294045,711.5836737994453,212.5,13.249999999999996,0.9060650887573964,3133.519388429997,2815.624999999999,0.01875,4.7111111111111095,7.987196902711418,2.2515023027647296,Others
E01028725,E02005988,13.17798292340541,197.97629082397003,61.81818181818182,13.01818181818182,0.9060650887573964,2722.1365592438865,804.7603305785125,0.05194805214285714,4.628686868686868,7.693502580713757,3.505947711194287,Others
E01028726,E02005984,15.050091175680514,1760.7253217213115,178.84914463452566,30.793157079160185,0.8929845422116528,4354.39839226399,5507.329804204388,0.2527216174183514,13.277783327711271,-2.96688134725327,4.292115603201173,Others
E01028728,E02005992,12.791217421214157,452.2029913098237,789.6764252696456,23.651771956856706,0.8891507210858705,2934.7783668891557,18677.246730183455,0.09244992295839749,11.689956254538371,14.789963018937819,2.74238721350666,Others
E01028729,E02005992,16.04148015343512,7567.367883986927,534.9686847599165,30.2713987473904,0.8891507210858705,2132.216585351761,16194.250373734427,0.4732080723729992,14.961725817675715,7.02672390679678,5.871545794931808,Others
E01028730,E02005992,15.040543484196762,3470.2111834862385,622.7217496962334,32.746051032806804,0.8891507210858705,2331.413783882147,20391.678194791602,0.334902794653706,16.18482982081256,7.333309421142111,4.792893792071041,Others
E01028731,E02005987,15.539617943768631,4333.471753477589,283.70403994552885,15.796640944167052,0.9025754422476588,19093.192421216452,4481.570853429146,0.0972699565527527,6.893079684727439,16.392189814132788,3.6191273659234775,Others
E01028732,E02005987,14.477251363545804,1332.9864958734524,292.6029962546816,19.382022471910112,0.9025754422476588,2847.2530734531297,5671.237848756469,0.2006420545746388,8.457609805924411,-6.1696464674914155,5.446125115310116,Others
E01028733,E02005979,13.535899453845959,897.9533489311164,354.10764872521247,34.63172804532577,0.8985839233652644,2305.2852247781802,12263.359789421307,0.14606940509915015,16.67453572552722,14.188803641394896,3.5598237449445747,Others
E01028734,E02005979,13.001219894288775,449.241804158215,316.8567807351077,24.271229406920156,0.8985839233652644,3150.6604231978486,7690.503614359998,0.11406844106463872,11.686147492220814,17.81823237424393,2.741291534882012,Others
E01028735,E02005979,12.071285859514731,169.35992635658914,301.20481927710847,18.31325301204819,0.8985839233652644,1874.2291057126668,5516.0400638699375,0.090361446,8.817492190986163,7.151577268117179,2.7125069218191515,Others
E01028737,E02005984,12.987756137005931,298.9251502735978,238.68825238688254,30.842673308426733,0.8929845422116528,900.1356490976541,7361.783790927925,0.42697028957142863,13.299134362349141,3.589838566284116,4.1249707557638615,Others
E01028738,E02005980,13.790738752175704,636.7699069843343,208.51246775580395,13.671539122957865,0.894748264,3118.1464228146997,2850.6863605479643,0.11912439094296359,5.837286367105604,1.1698893639390555,4.376423466203447,Others
E01028739,E02005980,13.584137960483568,523.7246044884488,184.27051671732522,22.454407290455926,0.894748264,1723.048278697565,4137.685233993588,0.10131712266666666,9.587275022891292,9.140121351731187,4.291664194593491,Others
E01028740,E02005979,12.014989724226357,149.37777341772153,299.58058717795086,36.668663870581184,0.8985839233652644,1558.180643516726,10985.219853379624,0.02684242064,17.6552826043539,13.202118894919689,2.7570943012811324,Others
E01028741,E02005979,13.112582866154996,310.62269836888333,232.45002324500234,38.35425383542538,0.8985839233652644,2055.8307756906756,8915.44719558935,0.12950787009364415,18.466862957797403,6.9271832897529,3.4059858983939524,Others
E01028742,E02005979,15.400868772972123,3124.8646139564657,228.10218978102188,38.64051094693431,0.8985839233652644,2686.1558218584364,8813.985161253264,0.5318039624608967,18.604690455931333,5.94921045298245,5.272840571567009,Others
E01028743,E02005980,13.626455218016241,839.4925946247465,272.31892195395847,10.275126333520493,0.894748264,1993.5103474463265,2798.1113260850307,0.28074115665356536,4.38713259184021,10.039110139648493,4.376423466203447,Others
E01028744,E02005980,14.130611309761372,1298.9539090047394,280.508964719491,17.871602082128398,0.894748264,6910.398032587683,5013.144597936537,0.056390977443609,7.630571675515494,11.438858673597968,3.0504571732432377,Others
E01028745,E02006886,14.348590832710705,1149.9140047233468,383.4554071520896,26.798793623438172,0.913517056271652,6672.337296170061,10276.142320060308,0.13404184020297763,10.170626495642198,4.619279159401411,4.788366360192707,Others
E01028746,E02006886,13.484027500564203,669.643020988806,488.2062534284147,21.119034558420182,0.913517056271652,3756.1611685562575,10310.444737791531,0.0792344730907539,8.015055284219708,1.1395673308278427,3.3887536114378136,Others
E01028747,E02006886,15.079127686925274,3479.051604719764,543.3455433455434,32.17338217338217,0.913517056271652,2325.992946348787,17481.26381826016,0.3365384615384615,12.21037998146432,8.597210344795299,4.592652161429119,Others
E01028748,E02006886,12.439150801633303,250.98909463220676,580.5609915198957,20.74363992172211,0.913517056271652,3078.0925106596674,12042.94816068668,0.05435964333333333,7.872586235352367,18.412524497104773,3.305677179804743,Others
E01028749,E02005986,13.590347208294045,711.5836737994453,143.64105874757908,19.109102646868948,0.9183183941421538,3133.519388429997,2744.8517359124216,0.05879369178271692,6.7728465077510185,7.987196902711418,3.948219920739964,Others
E01028750,E02005980,12.548738565916358,343.1651805115713,357.1428571428571,8.468335787923422,0.894748264,3584.7188332834685,3024.405638544079,0.0287187039,3.6156939319223595,-4.376866295553942,2.966457930849996,Others
E01028751,E02005980,13.590765957279258,726.1083502727273,253.26370757180158,31.33159268929505,0.894748264,4278.428607943043,7935.155328620418,0.07542790832608061,13.377533957227097,8.639006974632483,3.2565568918358894,Others
E01028752,E02005980,13.982131929328235,1150.2491762414802,296.27367135003055,27.91692119694197,0.894748264,3012.7247514830165,8271.048735807488,0.14847620986900154,11.919584331278593,14.807896951031372,3.873801792607949,Others
E01028753,E02005987,15.071832784493392,3193.1623627272725,353.70684776457273,13.12959819345784,0.9025754422476588,1282.3444611446425,4644.028789423402,0.24900962082625921,5.7292792116906925,2.732062904065662,6.524462048103176,Others
E01028754,E02005987,14.316311358884636,1490.552029810298,340.0435255712731,31.936887921653977,0.9025754422476588,6849.05510557011,10859.931964653828,0.07254261878853827,13.936096547630823,1.2328241467804384,3.5387539955362985,Others
E01028755,E02005991,13.237984171856695,480.14033644140295,198.41269841269843,19.947089947089943,0.903734284,3024.8650629309427,3957.7559418829255,0.11337868480725621,6.434545144222562,1.0527057976741465,2.9951320934819585,Others
E01028757,E02005992,14.07037019533629,829.2284710796914,428.3326368575011,16.67363142498956,0.8891507210858705,6614.426343238209,7141.860514255871,0.0895468927228225,8.24099024453507,8.696160208292367,3.436178350557401,Others
E01028758,E02005991,13.114595393790191,310.2752061288305,141.8305597579425,14.826021180030253,0.903734284,4101.784010513337,2102.7828829468017,0.045385779,4.7825874774291135,-5.713258983911894,2.423740214550513,Others
E01028759,E02005991,10.359254103843371,27.527610191972077,207.06791827719493,15.295416896742129,0.903734284,1661.649760331525,3167.190135990226,0.00828271673108775,4.934005450561977,17.228149562002656,2.320719663189528,Others
E01028760,E02005991,12.663232477075798,421.22035493333334,300.96308186195824,16.93418940609952,0.903734284,1908.5024881921204,5096.565832493836,0.26484751203852325,5.462641743903071,-2.7414462863758917,2.759566803887917,Others
E01028761,E02005991,12.601890416704542,385.8684607792208,294.5797329143755,25.60879811468971,0.903734284,1889.2620996599637,7543.832908883457,0.00816967792,8.260902617641841,14.193506942848524,3.0670757136221263,Others
E01028762,E02006004,13.74176151749456,784.5471132601351,309.22142462727777,29.37603533959139,0.9161594026458892,1894.4151884375983,9083.699497609707,0.2760905577029265,11.275649928328008,-0.872955156619755,3.760222894182072,Others
E01028763,E02005995,14.772299755164758,2067.770674344718,223.37545126353788,27.978339350180505,0.9033772064075094,5727.708902181211,6249.674177950969,0.21660649819494582,11.825896003610108,4.359638846289172,3.924998458950536,Others
E01028764,E02006007,15.142090599551231,3438.077977189781,239.42093541202672,26.391982183109132,0.902629145197516,16466.022597483367,6318.793061657531,0.10439866369710465,9.739898186623607,-5.908811455936583,3.254783363206619,Others
E01028765,E02006007,14.58522800702237,1291.3607033492822,149.9825601674224,13.742588071154513,0.902629145197516,8227.350108199182,2061.1485422380333,0.07847924659923265,5.071669407211784,5.903136409792035,3.534124425037787,Others
E01028767,E02006004,15.86508598943831,6664.895107296137,258.4217812644209,20.58144900784495,0.9161594026458892,8495.770168927513,5318.694713610139,0.5491462851868943,7.899950124223313,-1.735724637148933,4.425074150882573,Others
E01028771,E02006006,14.000065010822636,1188.4204239130436,131.07416879795397,0.6393861892583104,0.8665351742274819,5310.517821000366,83.80701329792431,0.2983802216538789,0.07750135627373458,11.867706159415205,3.3810967099551523,Others
E01028772,E02006005,13.151166436862669,298.15176100811124,89.62623951182304,11.708619374523266,0.8872793119058398,8228.76149000675,1049.399524413794,0.009661835748792265,4.683447749809306,-14.81176221674966,3.159338112152005,Others
E01028773,E02006006,14.575629530137821,2512.960788484136,158.6687306501548,5.340557280000002,0.8665351742274819,8657.957740373611,847.3794445820437,0.07256191950464395,0.6473402763636366,7.707326609563367,5.00135906931586,Others
E01028774,E02006006,14.210435544973858,1568.99772410148,132.94422827496757,12.77561608278729,0.8665351742274819,4608.356922815442,1698.4444208634204,0.45395590142671854,1.548559525186338,8.96912311680918,5.00135906931586,Others
E01028775,E02006006,11.842545258567764,163.00461594372803,155.53869499241273,7.5113808801213935,0.8665351742274819,4774.084308050577,1168.310379685042,0.00975504,0.910470409711684,10.079778456414829,2.6994130077065464,Others
E01028776,E02005995,15.445851632472174,4478.609488596491,262.04340921122287,28.057173107464266,0.9033772064075094,9953.028850220324,7352.197293909376,0.18748897123698605,11.859217488618317,-3.2567512502938474,3.776478158593005,Others
E01028777,E02005997,14.854981540866888,3790.508989276139,299.28172386272945,40.46288906624981,0.8947269656595984,11873.732214441345,12109.80319221363,0.19154030327214686,19.075361988374908,0.3560408794787769,3.2887003504350094,Others
E01028778,E02005997,13.155633400074207,629.6148958587089,252.35531628532974,21.063257065948854,0.8947269656595984,9355.938324526744,5315.4248988767295,0.067294751,9.929821188233031,15.766795499933188,2.549679518464042,Others
E01028779,E02005997,13.413202718334388,1011.7607240544629,324.9566724436742,22.79029462738302,0.8947269656595984,8339.730367928612,7405.858306125332,0.048526863084922,10.743996038623424,8.180201629377914,2.573756613318837,Others
E01028780,E02005993,15.845698462687757,5223.262150891633,167.33870967741936,19.31451612903226,0.907681661,8096.043785014163,3232.066207075963,0.5017921146953405,8.360014443909485,3.7499292647845346,4.486679399935472,Others
E01028781,E02005993,12.140289768636343,155.40732647302903,214.692188308329,1.6554578375581954,0.907681661,7509.69614574292,355.4138657975432,0.006897740989825799,0.7165414520774277,-15.857520971735086,2.3648084361741777,Others
E01028782,E02005993,14.462501570688687,2157.948761581921,288.79610299234514,24.704244954766878,0.907681661,4429.951435075726,7134.489670304978,0.08118765947575965,10.692882144600587,9.109768985903209,3.693369359386789,Others
E01028783,E02005993,15.014728426780797,3495.806291886196,256.33106856084004,20.382952439777632,0.907681661,8707.225060871351,5224.783979312982,0.3441277684637783,8.822471951545541,-10.376676029241281,3.5903566192553105,Others
E01028784,E02005999,15.260021362624352,2200.1954104826154,146.5261771485018,10.80013170892328,0.908395062,5139.982962698035,1582.5020120088438,0.12841620019756336,3.903662063466246,1.6422136255715096,4.553834785450931,Others
E01028785,E02006003,13.906292997550924,1100.5324060301507,229.73835354179963,22.208040842373965,0.9153687370988928,5306.2337396337725,5102.038738516036,0.17777372595496396,7.287013401403957,0.7565464222790435,3.248667609675937,Others
E01028786,E02006003,13.336743121538069,700.8433845022624,235.91087811271296,17.824377457404978,0.9153687370988928,3290.713794219085,4204.964537788855,0.18255008425388503,5.848623853211008,15.620535690531042,3.1257512548777258,Others
E01028787,E02006003,15.389222706755888,4829.352698698699,216.34615384615387,12.980769230769232,0.9153687370988928,3493.9291637984816,2808.3394970414206,0.20733173076923075,4.259314903846154,2.6536304856671387,5.680479729086366,Others
E01028788,E02005998,15.529847289550771,4721.930414115646,211.51008362026562,31.431382193802264,0.9010380622837372,7384.361168839117,6648.054276111645,0.19183472700442694,13.632888662372064,2.3011124766148114,4.021307810978127,Others
E01028789,E02005998,13.443835592676056,533.7285936532508,205.7416267942584,24.976076555023926,0.9010380622837372,9699.760845703513,5138.61862136856,0.02934609226666667,10.832997060010376,-5.2840951178865065,3.304906721343869,Others
E01028790,E02005998,14.963792832216848,3184.6178353535356,254.1371158392435,20.271867612293146,0.9010380622837372,3476.3661260688364,5151.833967663152,0.2198581560283688,8.792617277621122,5.971680428561939,4.23636482224253,Others
E01028791,E02005998,13.921029368292837,1202.6904848484849,259.50512975256487,23.898611949547373,0.9010380622837372,4982.1246950333,6201.812394873488,0.1448400724200362,10.36566301426151,-12.274058790726645,3.1364937162622333,Others
E01028792,E02005999,13.93024356924381,1666.527414561664,391.38082673702723,25.769569041336858,0.908395062,2296.774616877421,10085.715236055323,0.2720976253298153,9.314302063133804,5.550937283096529,3.922012939457494,Others
E01028793,E02005999,15.022385396911387,3356.445614457831,274.5219000616903,19.43244910549045,0.908395062,15545.066133774328,5334.632851291332,0.11995338944444445,7.02377678511703,5.1403024948057325,3.3122933055561488,Others
E01028794,E02005999,14.541988650899594,2167.4887012578615,272.17125382263,9.357798165137613,0.908395062,7875.180334748349,2546.92365962461,0.13761467889908255,3.382336686194318,11.646686407837018,3.1808000560159706,Others
E01028795,E02005994,15.39123580626163,4739.456250980393,324.5560318432333,23.637477036129823,0.9067283730865076,4993.241228314874,7671.685749631847,0.22780159216166562,8.342638953928173,-5.562750068599501,4.518620520575084,Others
E01028796,E02005994,14.550669202944585,2549.892261613692,378.30121341898644,19.414703783012136,0.9067283730865076,7938.639858858536,7344.605999283677,0.25695931477516054,6.852248394004283,4.305838969476095,3.5340368683082666,Others
E01028797,E02005994,14.944033469825575,4240.173275720164,445.75273338940286,25.147182506307825,0.9067283730865076,3055.492358697492,11209.425339228888,0.13877207737594618,8.875476178696879,-4.751012131237807,4.88252158026383,Others
E01028798,E02005995,14.990155077854395,2380.1404801470585,210.1018675721562,19.821731748726656,0.9033772064075094,16021.637783565295,4164.582858921772,0.08253159781173361,8.378257742105264,-2.252559818937659,3.5034831752029056,Others
E01028799,E02005997,15.235550550863303,2938.4125703125,162.12710765239947,21.573713791612626,0.8947269656595984,10874.436996096068,3497.6838183548352,0.10508238458951816,10.17046507318881,-0.52408996167386,3.852357923106411,Others
E01028800,E02006003,15.022199078891493,3086.2391735918745,211.26760563380282,18.07511737089202,0.9153687370988928,9561.700470296279,3818.686768498314,0.07172665623369848,5.930897887323944,4.038352727463342,4.026476058396859,Others
E01028801,E02006007,14.368611908956904,1883.6790769230768,275.64102564102564,22.756410256410255,0.902629145197516,5877.060383571604,6272.600262984878,0.13736263736263732,8.398199023199021,3.1926508859805005,4.632639427977637,Others
E01028802,E02006007,14.375151080450939,1800.4550267489712,263.15789473684214,28.02937576456548,0.902629145197516,5603.684483453503,7376.151516990916,0.160648715,10.344174389303927,2.852735795202536,3.3609307884336004,Others
E01028804,E02005996,13.930351185424765,1216.5874793926246,366.62011173184356,35.474860334720674,0.8986625514403292,9955.080084660329,13005.79725958684,0.0488826815642458,17.550720376124964,11.654223791255157,2.930820349376848,Others
E01028806,E02005994,14.017030927442109,1086.3766909413855,276.1855132881709,22.45961438249089,0.9067283730865076,5211.867170858547,6203.020126482633,0.1250651380927566,7.926922723232078,11.513214953149086,3.3228393652102275,Others
E01028807,E02006002,15.64353957455187,4139.461658017299,409.6916299559471,16.43171806167401,0.921273128,5527.391424539107,6731.937355663802,0.6656877137777777,6.161894273127754,7.478232179667946,4.351631858103148,Others
E01028808,E02006002,13.71067445677714,513.9675210045663,344.6997776130467,12.5648628613788,0.921273128,4622.239669558971,4331.105434055702,0.05559673832468495,4.71182357301705,1.4514062525412827,3.575710756008298,Others
E01028809,E02006001,11.05795105799725,81.0286341762452,193.27129563350036,-7.80243378668575,0.9053497942386832,780.661457656264,-1507.9864870473532,0.04670722977809589,-2.652827487473155,19.698568565037377,2.496752872071682,Others
E01028810,E02006000,10.36401603653513,33.75636558040468,275.47169811320754,21.886792452830193,0.8765522279035792,1277.8711775636,6029.191883232468,0.0044025157232704315,9.65593784683685,18.938264984660336,2.136766608299105,Others
E01028811,E02006000,12.665675943337664,370.8292046838407,261.64874551971326,5.161290322580644,0.8765522279035792,2586.515661723049,1350.4451381662618,0.23894862604540018,2.277039848197343,17.49849184514244,2.8806580657085257,Others
E01028813,E02006000,12.448615469078357,292.98409793103446,281.4186584425598,0.7710100231303016,0.8765522279035792,2533.3139287225745,216.97660635509646,0.1156515034695451,0.3401514807927801,17.250429094151464,2.551474360726671,Others
E01028814,E02006000,14.47384843669214,2170.3125235955054,260.7142857142857,21.35714285714286,0.8765522279035792,7149.241233167017,5568.11224489796,0.1264880952380952,9.422268907563026,8.088228026296566,3.3262223670690823,Others
E01028815,E02006000,13.590347208294045,711.5836737994453,304.4203502919099,24.35362803,0.8765522279035792,3133.519388429997,7413.739975771476,0.03736447039199331,10.744247660294118,7.987196902711418,2.533934880855355,Others
E01028816,E02006002,13.193972300176576,642.4839431818182,702.9478458049887,7.709750564028722,0.921273128,6799.978108093589,5419.552550677787,0.06298815799999999,2.8911564615107705,11.869643751368615,2.6393430030924194,Others
E01028817,E02006002,11.051632881119174,67.71838728249195,660.0425833924769,9.9361249112846,0.921273128,2385.2961699682,6558.265555354632,0.009462976105985298,3.7260468417317245,17.100965749963972,2.05898369977744,Others
E01028818,E02006002,16.64071559389048,16107.355721107928,539.1304347826086,17.10144927536232,0.921273128,4630.863438445291,9219.911783238815,1.7391304347826086,6.41304347826087,6.633406895727476,5.581501839947369,Others
E01028819,E02006002,13.129943676603391,444.27120917107584,481.6157431382703,6.4215432418436045,0.921273128,1009.2773599938417,3092.716320515045,0.3081305023303987,2.4080787156913517,12.51677650690851,4.033124971780263,Others
E01028820,E02006001,16.022631954600932,3355.3018062015503,65.61360874848117,17.76427703523694,0.9053497942386832,3944.8716287303114,1165.5783230896657,0.1417577966666666,6.03985419198056,-7.316775550288067,5.395598330353919,Others
E01028821,E02006001,11.829804554081411,136.8720409770688,194.6647440519106,18.88968997790844,0.9053497942386832,1898.3888869812035,3677.1566647694867,0.072098053,6.42249459248887,10.78618987718802,2.590692075158907,Others
E01028822,E02006001,12.474338806416608,259.2051835480674,182.43243243243242,16.41891891891892,0.9053497942386832,1534.4856024497929,2995.343316289262,0.25337837837837834,5.582432432432433,15.201970135405517,3.785121018227024,Others
E01028823,E02005996,15.20869886488804,4835.138121248499,391.7910447761194,35.97014925373134,0.8986625514403292,6170.549346606537,14092.782356872354,0.5876865671641791,17.79575805184603,12.785194648406522,3.663048694079415,Others
E01028824,E02005996,13.719712328022855,757.836810175146,275.88018917498687,29.900157645822382,0.8986625514403292,2218.7065039458857,8248.861147691408,0.15180708822327318,14.792709572143703,-3.2259295001028807,3.711374531941307,Others
E01028825,E02005996,13.711565672606662,882.7365029382958,306.8381063705435,32.0864991233197,0.8986625514403292,1678.1769835184502,9845.36063105952,0.4208065458796026,15.87437325048448,-4.841703353362655,4.536559384360298,Others
E01032554,E02005941,13.594827822607321,561.9972508759636,227.3684210526316,54.06315789473685,0.8846187439951088,1779.6523255415207,12292.25484764543,0.15789473684210525,30.810186757215625,15.5592637063573,5.0533307326238734,Others
E01032555,E02005941,12.313017326285612,175.94746079051384,282.574568288854,31.815803244374678,0.8846187439951088,1921.325282045382,8990.336866542295,0.06868131899999999,18.13158679518127,-11.66265227252686,2.8947510436998773,Others
E01032700,E02006847,10.595241350789669,33.12048384742952,124.65373961218837,19.113573407202214,0.8730864197530864,1195.606305504579,2382.5784025598327,0.011871784724970297,8.687987912364642,0.0001196992750617284,2.2302294308019053,Swindon
E01032701,E02006848,10.350996509356598,32.25485183505155,164.83516483516485,19.780219780219777,0.8786848072562359,410.9215753310109,3260.475787948315,0.078492936,8.683998927901365,16.50508671340448,2.408115594203509,Swindon
E01032702,E02006848,11.289827532240475,83.16283739085239,147.99154334038056,20.01409443269909,0.8786848072562359,813.8407689414549,2961.9167236552566,0.04598308665,8.7866756045996,40.578074855880665,2.6116861328191265,Swindon
E01032703,E02006847,11.760917059526548,113.6027625,136.28104179285282,18.413082980012113,0.8730864197530864,937.7830630383152,2509.354131134298,0.20189783969311517,8.369583172732778,14.37776974135369,2.1652751420294387,Swindon
E01032704,E02006848,12.616248057717657,211.81688299367536,105.9001512859304,15.532022188603126,0.8786848072562359,2400.1606845636775,1644.8434995494988,0.0661875945,6.818936570606249,11.30229352405229,2.696180028531723,Swindon
E01032705,E02006847,13.590347208294045,711.5836737994453,137.19512195121953,17.500000000000007,0.8730864197530864,3133.519388429997,2400.914634146343,0.01761517615176151,7.954545454545457,7.987196902711418,2.180982271234797,Swindon
E01032706,E02003232,11.556249508513618,87.38629548117154,203.7712895377129,26.034063260340638,0.9048442906574394,1915.4656081023036,5304.994642466006,0.022810219,10.590127427935176,6.608021080216263,2.2726412166209737,Swindon
E01032707,E02003232,11.982023405453686,118.58616869436202,159.29624346172133,31.24108416547789,0.9048442906574394,356.26566219650823,4976.587349232093,0.24964336661911551,12.708237626635075,15.718864518982175,3.735953861499865,Swindon
E01032708,E02003223,14.07516965753958,930.7157487437186,439.0243902439025,18.37398373972087,0.9096174363664076,1430.9732635720745,8066.627007682334,0.2168021680216802,4.800410166233379,11.418291438244331,4.3186740766706055,Swindon
E01032709,E02006847,13.590347208294045,711.5836737994453,151.41318977119784,16.689098250336475,0.8730864197530864,3133.519388429997,2526.949600488362,0.0121130552,7.5859537501529415,7.987196902711418,2.24855120450156,Swindon
E01032710,E02006849,14.017046995018548,1233.1449687499999,206.84736091298146,16.69044222497289,0.8961111111111111,1080.5423320419688,3452.373926706233,1.9020446980504044,7.649786019779241,4.924008211805347,4.514041252576989,Swindon
E01032711,E02006848,12.011647199724417,130.37253475851148,121.38728323699422,17.572254335260116,0.8786848072562359,2819.245097977572,2133.048214106719,0.035966602440590814,7.714648244748343,12.642799628873666,2.408115594203509,Swindon
E01032712,E02006848,12.207076330170187,116.32762213829169,86.10086100861008,17.302173021730216,0.8786848072562359,1260.977748271889,1489.7319944909163,0.0461254615,7.596075960759606,11.811107292731691,3.0396056079979608,Swindon
E01032713,E02006847,11.536680631466014,65.43319923322683,105.14018691588784,19.112149532710283,0.8730864197530864,294.7924536910621,2009.4549742335576,0.2466251298026999,8.68734069668649,-23.789227497758027,3.153504957426533,Swindon
E01032714,E02003230,16.172067388512275,5739.285872756934,277.8938570831592,21.938988717091515,0.8989349112426035,4994.217869943266,6096.7101950964725,0.9576542693968519,6.535017915729387,4.6298230397983735,4.824538620507287,Swindon
E01032715,E02003230,15.687614805238017,5784.6643718861205,435.20942408376965,13.219895287958124,0.8989349112426035,5524.3491993977605,5753.423014719995,0.6282722513089005,3.9378411496045476,-2.333099054027929,4.061029045690827,Swindon
E01032716,E02003223,15.99353509815706,7125.784492332526,469.5652173913043,3.7101449275362324,0.9096174363664076,4638.479338828962,1742.1550094517959,0.7900621118012421,0.9693171432301866,6.450789492150175,4.934488321516387,Swindon
E01032724,E02003357,14.42574406410847,1346.6424294074616,167.83567134268537,15.380761523046093,0.900423257,4674.589493246374,2581.440435982185,0.08002115341794701,6.591754938448324,1.5908634716760492,4.33284952064901,Others
E01032726,E02003360,13.522628914474783,613.0726725554642,220.5071664829107,5.2370452039691315,0.8972921006248998,353.0518055808371,1154.8059986701503,0.0868246968026461,2.1753880078025625,15.739159694040104,4.501619143357185,Others
E01032728,E02003357,14.576052895277794,1476.490822636301,163.7341153470186,14.516129032258066,0.900423257,1632.917233602817,2376.7855453599473,0.2109807754969045,6.221198156682027,11.015367304990454,5.1151934879800285,Others
E01032729,E02003415,14.114214521844056,928.4500516528926,302.2370299857211,6.377915278438834,0.9210738421476844,2108.831489586776,1927.6421712559068,0.06879164683484056,2.5056095736723987,1.3163239219558545,4.005440486116094,Others
E01032730,E02003415,15.511032078176548,3368.038468479604,278.0210157618214,15.893169877408054,0.9210738421476844,2747.354852517476,4418.635232992169,0.49036777583187396,6.243745308981735,8.281110144986787,5.081037838194396,Others
E01032731,E02003419,12.521143355954488,254.00393067655236,234.0702210663199,20.286085825747726,0.8982344772862527,1116.160939214323,4748.3685938031085,0.17067620286085822,8.790637191157348,8.810346106910744,2.7170099424736818,Others
E01032732,E02003419,12.957135753763447,348.27392169268694,200.0,8.222222222222223,0.8982344772862527,4477.749980755508,1644.4444444444446,0.031111111200000003,3.562962962962963,15.022807836503642,2.3513752571634776,Others
E01032733,E02003425,16.01706280906377,7732.27755774166,738.9018691588785,17.698598130841123,0.8988111046884032,4202.4292013634695,13077.52724037034,0.735981308411215,9.405052146823786,-15.045532288631911,5.674710620502856,Others
E01032734,E02003425,16.67072472742488,11829.923539823008,639.8583712696004,24.83560950935761,0.8988111046884032,3742.040230434648,15891.27265014536,1.2294160624964874,13.197666889030614,1.905690075744532,6.649389908270528,Others
E01032759,E02003450,14.921996686435815,1853.9017535254443,224.35897435897436,23.758012820512818,0.8651892890120036,8413.305049436556,5330.3233892176195,0.08263221153846154,14.348898832190908,-8.41232656755217,4.259067727273434,Others
E01032941,E02005924,15.3256730599878,4408.437640701071,763.5309278350516,-7.860824738041238,0.9215972222222222,1900.5256302089674,-6001.982805785353,0.463917525773196,-2.3007291916218255,10.609760372497522,5.621204890228884,Others
E01032942,E02005924,15.008567307264526,2674.082208434712,707.4626865671642,12.238805970149253,0.9215972222222222,2634.754874066899,8658.498552016039,0.3653731343283582,3.5820895522388057,5.488693548010219,4.388952594744615,Others
E01032943,E02005922,12.13388791583639,106.44782780320367,85.1581508515815,18.167072181670726,0.8851873884592505,3499.8895018025232,1547.0742733782854,0.0152068126520681,6.874027311983518,-33.794258801760854,2.6764219256440334,Others
E01032944,E02005922,10.351214139569564,30.831543133004924,152.17391304347828,11.231884057971014,0.8851873884592505,850.9271048828414,1709.199747952111,0.00905797101449275,4.2499020759890325,15.97801439811525,2.1456973374569013,Others
E01032947,E02006000,12.963120411133472,308.533695658466,192.40906694781233,22.509225092250926,0.8765522279035792,2128.306848240069,4330.978997718285,0.17395888244596727,9.930540481875408,7.975174617541206,3.249482621461101,Others
E01032948,E02006000,12.344833466515718,193.40812904040405,186.89196108550948,27.13773681515617,0.8765522279035792,686.7722449994812,5071.824852806965,0.23468168629458952,11.972530947863016,-0.3331897744338933,3.71315734657346,Others
E01032949,E02006005,12.560680821925482,274.4209725697786,166.54854712969524,19.06449326755705,0.8872793119058398,1936.0263028142228,3175.163655475483,0.0850460666194188,7.625797307022821,17.66893573160376,3.3111632589581745,Others
E01032950,E02006005,11.684360947047587,94.2809814932486,133.59863558840252,18.70380898237635,0.8872793119058398,1381.981793638444,2498.803360351588,0.013644116000000001,7.481523592950541,-58.862636152105026,3.3139677990492284,Others
E01032951,E02006005,14.628248232188247,1693.5157460555974,118.38790931989924,10.075566750629724,0.8872793119058398,5171.720760176082,1192.8252828201435,0.145535964,4.03022670025189,9.260367263624538,4.698551233485398,Others
E01032952,E02006000,14.291675762532275,1863.296244212963,257.9505300353357,28.975265017667844,0.8765522279035792,8788.505832751967,7474.184969221741,0.07067137809187277,12.78320515485346,16.842380015315246,3.059598693882405,Others
E01032953,E02006005,12.987730972488158,275.19998249370275,93.06930693069307,12.514851485148515,0.8872793119058398,3474.3559061194983,1164.7485540633272,0.02640264033333333,5.005940594059407,12.491531850184069,4.482663511495295,Others
E01033305,E02005983,14.642642130341613,2583.8971152542376,694.2277691107644,43.29173166926678,0.9256790123456792,1790.569624997661,30054.322297696905,0.6926677067082684,15.799902069075465,-2.598514729758025,4.793051259987278,Others
E01033306,E02005983,16.05518129920995,7640.5516354759975,493.0747922437673,40.05540166237951,0.9256790123456792,6727.406614178165,19750.308852918428,0.7268698060941828,14.618759730795439,11.940163227259614,4.522071145818377,Others
E01033415,E02006939,17.82179135508513,21147.8630100077,558.0718214170171,33.48430928502103,0.8878638941398865,1922.5893712120605,18686.649471582423,2.3570735314507547,14.764734802843916,-1.9747505712548958,8.391245994505578,Others
E01033417,E02006939,14.096495743492452,1441.1675549510337,1494.8006932409014,45.23396880091855,0.8878638941398865,3023.825216216716,67615.76792165035,0.1059118043520123,19.945687030326287,-35.33545387205444,3.664612375970938,Others
E01033418,E02003398,14.119231781771283,789.1032568433313,153.0131826741996,36.86440677966101,0.9140828402366864,728.7190303200067,5640.740208752273,0.5775266792215945,13.581623550401424,-41.97376505962604,5.404536013905513,Others
E01033420,E02006940,16.67410212342985,14802.164541595925,644.4759206798867,41.997167138940526,0.891975214,2786.7536530449715,27066.16295781578,2.6558073654390935,25.6152934322616,5.758147308433899,6.38494816295056,Others
E01033421,E02003398,14.351502876657552,936.0035136911281,134.46421183285065,27.430699213901526,0.9140828402366864,665.3879071614368,3688.4473498212647,0.18756033650530957,10.106047078805824,-24.263707216653252,5.251739253987455,Others
E01033422,E02006939,15.034247206508113,2768.338974631751,1152.3046092184368,24.84969939879759,0.8878638941398865,9751.032582889307,28634.42315492708,0.19873079492317966,10.957347766398938,9.129449213572894,3.6686767467964168,Others
E01033423,E02006939,14.797146653890696,1512.078252691218,843.1085043988271,37.53665689180254,0.8878638941398865,3256.532044359653,31647.474652179564,0.27085369827305306,16.551596739692457,-2.6232729998908124,3.7680602519883775,Others
E01033838,E02006940,15.678576765778432,4964.146772727273,545.8908218356329,33.23335332928375,0.891975214,13240.33695759145,18141.782561276672,0.14580417249883357,20.269988555449665,-8.289291218761594,5.756319578525264,Others
E01033839,E02006940,15.678576765778432,3851.4420268977883,474.94780793319416,34.603340292275576,0.891975214,5466.187000238422,16434.78061898266,0.24660751565762004,21.10558344067872,-8.289291218761594,5.756319578525264,Others
E01033841,E02003219,14.646478154747964,1604.149421383648,416.66666666666663,11.423220973782772,0.9216639313218028,3807.172257728367,4759.675405742822,0.21067415730337075,4.629017649506744,8.93563220162379,5.758930164641452,Swindon
E01033843,E02003219,14.646478154747964,2659.9511263035924,616.3434903047091,12.326869806094184,0.9216639313218028,15363.788964284491,7597.5859608198225,0.11542012927054479,4.995202143646009,8.93563220162379,5.758930164641452,Swindon
E01033845,E02003226,16.44765483022356,10260.922479704797,240.3846153846154,19.683257918552037,0.9058956916099772,5497.364007508641,4731.5523842673165,0.5972850678733032,5.714494234418334,-6.391558495428571,3.035241406648704,Swindon
E01033846,E02003226,16.44765483022356,9756.877164912281,231.10386079390975,2.990755845568245,0.9058956916099772,55208.60177740006,691.1752226027755,0.07854510301492355,0.8682839551649744,-6.391558495428571,3.035241406648704,Swindon
E01033847,E02003235,13.56766653691945,739.0915459280303,246.26452684006642,23.74100719424461,0.9056937255397046,1443.8225021672315,5846.567903397262,0.07998408965135584,9.496402877697845,1.8860615122497235,4.415400964058979,Swindon
E01033848,E02003235,13.56766653691945,542.0004670138889,220.2970297029703,25.3960396,0.9056937255397046,5474.149427383646,5594.67209009901,0.099009901,10.158415840000002,1.8860615122497235,4.415400964058979,Swindon
E01033849,E02003236,14.95869709567246,1454.8918469387756,166.56191074795726,17.850408548082967,0.9049483802064792,14244.370865757199,2973.1981554003683,0.08754601777857592,6.545149800963753,1.5708918330774588,2.7833431851376416,Swindon
E01033850,E02003236,14.95869709567246,2213.6533676781933,248.4763244256915,22.409751523675574,0.9049483802064792,7869.509745988831,5568.292689895947,0.2812939521800281,8.216908892014375,1.5708918330774588,2.7833431851376416,Swindon
E01033851,E02003373,14.759946127855004,1236.8256926406928,124.58721104773342,26.868808165716004,0.8996875,3051.745345794371,3347.509873543123,0.20264184929450615,13.434404082858002,-2.913053717985312,3.300787554063117,Others
E01033851,E02003373,13.674267031480214,417.6415763828764,124.58721104773342,26.868808165716004,0.8996875,1030.4893765712948,3347.509873543123,0.20264184929450615,13.434404082858002,9.260932196536379,3.300787554063117,Others
E01033852,E02003385,16.465705362861335,13651.682921890068,937.9042690815006,24.19146183699871,0.9244470868014268,4307.24390576387,22689.27533224329,0.7131306597671411,10.576732151990134,-2.8449799266098457,5.216621835380643,Others
E01033853,E02003385,16.465705362861335,11946.662607594937,773.3333333333334,23.733333333333334,0.9244470868014268,24888.828580763246,18353.77777777778,0.48,10.376434108527132,-2.8449799266098457,5.216621835380643,Others
E01033854,E02003385,16.465705362861335,8332.428010594467,601.9095060190951,22.166874221668742,0.9244470868014268,13381.857893750936,13342.452312752046,0.12453300124533002,9.691563613194706,-2.8449799266098457,5.216621835380643,Others
E01033855,E02003385,16.757549901886577,20625.093133841132,1056.8513119533527,13.48396501457726,0.9244470868014268,5390.02293038449,14250.546115989086,1.913265306122449,5.895314936605872,5.234950631713276,5.216621835380643,Others
E01033856,E02003385,16.757549901886577,21393.29637697517,1243.5677530017153,31.56089193825044,0.9244470868014268,33259.393060134316,39248.10747038005,0.5628216123499142,13.798715545095542,5.234950631713276,5.216621835380643,Others
E01033857,E02003405,16.568469487821062,10294.609501312336,336.6027641551494,-5.394560853878733,0.9134687075128284,9825.866839159256,-1815.8240948187445,0.35921278899433146,-2.326095047085325,4.813701315298978,2.299781165661311,Others
E01033858,E02003405,16.568469487821062,8893.982358276644,318.43104175453396,28.764234500210883,0.9134687075128284,1317.9768154094309,9159.425157173859,1.557278655549427,12.402926802843224,4.813701315298978,2.299781165661311,Others
E01033859,E02003405,16.568469487821062,12828.278724448079,512.5594025797692,49.28716904276986,0.9134687075128284,44461.15075255757,25262.601919410215,0.2564682809081994,21.252265550552142,4.813701315298978,2.299781165661311,Others
E01033860,E02006849,13.968274429474393,864.2795586053412,156.75675675675674,10.378378378837839,0.8961111111111111,4919.717175209562,1626.8809350610666,0.1505791505791505,4.756756756967342,12.059326549335712,2.646564792248224,Swindon
E01033861,E02006849,13.968274429474393,879.2821471698113,144.78282576135794,17.52371442835746,0.8961111111111111,1956.886912374052,2537.1328927726727,0.22466300549176235,8.031702446330502,12.059326549335712,2.646564792248224,Swindon
E01034751,E02005996,14.853494374746038,2991.014344279661,340.9090909090909,22.01298701298701,0.8986625514403292,18424.534865627942,7504.427390791026,0.06957328385899812,10.890635680109362,-1.998006946995885,3.687503507934005,Others
E01035234,E02003352,14.306035128760644,2258.8820331950205,318.96551724137936,23.79310344827586,0.8924444444444444,2758.210483139014,7589.179548156957,0.292487684729064,11.728994657600776,4.251523068814074,3.0683319659683344,Others
E01035235,E02003352,14.306035128760644,1726.3971564482028,204.64601769911505,9.955752212389385,0.8924444444444444,15606.489211629292,2037.4050434646417,0.06637168141592915,4.907765175121527,4.251523068814074,3.0683319659683344,Others
E01035236,E02003353,15.247630067172695,3027.8845813449025,329.91529201961663,18.234507356219346,0.9068444444444445,16978.767581452328,6015.842819260954,0.059444196760291265,8.002193875750935,8.225392439515645,3.3714252233284854,Others
E01035237,E02003353,15.247630067172695,3095.021711751663,372.98387096774195,19.758064516129036,0.9068444444444445,3961.6227201650468,7369.439386056193,0.1875,8.67080529125087,8.225392439515645,3.3714252233284854,Others
E01035238,E02003353,14.338797857702957,1745.1551985522235,515.6794425087107,25.714285714285715,0.9068444444444445,5008.581045217283,13260.328521652562,0.23228803716608593,11.284686536485097,7.398112500331738,3.3714252233284854,Others
E01035239,E02003353,14.338797857702957,2286.673546070461,661.3047363717606,28.77569258266309,0.9068444444444445,8529.260512701107,19029.50179729284,0.08936550491510277,12.62818163699603,7.398112500331738,3.3714252233284854,Others
E01035240,E02003353,14.338797857702957,1330.8872847003156,405.2573932092004,21.19386637458927,0.9068444444444445,44183.99094355121,8588.971038990174,0.025100401606425668,9.300905387409678,7.398112500331738,3.3714252233284854,Others
E01035241,E02003358,16.428714769309288,11571.411340118746,434.33652530779756,24.14500683994528,0.9038378076756154,2819.5665428412203,10487.05837439484,2.93140512018761,11.029200655283647,-5.465620093376031,3.4430268684915504,Others
E01035242,E02003358,16.428714769309288,8193.810192192193,283.48214285714283,14.508928571428571,0.9038378076756154,18354.093717340587,4113.022161989796,0.29761904761904756,6.627535273368606,-5.465620093376031,3.4430268684915504,Others
E01035243,E02003358,12.604871377647992,231.37091498447202,343.05780659103186,27.22852512155592,0.9038378076756154,951.7017823027971,9340.958104909783,0.12155591572123176,12.437721351821839,0.8628238732119785,3.4430268684915504,Others
E01035244,E02003358,12.604871377647992,316.3542871549894,453.2476802284083,13.633119203369022,0.9038378076756154,4432.061497028364,6179.1796532043745,0.023792529,6.227474204008072,0.8628238732119785,3.4430268684915504,Others
E01035245,E02003360,12.254169335492417,170.33556891233766,234.6041055718475,26.686217011671555,0.8972921006248998,2640.1603969751604,6260.696073119426,0.030107526866666668,11.08504398946357,-8.272073724723603,2.803784533365404,Others
E01035246,E02003360,12.254169335492417,166.94782887828163,214.13276231263382,27.194860813704498,0.8972921006248998,2079.0310679933023,5823.310666746144,0.080299786,11.296326799538791,-8.272073724723603,2.803784533365404,Others
E01035247,E02003417,16.8343935721323,14434.707320169253,450.7181773155027,20.75284794452699,0.9044760966287436,7285.914842289915,9353.685799662982,1.1887072808320949,9.506143252009137,-11.851659552593388,3.892024358921456,Others
E01035248,E02003417,16.8343935721323,17200.348722689076,520.0,15.942857142857141,0.9044760966287436,25617.502497086396,8290.285714285714,0.11749999999999998,7.302857142857142,-11.851659552593388,3.892024358921456,Others
E01035249,E02003417,13.366671908062191,761.775765274463,665.2046783625731,24.049707602339183,0.9044760966287436,7443.564743563545,15997.978010327965,0.04093567251461988,11.016317675910205,12.147562318384368,3.892024358921456,Others
E01035250,E02003417,13.366671908062191,534.19923958159,495.3728905824714,31.19216113228088,0.9044760966287436,3925.267169582361,15451.751023612194,0.05832490862430981,14.288022196077046,12.147562318384368,3.892024358921456,Others
E01035251,E02007068,15.370890186632604,2511.603097030753,95.5988455988456,6.096681096681095,0.9106443574225704,11139.412650427812,582.8356748270166,0.12682629870129866,2.2862554112554108,-11.325833328216449,2.676490732194444,Others
E01035252,E02007068,15.411771259447226,4425.601024215247,172.30169050715213,13.589076723016897,0.9106443574225704,34032.61016544309,2341.420891807202,0.0780234070221066,5.095903771131336,-0.04351522075614098,2.676490732194444,Others
E01035253,E02007068,15.370890186632604,3801.6721035313,151.25570776255708,34.81735159823288,0.9106443574225704,44403.01172678514,5266.323158408512,0.017123287600000002,13.056506849337332,-11.325833328216449,2.676490732194444,Others
E01035254,E02007069,15.411771259447226,3426.767459722222,228.4880894506563,12.931453573164802,0.9143253555324315,3438.4651666954937,2954.6831207522882,0.1708451975831655,5.33422459893048,-0.04369111757474853,3.194009197138073,Others
E01035255,E02006004,15.06801490644894,5160.905526548673,499.108734402852,26.916221033868094,0.9161594026458892,8272.181027714996,13434.121015121329,0.3466032877797584,10.331478780676642,1.764459845980162,4.146913292894882,Others
E01035256,E02003439,13.940541115658656,763.5997843665768,191.03313840155946,31.929824565000004,0.905213753698602,1350.7792980354277,6099.654595263159,0.2543859649122807,15.106583665161294,-5.011386794432404,4.89569197263225,Others
E01035256,E02003439,14.370790097950954,1174.1421799191376,191.03313840155946,31.929824565000004,0.905213753698602,2077.0133544505748,6099.654595263159,0.2543859649122807,15.106583665161294,12.559429231518015,4.89569197263225,Others
E01035257,E02003446,15.247943477280238,1770.4467485207101,125.80754845290718,26.657599455967365,0.8515668981047101,4527.713540342511,3353.7272351948063,0.17107276436586194,17.07752465147909,-33.034827048136606,2.860170249163043,Others
E01035258,E02003446,15.247943477280238,4792.76545423341,259.10364145658264,35.364145658263304,0.8515668981047101,65180.72351115631,9162.978917057018,0.029411764800000004,22.655155812324928,-33.034827048136606,2.860170249163043,Others
E01035259,E02003450,13.996844364593612,972.2743592862935,298.03086748270357,21.2879191059074,0.8651892890120036,5219.6963236844385,6344.456998035202,0.1862692921766897,12.857060054062885,-9.170254735161588,3.2912522988437747,Others
E01035260,E02003450,13.996844364593612,736.3724109336608,229.5081967213115,25.614754103114755,0.8651892890120036,10266.992246438642,5878.796023665682,0.053790983249999993,15.470297032574258,-9.170254735161588,3.2912522988437747,Others
E01035261,E02003452,13.343414273923054,428.9494211141679,163.322445170322,31.917872141857213,0.8657142857142857,3676.922919207385,5212.904922841823,0.04999666688887405,17.186546537923114,3.7778600749114286,3.5510244423902493,Others
E01035262,E02003452,13.343414273923054,539.5263480103806,175.61465127947815,37.83241344706472,0.8657142857142857,2688.176635121637,6643.92609456731,0.12042147516307074,20.37129954841946,3.7778600749114286,3.5510244423902493,Others
E01035263,E02003455,15.2120306959095,2984.5730834564256,404.16878495170306,28.317234367056432,0.896953125,26091.573035709465,11444.942207325807,0.05719369598373155,14.814976920512969,6.902636113258438,6.010244592922358,Others
E01035264,E02003455,15.2120306959095,3202.148934231379,416.6666666666667,18.710691823899374,0.896953125,1174.9419086008286,7796.1215932914065,0.42394595853715333,9.789037444291726,6.902636113258438,6.010244592922358,Others
E01035265,E02003455,14.0375868615722,611.1921938325992,261.94398682042834,26.194398682042834,0.896953125,4946.542121404268,6861.465223138073,0.0617792421746293,13.704354277360158,6.229131375703189,6.010244592922358,Others
E01035266,E02003455,14.0375868615722,1113.8855057983942,452.2184300341297,20.307167235494873,0.896953125,6527.330813820022,9183.275285676009,0.05688282138794083,10.624279547046987,6.229131375703189,6.010244592922358,Others
E01035267,E02003456,14.771608070835782,2426.7940513059702,284.6015578190533,19.712402636309168,0.9079861111111112,5062.888527085891,5610.180498650003,0.28759736369083283,7.973556122552023,-20.108145284027778,3.7989662831358495,Others
E01035268,E02003456,14.771608070835782,2558.036600786628,330.090340514246,22.932592077831835,0.9079861111111112,73618.17386218747,7569.8271278458105,0.008686588,9.276104660696022,-20.108145284027778,3.7989662831358495,Others
E01035269,E02003456,15.89548293185276,3403.166150085034,117.48701459312392,18.303240168219887,0.9079861111111112,8338.767897669808,2150.3930447451016,0.130596092010883,7.4035578208529875,-1.6487412043732639,3.7989662831358495,Others
E01035269,E02003456,11.58156942972964,45.53761938775511,117.48701459312392,18.303240168219887,0.9079861111111112,111.58069337209128,2150.3930447451016,0.130596092010883,7.4035578208529875,7.032436323529247,3.7989662831358495,Others
E01035565,E02006004,15.06801490644894,1380.857911207577,173.75116351225566,14.48960595718275,0.9161594026458892,1893.8293378766232,2517.5858938946135,0.12759851070431275,5.561666933060045,1.764459845980162,4.146913292894882,Others
E01035723,E02005921,14.97870713672254,4194.16181389253,386.16251005631534,34.352373287999995,0.9078768673607968,13902.202277949287,13265.598695285596,0.2011263073209976,13.442233031713455,6.108009016659489,3.2686179167630147,Others
E01035724,E02005921,14.97870713672254,1738.264782183596,173.97607828923523,11.59840521928235,0.9078768673607968,14105.392991956702,2017.8450544601408,0.016431074060649982,4.538506392171078,6.108009016659489,3.2686179167630147,Others
E01035725,E02005924,15.381885069552679,4287.602773500448,749.5256166982922,17.014547754585706,0.9215972222222222,2464.980395552801,12752.839398598395,0.9939459654829674,4.979867635488499,4.655857801720258,4.963169752227207,Others
E01035726,E02005924,15.381885069552679,3900.042587947883,674.0614334470989,4.891922639362903,0.9215972222222222,22854.115640256943,3297.456386601274,0.08532423208191126,1.4317822359110934,4.655857801720258,4.963169752227207,Others
E01035727,E02005928,14.246576366388918,1181.040536454336,248.70466321243524,26.476683937823832,0.9030470914127424,3039.203159593028,6584.87476173857,0.194300518134715,11.929055400557989,1.0734872259069408,3.970122087811792,Others
E01035728,E02005928,14.246576366388918,1308.5848801020406,248.83359253499222,11.456713322799377,0.9030470914127424,16828.185075627538,2850.815134755677,0.077760498,5.1618158926898285,1.0734872259069408,3.970122087811792,Others
E01035729,E02005928,14.246576366388918,1633.647366242038,289.1566265060241,16.506024096385538,0.9030470914127424,18702.231514068637,4772.8262447379875,0.0393072291,7.436780087382494,1.0734872259069408,3.970122087811792,Others
E01035730,E02005930,15.64394037666833,4468.129940416367,279.4883941260066,14.211274277593557,0.9070669347888536,188636.48185211598,3971.8862263288474,0.01015091019828107,6.127797165567864,13.750323199146123,3.328214417475236,Others
E01035731,E02005930,15.64394037666833,6186.983108349901,368.75,20.875,0.9070669347888536,68269.40511939069,7697.65625,0.04078125,9.001146788990825,13.750323199146123,3.328214417475236,Others
E01035733,E02005931,13.858123807069704,616.7454072104019,286.8509212730318,18.927973199329976,0.91725717939155,3927.4097403543624,5429.506550059059,0.078517588,7.71678907357299,12.949707243692227,4.155878574339373,Others
E01035734,E02005931,13.858123807069704,1145.481041712404,498.54439592430856,15.938864628820959,0.91725717939155,17487.410370766316,7946.231638094873,0.08187772875,6.498152502519313,12.949707243692227,4.155878574339373,Others
E01035735,E02005935,16.805316529629554,17992.60043438914,371.90082644628103,4.848484848484851,0.8604224058769513,14514.01930909833,1803.155522163788,0.9917355371900828,1.8108798831690405,9.211777347360355,2.760263072549144,Others
E01035736,E02005935,16.805316529629554,16877.60906621392,402.5044722719141,23.553965414562906,0.8604224058769513,5958.682191859097,9480.57641909956,1.652256012721129,8.797264190981325,9.211777347360355,2.760263072549144,Others
E01035737,E02005936,15.209042137377685,1946.4023579710145,271.1919454368301,18.967197141929198,0.9074611699811294,3525.2717681652816,5143.751092403663,0.3864891198441052,7.882471539503044,-10.928808196942953,3.580319380882035,Others
E01035739,E02005936,15.209042137377685,3907.907741028128,457.28368017524645,27.108433734939755,0.9074611699811294,15857.35684351948,12396.244342100052,0.12322015334063526,11.265842591143794,-10.928808196942953,3.580319380882035,Others
E01035740,E02005942,14.172633603390537,693.1186794374394,102.15249908792411,46.58883619095585,0.878188776,844.3715492958243,4759.166046504064,0.6566946369937979,27.176821111390915,12.471503135860766,3.401713914902556,Others
E01035740,E02005942,14.202071342700448,713.8258312318138,102.15249908792411,46.58883619095585,0.878188776,869.5974310399303,4759.166046504064,0.6566946369937979,27.176821111390915,2.859939988818361,3.401713914902556,Others
E01035741,E02005947,15.67351867195334,3551.7746011080335,572.2639933166249,47.117794486215544,0.8850231765144654,6540.717489673048,26963.817228953758,0.33939014202172096,19.924095954171147,2.729294735810562,7.197801305092429,Others
E01035742,E02005947,15.67351867195334,3138.009375917768,592.8169623539593,46.43011683254002,0.8850231765144654,4028.8501983739743,27524.56082240581,0.6231068801384683,19.63330654633121,2.729294735810562,7.197801305092429,Others
E01035743,E02007116,14.81197741593441,2255.365278101582,102.90556900726392,11.682808714673122,0.9152249134948096,26612.99615775982,1202.2260783864592,0.0338983052,4.673123485869249,6.316097581624719,3.521333202902136,Others
E01035744,E02007116,14.81197741593441,2247.8785883817427,120.73863636363637,26.207386363636363,0.9152249134948096,3836.372910095074,3164.2440922004134,0.10463169642857138,10.482954545454547,6.316097581624719,3.521333202902136,Others
E01035745,E02005967,12.835829793453742,267.0198652916074,196.26615605552897,12.06318812829105,0.9083878643664486,13944.384219388372,2367.5955637143757,0.006382639221317999,4.159720044238293,10.87863190089994,3.938918068890791,Others
E01035746,E02005967,12.835829793453742,260.5343029840389,203.27218641546852,25.53296975706495,0.9083878643664486,4203.913678599335,5190.142588198627,0.0413154850437944,8.804472330022397,10.87863190089994,3.938918068890791,Others
E01035747,E02005968,15.546866838347388,6708.204758907363,334.26183844011143,25.766016713091922,0.8999893718779892,4587.131165081248,8612.596115796743,0.5849582172701949,12.125184335572667,0.7316953874431154,4.488096898400948,Others
E01035748,E02005968,15.546866838347388,3842.3866714285714,223.98506766215587,24.778348110126004,0.8999893718779892,12668.011522034983,5549.979978003025,0.09099393373775079,11.66039911064753,0.7316953874431154,4.488096898400948,Others
E01035749,E02005972,14.22481892860198,651.5685789701428,154.78971962616822,24.737149532710283,0.8969384122463511,10376.443200505208,3829.056440518823,0.01435246994285714,10.99428868120457,2.0200630417086796,3.2476187604004125,Others
E01035750,E02005972,14.22481892860198,1991.7658544973544,433.71522094926354,25.04091653027823,0.8969384122463511,17385.11878271868,10860.626645701688,0.045826513911620285,11.129296235679213,2.0200630417086796,3.2476187604004125,Others
E01035751,E02005972,14.932509812548757,2559.1877227805694,280.72033898305085,26.32415254277966,0.8969384122463511,21474.248343239306,7389.7250252506465,0.09533898305084744,11.699623352346515,5.930146634281469,3.2476187604004125,Others
E01035752,E02005972,14.932509812548757,2907.3930932445287,331.45716072545343,28.76797998749219,0.8969384122463511,9787.17032928978,9535.352966460827,0.10609309389797192,12.785768883329862,5.930146634281469,3.2476187604004125,Others
E01035753,E02005984,15.016787270899892,2147.517742894057,233.07661126874746,20.024321037697604,0.8929845422116528,4508.863956044476,4667.200890424046,0.08335022294284555,8.634340263961352,9.561621447860148,4.212031296945402,Others
E01035754,E02005984,15.016787270899892,2508.9490309433963,274.4630071599045,28.06682577565633,0.8929845422116528,30035.3443928463,7703.305403819756,0.033412888,12.102209279411444,9.561621447860148,4.212031296945402,Others
E01035755,E02005987,14.143443072591383,1330.8670115052732,375.826819001804,14.732411304870718,0.9025754422476588,3404.9633502757206,5536.835276935778,0.11725796752856282,6.428688569398131,6.483638175220741,4.902169963484951,Others
E01035756,E02005987,14.143443072591383,1399.2886018145161,386.75742574257424,24.319306930396046,0.9025754422476588,15074.840159547428,9405.67254424352,0.046410891,10.612061205991,6.483638175220741,4.902169963484951,Others
E01035757,E02005991,16.029392877090388,10868.378028503565,299.28172386272945,19.313647246608134,0.903734284,9727.189629675971,5780.221642041541,1.11731843575419,6.23020878922843,6.594465083475732,2.759566803887917,Others
E01035758,E02005991,16.029392877090388,12169.114760638298,308.3881578947369,26.233552631578952,0.903734284,45531.04056366415,8090.11697108726,0.2290883458646616,8.462436332767403,6.594465083475732,2.759566803887917,Others
E01035759,E02005992,16.20574895520189,10629.10905550146,643.8442211055276,29.962311557788947,0.8891507210858705,2256.205069930647,19291.061147445773,1.1777638190954773,14.808958586033619,-1.656899688008766,3.877886943498464,Others
E01035760,E02005992,16.20574895520189,9600.787159190853,561.0290093048714,28.188286808976464,0.8891507210858705,17112.78719490681,15814.44662244164,0.15778940886699508,13.932141756160782,-1.656899688008766,3.877886943498464,Others
E01035761,E02005992,16.20574895520189,8824.65238480194,524.2966751918159,25.677749360613813,0.8891507210858705,127792.19028486717,13462.758616178598,0.0241687978,12.691301408119472,-1.656899688008766,3.877886943498464,Others
E01035762,E02005996,14.853494374746038,3119.908885082873,336.53846153846155,28.205128205128204,0.8986625514403292,14975.490766042116,9492.110453648915,0.13020833333333331,13.954116059379215,-1.998006946995885,3.687503507934005,Others
